Each row represents the efficiency standards for a specificy type of chiller,,,,,,,,,,,,,,,,,,,,,,,,,,,,,,,,,,,,,,,,,,OS:ElectricEquipment:Definition,,,,,,,,,,OS:Lights:Definition,,,,,,,,,OS:GasEquipment:Definition,,,,,,,,,,,OS:SpaceInfiltration:DesignFlowRate,,,,,,,,,,OS:InternalMass:Definition,,,,,,,,,,,,,,,,
,,,"Day Type choices: Default, Wkdy, Wknd, Mon, Tue, Wed, Thu, Fri, Sat, Sun, WntrDsn, SmrDsn, Hol",,,,,,,,,,,,,,,,,,,,,,,,,,,,,,OS:DesignSpecification:OutdoorAir,,,OS:DesignSpecification:OutdoorAir,,,,,OS:DesignSpecification:OutdoorAir,,OS:ElectricEquipment:Definition,OS:ElectricEquipment:Definition,OS:ElectricEquipment:Definition,OS:ElectricEquipment:Definition,,,,OS:ElectricEquipment:Definition,OS:Schedule,,OS:Lights:Definition,OS:Lights:Definition,OS:Lights:Definition,,,,OS:Lights:Definition,OS:Schedule,,,OS:GasEquipment:Definition,OS:GasEquipment:Definition,OS:GasEquipment:Definition,OS:GasEquipment:Definition,,,,OS:GasEquipment:Definition,OS:Schedule,,OS:SpaceInfiltration:DesignFlowRate,,,,,OS:SpaceInfiltration:DesignFlowRate,OS:Schedule,,,OS:InternalMass:Definition,OS:InternalMass:Definition,OS:InternalMass:Definition,OS:Material,OS:Material,OS:Material,OS:Material,OS:Material,OS:Material,OS:Material,OS:Material,OS:Construction and OS:Material,,,,,OS:InternalMass:Definition
Name,Category,Units,Day Types,Start Date,End Date,Type,Hr 1,Hr 2,Hr 3,Hr 4,Hr 5,Hr 6,Hr 7,Hr 8,Hr 9,Hr 10,Hr 11,Hr 12,Hr 13,Hr 14,Hr 15,Hr 16,Hr 17,Hr 18,Hr 19,Hr 20,Hr 21,Hr 22,Hr 23,Hr 24,Notes,"AREA OUTDOOR 
AIRFLOW RATE IN 
BREATHING ZONE Ra 
CFM/FT2a ",!- Outdoor Air Flow per Floor Area {m3/s-m2},"EXHAUST 
AIRFLOW RATE 
CFM/FT
2 ","EXHAUST 
AIRFLOW RATE 
m3/s-m2",!- Outdoor Air Flow Air Changes per Hour {1/hr},Source_1,Additional Info_1,Source_2,Additional Info_2,!- Name,Default  Power Density (W/ft2),!- Watts per Space Floor Area {W/m2},!- Fraction Latent,!- Fraction Radiant,!- Fraction Lost,Source_1,Source_2,Additional Info,!- Name,Electric Equipment Schedule,Default  Power Density (W/ft2),!- Watts per Space Floor Area {W/m2},!- Fraction Radiant,!- Fraction Visible,Source_1,Source_2,Additional Info,!- Name,Lighting Schedule,Interior Gas Appliance Power Density       (W/ft2),Interior Gas Appliance Power Density       (Btu/h-ft2),!- Power per Zone Floor Area {W/m2},!- Fraction Latent,!- Fraction Radiant,!- Fraction Lost,Source_1,Source_2,Additional Info,!- Name,Gas Equipment Schedule,Infiltration per Exterior Area (ft^3/min*ft^2 ext),!- Flow per Exterior Surface Area {m3/s-m2},Source_1,Additional Info_1,Source_2,Additional Info_2,!- Name,Infiltration Schedule,Building Type,Space Type,!- Surface Area {m2},!- Surface Area per Space Floor Area {dimensionless},!- Surface Area per Person {m2/person}, !- Roughness, !- Thickness {m}, !- Conductivity {W/m-K}, !- Density {kg/m3}, !- Specific Heat {J/kg-K},  !- Thermal Absorptance,  !- Solar Absorptance,  !- Visible Absorptance, !- Name,Source_1,Additional Info_1,Source_2,Additional Info_2,!- Name
Always Off,Elevator,,Default,41640,42004,Hourly,0.05,0.05,0.05,0.05,0.1,0.2,0.4,0.5,0.5,0.35,0.15,0.15,0.15,0.15,0.15,0.15,0.35,0.5,0.5,0.4,4.00E-01,0.3,0.2,0.1,From DOE Prototype Buildings,,03d16ff5-015b-4c1f-89e1-fb9e8f3c323e,,,41dd9f25-8df0-46e6-9f29-cceef9210ae8,,,,,f8a27cd2-f746-4301-a112-59d13e40d78d,,dd740279-a043-472e-9440-1247838bdebd,93c3190c-58c6-4fa6-b31d-e972f017b622,e7668a0e-eeeb-49fe-b68d-e4673ff0492f,17a128c0-8bb3-42fe-8fa8-e9b6c9857c61,,,,88a913cc-2e7a-402c-8f68-e04d9aea2bfe,922e17af-4f99-4a08-92d5-c8797f685f91,,da106b8e-74c8-48ae-9585-c42116b2ba37,37274c8e-ef2a-4273-be16-1568ef1010d8,2f6014cb-8ffd-48ef-8c06-e2f22e8f09fb,,,,8cd22776-3059-4312-be9f-414a4cc9a5d4,06a4bb43-86fe-4d0d-b323-df7f797ddedf,,,75657b05-6269-49ed-9dde-0685e47cd2e8,d7a052b3-0fd2-4248-aceb-14699019a4a4,fa38e540-d001-49d9-b3f1-d1a707fc1579,297cff0e-3751-4d1e-8c51-b492f8bae160,,,,4478951e-a465-46c5-913d-bcea7a66cb2a,be6b6705-67ab-46ec-a6e5-80adf6c48c0a,,821df950-1005-42a1-bb71-94e21d06f843,,,,,f0b3db32-813a-495e-9ca0-dde8056737c8,94e29b50-ba90-424a-98b8-c2dc37ad1d28,,,620be5d0-583e-43e9-b3de-0b70c7cf5176,953b161f-1acf-4fc3-a393-bdce6b3c5153,b80aad76-63a0-4cbf-802e-5e89b172c4f9,1bd0cfbf-ead3-4e72-b15b-e4980f9b59db,dc1f4078-c6b5-4ccb-a537-4da64d413107,cff5961c-e380-4d30-9a4d-0bfdf353115f,5a6d7588-d7ab-4a8a-be29-d0e69477a2d9,51ff4529-089d-43c6-90c4-e6bdcb13b9fe,dc5451c6-9cf1-4680-bb77-8c264cd2f1ec,50e1157d-9579-4ef9-b50e-099cefad7e0f,2810bb86-71f1-4ece-94e6-b7427b2274ef,feb23d72-7ec3-4505-84ec-987e02009258,,,,,65c47774-d0bf-4ce9-ba77-1b1304459dc7
Always Off,Elevator,,SmrDsn,41640,42004,Constant,0.5,,,,,,,,,,,,,,,,,,,,,,,,From DOE Prototype Buildings,0.25,0.00127,,,,COMNET-REV9,WholeBuilding,,,COMNET-REV9WholeBuildingBA Automotive FacilityVent,0.5,5.42,0,0.5,0,COMNET-REV9,NREL 956/Eley Analysis,DOEPrototype,COMNET-REV9NREL 956/Eley AnalysisDOEPrototypeBA Automotive FacilityElectricalEquipDef,NECB-E-Electric-Equipment,0.64,6.89,0.37,0.2,Washington State Energy Code Commercial TABLE C405.4.2,,Automotive facility,Washington State Energy Code Commercial TABLE C405.4.2Automotive facilityLightingDef,NECB-E-Lighting,0.22,0.75,8.11,0,0.75,0.25,COMNET-REV9,California Commercial End-Use Survey (CEUS),93%ThermEffRadiant,COMNET-REV9California Commercial End-Use Survey (CEUS)93%ThermEffRadiantBA Automotive FacilityGasEquipDef,NECB-E-Electric-Equipment,0.049225,2.32E-05,PNNL-,NECB 2011,DOE_Prototype,Automotive facility_WholeBuilding,PNNL-NECB 2011BA Automotive FacilityInfil,Always On,Automotive facility,WholeBuilding,,2,,MediumSmooth,0.15,0.12,540,1210,0.9,0.7,0.7,Std Wood 6inch,OpenStudio-Prototype-Buildings,,,Std Wood 6inch,OpenStudio-Prototype-BuildingsStd Wood 6inchInternalMassDef
Always Off,Elevator,,WntrDsn,41640,42004,Constant,0.05,,,,,,,,,,,,,,,,,,,,,,,,From DOE Prototype Buildings,0.31,0.0015748,,,,COMNET-REV9,WholeBuilding,,,COMNET-REV9WholeBuildingBA Convention CenterVent,0.75,8.05,0,0.5,0,COMNET-REV9,NREL 956/Eley Analysis,DOEPrototype,COMNET-REV9NREL 956/Eley AnalysisDOEPrototypeBA Convention CenterElectricalEquipDef,NECB-C-Electric-Equipment,0.64,6.89,0.37,0.2,Washington State Energy Code Commercial TABLE C405.4.2,,Convention center,Washington State Energy Code Commercial TABLE C405.4.2Convention centerLightingDef,NECB-C-Lighting,0.01,0.02,0.25,0,0.75,0.25,COMNET-REV9,California Commercial End-Use Survey (CEUS),93%ThermEffRadiant,COMNET-REV9California Commercial End-Use Survey (CEUS)93%ThermEffRadiantBA Convention CenterGasEquipDef,NECB-C-Electric-Equipment,0.049225,2.32E-05,PNNL-,NECB 2011,DOE_Prototype,Convention centre_WholeBuilding,PNNL-NECB 2011BA Convention CenterInfil,Always On,Convention centre,WholeBuilding,,2,,MediumSmooth,0.15,0.12,540,1210,0.9,0.7,0.7,Std Wood 6inch,OpenStudio-Prototype-Buildings,,,Std Wood 6inch,OpenStudio-Prototype-BuildingsStd Wood 6inchInternalMassDef
Always Off,Thermostat Setpoint,C,Default,41640,42004,Constant,29.4,,,,,,,,,,,,,,,,,,,,,,,,From DOE Prototype Buildings,0.41,0.0020828,,,,COMNET-REV9,WholeBuilding,,,COMNET-REV9WholeBuildingBA CourthouseVent,1.67,17.96,0,0.5,0,COMNET-REV9,NREL 956/Eley Analysis,DOEPrototype,COMNET-REV9NREL 956/Eley AnalysisDOEPrototypeBA CourthouseElectricalEquipDef,NECB-A-Electric-Equipment,0.79,8.5,0.37,0.2,Washington State Energy Code Commercial TABLE C405.4.2,,Court house,Washington State Energy Code Commercial TABLE C405.4.2Court houseLightingDef,NECB-A-Lighting,0.05,0.17,1.84,0.01,0.4,0.4,COMNET-REV9,California Commercial End-Use Survey (CEUS),60%ThermEffProcess,COMNET-REV9California Commercial End-Use Survey (CEUS)60%ThermEffProcessBA CourthouseGasEquipDef,NECB-A-Electric-Equipment,0.049225,2.32E-05,PNNL-,NECB 2011,DOE_Prototype,Courthouse_WholeBuilding,PNNL-NECB 2011BA CourthouseInfil,Always On,Courthouse,WholeBuilding,,2,,MediumSmooth,0.15,0.12,540,1210,0.9,0.7,0.7,Std Wood 6inch,OpenStudio-Prototype-Buildings,,,Std Wood 6inch,OpenStudio-Prototype-BuildingsStd Wood 6inchInternalMassDef
Always Off,Thermostat Setpoint,C,Default,41640,42004,Constant,23.9,,,,,,,,,,,,,,,,,,,,,,,,From DOE Prototype Buildings,0.93,0.0047244,,,,COMNET-REV9,WholeBuilding,,,COMNET-REV9WholeBuildingBA Dining: Bar Lounge/LeisureVent,1.32,14.17,0,0.5,0,COMNET-REV9,NREL 956/Eley Analysis,DOEPrototype,COMNET-REV9NREL 956/Eley AnalysisDOEPrototypeBA Dining: Bar Lounge/LeisureElectricalEquipDef,NECB-B-Electric-Equipment,0.79,8.5,0.37,0.2,Washington State Energy Code Commercial TABLE C405.4.2,,Dining: Bar lounge/leisure,Washington State Energy Code Commercial TABLE C405.4.2Dining: Bar lounge/leisureLightingDef,NECB-B-Lighting,5.14,17.53,188.74,0,0.75,0.25,COMNET-REV9,California Commercial End-Use Survey (CEUS),93%ThermEffRadiant,COMNET-REV9California Commercial End-Use Survey (CEUS)93%ThermEffRadiantBA Dining: Bar Lounge/LeisureGasEquipDef,RestaurantFastFood BLDG_EQUIP_SCH,0.049225,2.32E-05,PNNL-,NECB 2011,DOE_Prototype,Dining - bar/lounge_WholeBuilding,PNNL-NECB 2011BA Dining: Bar Lounge/LeisureInfil,Always On,Dining - bar/lounge,WholeBuilding,,2,,MediumSmooth,0.15,0.12,540,1210,0.9,0.7,0.7,Std Wood 6inch,OpenStudio-Prototype-Buildings,,,Std Wood 6inch,OpenStudio-Prototype-BuildingsStd Wood 6inchInternalMassDef
Always Off,Thermostat Setpoint,C,Default,41640,42004,Constant,29.4,,,,,,,,,,,,,,,,,,,,,,,,From DOE Prototype Buildings,0.93,0.0047244,,,,COMNET-REV9,WholeBuilding,,,COMNET-REV9WholeBuildingBA Dining: Cafeteria/Fast FoodVent,1.37,14.73,0,0.5,0,COMNET-REV9,NREL 956/Eley Analysis,DOEPrototype,COMNET-REV9NREL 956/Eley AnalysisDOEPrototypeBA Dining: Cafeteria/Fast FoodElectricalEquipDef,NECB-B-Electric-Equipment,0.72,7.75,0.37,0.2,Washington State Energy Code Commercial TABLE C405.4.2,,Dining: Cafeteria/fast food,Washington State Energy Code Commercial TABLE C405.4.2Dining: Cafeteria/fast foodLightingDef,NECB-B-Lighting,5.14,17.53,188.74,0,0.75,0.25,COMNET-REV9,California Commercial End-Use Survey (CEUS),93%ThermEffRadiant,COMNET-REV9California Commercial End-Use Survey (CEUS)93%ThermEffRadiantBA Dining: Cafeteria/Fast FoodGasEquipDef,RestaurantFastFood BLDG_EQUIP_SCH,0.049225,2.32E-05,PNNL-,NECB 2011,DOE_Prototype,Dining - cafeteria_WholeBuilding,PNNL-NECB 2011BA Dining: Cafeteria/Fast FoodInfil,Always On,Dining - cafeteria,WholeBuilding,,2,,MediumSmooth,0.15,0.12,540,1210,0.9,0.7,0.7,Std Wood 6inch,OpenStudio-Prototype-Buildings,,,Std Wood 6inch,OpenStudio-Prototype-BuildingsStd Wood 6inchInternalMassDef
Always Off,Thermostat Setpoint,C,Default,41640,42004,Constant,29.4,,,,,,,,,,,,,,,,,,,,,,,,From DOE Prototype Buildings,0.71,0.0036068,,,,COMNET-REV9,WholeBuilding,,,COMNET-REV9WholeBuildingBA Dining: FamilyVent,1.26,13.59,0,0.5,0,COMNET-REV9,NREL 956/Eley Analysis,DOEPrototype,COMNET-REV9NREL 956/Eley AnalysisDOEPrototypeBA Dining: FamilyElectricalEquipDef,NECB-B-Electric-Equipment,0.71,7.64,0.37,0.2,Washington State Energy Code Commercial TABLE C405.4.2,,Dining: Family,Washington State Energy Code Commercial TABLE C405.4.2Dining: FamilyLightingDef,NECB-B-Lighting,5.14,17.53,188.74,0.05,0.4,0.4,COMNET-REV9,California Commercial End-Use Survey (CEUS),60%ThermEffProcess,COMNET-REV9California Commercial End-Use Survey (CEUS)60%ThermEffProcessBA Dining: FamilyGasEquipDef,RestaurantSitDown BLDG_EQUIP_SCH,0.049225,2.32E-05,PNNL-,NECB 2011,DOE_Prototype,Dining - family_WholeBuilding,PNNL-NECB 2011BA Dining: FamilyInfil,Always On,Dining - family,WholeBuilding,,2,,MediumSmooth,0.15,0.12,540,1210,0.9,0.7,0.7,Std Wood 6inch,OpenStudio-Prototype-Buildings,,,Std Wood 6inch,OpenStudio-Prototype-BuildingsStd Wood 6inchInternalMassDef
Always Off,Thermostat Setpoint,C,Default|WntrDsn|SmrDsn,41640,42004,Constant,0,,,,,,,,,,,,,,,,,,,,,,,,From DOE Prototype Buildings,0.11,0.0005588,,,,COMNET-REV9,WholeBuilding,,,COMNET-REV9WholeBuildingBA DormitoryVent,1.96,21.06,0,0.5,0,COMNET-REV9,NREL 956/Eley Analysis,DOEPrototype,COMNET-REV9NREL 956/Eley AnalysisDOEPrototypeBA DormitoryElectricalEquipDef,NECB-G-Electric-Equipment,0.46,4.95,0.37,0.2,Washington State Energy Code Commercial TABLE C405.4.2,,Dormitory,Washington State Energy Code Commercial TABLE C405.4.2DormitoryLightingDef,NECB-G-Lighting,0.2,0.7,7.5,0.01,0.4,0.4,COMNET-REV9,California Commercial End-Use Survey (CEUS),60%ThermEffProcess,COMNET-REV9California Commercial End-Use Survey (CEUS)60%ThermEffProcessBA DormitoryGasEquipDef,ApartmentMidRise EQP_APT_SCH,0.049225,2.32E-05,PNNL-,NECB 2011,DOE_Prototype,Dormitory_WholeBuilding,PNNL-NECB 2011BA DormitoryInfil,Always On,Dormitory,WholeBuilding,,2,,MediumSmooth,0.15,0.12,540,1210,0.9,0.7,0.7,Std Wood 6inch,OpenStudio-Prototype-Buildings,,,Std Wood 6inch,OpenStudio-Prototype-BuildingsStd Wood 6inchInternalMassDef
Always Off,Thermostat Setpoint,C,Default|WntrDsn|SmrDsn,41640,42004,Constant,0,,,,,,,,,,,,,,,,,,,,,,,,From DOE Prototype Buildings,0.26,0.0013208,,,,COMNET-REV9,WholeBuilding,,,COMNET-REV9WholeBuildingBA Exercise CenterVent,0.67,7.26,0,0.5,0,COMNET-REV9,NREL 956/Eley Analysis,DOEPrototype,COMNET-REV9NREL 956/Eley AnalysisDOEPrototypeBA Exercise CenterElectricalEquipDef,NECB-B-Electric-Equipment,0.67,7.21,0.37,0.2,Washington State Energy Code Commercial TABLE C405.4.2,,Exercise center,Washington State Energy Code Commercial TABLE C405.4.2Exercise centerLightingDef,NECB-B-Lighting,0.01,0.02,0.25,0.05,0.4,0.4,COMNET-REV9,California Commercial End-Use Survey (CEUS),60%ThermEffProcess,COMNET-REV9California Commercial End-Use Survey (CEUS)60%ThermEffProcessBA Exercise CenterGasEquipDef,HotelSmall ExerciseCenter_Eqp_Sch,0.049225,2.32E-05,PNNL-,NECB 2011,DOE_Prototype,Exercise centre_WholeBuilding,PNNL-NECB 2011BA Exercise CenterInfil,Always On,Exercise centre,WholeBuilding,,2,,MediumSmooth,0.15,0.12,540,1210,0.9,0.7,0.7,Std Wood 6inch,OpenStudio-Prototype-Buildings,,,Std Wood 6inch,OpenStudio-Prototype-BuildingsStd Wood 6inchInternalMassDef
Always Off,Thermostat Setpoint,C,WntrDsn|SmrDsn,41640,42004,Hourly,29.4,29.4,29.4,29.4,29.4,29.4,29.4,26.7,23.9,23.9,23.9,23.9,23.9,23.9,23.9,23.9,23.9,26.7,29.4,29.4,29.4,29.4,29.4,29.4,From DOE Prototype Buildings,0.21,0.0010668,,,,COMNET-REV9,WholeBuilding,,,COMNET-REV9WholeBuildingBA Fire StationVent,1.54,16.58,0,0.5,0,COMNET-REV9,NREL 956/Eley Analysis,DOEPrototype,COMNET-REV9NREL 956/Eley AnalysisDOEPrototypeBA Fire StationElectricalEquipDef,NECB-F-Electric-Equipment,0.54,5.81,0.37,0.2,Washington State Energy Code Commercial TABLE C405.4.2,,Fire station,Washington State Energy Code Commercial TABLE C405.4.2Fire stationLightingDef,NECB-F-Lighting,0.22,0.75,8.11,0,0.75,0.25,COMNET-REV9,California Commercial End-Use Survey (CEUS),93%ThermEffRadiant,COMNET-REV9California Commercial End-Use Survey (CEUS)93%ThermEffRadiantBA Fire StationGasEquipDef,NECB-F-Electric-Equipment,0.049225,2.32E-05,PNNL-,NECB 2011,DOE_Prototype,Fire station_WholeBuilding,PNNL-NECB 2011BA Fire StationInfil,Always On,Fire station,WholeBuilding,,2,,MediumSmooth,0.15,0.12,540,1210,0.9,0.7,0.7,Std Wood 6inch,OpenStudio-Prototype-Buildings,,,Std Wood 6inch,OpenStudio-Prototype-BuildingsStd Wood 6inchInternalMassDef
Always Off,Thermostat Setpoint,C,WntrDsn|SmrDsn,41640,42004,Hourly,29.4,29.4,29.4,29.4,29.4,29.4,29.4,26.7,23.9,23.9,23.9,23.9,23.9,23.9,23.9,23.9,23.9,26.7,29.4,29.4,29.4,29.4,29.4,29.4,From DOE Prototype Buildings,0.3,0.001524,,,,COMNET-REV9,WholeBuilding,,,COMNET-REV9WholeBuildingBA GymnasiumVent,0.67,7.26,0,0.5,0,COMNET-REV9,NREL 956/Eley Analysis,DOEPrototype,COMNET-REV9NREL 956/Eley AnalysisDOEPrototypeBA GymnasiumElectricalEquipDef,NECB-B-Electric-Equipment,0.75,8.07,0.37,0.2,Washington State Energy Code Commercial TABLE C405.4.2,,Gymnasium,Washington State Energy Code Commercial TABLE C405.4.2GymnasiumLightingDef,NECB-B-Lighting,0.01,0.02,0.25,0,0.75,0.25,COMNET-REV9,California Commercial End-Use Survey (CEUS),93%ThermEffRadiant,COMNET-REV9California Commercial End-Use Survey (CEUS)93%ThermEffRadiantBA GymnasiumGasEquipDef,SchoolSecondary BLDG_EQUIP_SCH,0.049225,2.32E-05,PNNL-,NECB 2011,DOE_Prototype,Gymnasium_WholeBuilding,PNNL-NECB 2011BA GymnasiumInfil,Always On,Gymnasium,WholeBuilding,,2,,MediumSmooth,0.15,0.12,540,1210,0.9,0.7,0.7,Std Wood 6inch,OpenStudio-Prototype-Buildings,,,Std Wood 6inch,OpenStudio-Prototype-BuildingsStd Wood 6inchInternalMassDef
Always Off,Thermostat Setpoint,C,WntrDsn|SmrDsn,41640,42004,Hourly,29.4,29.4,29.4,29.4,29.4,29.4,29.4,26.7,23.9,23.9,23.9,23.9,23.9,23.9,23.9,23.9,23.9,26.7,29.4,29.4,29.4,29.4,29.4,29.4,From DOE Prototype Buildings,0.47,0.0023876,,,,COMNET-REV9,WholeBuilding,,,COMNET-REV9WholeBuildingBA Healthcare ClinicVent,1.22,13.13,0,0.5,0,COMNET-REV9,NREL 956/Eley Analysis,DOEPrototype,COMNET-REV9NREL 956/Eley AnalysisDOEPrototypeBA Healthcare ClinicElectricalEquipDef,NECB-A-Electric-Equipment,0.7,7.53,0.37,0.2,Washington State Energy Code Commercial TABLE C405.4.2,,Health care clinic,Washington State Energy Code Commercial TABLE C405.4.2Health care clinicLightingDef,NECB-A-Lighting,0.33,1.13,12.16,0,0,0.5,COMNET-REV9,California Commercial End-Use Survey (CEUS),DOEPrototype,COMNET-REV9California Commercial End-Use Survey (CEUS)DOEPrototypeBA Healthcare ClinicGasEquipDef,OutPatientHealthCare BLDG_EQUIP_SCH_BASE,0.049225,2.32E-05,PNNL-,NECB 2011,DOE_Prototype,Health-care clinic_WholeBuilding,PNNL-NECB 2011BA Healthcare ClinicInfil,Always On,Health-care clinic,WholeBuilding,,2,,MediumSmooth,0.15,0.12,540,1210,0.9,0.7,0.7,Std Wood 6inch,OpenStudio-Prototype-Buildings,,,Std Wood 6inch,OpenStudio-Prototype-BuildingsStd Wood 6inchInternalMassDef
Always Off,Thermostat Setpoint,C,WntrDsn|SmrDsn,41640,42004,Hourly,29.4,29.4,29.4,29.4,29.4,29.4,29.4,26.7,23.9,23.9,23.9,23.9,23.9,23.9,23.9,23.9,23.9,26.7,29.4,29.4,29.4,29.4,29.4,29.4,From DOE Prototype Buildings,0.47,0.0023876,,,,COMNET-REV9,WholeBuilding,,,COMNET-REV9WholeBuildingBA HospitalVent,1.25,13.44,0,0.5,0,COMNET-REV9,NREL 956/Eley Analysis,DOEPrototype,COMNET-REV9NREL 956/Eley AnalysisDOEPrototypeBA HospitalElectricalEquipDef,NECB-H-Electric-Equipment,0.84,9.04,0.37,0.2,Washington State Energy Code Commercial TABLE C405.4.2,,Hospital,Washington State Energy Code Commercial TABLE C405.4.2HospitalLightingDef,NECB-H-Lighting,0.33,1.13,12.16,0.01,0.2,0.7,COMNET-REV9,California Commercial End-Use Survey (CEUS),DOEPrototype,COMNET-REV9California Commercial End-Use Survey (CEUS)DOEPrototypeBA HospitalGasEquipDef,Hospital BLDG_EQUIP_SCH,0.049225,2.32E-05,PNNL-,NECB 2011,DOE_Prototype,Hospital_WholeBuilding,PNNL-NECB 2011BA HospitalInfil,Always On,Hospital,WholeBuilding,,2,,MediumSmooth,0.15,0.12,540,1210,0.9,0.7,0.7,Std Wood 6inch,OpenStudio-Prototype-Buildings,,,Std Wood 6inch,OpenStudio-Prototype-BuildingsStd Wood 6inchInternalMassDef
Always Off,Unknown,,Default|WntrDsn|SmrDsn,41640,42004,Constant,0,,,,,,,,,,,,,,,,,,,,,,,,From DOE Reference Buildings ,0.08,0.0004064,,,,COMNET-REV9,WholeBuilding,,,COMNET-REV9WholeBuildingBA HotelVent,1.56,16.84,0,0.5,0,COMNET-REV9,NREL 956/Eley Analysis,DOEPrototype,COMNET-REV9NREL 956/Eley AnalysisDOEPrototypeBA HotelElectricalEquipDef,NECB-F-Electric-Equipment,0.56,6.03,0.37,0.2,Washington State Energy Code Commercial TABLE C405.4.2,,Hotel,Washington State Energy Code Commercial TABLE C405.4.2HotelLightingDef,NECB-F-Lighting,0.2,0.7,7.5,0,0.5,0,COMNET-REV9,California Commercial End-Use Survey (CEUS),DOEPrototype,COMNET-REV9California Commercial End-Use Survey (CEUS)DOEPrototypeBA HotelGasEquipDef,HotelLarge BLDG_EQUIP_SCH,0.049225,2.32E-05,PNNL-,NECB 2011,DOE_Prototype,Hotel_WholeBuilding,PNNL-NECB 2011BA HotelInfil,Always On,Hotel,WholeBuilding,,2,,MediumSmooth,0.15,0.12,540,1210,0.9,0.7,0.7,Std Wood 6inch,OpenStudio-Prototype-Buildings,,,Std Wood 6inch,OpenStudio-Prototype-BuildingsStd Wood 6inchInternalMassDef
Always Off,Unknown,,Default|WntrDsn|SmrDsn,41640,42004,Constant,1,,,,,,,,,,,,,,,,,,,,,,,,From DOE Reference Buildings ,0.11,0.0005588,,,,COMNET-REV9,WholeBuilding,,,COMNET-REV9WholeBuildingBA LibraryVent,0.94,10.09,0,0.5,0,COMNET-REV9,NREL 956/Eley Analysis,DOEPrototype,COMNET-REV9NREL 956/Eley AnalysisDOEPrototypeBA LibraryElectricalEquipDef,NECB-C-Electric-Equipment,0.83,8.93,0.37,0.2,Washington State Energy Code Commercial TABLE C405.4.2,,Library,Washington State Energy Code Commercial TABLE C405.4.2LibraryLightingDef,NECB-C-Lighting,0.01,0.02,0.25,0.01,0.4,0.4,COMNET-REV9,California Commercial End-Use Survey (CEUS),60%ThermEffProcess,COMNET-REV9California Commercial End-Use Survey (CEUS)60%ThermEffProcessBA LibraryGasEquipDef,NECB-C-Electric-Equipment,0.049225,2.32E-05,PNNL-,NECB 2011,DOE_Prototype,Library_WholeBuilding,PNNL-NECB 2011BA LibraryInfil,Always On,Library,WholeBuilding,,2,,MediumSmooth,0.15,0.12,540,1210,0.9,0.7,0.7,Std Wood 6inch,OpenStudio-Prototype-Buildings,,,Std Wood 6inch,OpenStudio-Prototype-BuildingsStd Wood 6inchInternalMassDef
Always Off,Unknown,,Default|WntrDsn|SmrDsn,41640,42004,Constant,0,,,,,,,,,,,,,,,,,,,,,,,,From DOE Prototype Buildings,0.25,0.00127,,,,COMNET-REV9,WholeBuilding,,,COMNET-REV9WholeBuildingBA Manufacturing FacilityVent,0.34,3.71,0,0.5,0,COMNET-REV9,NREL 956/Eley Analysis,DOEPrototype,COMNET-REV9NREL 956/Eley AnalysisDOEPrototypeBA Manufacturing FacilityElectricalEquipDef,NECB-A-Electric-Equipment,0.82,8.83,0.37,0.2,Washington State Energy Code Commercial TABLE C405.4.2,,Manufacturing facility,Washington State Energy Code Commercial TABLE C405.4.2Manufacturing facilityLightingDef,NECB-A-Lighting,0.22,0.75,8.11,0,0.75,0.25,COMNET-REV9,California Commercial End-Use Survey (CEUS),93%ThermEffRadiant,COMNET-REV9California Commercial End-Use Survey (CEUS)93%ThermEffRadiantBA Manufacturing FacilityGasEquipDef,NECB-A-Electric-Equipment,0.049225,2.32E-05,PNNL-,NECB 2011,DOE_Prototype,Manufacturing facility_WholeBuilding,PNNL-NECB 2011BA Manufacturing FacilityInfil,Always On,Manufacturing facility,WholeBuilding,,2,,MediumSmooth,0.15,0.12,540,1210,0.9,0.7,0.7,Std Wood 6inch,OpenStudio-Prototype-Buildings,,,Std Wood 6inch,OpenStudio-Prototype-BuildingsStd Wood 6inchInternalMassDef
Always Off,Unknown,,Default|WntrDsn|SmrDsn,41640,42004,Constant,1,,,,,,,,,,,,,,,,,,,,,,,,From DOE Prototype Buildings,0.08,0.0004064,,,,COMNET-REV9,WholeBuilding,,,COMNET-REV9WholeBuildingBA MotelVent,1.56,16.84,0,0.5,0,COMNET-REV9,NREL 956/Eley Analysis,DOEPrototype,COMNET-REV9NREL 956/Eley AnalysisDOEPrototypeBA MotelElectricalEquipDef,NECB-F-Electric-Equipment,0.56,6.03,0.37,0.2,Washington State Energy Code Commercial TABLE C405.4.2,,Hotel,Washington State Energy Code Commercial TABLE C405.4.2HotelLightingDef,NECB-F-Lighting,0.2,0.7,7.5,0.01,0.4,0.4,COMNET-REV9,California Commercial End-Use Survey (CEUS),60%ThermEffProcess,COMNET-REV9California Commercial End-Use Survey (CEUS)60%ThermEffProcessBA MotelGasEquipDef,NECB-F-Electric-Equipment,0.049225,2.32E-05,PNNL-,NECB 2011,DOE_Prototype,Motel_WholeBuilding,PNNL-NECB 2011BA MotelInfil,Always On,Motel,WholeBuilding,,2,,MediumSmooth,0.15,0.12,540,1210,0.9,0.7,0.7,Std Wood 6inch,OpenStudio-Prototype-Buildings,,,Std Wood 6inch,OpenStudio-Prototype-BuildingsStd Wood 6inchInternalMassDef
Always Off,Unknown,,Default|WntrDsn|SmrDsn,41640,42004,Constant,1,,,,,,,,,,,,,,,,,,,,,,,,From DOE Prototype Buildings,1.19,0.0060452,,,,COMNET-REV9,WholeBuilding,,,COMNET-REV9WholeBuildingBA Motion Picture TheaterVent,0.74,8.02,0,0.5,0,COMNET-REV9,NREL 956/Eley Analysis,DOEPrototype,COMNET-REV9NREL 956/Eley AnalysisDOEPrototypeBA Motion Picture TheaterElectricalEquipDef,NECB-C-Electric-Equipment,0.44,4.74,0.37,0.2,Washington State Energy Code Commercial TABLE C405.4.2,,Motion picture theater,Washington State Energy Code Commercial TABLE C405.4.2Motion picture theaterLightingDef,NECB-C-Lighting,0.01,0.02,0.25,0.01,0.4,0.4,COMNET-REV9,California Commercial End-Use Survey (CEUS),60%ThermEffProcess,COMNET-REV9California Commercial End-Use Survey (CEUS)60%ThermEffProcessBA Motion Picture TheaterGasEquipDef,NECB-C-Electric-Equipment,0.049225,2.32E-05,PNNL-,NECB 2011,DOE_Prototype,Motion picture theatre_WholeBuilding,PNNL-NECB 2011BA Motion Picture TheaterInfil,Always On,Motion picture theatre,WholeBuilding,,2,,MediumSmooth,0.15,0.12,540,1210,0.9,0.7,0.7,Std Wood 6inch,OpenStudio-Prototype-Buildings,,,Std Wood 6inch,OpenStudio-Prototype-BuildingsStd Wood 6inchInternalMassDef
Always Off,Unknown,C,Default|WntrDsn|SmrDsn,41640,42004,Constant,22,,,,,,,,,,,,,,,,,,,,,,,,From DOE Prototype Buildings,0.06,0.0003048,,,,COMNET-REV9,WholeBuilding,,,COMNET-REV9WholeBuildingBA MultifamilyVent,1.42,15.33,0,0.5,0,COMNET-REV9,NREL 956/Eley Analysis,DOEPrototype,COMNET-REV9NREL 956/Eley AnalysisDOEPrototypeBA MultifamilyElectricalEquipDef,NECB-G-Electric-Equipment,0.41,4.41,0.37,0.2,Washington State Energy Code Commercial TABLE C405.4.2,,Multiple family,Washington State Energy Code Commercial TABLE C405.4.2Multiple familyLightingDef,NECB-G-Lighting,0.2,0.7,7.5,0.01,0.4,0.4,COMNET-REV9,California Commercial End-Use Survey (CEUS),60%ThermEffProcess,COMNET-REV9California Commercial End-Use Survey (CEUS)60%ThermEffProcessBA MultifamilyGasEquipDef,NECB-G-Electric-Equipment,0.049225,2.32E-05,PNNL-,NECB 2011,DOE_Prototype,Multi-unit residential_WholeBuilding,PNNL-NECB 2011BA MultifamilyInfil,Always On,Multi-unit residential,WholeBuilding,,2,,MediumSmooth,0.15,0.12,540,1210,0.9,0.7,0.7,Std Wood 6inch,OpenStudio-Prototype-Buildings,,,Std Wood 6inch,OpenStudio-Prototype-BuildingsStd Wood 6inchInternalMassDef
Always Off,Unknown,,Default|WntrDsn|SmrDsn,41640,42004,Hourly,0.08,0.04,0.01,0.01,0.04,0.27,0.94,1,0.96,0.84,0.76,0.61,0.53,0.47,0.41,0.47,0.55,0.73,0.86,0.82,0.75,0.61,0.53,0.29,From DOE Prototype Buildings,0.36,0.0018288,,,,COMNET-REV9,WholeBuilding,,,COMNET-REV9WholeBuildingBA MuseumVent,0.74,8.02,0,0.5,0,COMNET-REV9,NREL 956/Eley Analysis,DOEPrototype,COMNET-REV9NREL 956/Eley AnalysisDOEPrototypeBA MuseumElectricalEquipDef,NECB-C-Electric-Equipment,0.55,5.92,0.37,0.2,Washington State Energy Code Commercial TABLE C405.4.2,,Museum,Washington State Energy Code Commercial TABLE C405.4.2MuseumLightingDef,NECB-C-Lighting,0.01,0.02,0.25,0,0.75,0.25,COMNET-REV9,California Commercial End-Use Survey (CEUS),93%ThermEffRadiant,COMNET-REV9California Commercial End-Use Survey (CEUS)93%ThermEffRadiantBA MuseumGasEquipDef,NECB-A-Electric-Equipment,0.049225,2.32E-05,PNNL-,NECB 2011,DOE_Prototype,Museum_WholeBuilding,PNNL-NECB 2011BA MuseumInfil,Always On,Museum,WholeBuilding,,2,,MediumSmooth,0.15,0.12,540,1210,0.9,0.7,0.7,Std Wood 6inch,OpenStudio-Prototype-Buildings,,,Std Wood 6inch,OpenStudio-Prototype-BuildingsStd Wood 6inchInternalMassDef
Always Off,Unknown,,Default|WntrDsn|SmrDsn,41640,42004,Constant,0,,,,,,,,,,,,,,,,,,,,,,,,From DOE Prototype Buildings,0.09,0.0004572,,,,COMNET-REV9,WholeBuilding,,,COMNET-REV9WholeBuildingBA OfficeVent,1.67,18,0,0.5,0,COMNET-REV9,NREL 956/Eley Analysis,DOEPrototype,COMNET-REV9NREL 956/Eley AnalysisDOEPrototypeBA OfficeElectricalEquipDef,NECB-A-Electric-Equipment,0.64,6.89,0.37,0.2,Washington State Energy Code Commercial TABLE C405.4.2,,Office,Washington State Energy Code Commercial TABLE C405.4.2OfficeLightingDef,NECB-A-Lighting,0.04,0.13,1.35,0.01,0.4,0.4,COMNET-REV9,California Commercial End-Use Survey (CEUS),60%ThermEffProcess,COMNET-REV9California Commercial End-Use Survey (CEUS)60%ThermEffProcessBA OfficeGasEquipDef,OfficeMedium BLDG_EQUIP_SCH,0.049225,2.32E-05,PNNL-,NECB 2011,DOE_Prototype,Office_WholeBuilding,PNNL-NECB 2011BA OfficeInfil,Always On,Office,WholeBuilding,,2,,MediumSmooth,0.15,0.12,540,1210,0.9,0.7,0.7,Std Wood 6inch,OpenStudio-Prototype-Buildings,,,Std Wood 6inch,OpenStudio-Prototype-BuildingsStd Wood 6inchInternalMassDef
Always Off,Unknown,,Default|WntrDsn|SmrDsn,41640,42004,Constant,1,,,,,,,,,,,,,,,,,,,,,,,,From DOE Prototype Buildings,,,,,,,,,,,0.3,3.23,0,0.06,0.88,,"Medium Estimate: Workplace, 20% of Spaces with Level 2 Charger12%lost to heat",DOEPrototype,"Medium Estimate: Workplace, 20% of Spaces with Level 2 Charger12%lost to heatDOEPrototypeBA Parking GarageElectricalEquipDef",NECB-H-Electric-Equipment,0.14,1.51,0.37,0.2,Washington State Energy Code Commercial TABLE C405.4.2,,Parking garage,Washington State Energy Code Commercial TABLE C405.4.2Parking garageLightingDef,NECB-H-Lighting,0,0,0,0,0.75,0.25,COMNET-REV9,California Commercial End-Use Survey (CEUS),93%ThermEffRadiant,COMNET-REV9California Commercial End-Use Survey (CEUS)93%ThermEffRadiantBA Parking GarageGasEquipDef,NECB-H-Electric-Equipment,0.049225,2.32E-05,PNNL-,NECB 2011,DOE_Prototype,Parking garage_WholeBuilding,PNNL-NECB 2011BA Parking GarageInfil,Always On,Parking garage,WholeBuilding,,2,,MediumSmooth,0.15,0.12,540,1210,0.9,0.7,0.7,Std Wood 6inch,OpenStudio-Prototype-Buildings,,,Std Wood 6inch,OpenStudio-Prototype-BuildingsStd Wood 6inchInternalMassDef
Always On,Unknown,,Default,41640,42004,Constant,1,,,,,,,,,,,,,,,,,,,,,,,,,0.25,0.00127,,,,COMNET-REV9,WholeBuilding,,,COMNET-REV9WholeBuildingBA PenitentiaryVent,1.49,16.07,0,0.5,0,COMNET-REV9,NREL 956/Eley Analysis,DOEPrototype,COMNET-REV9NREL 956/Eley AnalysisDOEPrototypeBA PenitentiaryElectricalEquipDef,NECB-H-Electric-Equipment,0.65,7,0.37,0.2,Washington State Energy Code Commercial TABLE C405.4.2,,Penitentiary,Washington State Energy Code Commercial TABLE C405.4.2PenitentiaryLightingDef,NECB-H-Lighting,0.2,0.7,7.5,0,0.75,0.25,COMNET-REV9,California Commercial End-Use Survey (CEUS),93%ThermEffRadiant,COMNET-REV9California Commercial End-Use Survey (CEUS)93%ThermEffRadiantBA PenitentiaryGasEquipDef,NECB-D-Electric-Equipment,0.049225,2.32E-05,PNNL-,NECB 2011,DOE_Prototype,Penitentiary_WholeBuilding,PNNL-NECB 2011BA PenitentiaryInfil,Always On,Penitentiary,WholeBuilding,,2,,MediumSmooth,0.15,0.12,540,1210,0.9,0.7,0.7,Std Wood 6inch,OpenStudio-Prototype-Buildings,,,Std Wood 6inch,OpenStudio-Prototype-BuildingsStd Wood 6inchInternalMassDef
ApartmentHighRise COMPACT HVAC-ALWAYS 4,Unknown,,Default|WntrDsn|SmrDsn,41640,42004,Constant,4,,,,,,,,,,,,,,,,,,,,,,,,From DOE Prototype Buildings,0.76,0.0038608,,,,COMNET-REV9,WholeBuilding,,,COMNET-REV9WholeBuildingBA Performing Arts TheaterVent,0.74,8.02,0,0.5,0,COMNET-REV9,NREL 956/Eley Analysis,DOEPrototype,COMNET-REV9NREL 956/Eley AnalysisDOEPrototypeBA Performing Arts TheaterElectricalEquipDef,NECB-C-Electric-Equipment,0.84,9.04,0.37,0.2,Washington State Energy Code Commercial TABLE C405.4.2,,Performing arts theater,Washington State Energy Code Commercial TABLE C405.4.2Performing arts theaterLightingDef,NECB-C-Lighting,0.01,0.02,0.25,0.01,0.4,0.4,COMNET-REV9,California Commercial End-Use Survey (CEUS),60%ThermEffProcess,COMNET-REV9California Commercial End-Use Survey (CEUS)60%ThermEffProcessBA Performing Arts TheaterGasEquipDef,NECB-C-Electric-Equipment,0.049225,2.32E-05,PNNL-,NECB 2011,DOE_Prototype,Performing arts theatre_WholeBuilding,PNNL-NECB 2011BA Performing Arts TheaterInfil,Always On,Performing arts theatre,WholeBuilding,,2,,MediumSmooth,0.15,0.12,540,1210,0.9,0.7,0.7,Std Wood 6inch,OpenStudio-Prototype-Buildings,,,Std Wood 6inch,OpenStudio-Prototype-BuildingsStd Wood 6inchInternalMassDef
ApartmentHighRise ELEV_LIGHT_FAN_SCH_24_7,Lighting,,Default|WntrDsn|SmrDsn,41640,42004,Constant,1,,,,,,,,,,,,,,,,,,,,,,,,From DOE Prototype Buildings,0.21,0.0010668,,,,COMNET-REV9,WholeBuilding,,,COMNET-REV9WholeBuildingBA Police StationVent,1.54,16.58,0,0.5,0,COMNET-REV9,NREL 956/Eley Analysis,DOEPrototype,COMNET-REV9NREL 956/Eley AnalysisDOEPrototypeBA Police StationElectricalEquipDef,NECB-H-Electric-Equipment,0.66,7.1,0.37,0.2,Washington State Energy Code Commercial TABLE C405.4.2,,Police station,Washington State Energy Code Commercial TABLE C405.4.2Police stationLightingDef,NECB-H-Lighting,0.22,0.75,8.11,0,0.75,0.25,COMNET-REV9,California Commercial End-Use Survey (CEUS),93%ThermEffRadiant,COMNET-REV9California Commercial End-Use Survey (CEUS)93%ThermEffRadiantBA Police StationGasEquipDef,NECB-H-Electric-Equipment,0.049225,2.32E-05,PNNL-,NECB 2011,DOE_Prototype,Police station_WholeBuilding,PNNL-NECB 2011BA Police StationInfil,Always On,Police station,WholeBuilding,,2,,MediumSmooth,0.15,0.12,540,1210,0.9,0.7,0.7,Std Wood 6inch,OpenStudio-Prototype-Buildings,,,Std Wood 6inch,OpenStudio-Prototype-BuildingsStd Wood 6inchInternalMassDef
ApartmentHighRise ELEV_LIGHT_FAN_SCH_ADD_DF,Lighting,,Default,41640,42004,Hourly,0.05,0.05,0.05,0.05,0.1,0.2,0.4,0.5,0.5,0.35,0.15,0.15,0.15,0.15,0.15,0.15,0.35,0.5,0.5,0.4,0.4,0.3,0.2,0.1,From DOE Prototype Buildings,0.21,0.0010668,,,,COMNET-REV9,WholeBuilding,,,COMNET-REV9WholeBuildingBA Post OfficeVent,0.91,9.79,0,0.5,0,COMNET-REV9,NREL 956/Eley Analysis,DOEPrototype,COMNET-REV9NREL 956/Eley AnalysisDOEPrototypeBA Post OfficeElectricalEquipDef,NECB-A-Electric-Equipment,0.65,7,0.37,0.2,Washington State Energy Code Commercial TABLE C405.4.2,,Post office,Washington State Energy Code Commercial TABLE C405.4.2Post officeLightingDef,NECB-A-Lighting,0.22,0.75,8.11,0,0.75,0.25,COMNET-REV9,California Commercial End-Use Survey (CEUS),93%ThermEffRadiant,COMNET-REV9California Commercial End-Use Survey (CEUS)93%ThermEffRadiantBA Post OfficeGasEquipDef,NECB-A-Electric-Equipment,0.049225,2.32E-05,PNNL-,NECB 2011,DOE_Prototype,Post office_WholeBuilding,PNNL-NECB 2011BA Post OfficeInfil,Always On,Post office,WholeBuilding,,2,,MediumSmooth,0.15,0.12,540,1210,0.9,0.7,0.7,Std Wood 6inch,OpenStudio-Prototype-Buildings,,,Std Wood 6inch,OpenStudio-Prototype-BuildingsStd Wood 6inchInternalMassDef
ApartmentHighRise ELEV_LIGHT_FAN_SCH_ADD_DF,Lighting,,SmrDsn,41640,42004,Constant,0.5,,,,,,,,,,,,,,,,,,,,,,,,From DOE Prototype Buildings,0.66,0.0033528,,,,COMNET-REV9,WholeBuilding,,,COMNET-REV9WholeBuildingBA Religious BuildingVent,0.3,3.21,0,0.5,0,COMNET-REV9,NREL 956/Eley Analysis,DOEPrototype,COMNET-REV9NREL 956/Eley AnalysisDOEPrototypeBA Religious BuildingElectricalEquipDef,NECB-I-Electric-Equipment,0.67,7.21,0.37,0.2,Washington State Energy Code Commercial TABLE C405.4.2,,Religious building,Washington State Energy Code Commercial TABLE C405.4.2Religious buildingLightingDef,NECB-I-Lighting,0.01,0.02,0.25,0.03,0.4,0.4,COMNET-REV9,California Commercial End-Use Survey (CEUS),60%ThermEffProcess,COMNET-REV9California Commercial End-Use Survey (CEUS)60%ThermEffProcessBA Religious BuildingGasEquipDef,NECB-I-Electric-Equipment,0.049225,2.32E-05,PNNL-,NECB 2011,DOE_Prototype,Religious_WholeBuilding,PNNL-NECB 2011BA Religious BuildingInfil,Always On,Religious,WholeBuilding,,2,,MediumSmooth,0.15,0.12,540,1210,0.9,0.7,0.7,Std Wood 6inch,OpenStudio-Prototype-Buildings,,,Std Wood 6inch,OpenStudio-Prototype-BuildingsStd Wood 6inchInternalMassDef
ApartmentHighRise ELEV_LIGHT_FAN_SCH_ADD_DF,Lighting,,WntrDsn,41640,42004,Constant,0.05,,,,,,,,,,,,,,,,,,,,,,,,From DOE Prototype Buildings,0.23,0.0011684,,,,COMNET-REV9,WholeBuilding,,,COMNET-REV9WholeBuildingBA RetailVent,0.7,7.56,0,0.5,0,COMNET-REV9,NREL 956/Eley Analysis,DOEPrototype,COMNET-REV9NREL 956/Eley AnalysisDOEPrototypeBA RetailElectricalEquipDef,NECB-C-Electric-Equipment,0.84,9.04,0.37,0.2,Washington State Energy Code Commercial TABLE C405.4.2,,Retail,Washington State Energy Code Commercial TABLE C405.4.2RetailLightingDef,NECB-C-Lighting,0.03,0.09,0.98,0.01,0.4,0.4,COMNET-REV9,California Commercial End-Use Survey (CEUS),60%ThermEffProcess,COMNET-REV9California Commercial End-Use Survey (CEUS)60%ThermEffProcessBA RetailGasEquipDef,RetailStandalone BLDG_EQUIP_SCH,0.049225,2.32E-05,PNNL-,NECB 2011,DOE_Prototype,Retail_WholeBuilding,PNNL-NECB 2011BA RetailInfil,Always On,Retail,WholeBuilding,,2,,MediumSmooth,0.15,0.12,540,1210,0.9,0.7,0.7,Std Wood 6inch,OpenStudio-Prototype-Buildings,,,Std Wood 6inch,OpenStudio-Prototype-BuildingsStd Wood 6inchInternalMassDef
ApartmentHighRise EQP_APT_SCH,Equipment,,Default|WntrDsn|SmrDsn,41640,42004,Hourly,0.45,0.41,0.39,0.38,0.38,0.43,0.54,0.65,0.66,0.67,0.69,0.7,0.69,0.66,0.65,0.68,0.8,1,1,0.93,0.89,0.85,0.71,0.58,From DOE Prototype Buildings,0.47,0.0023876,,,,COMNET-REV9,WholeBuilding,,,COMNET-REV9WholeBuildingBA School/UniversityVent,0.69,7.4,0,0.5,0,COMNET-REV9,NREL 956/Eley Analysis,DOEPrototype,COMNET-REV9NREL 956/Eley AnalysisDOEPrototypeBA School/UniversityElectricalEquipDef,NECB-D-Electric-Equipment,0.7,7.53,0.37,0.2,Washington State Energy Code Commercial TABLE C405.4.2,,School/university,Washington State Energy Code Commercial TABLE C405.4.2School/universityLightingDef,NECB-D-Lighting,0.04,0.14,1.47,0.01,0.4,0.4,COMNET-REV9,California Commercial End-Use Survey (CEUS),60%ThermEffProcess,COMNET-REV9California Commercial End-Use Survey (CEUS)60%ThermEffProcessBA School/UniversityGasEquipDef,SchoolSecondary BLDG_EQUIP_SCH,0.049225,2.32E-05,PNNL-,NECB 2011,DOE_Prototype,School/university_WholeBuilding,PNNL-NECB 2011BA School/UniversityInfil,Always On,School/university,WholeBuilding,,2,,MediumSmooth,0.15,0.12,540,1210,0.9,0.7,0.7,Std Wood 6inch,OpenStudio-Prototype-Buildings,,,Std Wood 6inch,OpenStudio-Prototype-BuildingsStd Wood 6inchInternalMassDef
ApartmentHighRise EQP_OFF_SCH,Equipment,,Default|WntrDsn|SmrDsn,41640,42004,Constant,0.33,,,,,,,,,,,,,,,,,,,,,,,,From DOE Prototype Buildings,0.3,0.001524,,,,COMNET-REV9,WholeBuilding,,,COMNET-REV9WholeBuildingBA Sports ArenaVent,0.75,8.05,0,0.5,0,COMNET-REV9,NREL 956/Eley Analysis,DOEPrototype,COMNET-REV9NREL 956/Eley AnalysisDOEPrototypeBA Sports ArenaElectricalEquipDef,NECB-B-Electric-Equipment,0.62,6.67,0.37,0.2,Washington State Energy Code Commercial TABLE C405.4.2,,Sports arena,Washington State Energy Code Commercial TABLE C405.4.2Sports arenaLightingDef,NECB-B-Lighting,0.01,0.02,0.25,0,0.75,0.25,COMNET-REV9,California Commercial End-Use Survey (CEUS),93%ThermEffRadiant,COMNET-REV9California Commercial End-Use Survey (CEUS)93%ThermEffRadiantBA Sports ArenaGasEquipDef,NECB-B-Electric-Equipment,0.049225,2.32E-05,PNNL-,NECB 2011,DOE_Prototype,Sports arena_WholeBuilding,PNNL-NECB 2011BA Sports ArenaInfil,Always On,Sports arena,WholeBuilding,,2,,MediumSmooth,0.15,0.12,540,1210,0.9,0.7,0.7,Std Wood 6inch,OpenStudio-Prototype-Buildings,,,Std Wood 6inch,OpenStudio-Prototype-BuildingsStd Wood 6inchInternalMassDef
ApartmentHighRise EQP_OFF_SCH,Equipment,,Wkdy,41640,42004,Hourly,0.33,0.33,0.33,0.33,0.33,0.33,0.33,0.5,1,1,1,1,0.94,1,1,1,1,0.5,0.33,0.33,0.33,0.33,0.33,0.33,From DOE Prototype Buildings,0.09,0.0004572,,,,COMNET-REV9,WholeBuilding,,,COMNET-REV9WholeBuildingBA Town HallVent,0.75,8.05,0,0.5,0,COMNET-REV9,NREL 956/Eley Analysis,DOEPrototype,COMNET-REV9NREL 956/Eley AnalysisDOEPrototypeBA Town HallElectricalEquipDef,NECB-D-Electric-Equipment,0.69,7.43,0.37,0.2,Washington State Energy Code Commercial TABLE C405.4.2,,Town hall,Washington State Energy Code Commercial TABLE C405.4.2Town hallLightingDef,NECB-D-Lighting,0.04,0.13,1.35,0.01,0.4,0.4,COMNET-REV9,California Commercial End-Use Survey (CEUS),60%ThermEffProcess,COMNET-REV9California Commercial End-Use Survey (CEUS)60%ThermEffProcessBA Town HallGasEquipDef,NECB-D-Electric-Equipment,0.049225,2.32E-05,PNNL-,NECB 2011,DOE_Prototype,Town hall_WholeBuilding,PNNL-NECB 2011BA Town HallInfil,Always On,Town hall,WholeBuilding,,2,,MediumSmooth,0.15,0.12,540,1210,0.9,0.7,0.7,Std Wood 6inch,OpenStudio-Prototype-Buildings,,,Std Wood 6inch,OpenStudio-Prototype-BuildingsStd Wood 6inchInternalMassDef
ApartmentHighRise Exterior_Lgt_ALWAYS_ON,Unknown,,Default|WntrDsn|SmrDsn,41640,42004,Constant,1,,,,,,,,,,,,,,,,,,,,,,,,From DOE Prototype Buildings,0.81,0.0041148,,,,COMNET-REV9,WholeBuilding,,,COMNET-REV9WholeBuildingBA TransportationVent,0.52,5.59,0,0.5,0,COMNET-REV9,NREL 956/Eley Analysis,DOEPrototype,COMNET-REV9NREL 956/Eley AnalysisDOEPrototypeBA TransportationElectricalEquipDef,NECB-H-Electric-Equipment,0.5,5.38,0.37,0.2,Washington State Energy Code Commercial TABLE C405.4.2,,Transportation,Washington State Energy Code Commercial TABLE C405.4.2TransportationLightingDef,NECB-H-Lighting,0.01,0.02,0.25,0,0.75,0.25,COMNET-REV9,California Commercial End-Use Survey (CEUS),93%ThermEffRadiant,COMNET-REV9California Commercial End-Use Survey (CEUS)93%ThermEffRadiantBA TransportationGasEquipDef,NECB-H-Electric-Equipment,0.049225,2.32E-05,PNNL-,NECB 2011,DOE_Prototype,Transportation_WholeBuilding,PNNL-NECB 2011BA TransportationInfil,Always On,Transportation,WholeBuilding,,2,,MediumSmooth,0.15,0.12,540,1210,0.9,0.7,0.7,Std Wood 6inch,OpenStudio-Prototype-Buildings,,,Std Wood 6inch,OpenStudio-Prototype-BuildingsStd Wood 6inchInternalMassDef
ApartmentHighRise Exterior_Ltg_Sch,Unknown,,Default|WntrDsn|SmrDsn,41640,42004,Hourly,1,1,1,1,1,1,1,0,0,0,0,0,0,0,0,0,0,0,0,1,1,1,1,1,From DOE Prototype Buildings,0.06,0.0003048,,,,COMNET-REV9,WholeBuilding,,,COMNET-REV9WholeBuildingBA WarehouseVent,0.3,3.25,0,0.5,0,COMNET-REV9,NREL 956/Eley Analysis,DOEPrototype,COMNET-REV9NREL 956/Eley AnalysisDOEPrototypeBA WarehouseElectricalEquipDef,NECB-A-Electric-Equipment,0.4,4.31,0.37,0.2,Washington State Energy Code Commercial TABLE C405.4.2,,Warehouse,Washington State Energy Code Commercial TABLE C405.4.2WarehouseLightingDef,NECB-A-Lighting,0,0,0,0,0.75,0.25,COMNET-REV9,California Commercial End-Use Survey (CEUS),93%ThermEffRadiant,COMNET-REV9California Commercial End-Use Survey (CEUS)93%ThermEffRadiantBA WarehouseGasEquipDef,NECB-A-Electric-Equipment,0.049225,2.32E-05,PNNL-,NECB 2011,DOE_Prototype,Warehouse_WholeBuilding,PNNL-NECB 2011BA WarehouseInfil,Always On,Warehouse,WholeBuilding,,2,,MediumSmooth,0.15,0.12,540,1210,0.9,0.7,0.7,Std Wood 6inch,OpenStudio-Prototype-Buildings,,,Std Wood 6inch,OpenStudio-Prototype-BuildingsStd Wood 6inchInternalMassDef
ApartmentHighRise HTGSETP_APT_SCH,Thermostat Setpoint,C,Default|WntrDsn|SmrDsn,41640,42004,Constant,0,,,,,,,,,,,,,,,,,,,,,,,,From DOE Prototype Buildings,0.25,0.00127,,,,COMNET-REV9,WholeBuilding,,,COMNET-REV9WholeBuildingBA WorkshopVent,0.43,4.61,0,0.5,0,COMNET-REV9,NREL 956/Eley Analysis,DOEPrototype,COMNET-REV9NREL 956/Eley AnalysisDOEPrototypeBA WorkshopElectricalEquipDef,NECB-A-Electric-Equipment,0.91,9.8,0.37,0.2,Washington State Energy Code Commercial TABLE C405.4.2,,Workshop,Washington State Energy Code Commercial TABLE C405.4.2WorkshopLightingDef,NECB-A-Lighting,0.22,0.75,8.11,0,0.75,0.25,COMNET-REV9,California Commercial End-Use Survey (CEUS),93%ThermEffRadiant,COMNET-REV9California Commercial End-Use Survey (CEUS)93%ThermEffRadiantBA WorkshopGasEquipDef,NECB-A-Electric-Equipment,0.049225,2.32E-05,PNNL-,NECB 2011,DOE_Prototype,Workshop_WholeBuilding,PNNL-NECB 2011BA WorkshopInfil,Always On,Workshop,WholeBuilding,,2,,MediumSmooth,0.15,0.12,540,1210,0.9,0.7,0.7,Std Wood 6inch,OpenStudio-Prototype-Buildings,,,Std Wood 6inch,OpenStudio-Prototype-BuildingsStd Wood 6inchInternalMassDef
ApartmentHighRise HTGSETP_DESIGN_OFF_SCH,Thermostat Setpoint,C,Default|WntrDsn|SmrDsn,41640,42004,Constant,0,,,,,,,,,,,,,,,,,,,,,,,,From DOE Prototype Buildings,0.06,0.0003048,,,,Washington State Mechanical Code TABLE 403.3.1.1,Education_Auditoriums,,,Washington State Mechanical Code TABLE 403.3.1.1Education_AuditoriumsVent,0.75,8.05,0,0.5,0,COMNET-REV9,NREL 956/Eley Analysis,DOEPrototype,COMNET-REV9NREL 956/Eley AnalysisDOEPrototypeCS Audience Seating Area - AuditoriumElectricalEquipDef,SchoolSecondary BLDG_EQUIP_SCH,0.61,6.57,0.37,0.2,Washington State Energy Code Commercial TABLE C405.4.2,,Audience/seating area - Permanent - In an auditorium,Washington State Energy Code Commercial TABLE C405.4.2Audience/seating area - Permanent - In an auditoriumLightingDef,SchoolSecondary BLDG_LIGHT_SCH,,,,,,,,,,,,0.0446,2.10E-05,PNNL-,90.1-2013,DOE_Prototype,SecondarySchool_Auditorium,PNNL-90.1-2013DOE_PrototypeSecondarySchool_AuditoriumInfil,SchoolSecondary INFIL_SCH_PNNL,SecondarySchool,Auditorium,,2.11,,MediumRough,0.0332,0.966,219,859,0.9,0.65,0.65,Mixed_AudienceSeating_Auditorium_33mm,CalculatedEstimate,FoldingUpholsteredSeatsWithSteelPedestals,,Mixed_AudienceSeating_Auditorium_33mm,CalculatedEstimateFoldingUpholsteredSeatsWithSteelPedestalsMixed_AudienceSeating_Auditorium_33mmInternalMassDef
ApartmentHighRise HTGSETP_OFF_SCH_No_Optimum,Thermostat Setpoint,C,Default,41640,42004,Constant,15.6,,,,,,,,,,,,,,,,,,,,,,,,From DOE Prototype Buildings,0.06,0.0003048,,,,Washington State Mechanical Code TABLE 403.3.1.1,Education_Auditoriums,,,Washington State Mechanical Code TABLE 403.3.1.1Education_AuditoriumsVent,0.75,8.05,0,0.5,0,COMNET-REV9,NREL 956/Eley Analysis,DOEPrototype,COMNET-REV9NREL 956/Eley AnalysisDOEPrototypeCS Audience Seating Area - Convention CenterElectricalEquipDef,NECB-C-Electric-Equipment,0.23,2.48,0.37,0.2,Washington State Energy Code Commercial TABLE C405.4.2,,Audience/seating area - Permanent - Otherwise,Washington State Energy Code Commercial TABLE C405.4.2Audience/seating area - Permanent - OtherwiseLightingDef,NECB-C-Lighting,,,,,,,,,,,,0.049225,2.32E-05,PNNL-,NECB 2011,DOE_Prototype,Space Function_Convention centre - audience,PNNL-NECB 2011DOE_PrototypeSpace Function_Convention centre - audienceInfil,Always On,Space Function,Convention centre - audience,,1.05,,MediumRough,0.0084,3.73,636,562,0.9,0.7,0.7,Mixed_AudienceSeating_ConventionCenter_8mm,CalculatedEstimate,PortableStackingConferenceChairs,,Mixed_AudienceSeating_ConventionCenter_8mm,CalculatedEstimatePortableStackingConferenceChairsMixed_AudienceSeating_ConventionCenter_8mmInternalMassDef
ApartmentHighRise HTGSETP_OFF_SCH_No_Optimum,Thermostat Setpoint,C,WntrDsn|SmrDsn,41640,42004,Hourly,15.6,15.6,15.6,15.6,15.6,15.6,15.6,18.3,21.1,21.1,21.1,21.1,21.1,21.1,21.1,21.1,21.1,18.3,15.6,15.6,15.6,15.6,15.6,15.6,From DOE Prototype Buildings,0.06,0.0003048,,,,Washington State Mechanical Code TABLE 403.3.1.1,Sports and amusement_Spectator areas,,,Washington State Mechanical Code TABLE 403.3.1.1Sports and amusement_Spectator areasVent,0.67,7.26,0,0.5,0,COMNET-REV9,NREL 956/Eley Analysis,DOEPrototype,COMNET-REV9NREL 956/Eley AnalysisDOEPrototypeCS Audience Seating Area - Exercise CenterElectricalEquipDef,NECB-B-Electric-Equipment,0.23,2.48,0.37,0.2,Washington State Energy Code Commercial TABLE C405.4.2,,Audience/seating area - Permanent - Otherwise,Washington State Energy Code Commercial TABLE C405.4.2Audience/seating area - Permanent - OtherwiseLightingDef,NECB-B-Lighting,,,,,,,,,,,,0.049225,2.32E-05,PNNL-,NECB 2011,DOE_Prototype,Space Function_Gym - audience,PNNL-NECB 2011DOE_PrototypeSpace Function_Gym - audienceInfil,Always On,Space Function,Gym - audience,,1.03,,Smooth,0.01,50,332,863,0.9,0.65,0.65,Mixed_AudienceSeating_ExCtr_10mm,CalculatedEstimate,RetractableAluminumBleacherSystem,,Mixed_AudienceSeating_ExCtr_10mm,CalculatedEstimateRetractableAluminumBleacherSystemMixed_AudienceSeating_ExCtr_10mmInternalMassDef
ApartmentHighRise HTGSETP_OFF_SCH_Yes_Optimum,Thermostat Setpoint,C,Default,41640,42004,Constant,15.6,,,,,,,,,,,,,,,,,,,,,,,,From DOE Prototype Buildings,0.06,0.0003048,,,,Washington State Mechanical Code TABLE 403.3.1.1,Sports and amusement_Spectator areas,,,Washington State Mechanical Code TABLE 403.3.1.1Sports and amusement_Spectator areasVent,0.67,7.26,0,0.5,0,COMNET-REV9,NREL 956/Eley Analysis,DOEPrototype,COMNET-REV9NREL 956/Eley AnalysisDOEPrototypeCS Audience Seating Area - GymnasiumElectricalEquipDef,NECB-B-Electric-Equipment,0.23,2.48,0.37,0.2,Washington State Energy Code Commercial TABLE C405.4.2,,Audience/seating area - Permanent - In a gymnasium,Washington State Energy Code Commercial TABLE C405.4.2Audience/seating area - Permanent - In a gymnasiumLightingDef,NECB-B-Lighting,,,,,,,,,,,,0.0446,2.10E-05,PNNL-,90.1-2013,DOE_Prototype,SecondarySchool_Gym,PNNL-90.1-2013DOE_PrototypeSecondarySchool_GymInfil,SchoolSecondary INFIL_SCH_PNNL,SecondarySchool,Gym,,0.71,,Smooth,0.01,50,382,851,0.9,0.65,0.65,Mixed_AudienceSeating_Gymnasium_10mm,CalculatedEstimate,TelescopingAluminumBleacherSystem,,Mixed_AudienceSeating_Gymnasium_10mm,CalculatedEstimateTelescopingAluminumBleacherSystemMixed_AudienceSeating_Gymnasium_10mmInternalMassDef
ApartmentHighRise HTGSETP_OFF_SCH_Yes_Optimum,Thermostat Setpoint,C,WntrDsn|SmrDsn,41640,42004,Hourly,15.6,15.6,15.6,15.6,15.6,15.6,15.6,18.3,21.1,21.1,21.1,21.1,21.1,21.1,21.1,21.1,21.1,18.3,15.6,15.6,15.6,15.6,15.6,15.6,From DOE Prototype Buildings,0.06,0.0003048,,,,Washington State Mechanical Code TABLE 403.3.1.1,Education_Auditoriums,,,Washington State Mechanical Code TABLE 403.3.1.1Education_AuditoriumsVent,0.74,8.02,0,0.5,0,COMNET-REV9,NREL 956/Eley Analysis,DOEPrototype,COMNET-REV9NREL 956/Eley AnalysisDOEPrototypeCS Audience Seating Area - Motion Picture TheaterElectricalEquipDef,NECB-C-Electric-Equipment,0.27,2.91,0.37,0.2,Washington State Energy Code Commercial TABLE C405.4.2,,Audience/seating area - Permanent - In a motion picture theater,Washington State Energy Code Commercial TABLE C405.4.2Audience/seating area - Permanent - In a motion picture theaterLightingDef,NECB-C-Lighting,,,,,,,,,,,,0.049225,2.32E-05,PNNL-,NECB 2011,DOE_Prototype,Space Function_Audience - motion picture,PNNL-NECB 2011DOE_PrototypeSpace Function_Audience - motion pictureInfil,Always On,Space Function,Audience - motion picture,,1.81,,MediumRough,0.0341,0.891,210,876,0.9,0.65,0.65,Mixed_AudienceSeating_MotionPictureTheater_34mm,CalculatedEstimate,FixedCinemaSeatsWithCupHolders,,Mixed_AudienceSeating_MotionPictureTheater_34mm,CalculatedEstimateFixedCinemaSeatsWithCupHoldersMixed_AudienceSeating_MotionPictureTheater_34mmInternalMassDef
ApartmentHighRise HTGSETP_OFF_SCH_Yes_Optimum_Original,Thermostat Setpoint,C,Default,41640,42004,Constant,15.6,,,,,,,,,,,,,,,,,,,,,,,,From DOE Prototype Buildings,0.06,0.0003048,,,,Washington State Mechanical Code TABLE 403.3.1.1,Correctional facilities_Booking_waiting,,,Washington State Mechanical Code TABLE 403.3.1.1Correctional facilities_Booking_waitingVent,0.75,8.05,0,0.5,0,COMNET-REV9,NREL 956/Eley Analysis,DOEPrototype,COMNET-REV9NREL 956/Eley AnalysisDOEPrototypeCS Audience Seating Area - PenitentiaryElectricalEquipDef,NECB-C-Electric-Equipment,0.67,7.21,0.37,0.2,Washington State Energy Code Commercial TABLE C405.4.2,,Audience/seating area - Permanent - In a penitentiary,Washington State Energy Code Commercial TABLE C405.4.2Audience/seating area - Permanent - In a penitentiaryLightingDef,NECB-C-Lighting,,,,,,,,,,,,0.049225,2.32E-05,PNNL-,NECB 2011,DOE_Prototype,Space Function_Penitentiary - audience,PNNL-NECB 2011DOE_PrototypeSpace Function_Penitentiary - audienceInfil,Always On,Space Function,Penitentiary - audience,,1.17,,MediumSmooth,0.0013,50,7800,460,0.9,0.7,0.7,Steel_AudienceSeating_Penitentiary_1mm,CalculatedEstimate,FixedAllMetalSecuritySeating,,Steel_AudienceSeating_Penitentiary_1mm,CalculatedEstimateFixedAllMetalSecuritySeatingSteel_AudienceSeating_Penitentiary_1mmInternalMassDef
ApartmentHighRise HTGSETP_OFF_SCH_Yes_Optimum_Original,Thermostat Setpoint,C,WntrDsn|SmrDsn,41640,42004,Hourly,15.6,15.6,15.6,15.6,15.6,15.6,15.6,18.3,21.1,21.1,21.1,21.1,21.1,21.1,21.1,21.1,21.1,18.3,15.6,15.6,15.6,15.6,15.6,15.6,From DOE Prototype Buildings,0.06,0.0003048,,,,Washington State Mechanical Code TABLE 403.3.1.1,Education_Auditoriums,,,Washington State Mechanical Code TABLE 403.3.1.1Education_AuditoriumsVent,0.74,8.02,0,0.5,0,COMNET-REV9,NREL 956/Eley Analysis,DOEPrototype,COMNET-REV9NREL 956/Eley AnalysisDOEPrototypeCS Audience Seating Area - Performing Arts TheaterElectricalEquipDef,NECB-C-Electric-Equipment,1.16,12.49,0.37,0.2,Washington State Energy Code Commercial TABLE C405.4.2,,Audience/seating area - Permanent - In a performing arts theater,Washington State Energy Code Commercial TABLE C405.4.2Audience/seating area - Permanent - In a performing arts theaterLightingDef,NECB-C-Lighting,,,,,,,,,,,,0.0446,2.10E-05,PNNL-,90.1-2013,DOE_Prototype,SecondarySchool_Auditorium,PNNL-90.1-2013DOE_PrototypeSecondarySchool_AuditoriumInfil,SchoolSecondary INFIL_SCH_PNNL,SecondarySchool,Auditorium,,2.06,,MediumRough,0.0379,0.863,200,879,0.9,0.65,0.65,Mixed_AudienceSeating_PerformingArtsTheater_38mm,CalculatedEstimate,FixedUpholsteredSeatsWithAisleRails,,Mixed_AudienceSeating_PerformingArtsTheater_38mm,CalculatedEstimateFixedUpholsteredSeatsWithAisleRailsMixed_AudienceSeating_PerformingArtsTheater_38mmInternalMassDef
ApartmentHighRise INF_APT_SCH,Unknown,,Default|WntrDsn|SmrDsn,41640,42004,Constant,1,,,,,,,,,,,,,,,,,,,,,,,,From DOE Prototype Buildings,0.06,0.0003048,,,,Washington State Mechanical Code TABLE 403.3.1.1,Education_Auditoriums,,,Washington State Mechanical Code TABLE 403.3.1.1Education_AuditoriumsVent,0.73,7.89,0,0.5,0,COMNET-REV9,NREL 956/Eley Analysis,DOEPrototype,COMNET-REV9NREL 956/Eley AnalysisDOEPrototypeCS Audience Seating Area - Religious BuildingElectricalEquipDef,NECB-I-Electric-Equipment,0.72,7.75,0.37,0.2,Washington State Energy Code Commercial TABLE C405.4.2,,Audience/seating area - Permanent - In a religious building,Washington State Energy Code Commercial TABLE C405.4.2Audience/seating area - Permanent - In a religious buildingLightingDef,NECB-I-Lighting,,,,,,,,,,,,0.049225,2.32E-05,PNNL-,NECB 2011,DOE_Prototype,Space Function_Religious - audience,PNNL-NECB 2011DOE_PrototypeSpace Function_Religious - audienceInfil,Always On,Space Function,Religious - audience,,1.17,,MediumRough,0.0182,1.185,255,785,0.9,0.7,0.7,Mixed_AudienceSeating_ReligiousBuilding_18mm,CalculatedEstimate,PaddedStackableGangedChairs,,Mixed_AudienceSeating_ReligiousBuilding_18mm,CalculatedEstimatePaddedStackableGangedChairsMixed_AudienceSeating_ReligiousBuilding_18mmInternalMassDef
ApartmentHighRise INF_COR_SCH,Unknown,,Default|WntrDsn|SmrDsn,41640,42004,Constant,1,,,,,,,,,,,,,,,,,,,,,,,,From DOE Prototype Buildings,0.06,0.0003048,,,,Washington State Mechanical Code TABLE 403.3.1.1,Sports and amusement_Spectator areas,,,Washington State Mechanical Code TABLE 403.3.1.1Sports and amusement_Spectator areasVent,0.74,8.02,0,0.5,0,COMNET-REV9,NREL 956/Eley Analysis,DOEPrototype,COMNET-REV9NREL 956/Eley AnalysisDOEPrototypeCS Audience Seating Area - Sports ArenaElectricalEquipDef,NECB-B-Electric-Equipment,0.33,3.55,0.37,0.2,Washington State Energy Code Commercial TABLE C405.4.2,,Audience/seating area - Permanent - In a sports arena,Washington State Energy Code Commercial TABLE C405.4.2Audience/seating area - Permanent - In a sports arenaLightingDef,NECB-B-Lighting,,,,,,,,,,,,0.049225,2.32E-05,PNNL-,NECB 2011,DOE_Prototype,Space Function_Sports arena - audience,PNNL-NECB 2011DOE_PrototypeSpace Function_Sports arena - audienceInfil,Always On,Space Function,Sports arena - audience,,1.75,,MediumSmooth,0.01,2.66,440,1401,0.9,0.65,0.65,Mixed_AudienceSeating_SportsArena_10mm,CalculatedEstimate,FoldDownPolypropyleneStadiumSeats,,Mixed_AudienceSeating_SportsArena_10mm,CalculatedEstimateFoldDownPolypropyleneStadiumSeatsMixed_AudienceSeating_SportsArena_10mmInternalMassDef
ApartmentHighRise INF_OFF_SCH,Unknown,,Default|WntrDsn|SmrDsn,41640,42004,Constant,1,,,,,,,,,,,,,,,,,,,,,,,,From DOE Prototype Buildings,0.06,0.0003048,,,,Washington State Mechanical Code TABLE 403.3.1.1,Transportation_Transportation waiting,,,Washington State Mechanical Code TABLE 403.3.1.1Transportation_Transportation waitingVent,0.75,8.05,0,0.5,0,COMNET-REV9,NREL 956/Eley Analysis,DOEPrototype,COMNET-REV9NREL 956/Eley AnalysisDOEPrototypeCS Audience Seating Area - Transportation FacilityElectricalEquipDef,NECB-H-Electric-Equipment,0.23,2.48,0.37,0.2,Washington State Energy Code Commercial TABLE C405.4.2,,Audience/seating area - Permanent - Otherwise,Washington State Energy Code Commercial TABLE C405.4.2Audience/seating area - Permanent - OtherwiseLightingDef,NECB-H-Lighting,,,,,,,,,,,,0.049225,2.32E-05,PNNL-,NECB 2012,DOE_Prototype,Space Function_Transp. seating,PNNL-NECB 2012DOE_PrototypeSpace Function_Transp. seatingInfil,Always On,Space Function,Transp. seating,,0.66,,MediumRough,0.01,3.06,638,658,0.9,0.6,0.6,Mixed_AudienceSeating_Transportation_10mm,CalculatedEstimate,GangedModularWaitingSeats,,Mixed_AudienceSeating_Transportation_10mm,CalculatedEstimateGangedModularWaitingSeatsMixed_AudienceSeating_Transportation_10mmInternalMassDef
ApartmentHighRise INFIL_Door_Opening_SCH,Infiltration,,Default|WntrDsn|SmrDsn,41640,42004,Hourly,0,0,0,0,0,0,0.144,1,0.144,0.144,0.144,0.144,0.144,0.144,0.144,0.144,0.144,1,0.144,0.144,0.144,0.144,0,0,From DOE Prototype Buildings,0.06,0.0003048,,,,Washington State Mechanical Code TABLE 403.3.1.1,Education_Multiuse assembly,,,Washington State Mechanical Code TABLE 403.3.1.1Education_Multiuse assemblyVent,0.75,8.05,0,0.5,0,COMNET-REV9,NREL 956/Eley Analysis,DOEPrototype,COMNET-REV9NREL 956/Eley AnalysisDOEPrototypeCS Audience Seating Area - OtherElectricalEquipDef,NECB-C-Electric-Equipment,0.23,2.48,0.37,0.2,Washington State Energy Code Commercial TABLE C405.4.2,,Audience/seating area - Permanent - Otherwise,Washington State Energy Code Commercial TABLE C405.4.2Audience/seating area - Permanent - OtherwiseLightingDef,NECB-C-Lighting,,,,,,,,,,,,0.049225,2.32E-05,PNNL-,NECB 2013,DOE_Prototype,Space Function_Audience - auditorium,PNNL-NECB 2013DOE_PrototypeSpace Function_Audience - auditoriumInfil,Always On,Space Function,Audience - auditorium,,1.13,,MediumRough,0.0079,1.86,364,691,0.9,0.65,0.65,Mixed_AudienceSeating_Other_8mm,CalculatedEstimate,PortablePaddedFoldingChairs,,Mixed_AudienceSeating_Other_8mm,CalculatedEstimatePortablePaddedFoldingChairsMixed_AudienceSeating_Other_8mmInternalMassDef
ApartmentHighRise LTG_APT_SCH,Unknown,,Default|WntrDsn|SmrDsn,41640,42004,Hourly,0.02,0.02,0.02,0.02,0.06,0.13,0.14,0.13,0.06,0.04,0.04,0.04,0.04,0.04,0.04,0.07,0.14,0.2,0.27,0.32,0.32,0.22,0.12,0.05,From DOE Prototype Buildings,0.06,0.0003048,,,,Washington State Mechanical Code TABLE 403.3.1.1,Public spaces_Corridors other than Group R,,,Washington State Mechanical Code TABLE 403.3.1.1Public spaces_Corridors other than Group RVent,,,,,,,,,,,0.48,5.17,0.37,0.2,Washington State Energy Code Commercial TABLE C405.4.2,,Atrium - 20 to 40 feet in height,Washington State Energy Code Commercial TABLE C405.4.2Atrium - 20 to 40 feet in heightLightingDef,NECB-C-Lighting,,,,,,,,,,,,0.049225,2.32E-05,PNNL-,NECB 2014,DOE_Prototype,Space Function_Atrium - H < 13m,PNNL-NECB 2014DOE_PrototypeSpace Function_Atrium - H < 13mInfil,Always On,Space Function,Atrium - H < 13m,,0.31,,MediumRough,0.085,2.56,904,1122,0.9,0.7,0.7,Mixed_Atrium_LTE40ft_85mm,CalculatedEstimate,LightWoodTrussesOrSmallSteelBeams,,Mixed_Atrium_LTE40ft_85mm,CalculatedEstimateLightWoodTrussesOrSmallSteelBeamsMixed_Atrium_LTE40ft_85mmInternalMassDef
ApartmentHighRise LTG_COR_SCH,Unknown,,Default|WntrDsn|SmrDsn,41640,42004,Constant,1,,,,,,,,,,,,,,,,,,,,,,,,From DOE Prototype Buildings,0.06,0.0003048,,,,Washington State Mechanical Code TABLE 403.3.1.1,Public spaces_Corridors other than Group R,,,Washington State Mechanical Code TABLE 403.3.1.1Public spaces_Corridors other than Group RVent,,,,,,,,,,,0.6,6.46,0.37,0.2,Washington State Energy Code Commercial TABLE C405.4.2,,Atrium - Above 40 feet in height,Washington State Energy Code Commercial TABLE C405.4.2Atrium - Above 40 feet in heightLightingDef,NECB-C-Lighting,,,,,,,,,,,,0.049225,2.32E-05,PNNL-,NECB 2015,DOE_Prototype,Space Function_Atrium - H > 13m,PNNL-NECB 2015DOE_PrototypeSpace Function_Atrium - H > 13mInfil,Always On,Space Function,Atrium - H > 13m,,0.36,,MediumRough,0.1294,3.01,886,1270,0.9,0.7,0.7,Mixed_Atrium_GT40ft_129mm,CalculatedEstimate,HeavyGlulamBeamsOrSteelMembers,,Mixed_Atrium_GT40ft_129mm,CalculatedEstimateHeavyGlulamBeamsOrSteelMembersMixed_Atrium_GT40ft_129mmInternalMassDef
ApartmentHighRise LTG_OFF_SCH,Unknown,,Default,41640,42004,Constant,0.18,,,,,,,,,,,,,,,,,,,,,,,,From DOE Prototype Buildings,0.06,0.0003048,,,,Washington State Mechanical Code TABLE 403.3.1.1,Public spaces_Museums/galleries ,,,Washington State Mechanical Code TABLE 403.3.1.1Public spaces_Museums/galleries Vent,1.72,18.51,0,0.5,0,COMNET-REV9,NREL 956/Eley Analysis,DOEPrototype,COMNET-REV9NREL 956/Eley AnalysisDOEPrototypeCS Banking Activity AreaElectricalEquipDef,NECB-A-Electric-Equipment,0.61,6.57,0.37,0.2,Washington State Energy Code Commercial TABLE C405.4.2,,Banking activity area,Washington State Energy Code Commercial TABLE C405.4.2Banking activity areaLightingDef,NECB-A-Lighting,,,,,,,,,,,,0.049225,2.32E-05,PNNL-,NECB 2016,DOE_Prototype,Space Function_Bank - banking and offices,PNNL-NECB 2016DOE_PrototypeSpace Function_Bank - banking and officesInfil,Always On,Space Function,Bank - banking and offices,,0.69,,MediumRough,0.0151,5.243,1547,811,0.9,0.7,0.7,Mixed_Banking_ActivityArea_15mm,CalculatedEstimate,TellerCountersAndSecurityTransactionWindows,,Mixed_Banking_ActivityArea_15mm,CalculatedEstimateTellerCountersAndSecurityTransactionWindowsMixed_Banking_ActivityArea_15mmInternalMassDef
ApartmentHighRise LTG_OFF_SCH,Unknown,,SmrDsn,41640,42004,Constant,1,,,,,,,,,,,,,,,,,,,,,,,,From DOE Prototype Buildings,0.06,0.0003048,,,,Washington State Mechanical Code TABLE 403.3.1.1,Education_Lecture classroom ,,,Washington State Mechanical Code TABLE 403.3.1.1Education_Lecture classroom Vent,0.59,6.34,0,0.5,0,COMNET-REV9,NREL 956/Eley Analysis,DOEPrototype,COMNET-REV9NREL 956/Eley AnalysisDOEPrototypeCS Classroom/Lecture/Training - PenitentiaryElectricalEquipDef,NECB-D-Electric-Equipment,0.89,9.58,0.37,0.2,Washington State Energy Code Commercial TABLE C405.4.2,,Classroom/lecture hall/training room - In a penitentiary,Washington State Energy Code Commercial TABLE C405.4.2Classroom/lecture hall/training room - In a penitentiaryLightingDef,NECB-D-Lighting,,,,,,,,,,,,0.049225,2.32E-05,PNNL-,NECB 2011,DOE_Prototype,Space Function_Classroom/lecture/training,PNNL-NECB 2011DOE_PrototypeSpace Function_Classroom/lecture/trainingInfil,Always On,Space Function,Classroom/lecture/training,,0.85,,MediumSmooth,0.0043,9.44,1923,895,0.9,0.55,0.5,Mixed_Classroom_Penitentiary_4mm,CalculatedEstimate,LaminateDeskSteelChairInstitutional,,Mixed_Classroom_Penitentiary_4mm,CalculatedEstimateLaminateDeskSteelChairInstitutionalMixed_Classroom_Penitentiary_4mmInternalMassDef
ApartmentHighRise LTG_OFF_SCH,Unknown,,Wkdy,41640,42004,Hourly,0.18,0.18,0.18,0.18,0.18,0.18,0.18,0.18,0.9,0.9,0.9,0.9,0.8,0.9,0.9,0.9,0.9,0.18,0.18,0.18,0.18,0.18,0.18,0.18,From DOE Prototype Buildings,0.06,0.0003048,,,,Washington State Mechanical Code TABLE 403.3.1.1,Education_Lecture classroom ,,,Washington State Mechanical Code TABLE 403.3.1.1Education_Lecture classroom Vent,0.59,6.34,0,0.5,0,COMNET-REV9,NREL 956/Eley Analysis,DOEPrototype,COMNET-REV9NREL 956/Eley AnalysisDOEPrototypeCS Classroom/Lecture/Training - K-12 - laboratory and shopsElectricalEquipDef,SchoolSecondary BLDG_EQUIP_SCH,1.11,11.95,0.37,0.2,Washington State Energy Code Commercial TABLE C405.4.2,,Laboratory - In or as a classrooms,Washington State Energy Code Commercial TABLE C405.4.2Laboratory - In or as a classroomsLightingDef,SchoolSecondary BLDG_LIGHT_GYM_SCH,,,,,,,,,,,,0.0446,2.10E-05,PNNL-,90.1-2013,DOE_Prototype,SecondarySchool_Classroom,PNNL-90.1-2013DOE_PrototypeSecondarySchool_ClassroomInfil,Always On,SecondarySchool,Classroom,,2.35,,MediumRough,0.00428,14,2572,659,0.9,0.7,0.7,Mixed_ClassroomK12_LabShop_4mm,CalculatedEstimate,SteelBenchesCaseworkAndShopMachines,,Mixed_ClassroomK12_LabShop_4mm,CalculatedEstimateSteelBenchesCaseworkAndShopMachinesMixed_ClassroomK12_LabShop_4mmInternalMassDef
ApartmentHighRise LTG_OFF_SCH,Unknown,,WntrDsn,41640,42004,Constant,0,,,,,,,,,,,,,,,,,,,,,,,,From DOE Prototype Buildings,0.06,0.0003048,,,,Washington State Mechanical Code TABLE 403.3.1.1,Education_Lecture classroom ,,,Washington State Mechanical Code TABLE 403.3.1.1Education_Lecture classroom Vent,0.59,6.34,0,0.5,0,COMNET-REV9,NREL 956/Eley Analysis,DOEPrototype,COMNET-REV9NREL 956/Eley AnalysisDOEPrototypeCS Classroom/Lecture/Training - OtherElectricalEquipDef,NECB-D-Electric-Equipment,0.71,7.64,0.37,0.2,Washington State Energy Code Commercial TABLE C405.4.2,,Classroom/lecture hall/training room - Otherwise,Washington State Energy Code Commercial TABLE C405.4.2Classroom/lecture hall/training room - OtherwiseLightingDef,NECB-D-Lighting,,,,,,,,,,,,0.049225,2.32E-05,PNNL-,NECB 2011,DOE_Prototype,Space Function_Classroom/lecture/training,PNNL-NECB 2011DOE_PrototypeSpace Function_Classroom/lecture/trainingInfil,Always On,Space Function,Classroom/lecture/training,,1.3,,MediumRough,0.0078,2.85,894,936,0.9,0.6,0.6,Mixed_ClassroomTraining_Other_8mm,CalculatedEstimate,MovableLaminateTablesAndStackingChairs,,Mixed_ClassroomTraining_Other_8mm,CalculatedEstimateMovableLaminateTablesAndStackingChairsMixed_ClassroomTraining_Other_8mmInternalMassDef
ApartmentHighRise N CLGSETP_APT_SCH,Thermostat Setpoint,C,Default|WntrDsn|SmrDsn,41640,42004,Constant,0,,,,,,,,,,,,,,,,,,,,,,,,From DOE Prototype Buildings,0.06,0.0003048,,,,Washington State Mechanical Code TABLE 403.3.1.1,Office_Conference rooms,,,Washington State Mechanical Code TABLE 403.3.1.1Office_Conference roomsVent,0.73,7.89,0,0.5,0,COMNET-REV9,NREL 956/Eley Analysis,DOEPrototype,COMNET-REV9NREL 956/Eley AnalysisDOEPrototypeCS Conference/Meeting/MultipurposeElectricalEquipDef,OfficeMedium BLDG_EQUIP_SCH,0.97,10.44,0.37,0.2,Washington State Energy Code Commercial TABLE C405.4.2,,Conference/meeting/multipurpose,Washington State Energy Code Commercial TABLE C405.4.2Conference/meeting/multipurposeLightingDef,OfficeMedium BLDG_LIGHT_SCH_2013,,,,,,,,,,,,0.049225,2.32E-05,PNNL-,NECB 2011,DOE_Prototype,Space Function_Conf./meet./multi-purpose,PNNL-NECB 2011DOE_PrototypeSpace Function_Conf./meet./multi-purposeInfil,Always On,Space Function,Conf./meet./multi-purpose,,0.61,,MediumRough,0.0059,42.8,1804,1243,0.9,0.7,0.65,Conference_Meeting_Multipurpose_Material,CalculatedEstimate,ConferenceTablesChairsAndCredenza,,Conference_Meeting_Multipurpose_Material,CalculatedEstimateConferenceTablesChairsAndCredenzaConference_Meeting_Multipurpose_MaterialInternalMassDef
ApartmentHighRise N HTGSETP_APT_SCH,Thermostat Setpoint,C,Default|WntrDsn|SmrDsn,41640,42004,Constant,0,,,,,,,,,,,,,,,,,,,,,,,,From DOE Prototype Buildings,0.12,0.0006096,,,,Washington State Mechanical Code TABLE 403.3.1.1,Correctional facilities_Cells With plumbing fixtures,,,Washington State Mechanical Code TABLE 403.3.1.1Correctional facilities_Cells With plumbing fixturesVent,1.49,16.07,0,0.5,0,COMNET-REV9,NREL 956/Eley Analysis,DOEPrototype,COMNET-REV9NREL 956/Eley AnalysisDOEPrototypeCS Confinment CellsElectricalEquipDef,NECB-H-Electric-Equipment,0.7,7.53,0.37,0.2,Washington State Energy Code Commercial TABLE C405.4.2,,Confinement cell,Washington State Energy Code Commercial TABLE C405.4.2Confinement cellLightingDef,NECB-H-Lighting,,,,,,,,,,,,0.0446,2.10E-05,PNNL-,90.1-2013,DOE_Prototype,Office_Conference,PNNL-90.1-2013DOE_PrototypeOffice_ConferenceInfil,OfficeMedium INFIL_SCH_PNNL,Office,Conference,,0.73,,Smooth,0.0043,33.8,7746,492,0.9,0.7,0.7,Steel_Security_Fixtures_4mm,CalculatedEstimate,FixedSteelBedDeskAndToiletFixtures,,Steel_Security_Fixtures_4mm,CalculatedEstimateFixedSteelBedDeskAndToiletFixturesSteel_Security_Fixtures_4mmInternalMassDef
ApartmentHighRise OCC_APT_SCH,Occupancy,,Default|WntrDsn|SmrDsn,41640,42004,Hourly,1,1,1,1,1,1,1,0.85,0.39,0.25,0.25,0.25,0.25,0.25,0.25,0.25,0.3,0.52,0.87,0.87,0.87,1,1,1,From DOE Prototype Buildings,0.06,0.0003048,,,,Washington State Mechanical Code TABLE 403.3.1.1,Workrooms_Copy_printing rooms ,,,Washington State Mechanical Code TABLE 403.3.1.1Workrooms_Copy_printing rooms Vent,1.67,18,0,0.5,0,COMNET-REV9,BA Office,WholeBuilding,COMNET-REV9BA OfficeWholeBuildingCS Copy/Print RoomElectricalEquipDef,OfficeMedium BLDG_EQUIP_SCH,0.31,3.34,0.37,0.2,Washington State Energy Code Commercial TABLE C405.4.2,,Copy/print room,Washington State Energy Code Commercial TABLE C405.4.2Copy/print roomLightingDef,OfficeMedium BLDG_LIGHT_SCH_2013,,,,,,,,,,,,0.0446,2.10E-05,PNNL-,90.1-2013,DOE_Prototype,Office_PrintRoom,PNNL-90.1-2013DOE_PrototypeOffice_PrintRoomInfil,OfficeMedium INFIL_SCH_PNNL,Office,PrintRoom,,1.52,,MediumRough,0.0015,39.6,6545,629,0.9,0.7,0.65,Steel_Office_Equipment_2mm,CalculatedEstimate,CommercialCopierAndSteelStorageCabinets,,Steel_Office_Equipment_2mm,CalculatedEstimateCommercialCopierAndSteelStorageCabinetsSteel_Office_Equipment_2mmInternalMassDef
ApartmentHighRise OCC_OFF_SCH,Occupancy,,Default|WntrDsn|SmrDsn,41640,42004,Constant,0,,,,,,,,,,,,,,,,,,,,,,,,From DOE Prototype Buildings,0.06,0.0003048,,,,Washington State Mechanical Code TABLE 403.3.1.1,Public spaces_Corridors serving Group R ,,,Washington State Mechanical Code TABLE 403.3.1.1Public spaces_Corridors serving Group R Vent,1.4,15.12,0,0.5,0,COMNET-REV9,,DOEPrototype,COMNET-REV9DOEPrototypeCS Corridor - Assisted LivingElectricalEquipDef,OfficeMedium BLDG_EQUIP_SCH,0.71,7.64,0.37,0.2,Washington State Energy Code Commercial TABLE C405.4.2,,Corridor - In a facility for the visually impaired (and not used primarily by the staff),Washington State Energy Code Commercial TABLE C405.4.2Corridor - In a facility for the visually impaired (and not used primarily by the staff)LightingDef,OfficeMedium BLDG_LIGHT_SCH_2013,,,,,,,,,,,,0.0446,2.10E-05,PNNL-,90.1-2013,DOE_Prototype,MidriseApartment_Corridor,PNNL-90.1-2013DOE_PrototypeMidriseApartment_CorridorInfil,ApartmentMidRise INF_APT_SCH,MidriseApartment,Corridor,,0.19,,Smooth,0.0027,182.5,3009,894,0.9,0.7,0.7,Aluminum_Corridor_Fixtures_3mm,CalculatedEstimate,AluminumHandrailsAndWayfindingSignage,,Aluminum_Corridor_Fixtures_3mm,CalculatedEstimateAluminumHandrailsAndWayfindingSignageAluminum_Corridor_Fixtures_3mmInternalMassDef
ApartmentHighRise OCC_OFF_SCH,Occupancy,,Wkdy,41640,42004,Hourly,0,0,0,0,0,0,0,0,1,1,1,1,0.5,1,1,1,1,0,0,0,0,0,0,0,From DOE Prototype Buildings,0.06,0.0003048,,,,Washington State Mechanical Code TABLE 403.3.1.1,Public spaces_Corridors other than Group R,,,Washington State Mechanical Code TABLE 403.3.1.1Public spaces_Corridors other than Group RVent,1.25,13.44,0,0.5,0,COMNET-REV9,,DOEPrototype,COMNET-REV9DOEPrototypeCS Corridor - HospitalElectricalEquipDef,Hospital BLDG_EQUIP_SCH,0.71,7.64,0.37,0.2,Washington State Energy Code Commercial TABLE C405.4.2,,Corridor - In a hospital,Washington State Energy Code Commercial TABLE C405.4.2Corridor - In a hospitalLightingDef,Hospital BLDG_LIGHT_CORRIDOR_SCH,,,,,,,,,,,,0.0446,2.10E-05,PNNL-,90.1-2013,DOE_Prototype,Hospital_Corridor,PNNL-90.1-2013DOE_PrototypeHospital_CorridorInfil,Hospital INFIL_SCH_PNNL,Hospital,Corridor,,0.26,,Smooth,0.0025,64.8,6330,644,0.9,0.7,0.7,Stainless_Aluminum_Hospital_3mm,CalculatedEstimate,StainlessHandrailsAndMedicalSignage,,Stainless_Aluminum_Hospital_3mm,CalculatedEstimateStainlessHandrailsAndMedicalSignageStainless_Aluminum_Hospital_3mmInternalMassDef
ApartmentHighRise PLANT LOOP HIGH TEMP SCHEDULE,Unknown,C,Default|WntrDsn|SmrDsn,41640,42004,Constant,30,,,,,,,,,,,,,,,,,,,,,,,,From DOE Prototype Buildings,0.25,0.00127,,,,COMNET-REV9,,,,COMNET-REV9CS Corridor - ManufacturingVent,0.34,3.71,0,0.5,0,COMNET-REV9,,DOEPrototype,COMNET-REV9DOEPrototypeCS Corridor - ManufacturingElectricalEquipDef,NECB-A-Electric-Equipment,0.41,4.41,0.37,0.2,Washington State Energy Code Commercial TABLE C405.4.2,,Corridor - In a manufacturing facility,Washington State Energy Code Commercial TABLE C405.4.2Corridor - In a manufacturing facilityLightingDef,NECB-A-Lighting,,,,,,,,,,,,0.0446,2.10E-05,PNNL-,90.1-2013,DOE_Prototype,Office_Corridor,PNNL-90.1-2013DOE_PrototypeOffice_CorridorInfil,OfficeMedium INFIL_SCH_PNNL,Office,Corridor,,0.34,,MediumRough,0.0063,82,5095,711,0.9,0.7,0.7,Steel_Aluminum_Industrial_6mm,CalculatedEstimate,SteelHandrailsAndSafetyBollards,,Steel_Aluminum_Industrial_6mm,CalculatedEstimateSteelHandrailsAndSafetyBollardsSteel_Aluminum_Industrial_6mmInternalMassDef
ApartmentHighRise PLANT LOOP LOW TEMP SCHEDULE,Unknown,C,Default|WntrDsn|SmrDsn,41640,42004,Constant,20,,,,,,,,,,,,,,,,,,,,,,,,From DOE Prototype Buildings,0.06,0.0003048,,,,Washington State Mechanical Code TABLE 403.3.1.1,Public spaces_Corridors other than Group R,,,Washington State Mechanical Code TABLE 403.3.1.1Public spaces_Corridors other than Group RVent,0.3,3.23,0,0.5,0,COMNET-REV9,BA Warehouse,WholeBuilding,COMNET-REV9BA WarehouseWholeBuildingCS Corridor - OtherElectricalEquipDef,SchoolSecondary BLDG_EQUIP_SCH,0.41,4.41,0.37,0.2,Washington State Energy Code Commercial TABLE C405.4.2,,Corridor - Otherwise,Washington State Energy Code Commercial TABLE C405.4.2Corridor - OtherwiseLightingDef,SchoolSecondary BLDG_LIGHT_CORRIDOR_SCH,,,,,,,,,,,,0.0192416,9.08E-06,PNNL-,90.1-2013,DOE_Prototype,LargeHotel_Corridor,PNNL-90.1-2013DOE_PrototypeLargeHotel_CorridorInfil,HotelLarge INFIL_QUARTER_ON_SCH,LargeHotel,Corridor,,0.19,,Smooth,0.0027,186.9,2928,898,0.9,0.7,0.7,Aluminum_Commercial_Fixtures_3mm,CalculatedEstimate,AluminumHandrailsAndDirectionalSignage,,Aluminum_Commercial_Fixtures_3mm,CalculatedEstimateAluminumHandrailsAndDirectionalSignageAluminum_Commercial_Fixtures_3mmInternalMassDef
ApartmentHighRise PLANTCOOLINGONSCHED,Unknown,,Default|SmrDsn,41640,42004,Constant,1,,,,,,,,,,,,,,,,,,,,,,,,From DOE Prototype Buildings,0.06,0.0003048,,,,Washington State Mechanical Code TABLE 403.3.1.1,Public spaces_Courtrooms,,,Washington State Mechanical Code TABLE 403.3.1.1Public spaces_CourtroomsVent,1.49,16.07,0,0.5,0,COMNET-REV9,,DOEPrototype,COMNET-REV9DOEPrototypeCS CourtroomElectricalEquipDef,NECB-A-Electric-Equipment,1.2,12.92,0.37,0.2,Washington State Energy Code Commercial TABLE C405.4.2,,Courtroom,Washington State Energy Code Commercial TABLE C405.4.2CourtroomLightingDef,NECB-A-Lighting,,,,,,,,,,,,0.049225,2.32E-05,PNNL-,NECB 2011,DOE_Prototype,Space Function_Courthouse - courtroom,PNNL-NECB 2011DOE_PrototypeSpace Function_Courthouse - courtroomInfil,Always On,Space Function,Courthouse - courtroom,,0.84,,MediumRough,0.024,3.54,596,1580,0.9,0.7,0.65,Wood_Courtroom_Furniture_24mm,CalculatedEstimate,SolidHardwoodBenchesAndGallerySeating,,Wood_Courtroom_Furniture_24mm,CalculatedEstimateSolidHardwoodBenchesAndGallerySeatingWood_Courtroom_Furniture_24mmInternalMassDef
ApartmentHighRise PLANTCOOLINGONSCHED,Unknown,,Wknd|Wkdy,41930,42004,Constant,0,,,,,,,,,,,,,,,,,,,,,,,,From DOE Prototype Buildings,0.06,0.0003048,,,,Washington State Mechanical Code TABLE 403.3.1.1,Workrooms_Computer without printing,,,Washington State Mechanical Code TABLE 403.3.1.1Workrooms_Computer without printingVent,60,645.84,0,0.5,0,Estimate,,DOEPrototype,EstimateDOEPrototypeCS Computer RoomElectricalEquipDef,OfficeMedium BLDG_EQUIP_SCH,0.94,10.12,0.37,0.2,Washington State Energy Code Commercial TABLE C405.4.2,,"Computer room, data center","Washington State Energy Code Commercial TABLE C405.4.2Computer room, data centerLightingDef",OfficeMedium BLDG_LIGHT_SCH_2013,,,,,,,,,,,,0.0446,2.10E-05,PNNL-,90.1-2013,DOE_Prototype,Office_IT_Room,PNNL-90.1-2013DOE_PrototypeOffice_IT_RoomInfil,OfficeMedium INFIL_SCH_PNNL,Office,IT_Room,,1.62,,MediumRough,0.0022,59,4439,844,0.9,0.7,0.65,Steel_IT_Equipment_2mm,CalculatedEstimate,ITWorkstationsAndServerRack,,Steel_IT_Equipment_2mm,CalculatedEstimateITWorkstationsAndServerRackSteel_IT_Equipment_2mmInternalMassDef
ApartmentHighRise PLANTCOOLINGONSCHED,Unknown,,Wknd|Wkdy,41640,41767,Constant,0,,,,,,,,,,,,,,,,,,,,,,,,From DOE Prototype Buildings,0.18,0.0009144,,,,Washington State Mechanical Code TABLE 403.3.1.1,Food and beverage service_Dining rooms,,,Washington State Mechanical Code TABLE 403.3.1.1Food and beverage service_Dining roomsVent,1.26,13.59,0,0.5,0,COMNET-REV9,,DOEPrototype,COMNET-REV9DOEPrototypeCS Dining Area - PenitentiaryElectricalEquipDef,NECB-B-Electric-Equipment,0.42,4.52,0.37,0.2,Washington State Energy Code Commercial TABLE C405.4.2,,Dining area - In a penitentiary,Washington State Energy Code Commercial TABLE C405.4.2Dining area - In a penitentiaryLightingDef,NECB-B-Lighting,,,,,,,,,,,,0.049225,2.32E-05,PNNL-,NECB 2011,DOE_Prototype,Space Function_Penitentiary - dining,PNNL-NECB 2011DOE_PrototypeSpace Function_Penitentiary - diningInfil,Always On,Space Function,Penitentiary - dining,,0.74,,Smooth,0.0027,42.6,7746,478,0.9,0.7,0.7,Steel_Security_Dining_3mm,CalculatedEstimate,FixedSteelTableBenchUnits,,Steel_Security_Dining_3mm,CalculatedEstimateFixedSteelTableBenchUnitsSteel_Security_Dining_3mmInternalMassDef
ApartmentHighRise PLANTCOOLINGONSCHED,Unknown,,WntrDsn,41640,42004,Constant,0,,,,,,,,,,,,,,,,,,,,,,,,From DOE Prototype Buildings,0.18,0.0009144,,,,Washington State Mechanical Code TABLE 403.3.1.1,Food and beverage service_Dining rooms,,,Washington State Mechanical Code TABLE 403.3.1.1Food and beverage service_Dining roomsVent,1.32,14.17,0,0.5,0,COMNET-REV9,,DOEPrototype,COMNET-REV9DOEPrototypeCS Dining Area - Assisted LivingElectricalEquipDef,NECB-B-Electric-Equipment,1.27,13.67,0.37,0.2,Washington State Energy Code Commercial TABLE C405.4.2,,Dining area - In a facility for the visually impaired (and not used primarily by the staff),Washington State Energy Code Commercial TABLE C405.4.2Dining area - In a facility for the visually impaired (and not used primarily by the staff)LightingDef,NECB-B-Lighting,,,,,,,,,,,,0.049225,2.32E-05,PNNL-,NECB 2011,DOE_Prototype,Dining - family_WholeBuilding,PNNL-NECB 2011DOE_PrototypeDining - family_WholeBuildingInfil,Always On,Dining - family,WholeBuilding,,1.44,,MediumRough,0.0074,6.95,877,1320,0.9,0.7,0.65,Wood_Composite_Residential_7mm,CalculatedEstimate,ResidentialStyleDiningFurniture,,Wood_Composite_Residential_7mm,CalculatedEstimateResidentialStyleDiningFurnitureWood_Composite_Residential_7mmInternalMassDef
ApartmentHighRise PLANTHEATINGONSCHED,Unknown,,Default|SmrDsn,41640,42004,Constant,0,,,,,,,,,,,,,,,,,,,,,,,,From DOE Prototype Buildings,0.18,0.0009144,,,,Washington State Mechanical Code TABLE 403.3.1.1,Food and beverage service_Bars_cocktail lounges,,,Washington State Mechanical Code TABLE 403.3.1.1Food and beverage service_Bars_cocktail loungesVent,1.26,13.59,0.25,0.3,0,COMNET-REV9,,DOEPrototype,COMNET-REV9DOEPrototypeCS Dining Area - Bar Lounge/Leisure   ElectricalEquipDef,NECB-B-Electric-Equipment,0.86,9.26,0.37,0.2,Washington State Energy Code Commercial TABLE C405.4.2,,Dining area - In a bar/lounge or leisure dining,Washington State Energy Code Commercial TABLE C405.4.2Dining area - In a bar/lounge or leisure diningLightingDef,NECB-B-Lighting,,,,,,,,,,,,0.049225,2.32E-05,PNNL-,NECB 2011,DOE_Prototype,Space Function_Dining - bar lounge/leisure,PNNL-NECB 2011DOE_PrototypeSpace Function_Dining - bar lounge/leisureInfil,Always On,Space Function,Dining - bar lounge/leisure,,1.79,,MediumRough,0.0028,9.72,2241,1189,0.9,0.7,0.65,Mixed_Commercial_BarLounge_3mm,CalculatedEstimate,BarCounterAndMixedSeating,,Mixed_Commercial_BarLounge_3mm,CalculatedEstimateBarCounterAndMixedSeatingMixed_Commercial_BarLounge_3mmInternalMassDef
ApartmentHighRise PLANTHEATINGONSCHED,Unknown,,Wknd|Wkdy,41930,42004,Constant,1,,,,,,,,,,,,,,,,,,,,,,,,From DOE Prototype Buildings,0.18,0.0009144,,,,Washington State Mechanical Code TABLE 403.3.1.1,Food and beverage service_Cafeteria_fast food ,,,Washington State Mechanical Code TABLE 403.3.1.1Food and beverage service_Cafeteria_fast food Vent,1.37,14.73,0.25,0.3,0,COMNET-REV9,,DOEPrototype,COMNET-REV9DOEPrototypeCS Dining Area - Cafeteria or Fast Food ElectricalEquipDef,RestaurantFastFood BLDG_EQUIP_SCH,0.4,4.31,0.37,0.2,Washington State Energy Code Commercial TABLE C405.4.2,,Dining area - In cafeteria or fast food dining,Washington State Energy Code Commercial TABLE C405.4.2Dining area - In cafeteria or fast food diningLightingDef,RestaurantFastFood BLDG_LIGHT_DINING_SCH_2013,,,,,,,,,,,,0.049225,2.32E-05,PNNL-,NECB 2011,DOE_Prototype,Dining - cafeteria_WholeBuilding,PNNL-NECB 2011DOE_PrototypeDining - cafeteria_WholeBuildingInfil,Always On,Dining - cafeteria,WholeBuilding,,1.68,,Smooth,0.0027,19.2,2705,1099,0.9,0.7,0.65,Laminate_Commercial_FastFood_3mm,CalculatedEstimate,FixedBoothAndMoldedChairs,,Laminate_Commercial_FastFood_3mm,CalculatedEstimateFixedBoothAndMoldedChairsLaminate_Commercial_FastFood_3mmInternalMassDef
ApartmentHighRise PLANTHEATINGONSCHED,Unknown,,Wknd|Wkdy,41640,41767,Constant,1,,,,,,,,,,,,,,,,,,,,,,,,From DOE Prototype Buildings,0.18,0.0009144,,,,Washington State Mechanical Code TABLE 403.3.1.1,Food and beverage service_Dining rooms,,,Washington State Mechanical Code TABLE 403.3.1.1Food and beverage service_Dining roomsVent,1.32,14.17,0,0.5,0,COMNET-REV9,,DOEPrototype,COMNET-REV9DOEPrototypeCS Dining Area - Family Dining  ElectricalEquipDef,NECB-B-Electric-Equipment,0.6,6.46,0.37,0.2,Washington State Energy Code Commercial TABLE C405.4.2,,Dining area - In a family dining area,Washington State Energy Code Commercial TABLE C405.4.2Dining area - In a family dining areaLightingDef,NECB-B-Lighting,,,,,,,,,,,,0.049225,2.32E-05,PNNL-,NECB 2011,DOE_Prototype,Dining - family_WholeBuilding,PNNL-NECB 2011DOE_PrototypeDining - family_WholeBuildingInfil,Always On,Dining - family,WholeBuilding,,2.9,,MediumRough,0.0055,4.74,802,1360,0.9,0.7,0.65,Wood_Composite_Family_Dining_6mm,CalculatedEstimate,BoothSeatingAndUpholsteredChairs,,Wood_Composite_Family_Dining_6mm,CalculatedEstimateBoothSeatingAndUpholsteredChairsWood_Composite_Family_Dining_6mmInternalMassDef
ApartmentHighRise PLANTHEATINGONSCHED,Unknown,,WntrDsn,41640,42004,Constant,1,,,,,,,,,,,,,,,,,,,,,,,,From DOE Prototype Buildings,0.18,0.0009144,,,,Washington State Mechanical Code TABLE 403.3.1.1,Food and beverage service_Dining rooms,,,Washington State Mechanical Code TABLE 403.3.1.1Food and beverage service_Dining roomsVent,1.32,14.17,0,0.5,0,COMNET-REV9,,DOEPrototype,COMNET-REV9DOEPrototypeCS Dining Area - OtherElectricalEquipDef,NECB-B-Electric-Equipment,0.43,4.63,0.37,0.2,Washington State Energy Code Commercial TABLE C405.4.2,,Dining area - Otherwise,Washington State Energy Code Commercial TABLE C405.4.2Dining area - OtherwiseLightingDef,NECB-B-Lighting,,,,,,,,,,,,0.049225,2.32E-05,PNNL-,NECB 2011,DOE_Prototype,Space Function_Dining - other,PNNL-NECB 2011DOE_PrototypeSpace Function_Dining - otherInfil,Always On,Space Function,Dining - other,,2.43,,MediumRough,0.0028,5.29,1440,1288,0.9,0.7,0.65,Mixed_Commercial_Dining_3mm,CalculatedEstimate,GenericBoothAndTableSeating,,Mixed_Commercial_Dining_3mm,CalculatedEstimateGenericBoothAndTableSeatingMixed_Commercial_Dining_3mmInternalMassDef
ApartmentHighRise PlantOnSched,Unknown,,Default|WntrDsn|SmrDsn,41640,42004,Constant,1,,,,,,,,,,,,,,,,,,,,,,,,From DOE Prototype Buildings,0.12,0.0006096,,,,Washington State Mechanical Code TABLE 403.3.1.1,"Retail stores, sales floors, and showroom floors - Storage rooms",,,"Washington State Mechanical Code TABLE 403.3.1.1Retail stores, sales floors, and showroom floors - Storage roomsVent",1.67,18,0,0.5,0,COMNET-REV9,BA Office,WholeBuilding,COMNET-REV9BA OfficeWholeBuildingCS Electrical/MechanicalElectricalEquipDef,OfficeMedium BLDG_EQUIP_SCH,0.43,4.63,0.37,0.2,Washington State Energy Code Commercial TABLE C405.4.2,,Electrical/mechanical,Washington State Energy Code Commercial TABLE C405.4.2Electrical/mechanicalLightingDef,OfficeMedium BLDG_LIGHT_SCH_2013,,,,,,,,,,,,0.049225,2.32E-05,PNNL-,NECB 2011,DOE_Prototype,Space Function_Electrical/Mechanical,PNNL-NECB 2011DOE_PrototypeSpace Function_Electrical/MechanicalInfil,Always On,Space Function,Electrical/Mechanical,,3.48,,Smooth,0.0028,56.7,7047,511,0.9,0.7,0.7,Steel_Mechanical_Equipment_3mm,CalculatedEstimate,HVACAndElectricalEquipment,,Steel_Mechanical_Equipment_3mm,CalculatedEstimateHVACAndElectricalEquipmentSteel_Mechanical_Equipment_3mmInternalMassDef
ApartmentHighRise S CLGSETP_APT_SCH,Thermostat Setpoint,C,Default|WntrDsn|SmrDsn,41640,42004,Constant,0,,,,,,,,,,,,,,,,,,,,,,,,From DOE Prototype Buildings,,,0.75,0.00035396,,Washington State Mechanical Code TABLE 403.3.1.1,Storage_Repair garages_enclosed parking garage,,,Washington State Mechanical Code TABLE 403.3.1.1Storage_Repair garages_enclosed parking garageVent,0.58,6.2,0,0.5,0,COMNET-REV9,,DOEPrototype,COMNET-REV9DOEPrototypeCS Emergency Vehicle GarageElectricalEquipDef,NECB-H-Electric-Equipment,0.52,5.6,0.37,0.2,Washington State Energy Code Commercial TABLE C405.4.2,,Emergency vehicle garage,Washington State Energy Code Commercial TABLE C405.4.2Emergency vehicle garageLightingDef,NECB-H-Lighting,,,,,,,,,,,,0.2,9.44E-05,Estimate,,,Space Function_Parking garage space,EstimateSpace Function_Parking garage spaceInfil,Always On,Space Function,Parking garage space,,1.1,,MediumRough,0.0017,45.8,7368,517,0.9,0.7,0.7,Steel_Emergency_Garage_2mm,CalculatedEstimate,ApparatusBayStorageAndLockers,,Steel_Emergency_Garage_2mm,CalculatedEstimateApparatusBayStorageAndLockersSteel_Emergency_Garage_2mmInternalMassDef
ApartmentHighRise S HTGSETP_APT_SCH,Thermostat Setpoint,C,Default|WntrDsn|SmrDsn,41640,42004,Constant,0,,,,,,,,,,,,,,,,,,,,,,,,From DOE Prototype Buildings,0.12,0.0006096,0.7,0.000330363,,Washington State Mechanical Code TABLE 403.3.1.1,Food and beverage service_Kitchens (cooking),,,Washington State Mechanical Code TABLE 403.3.1.1Food and beverage service_Kitchens (cooking)Vent,1.32,14.17,0.25,0.3,0.2,COMNET-REV9,,DOEPrototype,COMNET-REV9DOEPrototypeCS Food Preparation - Gas CookingElectricalEquipDef,NECB-B-Electric-Equipment,1.09,11.73,0.37,0.2,Washington State Energy Code Commercial TABLE C405.4.2,,Food preparation,Washington State Energy Code Commercial TABLE C405.4.2Food preparationLightingDef,NECB-B-Lighting,10.28,35.07,377.49,0.1,0.2,0.7,COMNET-REV9,California Commercial End-Use Survey (CEUS),DOEPrototype,COMNET-REV9California Commercial End-Use Survey (CEUS)DOEPrototypeCS Food Preparation - Gas CookingGasEquipDef,RestaurantFastFood FF_GAS_EQUIP_SCH,0.049225,2.32E-05,PNNL-,NECB 2011,DOE_Prototype,Space Function_Food preparation,PNNL-NECB 2011DOE_PrototypeSpace Function_Food preparationInfil,Always On,Space Function,Food preparation,,2.2,,Smooth,0.0023,22.8,7656,515,0.9,0.7,0.7,Stainless_Commercial_Kitchen_2mm,CalculatedEstimate,GasCookingEquipmentAndStainlessPrep,,Stainless_Commercial_Kitchen_2mm,CalculatedEstimateGasCookingEquipmentAndStainlessPrepStainless_Commercial_Kitchen_2mmInternalMassDef
ApartmentHighRise SHW Latent fract sched,Service Water Heating,,Default|WntrDsn|SmrDsn,41640,42004,Constant,0.05,,,,,,,,,,,,,,,,,,,,,,,,From DOE Prototype Buildings,0.06,0.0003048,,,,Washington State Mechanical Code TABLE 403.3.1.1,"Hotels,_motels_resorts_dormitories_Bedroom/living room ",,,"Washington State Mechanical Code TABLE 403.3.1.1Hotels,_motels_resorts_dormitories_Bedroom/living room Vent",1.56,16.84,0,0.5,0,COMNET-REV9,,DOEPrototype,COMNET-REV9DOEPrototypeCS Guest RoomElectricalEquipDef,HotelLarge GuestRoom_Eqp_Sch_Adva,0.41,4.41,0.37,0.2,Washington State Energy Code Commercial TABLE C405.4.2,,Guest room,Washington State Energy Code Commercial TABLE C405.4.2Guest roomLightingDef,HotelLarge BLDG_LIGHT_GUESTROOM_SCH_2010,,,,,,,,,,,,0.112,5.29E-05,PNNL-,90.1-2013,DOE_Prototype,LargeHotel_GuestRoom,PNNL-90.1-2013DOE_PrototypeLargeHotel_GuestRoomInfil,HotelLarge INFIL_QUARTER_ON_SCH,LargeHotel,GuestRoom,,1.79,,MediumRough,0.0097,3.27,1155,1293,0.9,0.7,0.65,Mixed_Hotel_Furniture_10mm,CalculatedEstimate,BedDresserAndCaseGoods,,Mixed_Hotel_Furniture_10mm,CalculatedEstimateBedDresserAndCaseGoodsMixed_Hotel_Furniture_10mmInternalMassDef
ApartmentHighRise SHW Sensible fract sched,Service Water Heating,,Default|WntrDsn|SmrDsn,41640,42004,Constant,0.2,,,,,,,,,,,,,,,,,,,,,,,,From DOE Prototype Buildings,0.06,0.0003048,,,,Washington State Mechanical Code TABLE 403.3.1.1,Office_Office spaces,,,Washington State Mechanical Code TABLE 403.3.1.1Office_Office spacesVent,1.49,16.07,0,0.5,0,COMNET-REV9,,DOEPrototype,COMNET-REV9DOEPrototypeCS Judges ChambersElectricalEquipDef,NECB-A-Electric-Equipment,0.74,7.97,0.37,0.2,Washington State Energy Code Commercial TABLE C405.4.2,,Office - Enclosed <= 250,Washington State Energy Code Commercial TABLE C405.4.2Office - Enclosed <= 250LightingDef,NECB-A-Lighting,,,,,,,,,,,,0.049225,2.32E-05,PNNL-,NECB 2011,DOE_Prototype,Space Function_Courthouse - chambers,PNNL-NECB 2011DOE_PrototypeSpace Function_Courthouse - chambersInfil,Always On,Space Function,Courthouse - chambers,,4.06,,MediumRough,0.0062,4.93,1520,1343,0.9,0.7,0.65,Wood_Legal_Library_6mm,CalculatedEstimate,LawBookShelvingAndExecutiveFurniture,,Wood_Legal_Library_6mm,CalculatedEstimateLawBookShelvingAndExecutiveFurnitureWood_Legal_Library_6mmInternalMassDef
ApartmentHighRise SHW SUPPLY TEMP SCHED,Service Water Heating,C,Default|WntrDsn|SmrDsn,41640,42004,Constant,55,,,,,,,,,,,,,,,,,,,,,,,,From DOE Prototype Buildings,0.18,0.0009144,1,0.000471947,,Washington State Mechanical Code TABLE 403.3.1.1,Education - Science laboratories,,,Washington State Mechanical Code TABLE 403.3.1.1Education - Science laboratoriesVent,3.34,35.97,0.2,0.5,0.1,COMNET-REV9,,Estimate,COMNET-REV9EstimateCS Laboratory - Classrooms  ElectricalEquipDef,NECB-D-Electric-Equipment,1.11,11.95,0.37,0.2,Washington State Energy Code Commercial TABLE C405.4.2,,Laboratory - In or as a classrooms,Washington State Energy Code Commercial TABLE C405.4.2Laboratory - In or as a classroomsLightingDef,NECB-D-Lighting,,,,,,,,,,,,0.049225,2.32E-05,PNNL-,NECB 2011,DOE_Prototype,Space Function_Lab - classrooms,PNNL-NECB 2011DOE_PrototypeSpace Function_Lab - classroomsInfil,Always On,Space Function,Lab - classrooms,,3.6,,Smooth,0.0017,32.4,4900,833,0.9,0.7,0.7,Steel_Lab_Equipment_2mm,CalculatedEstimate,LabBenchesFumeHoodAndStorage,,Steel_Lab_Equipment_2mm,CalculatedEstimateLabBenchesFumeHoodAndStorageSteel_Lab_Equipment_2mmInternalMassDef
ApartmentHighRise SHW TARGET TEMP SCHED,Service Water Heating,C,Default|WntrDsn|SmrDsn,41640,42004,Constant,60,,,,,,,,,,,,,,,,,,,,,,,,From DOE Prototype Buildings,0.18,0.0009144,1,0.000471947,,Washington State Mechanical Code TABLE 403.3.1.1,Education - Science laboratories,,,Washington State Mechanical Code TABLE 403.3.1.1Education - Science laboratoriesVent,3.34,35.97,0.2,0.5,0.1,COMNET-REV9,,Estimate,COMNET-REV9EstimateCS Laboratory - OtherElectricalEquipDef,NECB-A-Electric-Equipment,1.33,14.32,0.37,0.2,Washington State Energy Code Commercial TABLE C405.4.2,,Laboratory - Otherwise,Washington State Energy Code Commercial TABLE C405.4.2Laboratory - OtherwiseLightingDef,NECB-A-Lighting,,,,,,,,,,,,0.049225,2.32E-05,PNNL-,NECB 2011,DOE_Prototype,Space Function_Lab - research,PNNL-NECB 2011DOE_PrototypeSpace Function_Lab - researchInfil,Always On,Space Function,Lab - research,,4.53,,Smooth,0.0023,34.2,6792,592,0.9,0.7,0.7,Steel_Research_Lab_2mm,CalculatedEstimate,ResearchBenchesFumeHoodsAndStorage,,Steel_Research_Lab_2mm,CalculatedEstimateResearchBenchesFumeHoodsAndStorageSteel_Research_Lab_2mmInternalMassDef
ApartmentHighRise SHWSys1 Water Heater Ambient Temperature Schedule,Service Water Heating,C,Default|WntrDsn|SmrDsn,41640,42004,Constant,22,,,,,,,,,,,,,,,,,,,,,,,,From DOE Prototype Buildings,0.12,0.0006096,,,,Washington State Mechanical Code TABLE 403.3.1.1,"Dry cleaners, laundries - Commercial laundry",,,"Washington State Mechanical Code TABLE 403.3.1.1Dry cleaners, laundries - Commercial laundryVent",0.52,5.59,0.2,0.2,0.4,COMNET-REV9,,Estimate,COMNET-REV9EstimateCS Laundry/Washing AreaElectricalEquipDef,HotelSmall LaundryRoom_Eqp_Elec_Sch,0.53,5.7,0.37,0.2,Washington State Energy Code Commercial TABLE C405.4.2,,Laundry/washing area,Washington State Energy Code Commercial TABLE C405.4.2Laundry/washing areaLightingDef,HotelSmall BLDG_LIGHT_LAUNDRY_SCH,,,,,,,,,,,,0.049225,2.32E-05,PNNL-,NECB 2011,DOE_Prototype,Space Function_Hospital - laundry/washing,PNNL-NECB 2011DOE_PrototypeSpace Function_Hospital - laundry/washingInfil,Always On,Space Function,Hospital - laundry/washing,,1.92,,Smooth,0.0023,27.1,6662,565,0.9,0.7,0.7,Steel_Laundry_Equipment_2mm,CalculatedEstimate,CommercialWashersAndDryers,,Steel_Laundry_Equipment_2mm,CalculatedEstimateCommercialWashersAndDryersSteel_Laundry_Equipment_2mmInternalMassDef
ApartmentHighRise SHWSys1 Water Heater Setpoint Temperature Schedule,Service Water Heating,C,Default|WntrDsn|SmrDsn,41640,42004,Constant,60,,,,,,,,,,,,,,,,,,,,,,,,From DOE Prototype Buildings,0.12,0.0006096,,,,Washington State Mechanical Code TABLE 403.3.1.1,"Retail stores, sales floors, and showroom floors - Shipping and receiving",,,"Washington State Mechanical Code TABLE 403.3.1.1Retail stores, sales floors, and showroom floors - Shipping and receivingVent",0.1,1.08,0,0.5,0,,,DOEPrototype,DOEPrototypeCS Loading Dock - InteriorElectricalEquipDef,NECB-A-Electric-Equipment,0.88,9.47,0.37,0.2,Washington State Energy Code Commercial TABLE C405.4.2,,"Loading dock, interior","Washington State Energy Code Commercial TABLE C405.4.2Loading dock, interiorLightingDef",NECB-A-Lighting,,,,,,,,,,,,0.2,9.44E-05,Estimate,,,Space Function_Warehouse - med/blk,EstimateSpace Function_Warehouse - med/blkInfil,Always On,Space Function,Warehouse - med/blk,,1.07,,MediumRough,0.0036,75.6,6355,589,0.9,0.7,0.7,Steel_Warehouse_Equipment_4mm,CalculatedEstimate,PalletRackingAndDockEquipment,,Steel_Warehouse_Equipment_4mm,CalculatedEstimatePalletRackingAndDockEquipmentSteel_Warehouse_Equipment_4mmInternalMassDef
ApartmentHighRise SHWSys1-Loop-Temp-Schedule,Service Water Heating,C,Default|WntrDsn|SmrDsn,41640,42004,Constant,60,,,,,,,,,,,,,,,,,,,,,,,,From DOE Prototype Buildings,0.06,0.0003048,,,,Washington State Mechanical Code TABLE 403.3.1.1,"Hotels, motels, resorts and dormitories - Lobbies/prefunction",,,"Washington State Mechanical Code TABLE 403.3.1.1Hotels, motels, resorts and dormitories - Lobbies/prefunctionVent",1.4,15.12,0,0.5,0,COMNET-REV9,,DOEPrototype,COMNET-REV9DOEPrototypeCS Lobby - Assisted LivingElectricalEquipDef,NECB-H-Electric-Equipment,1.69,18.19,0.37,0.2,Washington State Energy Code Commercial TABLE C405.4.2,,Lobby - In a facility for the visually impaired (and not used primarily by the staff),Washington State Energy Code Commercial TABLE C405.4.2Lobby - In a facility for the visually impaired (and not used primarily by the staff)LightingDef,NECB-H-Lighting,,,,,,,,,,,,0.049225,2.32E-05,PNNL-,NECB 2011,DOE_Prototype,Space Function_Hotel/Motel - lobby,PNNL-NECB 2011DOE_PrototypeSpace Function_Hotel/Motel - lobbyInfil,Always On,Space Function,Hotel/Motel - lobby,,2.13,,MediumRough,0.0045,4.19,1362,1313,0.9,0.7,0.65,Wood_Residential_Lobby_5mm,CalculatedEstimate,ResidentialLoungeFurnitureWithPiano,,Wood_Residential_Lobby_5mm,CalculatedEstimateResidentialLoungeFurnitureWithPianoWood_Residential_Lobby_5mmInternalMassDef
ApartmentHighRise Sliding_Doors_Ventilation_Availability_SCH,Unknown,,Default,41640,42004,Hourly,0,0,0,0,0,0,1,1,1,1,1,1,1,1,1,1,1,1,1,1,1,1,0,0,From DOE Prototype Buildings,0.06,0.0003048,,,,Washington State Mechanical Code TABLE 403.3.1.1,Public spaces - Corridors serving other than Group R occupancies,,,Washington State Mechanical Code TABLE 403.3.1.1Public spaces - Corridors serving other than Group R occupanciesVent,0.3,3.23,0,0.5,0,COMNET-REV9,BA Warehouse,WholeBuilding,COMNET-REV9BA WarehouseWholeBuildingCS Lobby - Elevator  ElectricalEquipDef,NECB-C-Electric-Equipment,0.65,7,0.37,0.2,Washington State Energy Code Commercial TABLE C405.4.2,,Lobby - For an elevator,Washington State Energy Code Commercial TABLE C405.4.2Lobby - For an elevatorLightingDef,NECB-C-Lighting,,,,,,,,,,,,0.049225,2.32E-05,PNNL-,NECB 2011,DOE_Prototype,Space Function_Lobby - elevator,PNNL-NECB 2011DOE_PrototypeSpace Function_Lobby - elevatorInfil,Always On,Space Function,Lobby - elevator,,0.55,,Smooth,0.0022,65.6,3739,961,0.9,0.7,0.7,Metal_Elevator_Lobby_2mm,CalculatedEstimate,MinimalBenchAndDirectoryBoard,,Metal_Elevator_Lobby_2mm,CalculatedEstimateMinimalBenchAndDirectoryBoardMetal_Elevator_Lobby_2mmInternalMassDef
ApartmentHighRise Sliding_Doors_Ventilation_Availability_SCH,Unknown,,WntrDsn|SmrDsn,41640,42004,Constant,0,,,,,,,,,,,,,,,,,,,,,,,,From DOE Prototype Buildings,0.06,0.0003048,,,,Washington State Mechanical Code TABLE 403.3.1.1,"Hotels, motels, resorts and dormitories - Lobbies/prefunction",,,"Washington State Mechanical Code TABLE 403.3.1.1Hotels, motels, resorts and dormitories - Lobbies/prefunctionVent",1.56,16.84,0,0.5,0,COMNET-REV9,,DOEPrototype,COMNET-REV9DOEPrototypeCS Lobby - HotelElectricalEquipDef,HotelLarge BLDG_EQUIP_SCH,0.51,5.49,0.37,0.2,Washington State Energy Code Commercial TABLE C405.4.2,,Lobby - In a hotel,Washington State Energy Code Commercial TABLE C405.4.2Lobby - In a hotelLightingDef,HotelLarge BLDG_LIGHT_SCH,,,,,,,,,,,,0.112,5.29E-05,PNNL-,NECB 2011,DOE_Prototype,LargeHotel_Lobby,PNNL-NECB 2011DOE_PrototypeLargeHotel_LobbyInfil,Always On,LargeHotel,Lobby,,1.88,,MediumRough,0.0045,4.21,1601,1121,0.9,0.7,0.65,Mixed_Hotel_Lobby_5mm,CalculatedEstimate,FrontDeskSofasAndAreaRugs,,Mixed_Hotel_Lobby_5mm,CalculatedEstimateFrontDeskSofasAndAreaRugsMixed_Hotel_Lobby_5mmInternalMassDef
ApartmentHighRise SupplyFanSch,Unknown,,Default|WntrDsn|SmrDsn,41640,42004,Constant,1,,,,,,,,,,,,,,,,,,,,,,,,From DOE Prototype Buildings,0.06,0.0003048,,,,Washington State Mechanical Code TABLE 403.3.1.1,Theaters - Lobbies,,,Washington State Mechanical Code TABLE 403.3.1.1Theaters - LobbiesVent,0.74,8.02,0,0.5,0,COMNET-REV9,,DOEPrototype,COMNET-REV9DOEPrototypeCS Lobby - Motion Picture Theater  ElectricalEquipDef,NECB-C-Electric-Equipment,0.23,2.48,0.37,0.2,Washington State Energy Code Commercial TABLE C405.4.2,,Lobby - In a motion picture theater,Washington State Energy Code Commercial TABLE C405.4.2Lobby - In a motion picture theaterLightingDef,NECB-C-Lighting,,,,,,,,,,,,0.049225,2.32E-05,PNNL-,NECB 2011,DOE_Prototype,Space Function_Lobby - motion picture,PNNL-NECB 2011DOE_PrototypeSpace Function_Lobby - motion pictureInfil,Always On,Space Function,Lobby - motion picture,,1.32,,Smooth,0.0011,42.4,5971,655,0.9,0.7,0.7,Steel_Theater_Equipment_1mm,CalculatedEstimate,ConcessionStandAndTicketKiosks,,Steel_Theater_Equipment_1mm,CalculatedEstimateConcessionStandAndTicketKiosksSteel_Theater_Equipment_1mmInternalMassDef
ApartmentHighRise ZONE CONTROL TYPE SCHED,Unknown,,Default,41640,42004,Constant,0,,,,,,,,,,,,,,,,,,,,,,,,From DOE Prototype Buildings,0.06,0.0003048,,,,Washington State Mechanical Code TABLE 403.3.1.1,Theaters - Lobbies,,,Washington State Mechanical Code TABLE 403.3.1.1Theaters - LobbiesVent,0.74,8.02,0,0.5,0,COMNET-REV9,,DOEPrototype,COMNET-REV9DOEPrototypeCS Lobby - Performing Arts Theater  ElectricalEquipDef,NECB-C-Electric-Equipment,1.25,13.46,0.37,0.2,Washington State Energy Code Commercial TABLE C405.4.2,,Lobby - In a performing arts theater,Washington State Energy Code Commercial TABLE C405.4.2Lobby - In a performing arts theaterLightingDef,NECB-C-Lighting,,,,,,,,,,,,0.049225,2.32E-05,PNNL-,NECB 2011,DOE_Prototype,Space Function_Lobby - performance arts,PNNL-NECB 2011DOE_PrototypeSpace Function_Lobby - performance artsInfil,Always On,Space Function,Lobby - performance arts,,3.01,,MediumRough,0.0043,3.32,1416,1196,0.9,0.7,0.65,Mixed_Theater_Lobby_4mm,CalculatedEstimate,CarpetedLobbyWithBarAndSeating,,Mixed_Theater_Lobby_4mm,CalculatedEstimateCarpetedLobbyWithBarAndSeatingMixed_Theater_Lobby_4mmInternalMassDef
ApartmentHighRise ZONE CONTROL TYPE SCHED,Unknown,,SmrDsn,41640,42004,Constant,2,,,,,,,,,,,,,,,,,,,,,,,,From DOE Prototype Buildings,1,0.00508,,,,Washington State Mechanical Code TABLE 403.3.1.1,Public spaces - Elevator lobbies in parking garage,,,Washington State Mechanical Code TABLE 403.3.1.1Public spaces - Elevator lobbies in parking garageVent,,,,,,,,,,,0.84,9.04,0.37,0.2,Washington State Energy Code Commercial TABLE C405.4.2,,Lobby - Otherwise,Washington State Energy Code Commercial TABLE C405.4.2Lobby - OtherwiseLightingDef,NECB-C-Lighting,,,,,,,,,,,,0.049225,2.32E-05,PNNL-,NECB 2011,DOE_Prototype,Space Function_Lobby - other,PNNL-NECB 2011DOE_PrototypeSpace Function_Lobby - otherInfil,Always On,Space Function,Lobby - other,,0.71,,MediumRough,0.0029,24.6,1775,1112,0.9,0.7,0.7,Mixed_Commercial_Lobby_3mm,CalculatedEstimate,BasicReceptionAndWaitingArea,,Mixed_Commercial_Lobby_3mm,CalculatedEstimateBasicReceptionAndWaitingAreaMixed_Commercial_Lobby_3mmInternalMassDef
ApartmentHighRise ZONE CONTROL TYPE SCHED,Unknown,,Wkdy,41640,42004,Constant,4,,,,,,,,,,,,,,,,,,,,,,,,From DOE Prototype Buildings,,,0.25,0.000117987,,Washington State Mechanical Code TABLE 403.3.1.1,Education - Locker/dressing rooms,,,Washington State Mechanical Code TABLE 403.3.1.1Education - Locker/dressing roomsVent,0.1,1.08,0.2,0.5,0.1,,,Estimate,EstimateCS Locker RoomElectricalEquipDef,SchoolSecondary BLDG_EQUIP_SCH,0.52,5.6,0.37,0.2,Washington State Energy Code Commercial TABLE C405.4.2,,Locker room,Washington State Energy Code Commercial TABLE C405.4.2Locker roomLightingDef,SchoolSecondary BLDG_LIGHT_GYM_SCH,,,,,,,,,,,,0.049225,2.32E-05,PNNL-,NECB 2011,DOE_Prototype,Space Function_Locker room,PNNL-NECB 2011DOE_PrototypeSpace Function_Locker roomInfil,Always On,Space Function,Locker room,,3.66,,Smooth,0.0011,42.3,7003,567,0.9,0.7,0.7,Steel_LockerRoom_1mm,CalculatedEstimate,MetalLockersAndBenches,,Steel_LockerRoom_1mm,CalculatedEstimateMetalLockersAndBenchesSteel_LockerRoom_1mmInternalMassDef
ApartmentHighRise ZONE CONTROL TYPE SCHED,Unknown,,WntrDsn,41640,42004,Constant,1,,,,,,,,,,,,,,,,,,,,,,,,From DOE Prototype Buildings,0.06,0.0003048,0.3,0.000141584,,Washington State Mechanical Code TABLE 403.3.1.1,Office - Kitchenettes,,,Washington State Mechanical Code TABLE 403.3.1.1Office - KitchenettesVent,1.25,13.44,0,0.5,0,COMNET-REV9,,DOEPrototype,COMNET-REV9DOEPrototypeCS Lounge/Break - HealthcareElectricalEquipDef,OutPatientHealthCare BLDG_EQUIP_SCH_BASE,0.42,4.52,0.37,0.2,Washington State Energy Code Commercial TABLE C405.4.2,,Lounge /breakroom - In a health care facility,Washington State Energy Code Commercial TABLE C405.4.2Lounge /breakroom - In a health care facilityLightingDef,OutPatientHealthCare BLDG_LIGHT_SCH,,,,,,,,,,,,0.0446,2.10E-05,PNNL-,90.1-2013,DOE_Prototype,Outpatient_Lounge,PNNL-90.1-2013DOE_PrototypeOutpatient_LoungeInfil,OutPatientHealthCare INFIL_SCH,Outpatient,Lounge,,2.29,,MediumRough,0.0022,15.9,2558,1034,0.9,0.7,0.7,Mixed_Healthcare_Lounge_2mm,CalculatedEstimate,KitchenetteAndDiningFurniture,,Mixed_Healthcare_Lounge_2mm,CalculatedEstimateKitchenetteAndDiningFurnitureMixed_Healthcare_Lounge_2mmInternalMassDef
ApartmentMidRise All Off,Unknown,,Default|WntrDsn|SmrDsn,41640,42004,Constant,0,,,,,,,,,,,,,,,,,,,,,,,,From DOE Prototype Buildings,0.06,0.0003048,0.3,0.000141584,,Washington State Mechanical Code TABLE 403.3.1.1,Office - Kitchenettes,,,Washington State Mechanical Code TABLE 403.3.1.1Office - KitchenettesVent,1.67,18,0.25,0.3,0,COMNET-REV9,BA Office,WholeBuilding,COMNET-REV9BA OfficeWholeBuildingCS Lounge/Break - OtherElectricalEquipDef,OfficeMedium BLDG_EQUIP_SCH,0.59,6.35,0.37,0.2,Washington State Energy Code Commercial TABLE C405.4.2,,Lounge /breakroom - Otherwise,Washington State Energy Code Commercial TABLE C405.4.2Lounge /breakroom - OtherwiseLightingDef,OfficeMedium BLDG_LIGHT_SCH_2013,,,,,,,,,,,,0.0446,2.10E-05,PNNL-,90.1-2013,DOE_Prototype,Office_BreakRoom,PNNL-90.1-2013DOE_PrototypeOffice_BreakRoomInfil,OfficeMedium INFIL_SCH_PNNL,Office,BreakRoom,,2.83,,Smooth,0.0019,23.7,4488,869,0.9,0.7,0.7,Steel_Break_Room_2mm,CalculatedEstimate,VendingMachinesAndKitchenette,,Steel_Break_Room_2mm,CalculatedEstimateVendingMachinesAndKitchenetteSteel_Break_Room_2mmInternalMassDef
ApartmentMidRise All On,Unknown,,Default|WntrDsn|SmrDsn,41640,42004,Constant,1,,,,,,,,,,,,,,,,,,,,,,,,From DOE Prototype Buildings,0.06,0.0003048,,,,Washington State Mechanical Code TABLE 403.3.1.1,Office - Office spaces,,,Washington State Mechanical Code TABLE 403.3.1.1Office - Office spacesVent,1.67,18,0,0.5,0,COMNET-REV9,,DOEPrototype,COMNET-REV9DOEPrototypeCS Office - EnclosedElectricalEquipDef,OfficeMedium BLDG_EQUIP_SCH,0.74,7.97,0.37,0.2,Washington State Energy Code Commercial TABLE C405.4.2,,Office - Enclosed <= 250,Washington State Energy Code Commercial TABLE C405.4.2Office - Enclosed <= 250LightingDef,OfficeMedium BLDG_LIGHT_SCH_2013,,,,,,,,,,,,0.0446,2.10E-05,PNNL-,90.1-2013,DOE_Prototype,Office_ClosedOffice,PNNL-90.1-2013DOE_PrototypeOffice_ClosedOfficeInfil,OfficeMedium INFIL_SCH_PNNL,Office,ClosedOffice,,2.99,,Smooth,0.0014,23.9,4513,864,0.9,0.7,0.7,Steel_Office_Furniture_1mm,CalculatedEstimate,DeskFilingCabinetsAndBookshelf,,Steel_Office_Furniture_1mm,CalculatedEstimateDeskFilingCabinetsAndBookshelfSteel_Office_Furniture_1mmInternalMassDef
ApartmentMidRise APT_DHW_SCH,Unknown,,Default|WntrDsn|SmrDsn,41640,42004,Hourly,0.08,0.04,0.01,0.01,0.04,0.27,0.94,1,0.96,0.84,0.76,0.61,0.53,0.47,0.41,0.47,0.55,0.73,0.86,0.82,0.75,0.61,0.53,0.29,From DOE Prototype Buildings,0.06,0.0003048,,,,ASHRAE 62.1-2019,Office Buildings - Telephone/data entry,,,ASHRAE 62.1-2019Office Buildings - Telephone/data entryVent,1.67,18,0,0.5,0,COMNET-REV9,,DOEPrototype,COMNET-REV9DOEPrototypeCS Office - Open PlanElectricalEquipDef,OfficeMedium BLDG_EQUIP_SCH,0.61,6.57,0.37,0.2,Washington State Energy Code Commercial TABLE C405.4.2,,Office - Open plan,Washington State Energy Code Commercial TABLE C405.4.2Office - Open planLightingDef,OfficeMedium BLDG_LIGHT_SCH_2013,,,,,,,,,,,,0.0446,2.10E-05,PNNL-,90.1-2013,DOE_Prototype,Office_OpenOffice,PNNL-90.1-2013DOE_PrototypeOffice_OpenOfficeInfil,OfficeMedium INFIL_SCH_PNNL,Office,OpenOffice,,3.22,,MediumRough,0.0055,8.98,2130,1138,0.9,0.7,0.7,Particleboard_Office_Panels_5mm,CalculatedEstimate,CubiclePanelsAndWorkstations,,Particleboard_Office_Panels_5mm,CalculatedEstimateCubiclePanelsAndWorkstationsParticleboard_Office_Panels_5mmInternalMassDef
ApartmentMidRise BLDG_ELEVATORS,Elevator,,Default,41640,42004,Hourly,0.05,0.05,0.05,0.05,0.1,0.2,0.4,0.5,0.5,0.35,0.15,0.15,0.15,0.15,0.15,0.15,0.35,0.5,0.5,0.4,0.4,0.3,0.2,0.1,From DOE Prototype Buildings,,,0.75,0.00035396,,Washington State Mechanical Code TABLE 403.3.1.1,Storage_Repair garages_enclosed parking garage,,,Washington State Mechanical Code TABLE 403.3.1.1Storage_Repair garages_enclosed parking garageVent,0.3,3.23,0,0.06,0.88,,,"Medium Estimate: Workplace, 20% of Spaces with Level 2 Charger12%lost to heat","Medium Estimate: Workplace, 20% of Spaces with Level 2 Charger12%lost to heatCS Parking Area - InteriorElectricalEquipDef",NECB-H-Electric-Equipment,0.15,1.61,0.37,0.2,Washington State Energy Code Commercial TABLE C405.4.2,,"Parking area, interior","Washington State Energy Code Commercial TABLE C405.4.2Parking area, interiorLightingDef",NECB-H-Lighting,,,,,,,,,,,,0.2,9.44E-05,Estimate,,,Space Function_Parking garage space,EstimateSpace Function_Parking garage spaceInfil,Always On,Space Function,Parking garage space,,2.68,,Smooth,0.006,31.1,5865,669,0.9,0.7,0.65,Steel_Vehicles_6mm,CalculatedEstimate,ParkedVehiclesAt60PercentOccupancy,,Steel_Vehicles_6mm,CalculatedEstimateParkedVehiclesAt60PercentOccupancySteel_Vehicles_6mmInternalMassDef
ApartmentMidRise BLDG_ELEVATORS,Elevator,,SmrDsn,41640,42004,Constant,0.5,,,,,,,,,,,,,,,,,,,,,,,,From DOE Prototype Buildings,0.18,0.0009144,,,,Washington State Mechanical Code TABLE 403.3.1.1,Workrooms - Pharmacy (prep area),,,Washington State Mechanical Code TABLE 403.3.1.1Workrooms - Pharmacy (prep area)Vent,0.55,5.91,0,0.5,0,COMNET-REV9,,DOEPrototype,COMNET-REV9DOEPrototypeCS Pharmacy AreaElectricalEquipDef,NECB-C-Electric-Equipment,1.66,17.87,0.37,0.2,Washington State Energy Code Commercial TABLE C405.4.2,,Pharmacy area,Washington State Energy Code Commercial TABLE C405.4.2Pharmacy areaLightingDef,NECB-C-Lighting,,,,,,,,,,,,0.049225,2.32E-05,PNNL-,NECB 2011,DOE_Prototype,Space Function_Hospital - pharmacy,PNNL-NECB 2011DOE_PrototypeSpace Function_Hospital - pharmacyInfil,Always On,Space Function,Hospital - pharmacy,,4.02,,MediumRough,0.0026,14.3,3052,1139,0.9,0.7,0.7,Mixed_Pharmacy_3mm,CalculatedEstimate,MedicationShelvingAndStorageCabinets,,Mixed_Pharmacy_3mm,CalculatedEstimateMedicationShelvingAndStorageCabinetsMixed_Pharmacy_3mmInternalMassDef
ApartmentMidRise BLDG_ELEVATORS,Elevator,,WntrDsn,41640,42004,Constant,0.05,,,,,,,,,,,,,,,,,,,,,,,,From DOE Prototype Buildings,,,,,7,Rule of Thumb,"Hotels, motels, resorts and dormitories - Bathrooms/toilets - private",Washington State Mechanical Code TABLE 403.3.1.6 - 25/50 per fixture,,"Rule of ThumbHotels, motels, resorts and dormitories - Bathrooms/toilets - privateWashington State Mechanical Code TABLE 403.3.1.6 - 25/50 per fixtureVent",1.4,15.12,0,0.5,0,COMNET-REV9,,DOEPrototype,COMNET-REV9DOEPrototypeCS Restrooms - Assisted LivingElectricalEquipDef,OfficeMedium BLDG_EQUIP_SCH,1.26,13.56,0.37,0.2,Washington State Energy Code Commercial TABLE C405.4.2,,Restroom - In a facility for the visually impaired (and not used primarily by the staff),Washington State Energy Code Commercial TABLE C405.4.2Restroom - In a facility for the visually impaired (and not used primarily by the staff)LightingDef,OfficeMedium BLDG_LIGHT_SCH_2013,,,,,,,,,,,,0.0446,2.10E-05,PNNL-,90.1-2013,DOE_Prototype,Office_Restroom,PNNL-90.1-2013DOE_PrototypeOffice_RestroomInfil,OfficeMedium INFIL_SCH_PNNL,Office,Restroom,,3.22,,Smooth,0.0045,7.51,2167,1148,0.9,0.7,0.7,Phenolic_Restroom_4mm,CalculatedEstimate,ADAFixturesWithGrabBarsAndShower,,Phenolic_Restroom_4mm,CalculatedEstimateADAFixturesWithGrabBarsAndShowerPhenolic_Restroom_4mmInternalMassDef
ApartmentMidRise CLGSETP_APT_SCH,Thermostat Setpoint,C,Default|WntrDsn|SmrDsn,41640,42004,Constant,0,,,,,,,,,,,,,,,,,,,,,,,,From DOE Prototype Buildings,,,,,12,Rule of Thumb,Public spaces - Toilet rooms - Public,Washington State Mechanical Code TABLE 403.3.1.6 - 50/70 per fixture,,Rule of ThumbPublic spaces - Toilet rooms - PublicWashington State Mechanical Code TABLE 403.3.1.6 - 50/70 per fixtureVent,0.3,3.23,0,0.5,0,COMNET-REV9,BA Warehouse,WholeBuilding,COMNET-REV9BA WarehouseWholeBuildingCS Restrooms - OtherElectricalEquipDef,HotelSmall Lobby_Eqp_Sch,0.63,6.78,0.37,0.2,Washington State Energy Code Commercial TABLE C405.4.2,,Restroom - Otherwise,Washington State Energy Code Commercial TABLE C405.4.2Restroom - OtherwiseLightingDef,HotelSmall BLDG_LIGHT_RESTROOM_SCH,,,,,,,,,,,,0.0446,2.10E-05,PNNL-,90.1-2013,DOE_Prototype,SecondarySchool_Restroom,PNNL-90.1-2013DOE_PrototypeSecondarySchool_RestroomInfil,SchoolSecondary INFIL_SCH_PNNL,SecondarySchool,Restroom,,2.36,,Smooth,0.0022,13.9,4190,878,0.9,0.7,0.7,Mixed_Restroom_2mm,CalculatedEstimate,StandardCommercialFixturesAndPartitions,,Mixed_Restroom_2mm,CalculatedEstimateStandardCommercialFixturesAndPartitionsMixed_Restroom_2mmInternalMassDef
ApartmentMidRise CLGSETP_OFF_SCH_NO_OPTIMUM,Thermostat Setpoint,C,Default|WntrDsn,41640,42004,Constant,29.4,,,,,,,,,,,,,,,,,,,,,,,,From DOE Prototype Buildings,0.12,0.0006096,,,,Washington State Mechanical Code TABLE 403.3.1.1,"Retail stores, sales floors, and showroom floors - Sales",,,"Washington State Mechanical Code TABLE 403.3.1.1Retail stores, sales floors, and showroom floors - SalesVent",0.55,5.91,0,0.5,0,COMNET-REV9,,DOEPrototype,COMNET-REV9DOEPrototypeCS Sales AreaElectricalEquipDef,NECB-C-Electric-Equipment,1.05,11.3,0.37,0.2,Washington State Energy Code Commercial TABLE C405.4.2,,Sales area,Washington State Energy Code Commercial TABLE C405.4.2Sales areaLightingDef,NECB-C-Lighting,,,,,,,,,,,,0.0446,2.10E-05,PNNL-,90.1-2013,DOE_Prototype,Retail_Point_of_Sale,PNNL-90.1-2013DOE_PrototypeRetail_Point_of_SaleInfil,Always On,Retail,Point_of_Sale,,3.54,,MediumRough,0.0032,10.6,2496,1134,0.9,0.7,0.7,Mixed_Retail_3mm,CalculatedEstimate,DisplayShelvingAndMerchandiseInventory,,Mixed_Retail_3mm,CalculatedEstimateDisplayShelvingAndMerchandiseInventoryMixed_Retail_3mmInternalMassDef
ApartmentMidRise CLGSETP_OFF_SCH_NO_OPTIMUM,Thermostat Setpoint,C,SmrDsn,41640,42004,Hourly,29.4,29.4,29.4,29.4,29.4,29.4,29.4,26.7,23.9,23.9,23.9,23.9,23.9,23.9,23.9,23.9,23.9,26.7,29.4,29.4,29.4,29.4,29.4,29.4,From DOE Prototype Buildings,0.06,0.0003048,,,,Washington State Mechanical Code TABLE 403.3.1.1,"Hotels, motels, resorts and dormitories - Lobbies/prefunction",,,"Washington State Mechanical Code TABLE 403.3.1.1Hotels, motels, resorts and dormitories - Lobbies/prefunctionVent",1.56,16.84,0,0.5,0,COMNET-REV9,BA Hotel,WholeBuilding,COMNET-REV9BA HotelWholeBuildingCS Seating Area GeneralElectricalEquipDef,NECB-C-Electric-Equipment,0.23,2.48,0.37,0.2,Washington State Energy Code Commercial TABLE C405.4.2,,"Seating area, general","Washington State Energy Code Commercial TABLE C405.4.2Seating area, generalLightingDef",NECB-C-Lighting,,,,,,,,,,,,0.049225,2.32E-05,PNNL-,NECB 2011,DOE_Prototype,Space Function_Transp. seating,PNNL-NECB 2011DOE_PrototypeSpace Function_Transp. seatingInfil,Always On,Space Function,Transp. seating,,2.18,,MediumRough,0.0063,6.65,1015,1349,0.9,0.7,0.7,Mixed_Seating_6mm,CalculatedEstimate,SofasChairsAndAreaRug,,Mixed_Seating_6mm,CalculatedEstimateSofasChairsAndAreaRugMixed_Seating_6mmInternalMassDef
ApartmentMidRise CLGSETP_OFF_SCH_No_Setback,Thermostat Setpoint,C,Default|WntrDsn,41640,42004,Constant,23.9,,,,,,,,,,,,,,,,,,,,,,,,From DOE Prototype Buildings,0.06,0.0003048,,,,Washington State Mechanical Code TABLE 403.3.1.1,Public spaces - Corridors serving other than Group R occupancies,,,Washington State Mechanical Code TABLE 403.3.1.1Public spaces - Corridors serving other than Group R occupanciesVent,0.3,3.23,0,0.5,0,COMNET-REV9,BA Warehouse,WholeBuilding,COMNET-REV9BA WarehouseWholeBuildingCS StairwayElectricalEquipDef,HotelSmall AlwaysOff,0.49,5.27,0.37,0.2,Washington State Energy Code Commercial TABLE C405.4.2,,Stairwell,Washington State Energy Code Commercial TABLE C405.4.2StairwellLightingDef,HotelSmall BLDG_LIGHT_STAIR_SCH,,,,,,,,,,,,0.049225,2.32E-05,PNNL-,NECB 2011,DOE_Prototype,Space Function_Stairway,PNNL-NECB 2011DOE_PrototypeSpace Function_StairwayInfil,Always On,Space Function,Stairway,,1.77,,MediumRough,0.0188,9.97,3219,817,0.9,0.7,0.65,Concrete_Stairway_19mm,CalculatedEstimate,ConcreteStairsWithHandrailsAndGuardrails,,Concrete_Stairway_19mm,CalculatedEstimateConcreteStairsWithHandrailsAndGuardrailsConcrete_Stairway_19mmInternalMassDef
ApartmentMidRise CLGSETP_OFF_SCH_No_Setback,Thermostat Setpoint,C,SmrDsn,41640,42004,Hourly,29.4,29.4,29.4,29.4,29.4,29.4,29.4,26.7,23.9,23.9,23.9,23.9,23.9,23.9,23.9,23.9,23.9,26.7,29.4,29.4,29.4,29.4,29.4,29.4,From DOE Prototype Buildings,0.12,0.0006096,,,,Washington State Mechanical Code TABLE 403.3.1.1,"Retail stores, sales floors, and showroom floors - Storage rooms",,,"Washington State Mechanical Code TABLE 403.3.1.1Retail stores, sales floors, and showroom floors - Storage roomsVent",1.25,13.44,0,0.5,0,COMNET-REV9,,DOEPrototype,COMNET-REV9DOEPrototypeCS Storage - HospitalElectricalEquipDef,NECB-H-Electric-Equipment,0.38,4.09,0.37,0.2,Washington State Energy Code Commercial TABLE C405.4.2,,Storage room - All other storage,Washington State Energy Code Commercial TABLE C405.4.2Storage room - All other storageLightingDef,NECB-H-Lighting,,,,,,,,,,,,0.049225,2.32E-05,PNNL-,NECB 2011,DOE_Prototype,Space Function_Storage area,PNNL-NECB 2011DOE_PrototypeSpace Function_Storage areaInfil,Always On,Space Function,Storage area,,6.89,,Smooth,0.0022,9.22,4416,928,0.9,0.7,0.7,Steel_Hospital_Storage_2mm,CalculatedEstimate,MedicalShelvingAndSupplyCarts,,Steel_Hospital_Storage_2mm,CalculatedEstimateMedicalShelvingAndSupplyCartsSteel_Hospital_Storage_2mmInternalMassDef
ApartmentMidRise CLGSETP_OFF_SCH_YES_OPTIMUM,Thermostat Setpoint,C,Default|WntrDsn,41640,42004,Constant,29.4,,,,,,,,,,,,,,,,,,,,,,,,From DOE Prototype Buildings,0.06,0.0003048,,,,Washington State Mechanical Code TABLE 403.3.1.1,Storage - Warehouses,,,Washington State Mechanical Code TABLE 403.3.1.1Storage - WarehousesVent,0.31,3.38,0,0.5,0,COMNET-REV9,,DOEPrototype,COMNET-REV9DOEPrototypeCS Storage - >= 50 ft2 ElectricalEquipDef,NECB-E-Electric-Equipment,0.38,4.09,0.37,0.2,Washington State Energy Code Commercial TABLE C405.4.2,,Storage room - >= 50 ft2,Washington State Energy Code Commercial TABLE C405.4.2Storage room - >= 50 ft2LightingDef,NECB-E-Lighting,,,,,,,,,,,,0.028,1.32E-05,PNNL-,90.1-2013,DOE_Prototype,SmallHotel_Storage4Front,PNNL-90.1-2013DOE_PrototypeSmallHotel_Storage4FrontInfil,Always On,SmallHotel,Storage4Front,,7.37,,MediumRough,0.004,10.9,2584,1123,0.9,0.7,0.7,Mixed_Commercial_Storage_4mm,CalculatedEstimate,ShelvingWithFileAndPaperBoxes,,Mixed_Commercial_Storage_4mm,CalculatedEstimateShelvingWithFileAndPaperBoxesMixed_Commercial_Storage_4mmInternalMassDef
ApartmentMidRise CLGSETP_OFF_SCH_YES_OPTIMUM,Thermostat Setpoint,C,SmrDsn,41640,42004,Hourly,29.4,29.4,29.4,29.4,29.4,29.4,29.4,26.7,23.9,23.9,23.9,23.9,23.9,23.9,23.9,23.9,23.9,26.7,29.4,29.4,29.4,29.4,29.4,29.4,From DOE Prototype Buildings,0.06,0.0003048,,,,Washington State Mechanical Code TABLE 403.3.1.1,Storage - Warehouses,,,Washington State Mechanical Code TABLE 403.3.1.1Storage - WarehousesVent,0.31,3.38,0,0.5,0,COMNET-REV9,,DOEPrototype,COMNET-REV9DOEPrototypeCS Storage - < 50 ft2 ElectricalEquipDef,NECB-E-Electric-Equipment,0.51,5.49,0.37,0.2,Washington State Energy Code Commercial TABLE C405.4.2,,Storage room - < 50 ft2,Washington State Energy Code Commercial TABLE C405.4.2Storage room - < 50 ft2LightingDef,NECB-E-Lighting,,,,,,,,,,,,0.028,1.32E-05,PNNL-,90.1-2013,DOE_Prototype,SmallHotel_Storage4Front,PNNL-90.1-2013DOE_PrototypeSmallHotel_Storage4FrontInfil,Always On,SmallHotel,Storage4Front,,4.72,,MediumRough,0.0025,14.7,2644,1128,0.9,0.7,0.7,Mixed_Small_Storage_2mm,CalculatedEstimate,WallShelvingInJanitorialCloset,,Mixed_Small_Storage_2mm,CalculatedEstimateWallShelvingInJanitorialClosetMixed_Small_Storage_2mmInternalMassDef
ApartmentMidRise COMPACT HVAC-ALWAYS 0,Unknown,,Default|WntrDsn|SmrDsn,41640,42004,Constant,0,,,,,,,,,,,,,,,,,,,,,,,,From DOE Prototype Buildings,,,0.75,0.00035396,,Washington State Mechanical Code TABLE 403.3.1.1,Storage_Repair garages_enclosed parking garage,,,Washington State Mechanical Code TABLE 403.3.1.1Storage_Repair garages_enclosed parking garageVent,0.5,5.42,0,0.5,0,COMNET-REV9,,DOEPrototype,COMNET-REV9DOEPrototypeCS Vehicular MaintenanceElectricalEquipDef,NECB-A-Electric-Equipment,0.6,6.46,0.37,0.2,Washington State Energy Code Commercial TABLE C405.4.2,,Vehicular maintenance,Washington State Energy Code Commercial TABLE C405.4.2Vehicular maintenanceLightingDef,NECB-A-Lighting,,,,,,,,,,,,0.2,9.44E-05,Estimate,,,Space Function_Parking garage space,EstimateSpace Function_Parking garage spaceInfil,Always On,Space Function,Parking garage space,,1.31,,Smooth,0.0045,41.4,7054,551,0.9,0.7,0.7,Steel_AutoShop_4mm,CalculatedEstimate,VehicleLiftsAndToolChests,,Steel_AutoShop_4mm,CalculatedEstimateVehicleLiftsAndToolChestsSteel_AutoShop_4mmInternalMassDef
ApartmentMidRise COMPACT HVAC-ALWAYS 1,Unknown,,Default|WntrDsn|SmrDsn,41640,42004,Constant,1,,,,,,,,,,,,,,,,,,,,,,,,From DOE Prototype Buildings,0.18,0.0009144,0.5,0.000235974,,Washington State Mechanical Code TABLE 403.3.1.1,Education - Wood/metal shops,,,Washington State Mechanical Code TABLE 403.3.1.1Education - Wood/metal shopsVent,0.43,4.61,0.1,0.5,0.1,COMNET-REV9,,Estimate,COMNET-REV9EstimateCS WorkshopElectricalEquipDef,NECB-A-Electric-Equipment,1.26,13.56,0.37,0.2,Washington State Energy Code Commercial TABLE C405.4.2,,Workshop,Washington State Energy Code Commercial TABLE C405.4.2WorkshopLightingDef,NECB-A-Lighting,,,,,,,,,,,,0.2,9.44E-05,Estimate,,,Space Function_Parking garage space,EstimateSpace Function_Parking garage spaceInfil,Always On,Space Function,Parking garage space,,2.27,,Smooth,0.0025,40.8,6533,647,0.9,0.7,0.7,Steel_Workshop_2mm,CalculatedEstimate,MachineToolsAndWorkbenches,,Steel_Workshop_2mm,CalculatedEstimateMachineToolsAndWorkbenchesSteel_Workshop_2mmInternalMassDef
ApartmentMidRise COMPACT HVAC-ALWAYS 18.3333338190008,Unknown,,Default|WntrDsn|SmrDsn,41640,42004,Constant,18.33333382,,,,,,,,,,,,,,,,,,,,,,,,From DOE Prototype Buildings,0.06,0.0003048,,,,Washington State Mechanical Code TABLE 403.3.1.1,Public spaces - Places of religious worship,,,Washington State Mechanical Code TABLE 403.3.1.1Public spaces - Places of religious worshipVent,1.4,15.12,0,0.5,0,COMNET-REV9,,DOEPrototype,COMNET-REV9DOEPrototypeSS Assisted Living - ChapelElectricalEquipDef,NECB-C-Electric-Equipment,0.7,7.53,0.37,0.2,Washington State Energy Code Commercial TABLE C405.4.2,,Facility for the visually impaired - In a chapel (and not used primarily by the staff),Washington State Energy Code Commercial TABLE C405.4.2Facility for the visually impaired - In a chapel (and not used primarily by the staff)LightingDef,NECB-C-Lighting,,,,,,,,,,,,0.049225,2.32E-05,PNNL-,NECB 2011,DOE_Prototype,Space Function_Religious - fellowship hall,PNNL-NECB 2011DOE_PrototypeSpace Function_Religious - fellowship hallInfil,Always On,Space Function,Religious - fellowship hall,,3.06,,MediumRough,0.008,3.09,855,1384,0.9,0.7,0.7,Mixed_Chapel_8mm,CalculatedEstimate,ChapelSeatingAndAltarFurnishings,,Mixed_Chapel_8mm,CalculatedEstimateChapelSeatingAndAltarFurnishingsMixed_Chapel_8mmInternalMassDef
ApartmentMidRise COMPACT HVAC-ALWAYS 4,Unknown,,Default|WntrDsn|SmrDsn,41640,42004,Constant,4,,,,,,,,,,,,,,,,,,,,,,,,From DOE Prototype Buildings,0.06,0.0003048,,,,Washington State Mechanical Code TABLE 403.3.1.1,Sports and amusement - Health club/aerobics room,,,Washington State Mechanical Code TABLE 403.3.1.1Sports and amusement - Health club/aerobics roomVent,1.4,15.12,0,0.5,0,COMNET-REV9,,DOEPrototype,COMNET-REV9DOEPrototypeSS Assisted Living - Recreation RoomElectricalEquipDef,NECB-B-Electric-Equipment,1.77,19.05,0.37,0.2,Washington State Energy Code Commercial TABLE C405.4.2,,Facility for the visually impaired - In a recreation room (and not used primarily by the staff),Washington State Energy Code Commercial TABLE C405.4.2Facility for the visually impaired - In a recreation room (and not used primarily by the staff)LightingDef,NECB-B-Lighting,,,,,,,,,,,,0.049225,2.32E-05,PNNL-,NECB 2011,DOE_Prototype,Space Function_Hospital - lounge/recreation,PNNL-NECB 2011DOE_PrototypeSpace Function_Hospital - lounge/recreationInfil,Always On,Space Function,Hospital - lounge/recreation,,3.38,,MediumRough,0.0038,6.76,1572,1213,0.9,0.7,0.7,Mixed_Recreation_4mm,CalculatedEstimate,RecreationRoomFurnitureAndGameTables,,Mixed_Recreation_4mm,CalculatedEstimateRecreationRoomFurnitureAndGameTablesMixed_Recreation_4mmInternalMassDef
ApartmentMidRise Constant Mains Temp Schedule,Unknown,W,Default|WntrDsn|SmrDsn,41640,42004,Constant,12,,,,,,,,,,,,,,,,,,,,,,,,From DOE Prototype Buildings,0.06,0.0003048,,,,Washington State Mechanical Code TABLE 403.3.1.1,Public spaces - Museums/galleries,,,Washington State Mechanical Code TABLE 403.3.1.1Public spaces - Museums/galleriesVent,0.75,8.05,0,0.5,0,COMNET-REV9,,DOEPrototype,COMNET-REV9DOEPrototypeSS Convention Center - Exhibit Space  ElectricalEquipDef,NECB-C-Electric-Equipment,0.61,6.57,0.37,0.2,Washington State Energy Code Commercial TABLE C405.4.2,,Convention center - Exhibit space,Washington State Energy Code Commercial TABLE C405.4.2Convention center - Exhibit spaceLightingDef,NECB-C-Lighting,,,,,,,,,,,,0.049225,2.32E-05,PNNL-,NECB 2011,DOE_Prototype,Space Function_Convention centre - exhibit,PNNL-NECB 2011DOE_PrototypeSpace Function_Convention centre - exhibitInfil,Always On,Space Function,Convention centre - exhibit,,2,,MediumRough,0.0017,7.9,1757,1092,0.9,0.7,0.7,Mixed_Exhibit_2mm,CalculatedEstimate,ConventionExhibitBoothsAndDisplays,,Mixed_Exhibit_2mm,CalculatedEstimateConventionExhibitBoothsAndDisplaysMixed_Exhibit_2mmInternalMassDef
ApartmentMidRise ELEV_LIGHT_FAN_SCH_24_7,Lighting,,Default|WntrDsn|SmrDsn,41640,42004,Constant,1,,,,,,,,,,,,,,,,,,,,,,,,From DOE Prototype Buildings,0.06,0.0003048,,,,Washington State Mechanical Code TABLE 403.3.1.1,"Hotels, motels, resorts and dormitories - Dormitory sleeping area",,,"Washington State Mechanical Code TABLE 403.3.1.1Hotels, motels, resorts and dormitories - Dormitory sleeping areaVent",1.96,21.06,0,0.5,0,COMNET-REV9,,DOEPrototype,COMNET-REV9DOEPrototypeSS Dormitory - Living Quarters  ElectricalEquipDef,NECB-G-Electric-Equipment,0.5,5.38,0.37,0.2,Washington State Energy Code Commercial TABLE C405.4.2,,Dormitory living quarters,Washington State Energy Code Commercial TABLE C405.4.2Dormitory living quartersLightingDef,NECB-G-Lighting,,,,,,,,,,,,0.049225,2.32E-05,PNNL-,NECB 2011,DOE_Prototype,Space Function_Dormitory - living quarters,PNNL-NECB 2011DOE_PrototypeSpace Function_Dormitory - living quartersInfil,Always On,Space Function,Dormitory - living quarters,,4.15,,MediumRough,0.0049,6.7,1266,1256,0.9,0.7,0.7,Mixed_Dormitory_5mm,CalculatedEstimate,DormitoryBedroomFurniture,,Mixed_Dormitory_5mm,CalculatedEstimateDormitoryBedroomFurnitureMixed_Dormitory_5mmInternalMassDef
ApartmentMidRise ELEV_LIGHT_FAN_SCH_ADD_DF,Lighting,,Default,41640,42004,Hourly,0.05,0.05,0.05,0.05,0.1,0.2,0.4,0.5,0.5,0.35,0.15,0.15,0.15,0.15,0.15,0.15,0.35,0.5,0.5,0.4,0.4,0.3,0.2,0.1,From DOE Prototype Buildings,0.06,0.0003048,,,,Washington State Mechanical Code TABLE 403.3.1.1,"Hotels, motels, resorts and dormitories - Dormitory sleeping area",,,"Washington State Mechanical Code TABLE 403.3.1.1Hotels, motels, resorts and dormitories - Dormitory sleeping areaVent",1.54,16.58,0,0.5,0,COMNET-REV9,,DOEPrototype,COMNET-REV9DOEPrototypeSS Fire Station - Sleeping Quarters  ElectricalEquipDef,NECB-G-Electric-Equipment,0.23,2.48,0.37,0.2,Washington State Energy Code Commercial TABLE C405.4.2,,Fire stations - Sleeping quarters,Washington State Energy Code Commercial TABLE C405.4.2Fire stations - Sleeping quartersLightingDef,NECB-G-Lighting,,,,,,,,,,,,0.049225,2.32E-05,PNNL-,NECB 2011,DOE_Prototype,Space Function_Fire station - quarters,PNNL-NECB 2011DOE_PrototypeSpace Function_Fire station - quartersInfil,Always On,Space Function,Fire station - quarters,,2.03,,Smooth,0.0015,28.4,3803,996,0.9,0.7,0.7,Steel_FireStation_2mm,CalculatedEstimate,FireStationBunkAndLockerFurniture,,Steel_FireStation_2mm,CalculatedEstimateFireStationBunkAndLockerFurnitureSteel_FireStation_2mmInternalMassDef
ApartmentMidRise ELEV_LIGHT_FAN_SCH_ADD_DF,Lighting,,SmrDsn,41640,42004,Constant,0.5,,,,,,,,,,,,,,,,,,,,,,,,From DOE Prototype Buildings,0.06,0.0003048,,,,Washington State Mechanical Code TABLE 403.3.1.1,Sports and amusement - Health club/aerobics room,,,Washington State Mechanical Code TABLE 403.3.1.1Sports and amusement - Health club/aerobics roomVent,0.67,7.26,0,0.5,0,COMNET-REV9,,DOEPrototype,COMNET-REV9DOEPrototypeSS Gymnasium/Fitness Center - Exercise Area  ElectricalEquipDef,NECB-B-Electric-Equipment,0.9,9.69,0.37,0.2,Washington State Energy Code Commercial TABLE C405.4.2,,Gymnasium/fitness center - In an exercise area,Washington State Energy Code Commercial TABLE C405.4.2Gymnasium/fitness center - In an exercise areaLightingDef,NECB-B-Lighting,,,,,,,,,,,,0.049225,2.32E-05,PNNL-,NECB 2011,DOE_Prototype,Space Function_Gym - fitness,PNNL-NECB 2011DOE_PrototypeSpace Function_Gym - fitnessInfil,Always On,Space Function,Gym - fitness,,1.79,,Smooth,0.0024,50.2,6774,571,0.9,0.7,0.7,Steel_Iron_Gym_2mm,CalculatedEstimate,FreeWeightsAndExerciseEquipment,,Steel_Iron_Gym_2mm,CalculatedEstimateFreeWeightsAndExerciseEquipmentSteel_Iron_Gym_2mmInternalMassDef
ApartmentMidRise ELEV_LIGHT_FAN_SCH_ADD_DF,Lighting,,WntrDsn,41640,42004,Constant,0.05,,,,,,,,,,,,,,,,,,,,,,,,From DOE Prototype Buildings,0.18,0.0009144,,,,Washington State Mechanical Code TABLE 403.3.1.1,"Sports and amusement - Gym, stadium, arena (play area)",,,"Washington State Mechanical Code TABLE 403.3.1.1Sports and amusement - Gym, stadium, arena (play area)Vent",0.67,7.26,0,0.5,0,COMNET-REV9,,DOEPrototype,COMNET-REV9DOEPrototypeSS Gymnasium/Fitness Center - Playing Area  ElectricalEquipDef,NECB-B-Electric-Equipment,0.85,9.15,0.37,0.2,Washington State Energy Code Commercial TABLE C405.4.2,,Gymnasium/fitness center - In a playing area,Washington State Energy Code Commercial TABLE C405.4.2Gymnasium/fitness center - In a playing areaLightingDef,NECB-B-Lighting,,,,,,,,,,,,0.049225,2.32E-05,PNNL-,NECB 2011,DOE_Prototype,Space Function_Gym - fitness,PNNL-NECB 2011DOE_PrototypeSpace Function_Gym - fitnessInfil,Always On,Space Function,Gym - fitness,,0.5,,Smooth,0.0013,45.2,6107,662,0.9,0.7,0.7,Steel_Gym_1mm,CalculatedEstimate,GymnasiumPlayingFloorEquipment,,Steel_Gym_1mm,CalculatedEstimateGymnasiumPlayingFloorEquipmentSteel_Gym_1mmInternalMassDef
ApartmentMidRise EQP_APT_SCH,Equipment,,Default|WntrDsn|SmrDsn,41640,42004,Hourly,0.45,0.41,0.39,0.38,0.38,0.43,0.54,0.65,0.66,0.67,0.69,0.7,0.69,0.66,0.65,0.68,0.8,1,1,0.93,0.89,0.85,0.71,0.58,From DOE Prototype Buildings,0.18,0.0009144,,,,ASHRAE 62.1-2019,Outpatient Health Care Facilities - Urgent care triage room,,,ASHRAE 62.1-2019Outpatient Health Care Facilities - Urgent care triage roomVent,1.25,13.44,0,0.5,0,COMNET-REV9,,DOEPrototype,COMNET-REV9DOEPrototypeSS Healthcare - Emergency RoomElectricalEquipDef,NECB-H-Electric-Equipment,1.4,15.07,0.37,0.2,Washington State Energy Code Commercial TABLE C405.4.2,,Health care facility - In an exam/treatment room,Washington State Energy Code Commercial TABLE C405.4.2Health care facility - In an exam/treatment roomLightingDef,NECB-H-Lighting,,,,,,,,,,,,0.049225,2.32E-05,PNNL-,NECB 2011,DOE_Prototype,Space Function_Hospital - emergency,PNNL-NECB 2011DOE_PrototypeSpace Function_Hospital - emergencyInfil,Always On,Space Function,Hospital - emergency,,1.89,,Smooth,0.0011,24.8,4004,914,0.9,0.7,0.7,Steel_Medical_1mm,CalculatedEstimate,EmergencyRoomMedicalEquipment,,Steel_Medical_1mm,CalculatedEstimateEmergencyRoomMedicalEquipmentSteel_Medical_1mmInternalMassDef
ApartmentMidRise EQP_OFF_SCH,Equipment,,Default|WntrDsn|SmrDsn,41640,42004,Constant,0.33,,,,,,,,,,,,,,,,,,,,,,,,From DOE Prototype Buildings,0.18,0.0009144,,,,ASHRAE 62.1-2019,Outpatient Health Care Facilities - Urgent care treatment room,,,ASHRAE 62.1-2019Outpatient Health Care Facilities - Urgent care treatment roomVent,1.25,13.44,0,0.5,0,COMNET-REV9,,DOEPrototype,COMNET-REV9DOEPrototypeSS Healthcare - Exam/Treatment  ElectricalEquipDef,OutPatientHealthCare BLDG_EQUIP_SCH_BASE,1.4,15.07,0.37,0.2,Washington State Energy Code Commercial TABLE C405.4.2,,Health care facility - In an exam/treatment room,Washington State Energy Code Commercial TABLE C405.4.2Health care facility - In an exam/treatment roomLightingDef,OutPatientHealthCare BLDG_LIGHT_EXAM_SCH,,,,,,,,,,,,0.0446,2.10E-05,PNNL-,90.1-2013,DOE_Prototype,Outpatient_Exam,PNNL-90.1-2013DOE_PrototypeOutpatient_ExamInfil,OutPatientHealthCare INFIL_SCH,Outpatient,Exam,,2.3,,Smooth,0.00094,30.3,4812,902,0.9,0.7,0.7,Steel_MedExam_1mm,CalculatedEstimate,ExamTreatmentRoomEquipment,,Steel_MedExam_1mm,CalculatedEstimateExamTreatmentRoomEquipmentSteel_MedExam_1mmInternalMassDef
ApartmentMidRise EQP_OFF_SCH,Equipment,,Wkdy,41640,42004,Hourly,0.33,0.33,0.33,0.33,0.33,0.33,0.33,0.5,1,1,1,1,0.94,1,1,1,1,0.5,0.33,0.33,0.33,0.33,0.33,0.33,From DOE Prototype Buildings,0.12,0.0006096,,,,Washington State Mechanical Code TABLE 403.3.1.1,"Retail stores, sales floors, and showroom floors - Storage rooms",,,"Washington State Mechanical Code TABLE 403.3.1.1Retail stores, sales floors, and showroom floors - Storage roomsVent",1.25,13.44,0,0.5,0,COMNET-REV9,,DOEPrototype,COMNET-REV9DOEPrototypeSS Healthcare - Supply RoomElectricalEquipDef,NECB-H-Electric-Equipment,0.62,6.67,0.37,0.2,Washington State Energy Code Commercial TABLE C405.4.2,,Health care facility - In a medical supply room,Washington State Energy Code Commercial TABLE C405.4.2Health care facility - In a medical supply roomLightingDef,NECB-H-Lighting,,,,,,,,,,,,0.049225,2.32E-05,PNNL-,NECB 2011,DOE_Prototype,Hospital_Hospital - medical supply,PNNL-NECB 2011DOE_PrototypeHospital_Hospital - medical supplyInfil,Always On,Hospital,Hospital - medical supply,,5.95,,Smooth,0.0017,29.9,4600,860,0.9,0.7,0.7,Steel_MedSupply_2mm,CalculatedEstimate,MedicalSupplyShelvingAndCarts,,Steel_MedSupply_2mm,CalculatedEstimateMedicalSupplyShelvingAndCartsSteel_MedSupply_2mmInternalMassDef
ApartmentMidRise Exterior_Lgt_ALWAYS_ON,Unknown,,Default|WntrDsn|SmrDsn,41640,42004,Constant,1,,,,,,,,,,,,,,,,,,,,,,,,From DOE Prototype Buildings,0.06,0.0003048,,,,ASHRAE 62.1-2019,Outpatient Health Care Facilities - Urgent care observation room,,,ASHRAE 62.1-2019Outpatient Health Care Facilities - Urgent care observation roomVent,1.25,13.44,0,0.5,0,COMNET-REV9,,DOEPrototype,COMNET-REV9DOEPrototypeSS Healthcare - Nursery  ElectricalEquipDef,Hospital BLDG_EQUIP_EXTD_SCH,0.92,9.9,0.37,0.2,Washington State Energy Code Commercial TABLE C405.4.2,,Health care facility - In a nursery,Washington State Energy Code Commercial TABLE C405.4.2Health care facility - In a nurseryLightingDef,Hospital BLDG_LIGHT_EXTD_SCH,,,,,,,,,,,,0.0446,2.10E-05,PNNL-,90.1-2013,DOE_Prototype,Hospital_ICU_Open,PNNL-90.1-2013DOE_PrototypeHospital_ICU_OpenInfil,Hospital INFIL_SCH_PNNL,Hospital,ICU_Open,,2.48,,Smooth,0.0012,41.5,3996,921,0.9,0.7,0.7,Steel_Nursery_1mm,CalculatedEstimate,NurseryBassinetsAndEquipment,,Steel_Nursery_1mm,CalculatedEstimateNurseryBassinetsAndEquipmentSteel_Nursery_1mmInternalMassDef
ApartmentMidRise Exterior_Ltg_Sch,Unknown,,Default|WntrDsn|SmrDsn,41640,42004,Hourly,1,1,1,1,1,1,1,0,0,0,0,0,0,0,0,0,0,0,0,1,1,1,1,1,From DOE Prototype Buildings,0.06,0.0003048,,,,ASHRAE 62.1-2019,Office Buildings - Telephone/data entry,,,ASHRAE 62.1-2019Office Buildings - Telephone/data entryVent,1.25,13.44,0,0.5,0,COMNET-REV9,,DOEPrototype,COMNET-REV9DOEPrototypeSS Healthcare - Nurses’ Station  ElectricalEquipDef,Hospital BLDG_EQUIP_SCH,1.17,12.59,0.37,0.2,Washington State Energy Code Commercial TABLE C405.4.2,,Health care facility - In a nurse's station,Washington State Energy Code Commercial TABLE C405.4.2Health care facility - In a nurse's stationLightingDef,Hospital BLDG_LIGHT_NURSEFLR234_SCH,,,,,,,,,,,,0.0446,2.10E-05,PNNL-,90.1-2013,DOE_Prototype,Hospital_Hospital NurseStn,PNNL-90.1-2013DOE_PrototypeHospital_Hospital NurseStnInfil,Hospital INFIL_SCH_PNNL,Hospital,Hospital NurseStn,,3.71,,MediumRough,0.0015,20.2,3433,958,0.9,0.7,0.7,Mixed_NurseStation_2mm,CalculatedEstimate,NursesStationDeskAndEquipment,,Mixed_NurseStation_2mm,CalculatedEstimateNursesStationDeskAndEquipmentMixed_NurseStation_2mmInternalMassDef
ApartmentMidRise Hot Water Setpoint Temp Schedule,Unknown,W,Default|WntrDsn|SmrDsn,41640,42004,Constant,60,,,,,,,,,,,,,,,,,,,,,,,,From DOE Prototype Buildings,0.18,0.0009144,,,,ASHRAE 62.1-2019,Outpatient Health Care Facilities - Dental operatory,,,ASHRAE 62.1-2019Outpatient Health Care Facilities - Dental operatoryVent,1.25,13.44,0,0.5,0,COMNET-REV9,,DOEPrototype,COMNET-REV9DOEPrototypeSS Healthcare - Operating Room  ElectricalEquipDef,Hospital BLDG_EQUIP_EXTD_SCH,2.26,24.33,0.37,0.2,Washington State Energy Code Commercial TABLE C405.4.2,,Health care facility - In an operating room,Washington State Energy Code Commercial TABLE C405.4.2Health care facility - In an operating roomLightingDef,Hospital BLDG_LIGHT_EXTD_SCH,,,,,,,,,,,,0.0446,2.10E-05,PNNL-,90.1-2013,DOE_Prototype,Hospital_Hospital OR,PNNL-90.1-2013DOE_PrototypeHospital_Hospital ORInfil,Hospital INFIL_SCH_PNNL,Hospital,Hospital OR,,2.81,,Smooth,0.0015,62.4,6305,596,0.9,0.7,0.7,Steel_Aluminum_OR_2mm,CalculatedEstimate,OperatingRoomStainlessEquipment,,Steel_Aluminum_OR_2mm,CalculatedEstimateOperatingRoomStainlessEquipmentSteel_Aluminum_OR_2mmInternalMassDef
ApartmentMidRise HTGSETP_APT_SCH,Thermostat Setpoint,C,Default|WntrDsn|SmrDsn,41640,42004,Constant,0,,,,,,,,,,,,,,,,,,,,,,,,From DOE Prototype Buildings,0.06,0.0003048,,,,ASHRAE 62.1-2019,Outpatient Health Care Facilities - Urgent care observation room,,,ASHRAE 62.1-2019Outpatient Health Care Facilities - Urgent care observation roomVent,1.25,13.44,0,0.5,0,COMNET-REV9,,DOEPrototype,COMNET-REV9DOEPrototypeSS Healthcare - Patient Room  ElectricalEquipDef,Hospital BLDG_EQUIP_SCH,0.68,7.32,0.37,0.2,Washington State Energy Code Commercial TABLE C405.4.2,,Health care facility - In a patient room,Washington State Energy Code Commercial TABLE C405.4.2Health care facility - In a patient roomLightingDef,Hospital BLDG_LIGHT_SCH,,,,,,,,,,,,0.0446,2.10E-05,PNNL-,90.1-2013,DOE_Prototype,Hospital_Hospital PatRoom,PNNL-90.1-2013DOE_PrototypeHospital_Hospital PatRoomInfil,Hospital INFIL_SCH_PNNL,Hospital,Hospital PatRoom,,1.22,,MediumRough,0.0254,1.3,309,718,0.9,0.7,0.7,Mixed_Healthcare_PatientRoom_25mm,CalculatedEstimate,PatientRoomBedAndFurnishings,,Mixed_Healthcare_PatientRoom_25mm,CalculatedEstimatePatientRoomBedAndFurnishingsMixed_Healthcare_PatientRoom_25mmInternalMassDef
ApartmentMidRise HTGSETP_OFF_SCH_NO_OPTIMUM,Thermostat Setpoint,C,Default|SmrDsn,41640,42004,Constant,15.6,,,,,,,,,,,,,,,,,,,,,,,,From DOE Prototype Buildings,0.18,0.0009144,,,,ASHRAE 62.1-2019,Outpatient Health Care Facilities - Physical therapy exercise area,,,ASHRAE 62.1-2019Outpatient Health Care Facilities - Physical therapy exercise areaVent,1.25,13.44,0,0.5,0,COMNET-REV9,,DOEPrototype,COMNET-REV9DOEPrototypeSS Healthcare - Physical Therapy  ElectricalEquipDef,Hospital BLDG_EQUIP_SCH,0.91,9.8,0.37,0.2,Washington State Energy Code Commercial TABLE C405.4.2,,Health care facility - In a physical therapy room,Washington State Energy Code Commercial TABLE C405.4.2Health care facility - In a physical therapy roomLightingDef,Hospital BLDG_LIGHT_SCH,,,,,,,,,,,,0.0446,2.10E-05,PNNL-,90.1-2013,DOE_Prototype,Hospital_Hospital PhysTherapy,PNNL-90.1-2013DOE_PrototypeHospital_Hospital PhysTherapyInfil,Hospital INFIL_SCH_PNNL,Hospital,Hospital PhysTherapy,,0.89,,MediumRough,0.0166,4.21,847,581,0.9,0.7,0.7,Mixed_Healthcare_PhysicalTherapy_17mm,CalculatedEstimate,PhysicalTherapyEquipmentAndMats,,Mixed_Healthcare_PhysicalTherapy_17mm,CalculatedEstimatePhysicalTherapyEquipmentAndMatsMixed_Healthcare_PhysicalTherapy_17mmInternalMassDef
ApartmentMidRise HTGSETP_OFF_SCH_NO_OPTIMUM,Thermostat Setpoint,C,Wkdy,41640,42004,Hourly,15.6,15.6,15.6,15.6,15.6,15.6,15.6,21.1,21.1,21.1,21.1,21.1,21.1,21.1,21.1,21.1,21.1,18.3,15.6,15.6,15.6,15.6,15.6,15.6,From DOE Prototype Buildings,0.06,0.0003048,,,,ASHRAE 62.1-2019,Outpatient Health Care Facilities - Urgent care observation room,,,ASHRAE 62.1-2019Outpatient Health Care Facilities - Urgent care observation roomVent,1.25,13.44,0,0.5,0,COMNET-REV9,,DOEPrototype,COMNET-REV9DOEPrototypeSS Healthcare - Recovery RoomElectricalEquipDef,OutPatientHealthCare BLDG_EQUIP_SCH_BASE,1.25,13.46,0.37,0.2,Washington State Energy Code Commercial TABLE C405.4.2,,Health care facility - In a recovery room,Washington State Energy Code Commercial TABLE C405.4.2Health care facility - In a recovery roomLightingDef,OutPatientHealthCare BLDG_LIGHT_EXAM_SCH,,,,,,,,,,,,0.0446,2.10E-05,PNNL-,90.1-2013,DOE_Prototype,Hospital_Outpatient PACU,PNNL-90.1-2013DOE_PrototypeHospital_Outpatient PACUInfil,OutPatientHealthCare INFIL_SCH,Hospital,Outpatient PACU,,1.09,,MediumRough,0.0109,4.21,957,661,0.9,0.7,0.7,Mixed_Healthcare_RecoveryRoom_11mm,CalculatedEstimate,RecoveryRoomBedAndMonitoringEquipment,,Mixed_Healthcare_RecoveryRoom_11mm,CalculatedEstimateRecoveryRoomBedAndMonitoringEquipmentMixed_Healthcare_RecoveryRoom_11mmInternalMassDef
ApartmentMidRise HTGSETP_OFF_SCH_NO_OPTIMUM,Thermostat Setpoint,C,WntrDsn,41640,42004,Hourly,15.6,15.6,15.6,15.6,15.6,15.6,15.6,18.3,21.1,21.1,21.1,21.1,21.1,21.1,21.1,21.1,21.1,18.3,15.6,15.6,15.6,15.6,15.6,15.6,From DOE Prototype Buildings,0.12,0.0006096,,,,Washington State Mechanical Code TABLE 403.3.1.1,Public spaces - Libraries,,,Washington State Mechanical Code TABLE 403.3.1.1Public spaces - LibrariesVent,0.94,10.09,0,0.5,0,COMNET-REV9,,DOEPrototype,COMNET-REV9DOEPrototypeSS Library - Reading Area  ElectricalEquipDef,NECB-C-Electric-Equipment,0.96,10.33,0.37,0.2,Washington State Energy Code Commercial TABLE C405.4.2,,Library - In a reading area,Washington State Energy Code Commercial TABLE C405.4.2Library - In a reading areaLightingDef,NECB-C-Lighting,,,,,,,,,,,,0.049225,2.32E-05,PNNL-,NECB 2011,DOE_Prototype,Space Function_Library - reading,PNNL-NECB 2011DOE_PrototypeSpace Function_Library - readingInfil,Always On,Space Function,Library - reading,,1.54,,MediumRough,0.0221,0.18,344,1399,0.9,0.7,0.7,Mixed_Library_ReadingArea_22mm,CalculatedEstimate,WoodTablesCarrelsAndSeating,,Mixed_Library_ReadingArea_22mm,CalculatedEstimateWoodTablesCarrelsAndSeatingMixed_Library_ReadingArea_22mmInternalMassDef
ApartmentMidRise HTGSETP_OFF_SCH_YES_OPTIMUM,Thermostat Setpoint,C,Default|SmrDsn,41640,42004,Constant,15.6,,,,,,,,,,,,,,,,,,,,,,,,From DOE Prototype Buildings,0.12,0.0006096,,,,Washington State Mechanical Code TABLE 403.3.1.1,Public spaces - Libraries,,,Washington State Mechanical Code TABLE 403.3.1.1Public spaces - LibrariesVent,0.94,10.09,0,0.5,0,COMNET-REV9,,DOEPrototype,COMNET-REV9DOEPrototypeSS Library - Stacks  ElectricalEquipDef,NECB-C-Electric-Equipment,1.1,11.84,0.37,0.2,Washington State Energy Code Commercial TABLE C405.4.2,,Library - In the stacks,Washington State Energy Code Commercial TABLE C405.4.2Library - In the stacksLightingDef,NECB-C-Lighting,,,,,,,,,,,,0.049225,2.32E-05,PNNL-,NECB 2011,DOE_Prototype,Space Function_Library - stacks,PNNL-NECB 2011DOE_PrototypeSpace Function_Library - stacksInfil,Always On,Space Function,Library - stacks,,8.85,,MediumRough,0.0122,1.707,1346,1140,0.9,0.7,0.7,Mixed_Library_Stacks_12mm,CalculatedEstimate,SteelShelvingWithBooks,,Mixed_Library_Stacks_12mm,CalculatedEstimateSteelShelvingWithBooksMixed_Library_Stacks_12mmInternalMassDef
ApartmentMidRise HTGSETP_OFF_SCH_YES_OPTIMUM,Thermostat Setpoint,C,Wkdy,41640,42004,Hourly,15.6,15.6,15.6,15.6,15.6,15.6,15.6,17.8,20,21.1,21.1,21.1,21.1,21.1,21.1,21.1,21.1,18.3,15.6,15.6,15.6,15.6,15.6,15.6,From DOE Prototype Buildings,0.18,0.0009144,,,,ASHRAE 62.1-2019,Miscellaneous Spaces - Manufacturing where hazardous materials are not used,,,ASHRAE 62.1-2019Miscellaneous Spaces - Manufacturing where hazardous materials are not usedVent,0.34,3.71,0.1,0.5,0.1,COMNET-REV9,,Estimate,COMNET-REV9EstimateSS Manufacturing Facility - Detailed Manufacturing  ElectricalEquipDef,NECB-A-Electric-Equipment,0.8,8.61,0.37,0.2,Washington State Energy Code Commercial TABLE C405.4.2,,Manufacturing facility - In a detailed manufacturing area,Washington State Energy Code Commercial TABLE C405.4.2Manufacturing facility - In a detailed manufacturing areaLightingDef,NECB-A-Lighting,,,,,,,,,,,,0.049225,2.32E-05,PNNL-,NECB 2011,DOE_Prototype,Space Function_Mfg - detailed,PNNL-NECB 2011DOE_PrototypeSpace Function_Mfg - detailedInfil,Always On,Space Function,Mfg - detailed,,1.04,,MediumRough,0.0116,40.35,6074,483,0.9,0.7,0.7,Mixed_Manufacturing_Detailed_12mm,CalculatedEstimate,CNCMachineToolsAndWorkbenches,,Mixed_Manufacturing_Detailed_12mm,CalculatedEstimateCNCMachineToolsAndWorkbenchesMixed_Manufacturing_Detailed_12mmInternalMassDef
ApartmentMidRise HTGSETP_OFF_SCH_YES_OPTIMUM,Thermostat Setpoint,C,WntrDsn,41640,42004,Hourly,15.6,15.6,15.6,15.6,15.6,15.6,15.6,18.3,21.1,21.1,21.1,21.1,21.1,21.1,21.1,21.1,21.1,18.3,15.6,15.6,15.6,15.6,15.6,15.6,From DOE Prototype Buildings,,,,,6,Rule of Thumb,Requires engineering analysis per Section 403.3.1.1,,,Rule of ThumbRequires engineering analysis per Section 403.3.1.1Vent,0.34,3.71,0,0.5,0,COMNET-REV9,,DOEPrototype,COMNET-REV9DOEPrototypeSS Manufacturing Facility - Equipment Room  ElectricalEquipDef,NECB-A-Electric-Equipment,0.76,8.18,0.37,0.2,Washington State Energy Code Commercial TABLE C405.4.2,,Manufacturing facility - In an equipment room,Washington State Energy Code Commercial TABLE C405.4.2Manufacturing facility - In an equipment roomLightingDef,NECB-A-Lighting,,,,,,,,,,,,0.049225,2.32E-05,PNNL-,NECB 2011,DOE_Prototype,Space Function_Mfg - equipment,PNNL-NECB 2011DOE_PrototypeSpace Function_Mfg - equipmentInfil,Always On,Space Function,Mfg - equipment,,0.76,,MediumRough,0.0069,40.55,4978,548,0.9,0.7,0.7,Mixed_Manufacturing_EquipRoom_7mm,CalculatedEstimate,CompressorsHPUsAndElectricalPanels,,Mixed_Manufacturing_EquipRoom_7mm,CalculatedEstimateCompressorsHPUsAndElectricalPanelsMixed_Manufacturing_EquipRoom_7mmInternalMassDef
ApartmentMidRise INF_APT_SCH,Unknown,,Default|WntrDsn|SmrDsn,41640,42004,Constant,1,,,,,,,,,,,,,,,,,,,,,,,,From DOE Prototype Buildings,,,,,0.09,ASHRAE 62.1-2019,Miscellaneous Spaces - Manufacturing where hazardous materials are not used,ACH,,ASHRAE 62.1-2019Miscellaneous Spaces - Manufacturing where hazardous materials are not usedACHVent,0.34,3.71,0.1,0.5,0.1,COMNET-REV9,,Estimate,COMNET-REV9EstimateSS Manufacturing Facility - Extra High Bay (>50 ft Floor to Ceiling Height)  ElectricalEquipDef,NECB-A-Electric-Equipment,1.42,15.28,0.37,0.2,Washington State Energy Code Commercial TABLE C405.4.2,,Manufacturing facility - In an extra high bay area (> 50-foot floor-ceiling height),Washington State Energy Code Commercial TABLE C405.4.2Manufacturing facility - In an extra high bay area (> 50-foot floor-ceiling height)LightingDef,NECB-A-Lighting,,,,,,,,,,,,0.049225,2.32E-05,PNNL-,NECB 2011,DOE_Prototype,Space Function_Mfg - bay H > 15m,PNNL-NECB 2011DOE_PrototypeSpace Function_Mfg - bay H > 15mInfil,Always On,Space Function,Mfg - bay H > 15m,,0.67,,MediumRough,0.029,48.41,7474,463,0.9,0.7,0.7,Mixed_Manufacturing_ExtraHighBay_29mm,CalculatedEstimate,OverheadCranesAndHeavyPresses,,Mixed_Manufacturing_ExtraHighBay_29mm,CalculatedEstimateOverheadCranesAndHeavyPressesMixed_Manufacturing_ExtraHighBay_29mmInternalMassDef
ApartmentMidRise INF_COR_SCH,Unknown,,Default|WntrDsn|SmrDsn,41640,42004,Constant,1,,,,,,,,,,,,,,,,,,,,,,,,From DOE Prototype Buildings,,,,,0.09,ASHRAE 62.1-2019,Miscellaneous Spaces - Manufacturing where hazardous materials are not used,ACH,,ASHRAE 62.1-2019Miscellaneous Spaces - Manufacturing where hazardous materials are not usedACHVent,0.34,3.71,0.1,0.5,0.1,COMNET-REV9,,Estimate,COMNET-REV9EstimateSS Manufacturing Facility - High Bay  (25–50 ft Floor to Ceiling  Height)  ElectricalEquipDef,NECB-A-Electric-Equipment,1.24,13.35,0.37,0.2,Washington State Energy Code Commercial TABLE C405.4.2,,Manufacturing facility - In a high bay area (25 - 50-foot floor-ceiling height),Washington State Energy Code Commercial TABLE C405.4.2Manufacturing facility - In a high bay area (25 - 50-foot floor-ceiling height)LightingDef,NECB-A-Lighting,,,,,,,,,,,,0.049225,2.32E-05,PNNL-,NECB 2011,DOE_Prototype,Space Function_Mfg - 7.5 <= bay H <= 15m,PNNL-NECB 2011DOE_PrototypeSpace Function_Mfg - 7.5 <= bay H <= 15mInfil,Always On,Space Function,Mfg - 7.5 <= bay H <= 15m,,0.93,,MediumRough,0.0158,35.21,6079,611,0.9,0.7,0.7,Mixed_Manufacturing_HighBay_16mm,CalculatedEstimate,CranesCuttingTablesAndStorageRacks,,Mixed_Manufacturing_HighBay_16mm,CalculatedEstimateCranesCuttingTablesAndStorageRacksMixed_Manufacturing_HighBay_16mmInternalMassDef
ApartmentMidRise INF_OFF_SCH,Unknown,,Default|WntrDsn|SmrDsn,41640,42004,Constant,1,,,,,,,,,,,,,,,,,,,,,,,,From DOE Prototype Buildings,,,,,0.09,ASHRAE 62.1-2019,Miscellaneous Spaces - Manufacturing where hazardous materials are not used,ACH,,ASHRAE 62.1-2019Miscellaneous Spaces - Manufacturing where hazardous materials are not usedACHVent,0.34,3.71,0.1,0.5,0.1,COMNET-REV9,,Estimate,COMNET-REV9EstimateSS Manufacturing Facility - Low Bay (<25 ft Floor to Ceiling Height)  ElectricalEquipDef,NECB-A-Electric-Equipment,0.86,9.26,0.37,0.2,Washington State Energy Code Commercial TABLE C405.4.2,,Manufacturing facility - In a low bay area (< 25-foot floor-ceiling height),Washington State Energy Code Commercial TABLE C405.4.2Manufacturing facility - In a low bay area (< 25-foot floor-ceiling height)LightingDef,NECB-A-Lighting,,,,,,,,,,,,0.049225,2.32E-05,PNNL-,NECB 2011,DOE_Prototype,Space Function_Mfg - bay H < 7.5m,PNNL-NECB 2011DOE_PrototypeSpace Function_Mfg - bay H < 7.5mInfil,Always On,Space Function,Mfg - bay H < 7.5m,,1.21,,MediumRough,0.0121,41.22,5929,485,0.9,0.7,0.7,Mixed_Manufacturing_LowBay_12mm,CalculatedEstimate,StampingPressesAndInjectionMolders,,Mixed_Manufacturing_LowBay_12mm,CalculatedEstimateStampingPressesAndInjectionMoldersMixed_Manufacturing_LowBay_12mmInternalMassDef
ApartmentMidRise INFIL_Door_Opening_SCH,Infiltration,,Default|WntrDsn|SmrDsn,41640,42004,Hourly,0,0,0,0,0,0,0.144,1,0.144,0.144,0.144,0.144,0.144,0.144,0.144,0.144,0.144,1,0.144,0.144,0.144,0.144,0,0,From DOE Prototype Buildings,0.06,0.0003048,,,,Washington State Mechanical Code TABLE 403.3.1.1,Public spaces - Museums/galleries,,,Washington State Mechanical Code TABLE 403.3.1.1Public spaces - Museums/galleriesVent,0.74,8.02,0,0.5,0,COMNET-REV9,,DOEPrototype,COMNET-REV9DOEPrototypeSS Museum - General Exhibition  ElectricalEquipDef,NECB-C-Electric-Equipment,0.31,3.34,0.37,0.2,Washington State Energy Code Commercial TABLE C405.4.2,,Museum - In a general exhibition area,Washington State Energy Code Commercial TABLE C405.4.2Museum - In a general exhibition areaLightingDef,NECB-C-Lighting,,,,,,,,,,,,0.049225,2.32E-05,PNNL-,NECB 2011,DOE_Prototype,Space Function_Museum - exhibition,PNNL-NECB 2011DOE_PrototypeSpace Function_Museum - exhibitionInfil,Always On,Space Function,Museum - exhibition,,1.18,,MediumRough,0.0133,5.26,846,1136,0.9,0.7,0.7,Mixed_Museum_Exhibition_13mm,CalculatedEstimate,DisplayCasesAndPedestals,,Mixed_Museum_Exhibition_13mm,CalculatedEstimateDisplayCasesAndPedestalsMixed_Museum_Exhibition_13mmInternalMassDef
ApartmentMidRise LTG_APT_SCH,Unknown,,Default|WntrDsn|SmrDsn,41640,42004,Hourly,0.02,0.02,0.02,0.02,0.06,0.13,0.14,0.13,0.06,0.04,0.04,0.04,0.04,0.04,0.04,0.07,0.14,0.2,0.27,0.32,0.32,0.22,0.12,0.05,From DOE Prototype Buildings,0.12,0.0006096,,,,ASHRAE 62.1-2019,Public Assembly Spaces - Museums (children’s),,,ASHRAE 62.1-2019Public Assembly Spaces - Museums (children’s)Vent,0.43,4.61,0,0.5,0,COMNET-REV9,,DOEPrototype,COMNET-REV9DOEPrototypeSS Museum - Restoration  ElectricalEquipDef,NECB-A-Electric-Equipment,1.1,11.84,0.37,0.2,Washington State Energy Code Commercial TABLE C405.4.2,,Museum - In a restoration room,Washington State Energy Code Commercial TABLE C405.4.2Museum - In a restoration roomLightingDef,NECB-A-Lighting,,,,,,,,,,,,0.049225,2.32E-05,PNNL-,NECB 2011,DOE_Prototype,Space Function_Museum - restoration,PNNL-NECB 2011DOE_PrototypeSpace Function_Museum - restorationInfil,Always On,Space Function,Museum - restoration,,1.65,,MediumRough,0.0058,12.26,2395,642,0.9,0.6,0.6,Mixed_Museum_Restoration_6mm,CalculatedEstimate,SteelCaseworkHoodsAndHardwoodBenches,,Mixed_Museum_Restoration_6mm,CalculatedEstimateSteelCaseworkHoodsAndHardwoodBenchesMixed_Museum_Restoration_6mmInternalMassDef
ApartmentMidRise LTG_COR_SCH,Unknown,,Default|WntrDsn|SmrDsn,41640,42004,Constant,1,,,,,,,,,,,,,,,,,,,,,,,,From DOE Prototype Buildings,0.12,0.0006096,,,,ASHRAE 62.1-2019,"Miscellaneous Spaces - Sorting, packing, light assembly",,,"ASHRAE 62.1-2019Miscellaneous Spaces - Sorting, packing, light assemblyVent",1.67,17.96,0,0.5,0,COMNET-REV9,,DOEPrototype,COMNET-REV9DOEPrototypeSS Post Office - Sorting Area  ElectricalEquipDef,NECB-A-Electric-Equipment,0.76,8.18,0.37,0.2,Washington State Energy Code Commercial TABLE C405.4.2,,Post office - Sorting area,Washington State Energy Code Commercial TABLE C405.4.2Post office - Sorting areaLightingDef,NECB-A-Lighting,,,,,,,,,,,,0.049225,2.32E-05,PNNL-,NECB 2011,DOE_Prototype,Space Function_Post office sorting,PNNL-NECB 2011DOE_PrototypeSpace Function_Post office sortingInfil,Always On,Space Function,Post office sorting,,3.09,,MediumRough,0.0016,42.18,6314,491,0.9,0.7,0.7,Mixed_PostOffice_SortingArea_2mm,CalculatedEstimate,FlatSortCasesAndMailHampers,,Mixed_PostOffice_SortingArea_2mm,CalculatedEstimateFlatSortCasesAndMailHampersMixed_PostOffice_SortingArea_2mmInternalMassDef
ApartmentMidRise LTG_OFF_SCH,Unknown,,Default,41640,42004,Constant,0.18,,,,,,,,,,,,,,,,,,,,,,,,From DOE Prototype Buildings,0.06,0.0003048,,,,Washington State Mechanical Code TABLE 403.3.1.1,Public spaces - Places of religious worship,,,Washington State Mechanical Code TABLE 403.3.1.1Public spaces - Places of religious worshipVent,0.3,3.21,0,0.5,0,COMNET-REV9,,DOEPrototype,COMNET-REV9DOEPrototypeSS Religious Building - Fellowship HallElectricalEquipDef,NECB-C-Electric-Equipment,0.54,5.81,0.37,0.2,Washington State Energy Code Commercial TABLE C405.4.2,,Religious building - In a fellowship hall,Washington State Energy Code Commercial TABLE C405.4.2Religious building - In a fellowship hallLightingDef,NECB-C-Lighting,,,,,,,,,,,,0.049225,2.32E-05,PNNL-,NECB 2011,DOE_Prototype,Space Function_Religious - fellowship hall,PNNL-NECB 2011DOE_PrototypeSpace Function_Religious - fellowship hallInfil,Always On,Space Function,Religious - fellowship hall,,1.15,,MediumRough,0.0073,2.614,902,1157,0.9,0.7,0.7,Mixed_ReligiousBuilding_FellowshipHall_7mm,CalculatedEstimate,FoldingTablesAndStackableChairs,,Mixed_ReligiousBuilding_FellowshipHall_7mm,CalculatedEstimateFoldingTablesAndStackableChairsMixed_ReligiousBuilding_FellowshipHall_7mmInternalMassDef
ApartmentMidRise LTG_OFF_SCH,Unknown,,SmrDsn,41640,42004,Constant,1,,,,,,,,,,,,,,,,,,,,,,,,From DOE Prototype Buildings,0.06,0.0003048,,,,Washington State Mechanical Code TABLE 403.3.1.1,Public spaces - Places of religious worship,,,Washington State Mechanical Code TABLE 403.3.1.1Public spaces - Places of religious worshipVent,0.3,3.21,0,0.5,0,COMNET-REV9,,DOEPrototype,COMNET-REV9DOEPrototypeSS Religious Building - Worship/Pulpit/ChoirElectricalEquipDef,NECB-I-Electric-Equipment,0.85,9.15,0.37,0.2,Washington State Energy Code Commercial TABLE C405.4.2,,Religious building - In a worship pulpit/choir area,Washington State Energy Code Commercial TABLE C405.4.2Religious building - In a worship pulpit/choir areaLightingDef,NECB-I-Lighting,,,,,,,,,,,,0.049225,2.32E-05,PNNL-,NECB 2011,DOE_Prototype,Space Function_Religious - pulpit/choir,PNNL-NECB 2011DOE_PrototypeSpace Function_Religious - pulpit/choirInfil,Always On,Space Function,Religious - pulpit/choir,,0.88,,MediumRough,0.0208,0.251,721,1568,0.9,0.7,0.7,Mixed_ReligiousBuilding_WorshipChoir_21mm,CalculatedEstimate,SolidHardwoodPewsAndPulpit,,Mixed_ReligiousBuilding_WorshipChoir_21mm,CalculatedEstimateSolidHardwoodPewsAndPulpitMixed_ReligiousBuilding_WorshipChoir_21mmInternalMassDef
ApartmentMidRise LTG_OFF_SCH,Unknown,,Wkdy,41640,42004,Hourly,0.18,0.18,0.18,0.18,0.18,0.18,0.18,0.18,0.9,0.9,0.9,0.9,0.8,0.9,0.9,0.9,0.9,0.18,0.18,0.18,0.18,0.18,0.18,0.18,From DOE Prototype Buildings,,,0.25,0.000117987,,Washington State Mechanical Code TABLE 403.3.1.1,"Retail stores, sales floors, and showroom floors - Dressing rooms",,,"Washington State Mechanical Code TABLE 403.3.1.1Retail stores, sales floors, and showroom floors - Dressing roomsVent",0.82,8.84,0,0.5,0,COMNET-REV9,,DOEPrototype,COMNET-REV9DOEPrototypeSS Retail - Dressing/Fitting Room  ElectricalEquipDef,NECB-C-Electric-Equipment,0.51,5.49,0.37,0.2,Washington State Energy Code Commercial TABLE C405.4.2,,Retail - In a dressing/fitting room,Washington State Energy Code Commercial TABLE C405.4.2Retail - In a dressing/fitting roomLightingDef,NECB-C-Lighting,,,,,,,,,,,,0.049225,2.32E-05,PNNL-,NECB 2011,DOE_Prototype,Space Function_Retail - dressing/fitting,PNNL-NECB 2011DOE_PrototypeSpace Function_Retail - dressing/fittingInfil,Always On,Space Function,Retail - dressing/fitting,,3.91,,MediumRough,0.0092,0.668,773,1222,0.9,0.7,0.7,Mixed_Retail_DressingRoom_9mm,CalculatedEstimate,MDFStallPartitionsAndMirrors,,Mixed_Retail_DressingRoom_9mm,CalculatedEstimateMDFStallPartitionsAndMirrorsMixed_Retail_DressingRoom_9mmInternalMassDef
ApartmentMidRise LTG_OFF_SCH,Unknown,,WntrDsn,41640,42004,Constant,0,,,,,,,,,,,,,,,,,,,,,,,,From DOE Prototype Buildings,0.06,0.0003048,,,,Washington State Mechanical Code TABLE 403.3.1.1,"Retail stores, sales floors, and showroom floors - Mall common areas",,,"Washington State Mechanical Code TABLE 403.3.1.1Retail stores, sales floors, and showroom floors - Mall common areasVent",0,0,0,0.5,0,COMNET-REV9,,DOEPrototype,COMNET-REV9DOEPrototypeSS Retail - Mall Concourse  ElectricalEquipDef,NECB-C-Electric-Equipment,0.82,8.83,0.37,0.2,Washington State Energy Code Commercial TABLE C405.4.2,,Retail - In a mall concourse,Washington State Energy Code Commercial TABLE C405.4.2Retail - In a mall concourseLightingDef,NECB-C-Lighting,,,,,,,,,,,,0.049225,2.32E-05,PNNL-,NECB 2011,DOE_Prototype,Space Function_Retail - mall concourse,PNNL-NECB 2011DOE_PrototypeSpace Function_Retail - mall concourseInfil,Always On,Space Function,Retail - mall concourse,,0.4,,MediumRough,0.0192,5.444,1338,1154,0.9,0.7,0.7,Mixed_Retail_MallConcourse_19mm,CalculatedEstimate,KiosksBenchesAndConcretePlanters,,Mixed_Retail_MallConcourse_19mm,CalculatedEstimateKiosksBenchesAndConcretePlantersMixed_Retail_MallConcourse_19mmInternalMassDef
ApartmentMidRise N CLGSETP_APT_SCH,Thermostat Setpoint,C,Default|WntrDsn|SmrDsn,41640,42004,Constant,0,,,,,,,,,,,,,,,,,,,,,,,,From DOE Prototype Buildings,0.06,0.0003048,,,,Washington State Mechanical Code TABLE 403.3.1.1,Sports and amusement - Spectator areas,,,Washington State Mechanical Code TABLE 403.3.1.1Sports and amusement - Spectator areasVent,0.67,7.26,0,0.5,0,COMNET-REV9,,DOEPrototype,COMNET-REV9DOEPrototypeSS Sports Arena Playing Area - Class I ElectricalEquipDef,NECB-B-Electric-Equipment,2.94,31.65,0.37,0.2,Washington State Energy Code Commercial TABLE C405.4.2,,Sports arena - Playing area - For a Class 1 facility,Washington State Energy Code Commercial TABLE C405.4.2Sports arena - Playing area - For a Class 1 facilityLightingDef,NECB-B-Lighting,,,,,,,,,,,,0.049225,2.32E-05,PNNL-,NECB 2011,DOE_Prototype,Space Function_Sports arena - court c1,PNNL-NECB 2011DOE_PrototypeSpace Function_Sports arena - court c1Infil,Always On,Space Function,Sports arena - court c1,,0.23,,MediumRough,0.0216,3.077,438,1165,0.9,0.7,0.7,Mixed_SportsArena_PlayingArea_22mm,CalculatedEstimate,PortableGoalsAndBenchesClassI,,Mixed_SportsArena_PlayingArea_22mm,CalculatedEstimatePortableGoalsAndBenchesClassIMixed_SportsArena_PlayingArea_22mmInternalMassDef
ApartmentMidRise N HTGSETP_APT_SCH,Thermostat Setpoint,C,Default|WntrDsn|SmrDsn,41640,42004,Constant,0,,,,,,,,,,,,,,,,,,,,,,,,From DOE Prototype Buildings,0.06,0.0003048,,,,Washington State Mechanical Code TABLE 403.3.1.1,Sports and amusement - Spectator areas,,,Washington State Mechanical Code TABLE 403.3.1.1Sports and amusement - Spectator areasVent,0.67,7.26,0,0.5,0,COMNET-REV9,,DOEPrototype,COMNET-REV9DOEPrototypeSS Sports Arena Playing Area - Class II ElectricalEquipDef,NECB-B-Electric-Equipment,2.01,21.64,0.37,0.2,Washington State Energy Code Commercial TABLE C405.4.2,,Sports arena - Playing area - For a Class 2 facility,Washington State Energy Code Commercial TABLE C405.4.2Sports arena - Playing area - For a Class 2 facilityLightingDef,NECB-B-Lighting,,,,,,,,,,,,0.049225,2.32E-05,PNNL-,NECB 2011,DOE_Prototype,Space Function_Sports arena - court c2,PNNL-NECB 2011DOE_PrototypeSpace Function_Sports arena - court c2Infil,Always On,Space Function,Sports arena - court c2,,0.23,,MediumRough,0.0216,3.077,438,1165,0.9,0.7,0.7,Mixed_SportsArena_PlayingArea_22mm,CalculatedEstimate,PortableGoalsAndBenchesClassII,,Mixed_SportsArena_PlayingArea_22mm,CalculatedEstimatePortableGoalsAndBenchesClassIIMixed_SportsArena_PlayingArea_22mmInternalMassDef
ApartmentMidRise OCC_APT_SCH,Occupancy,,Default|WntrDsn|SmrDsn,41640,42004,Hourly,1,1,1,1,1,1,1,0.85,0.39,0.25,0.25,0.25,0.25,0.25,0.25,0.25,0.3,0.52,0.87,0.87,0.87,1,1,1,From DOE Prototype Buildings,0.06,0.0003048,,,,Washington State Mechanical Code TABLE 403.3.1.1,Sports and amusement - Spectator areas,,,Washington State Mechanical Code TABLE 403.3.1.1Sports and amusement - Spectator areasVent,0.67,7.26,0,0.5,0,COMNET-REV9,,DOEPrototype,COMNET-REV9DOEPrototypeSS Sports Arena Playing Area - Class III ElectricalEquipDef,NECB-B-Electric-Equipment,1.3,13.99,0.37,0.2,Washington State Energy Code Commercial TABLE C405.4.2,,Sports arena - Playing area - For a Class 3 facility,Washington State Energy Code Commercial TABLE C405.4.2Sports arena - Playing area - For a Class 3 facilityLightingDef,NECB-B-Lighting,,,,,,,,,,,,0.049225,2.32E-05,PNNL-,NECB 2011,DOE_Prototype,Space Function_Sports arena - court c3,PNNL-NECB 2011DOE_PrototypeSpace Function_Sports arena - court c3Infil,Always On,Space Function,Sports arena - court c3,,0.23,,MediumRough,0.0216,3.077,438,1165,0.9,0.7,0.7,Mixed_SportsArena_PlayingArea_22mm,CalculatedEstimate,PortableGoalsAndBenchesClassIII,,Mixed_SportsArena_PlayingArea_22mm,CalculatedEstimatePortableGoalsAndBenchesClassIIIMixed_SportsArena_PlayingArea_22mmInternalMassDef
ApartmentMidRise OCC_OFF_SCH,Occupancy,,Default|WntrDsn|SmrDsn,41640,42004,Constant,0,,,,,,,,,,,,,,,,,,,,,,,,From DOE Prototype Buildings,0.06,0.0003048,,,,Washington State Mechanical Code TABLE 403.3.1.1,Sports and amusement - Spectator areas,,,Washington State Mechanical Code TABLE 403.3.1.1Sports and amusement - Spectator areasVent,0.67,7.26,0,0.5,0,COMNET-REV9,,DOEPrototype,COMNET-REV9DOEPrototypeSS Sports Arena Playing Area - Class IVElectricalEquipDef,NECB-B-Electric-Equipment,0.86,9.26,0.37,0.2,Washington State Energy Code Commercial TABLE C405.4.2,,Sports arena - Playing area - For a Class 4 facility,Washington State Energy Code Commercial TABLE C405.4.2Sports arena - Playing area - For a Class 4 facilityLightingDef,NECB-B-Lighting,,,,,,,,,,,,0.049225,2.32E-05,PNNL-,NECB 2011,DOE_Prototype,Space Function_Sports arena - court c4,PNNL-NECB 2011DOE_PrototypeSpace Function_Sports arena - court c4Infil,Always On,Space Function,Sports arena - court c4,,0.23,,MediumRough,0.0216,3.077,438,1165,0.9,0.7,0.7,Mixed_SportsArena_PlayingArea_22mm,CalculatedEstimate,PortableGoalsAndBenchesClassIV,,Mixed_SportsArena_PlayingArea_22mm,CalculatedEstimatePortableGoalsAndBenchesClassIVMixed_SportsArena_PlayingArea_22mmInternalMassDef
ApartmentMidRise OCC_OFF_SCH,Occupancy,,Wkdy,41640,42004,Hourly,0,0,0,0,0,0,0,0,1,1,1,1,0.5,1,1,1,1,0,0,0,0,0,0,0,From DOE Prototype Buildings,0.06,0.0003048,,,,Washington State Mechanical Code TABLE 403.3.1.1,Transportation - Transportation waiting,,,Washington State Mechanical Code TABLE 403.3.1.1Transportation - Transportation waitingVent,0.76,8.2,0,0.5,0,COMNET-REV9,,DOEPrototype,COMNET-REV9DOEPrototypeSS Transportation - Baggage/Carousel Area  ElectricalEquipDef,NECB-H-Electric-Equipment,0.39,4.2,0.37,0.2,Washington State Energy Code Commercial TABLE C405.4.2,,Transportation - In a baggage/carousel area,Washington State Energy Code Commercial TABLE C405.4.2Transportation - In a baggage/carousel areaLightingDef,NECB-H-Lighting,,,,,,,,,,,,0.049225,2.32E-05,PNNL-,NECB 2011,DOE_Prototype,Space Function_Transp. baggage,PNNL-NECB 2011DOE_PrototypeSpace Function_Transp. baggageInfil,Always On,Space Function,Transp. baggage,,0.98,,MediumRough,0.0045,37.62,3363,670,0.9,0.7,0.7,Mixed_Transportation_BaggageCarousel_5mm,CalculatedEstimate,CarouselsAndBaggageCarts,,Mixed_Transportation_BaggageCarousel_5mm,CalculatedEstimateCarouselsAndBaggageCartsMixed_Transportation_BaggageCarousel_5mmInternalMassDef
ApartmentMidRise S CLGSETP_APT_SCH,Thermostat Setpoint,C,Default|WntrDsn|SmrDsn,41640,42004,Constant,0,,,,,,,,,,,,,,,,,,,,,,,,From DOE Prototype Buildings,0.06,0.0003048,,,,Washington State Mechanical Code TABLE 403.3.1.1,Transportation - Transportation waiting,,,Washington State Mechanical Code TABLE 403.3.1.1Transportation - Transportation waitingVent,0.76,8.2,0,0.5,0,COMNET-REV9,,DOEPrototype,COMNET-REV9DOEPrototypeSS Transportation - ConcourseElectricalEquipDef,NECB-H-Electric-Equipment,0.25,2.69,0.37,0.2,Washington State Energy Code Commercial TABLE C405.4.2,,Transportation - In an airport concourse,Washington State Energy Code Commercial TABLE C405.4.2Transportation - In an airport concourseLightingDef,NECB-H-Lighting,,,,,,,,,,,,0.049225,2.32E-05,PNNL-,NECB 2011,DOE_Prototype,Space Function_Transp. concourse,PNNL-NECB 2011DOE_PrototypeSpace Function_Transp. concourseInfil,Always On,Space Function,Transp. concourse,,0.37,,MediumRough,0.005,35.72,2081,857,0.9,0.7,0.7,Mixed_Transportation_Concourse_5mm,CalculatedEstimate,GateSeatingKiosksAndWalkway,,Mixed_Transportation_Concourse_5mm,CalculatedEstimateGateSeatingKiosksAndWalkwayMixed_Transportation_Concourse_5mmInternalMassDef
ApartmentMidRise S HTGSETP_APT_SCH,Thermostat Setpoint,C,Default|WntrDsn|SmrDsn,41640,42004,Constant,0,,,,,,,,,,,,,,,,,,,,,,,,From DOE Prototype Buildings,0.06,0.0003048,,,,Washington State Mechanical Code TABLE 403.3.1.1,Theaters - Ticket booths,,,Washington State Mechanical Code TABLE 403.3.1.1Theaters - Ticket boothsVent,0.76,8.2,0,0.5,0,COMNET-REV9,,DOEPrototype,COMNET-REV9DOEPrototypeSS Transportation - Ticket CounterElectricalEquipDef,NECB-H-Electric-Equipment,0.51,5.49,0.37,0.2,Washington State Energy Code Commercial TABLE C405.4.2,,Transportation - At a terminal ticket counter,Washington State Energy Code Commercial TABLE C405.4.2Transportation - At a terminal ticket counterLightingDef,NECB-H-Lighting,,,,,,,,,,,,0.049225,2.32E-05,PNNL-,NECB 2011,DOE_Prototype,Space Function_Transp. counter,PNNL-NECB 2011DOE_PrototypeSpace Function_Transp. counterInfil,Always On,Space Function,Transp. counter,,1.07,,MediumRough,0.0105,5.172,1374,952,0.9,0.7,0.7,Mixed_Transportation_TicketCounter_11mm,CalculatedEstimate,GraniteCountersAndQueueStanchions,,Mixed_Transportation_TicketCounter_11mm,CalculatedEstimateGraniteCountersAndQueueStanchionsMixed_Transportation_TicketCounter_11mmInternalMassDef
ApartmentMidRise Sliding_Doors_Ventilation_Availability_SCH,Unknown,,Default,41640,42004,Hourly,0,0,0,0,0,0,1,1,1,1,1,1,1,1,1,1,1,1,1,1,1,1,0,0,From DOE Prototype Buildings,0.06,0.0003048,,,,Washington State Mechanical Code TABLE 403.3.1.1,"Retail stores, sales floors, and showroom floors - Warehouses (see Storage)",,,"Washington State Mechanical Code TABLE 403.3.1.1Retail stores, sales floors, and showroom floors - Warehouses (see Storage)Vent",0.31,3.38,0,0.5,0,COMNET-REV9,,DOEPrototype,COMNET-REV9DOEPrototypeSS Warehouse - Medium/Bulky Items on PalletsElectricalEquipDef,NECB-A-Electric-Equipment,0.33,3.55,0.37,0.2,Washington State Energy Code Commercial TABLE C405.4.2,,Warehouse - Storage area - For medium to bulky palletized items,Washington State Energy Code Commercial TABLE C405.4.2Warehouse - Storage area - For medium to bulky palletized itemsLightingDef,NECB-A-Lighting,,,,,,,,,,,,0.049225,2.32E-05,PNNL-,NECB 2011,DOE_Prototype,Space Function_Warehouse - med/blk,PNNL-NECB 2011DOE_PrototypeSpace Function_Warehouse - med/blkInfil,Always On,Space Function,Warehouse - med/blk,,1.15,,MediumRough,0.0464,2.789,1088,1158,0.9,0.7,0.7,Mixed_Warehouse_PalletItems_46mm,CalculatedEstimate,PalletRackingAndStoredGoods,,Mixed_Warehouse_PalletItems_46mm,CalculatedEstimatePalletRackingAndStoredGoodsMixed_Warehouse_PalletItems_46mmInternalMassDef
ApartmentMidRise Sliding_Doors_Ventilation_Availability_SCH,Unknown,,WntrDsn|SmrDsn,41640,42004,Constant,0,,,,,,,,,,,,,,,,,,,,,,,,From DOE Prototype Buildings,0.06,0.0003048,,,,Washington State Mechanical Code TABLE 403.3.1.1,"Retail stores, sales floors, and showroom floors - Warehouses (see Storage)",,,"Washington State Mechanical Code TABLE 403.3.1.1Retail stores, sales floors, and showroom floors - Warehouses (see Storage)Vent",0.31,3.38,0,0.5,0,COMNET-REV9,,DOEPrototype,COMNET-REV9DOEPrototypeSS Warehouse - Smaller Hand Carried ItemsElectricalEquipDef,NECB-A-Electric-Equipment,0.69,7.43,0.37,0.2,Washington State Energy Code Commercial TABLE C405.4.2,,"Warehouse - Storage area - For smaller, hand-carried items","Washington State Energy Code Commercial TABLE C405.4.2Warehouse - Storage area - For smaller, hand-carried itemsLightingDef",NECB-A-Lighting,,,,,,,,,,,,0.049225,2.32E-05,PNNL-,NECB 2011,DOE_Prototype,Space Function_Warehouse - fine,PNNL-NECB 2011DOE_PrototypeSpace Function_Warehouse - fineInfil,Always On,Space Function,Warehouse - fine,,1.92,,MediumRough,0.0101,4.073,1303,1027,0.9,0.7,0.7,Mixed_Warehouse_HandCarryItems_10mm,CalculatedEstimate,BoltlessShelvingAndBinStorage,,Mixed_Warehouse_HandCarryItems_10mm,CalculatedEstimateBoltlessShelvingAndBinStorageMixed_Warehouse_HandCarryItems_10mmInternalMassDef
FullServiceRestaurant Bldg Equip,Equipment,,Default|Sun|Wkdy,41640,42004,Hourly,0.1,0.1,0.1,0.1,0.1,0.1,0.25,0.35,0.35,0.25,0.35,0.35,0.35,0.25,0.25,0.25,0.35,0.35,0.35,0.25,0.25,0.25,0.25,0.25,From DOE Reference Buildings ,0.12,0.0006096,0.7,0.000330363,,Washington State Mechanical Code TABLE 403.3.1.1,Food and beverage service_Kitchens (cooking),,,Washington State Mechanical Code TABLE 403.3.1.1Food and beverage service_Kitchens (cooking)Vent,10.28,110.63,0.25,0.3,0.2,COMNET-REV9,California Commercial End-Use Survey (CEUS),DOEPrototype,COMNET-REV9California Commercial End-Use Survey (CEUS)DOEPrototypeCS Food Preparation - Electric CookingElectricalEquipDef,NECB-B-Electric-Equipment,1.09,11.73,0.37,0.2,Washington State Energy Code Commercial TABLE C405.4.2,,Food preparation,Washington State Energy Code Commercial TABLE C405.4.2Food preparationLightingDef,NECB-B-Lighting,,,,,,,,,,,,0.049225,2.32E-05,PNNL-,NECB 2011,DOE_Prototype,Space Function_Food preparation,PNNL-NECB 2011DOE_PrototypeSpace Function_Food preparationInfil,Always On,Space Function,Food preparation,,1.6,,MediumRough,0.0063,16.8,2640,512,0.9,0.7,0.7,Mixed_FoodPrep_ElectricCooking_6mm,CalculatedEstimate,CommercialKitchenEquipmentSameAsGasCooking,,Mixed_FoodPrep_ElectricCooking_6mm,CalculatedEstimateCommercialKitchenEquipmentSameAsGasCookingMixed_FoodPrep_ElectricCooking_6mmInternalMassDef
FullServiceRestaurant Bldg Equip,Equipment,,SmrDsn,41640,42004,Constant,0.35,,,,,,,,,,,,,,,,,,,,,,,,From DOE Reference Buildings ,,,,,,,,,,,,,,,,,,,,,,,,,,,,,,,,,,,,,,,,,,,,,,,,,,,,,,,,,,,,,,,,,,,
FullServiceRestaurant Bldg Equip,Equipment,,WntrDsn,41640,42004,Constant,0,,,,,,,,,,,,,,,,,,,,,,,,From DOE Reference Buildings ,,,,,,,,,,,,,,,,,,,,,,,,,,,,,,,,,,,,,,,,,,,,,,,,,,,,,,,,,,,,,,,,,,,
FullServiceRestaurant Bldg Light,Lighting,,Default,41640,42004,Hourly,0.45,0.15,0.15,0.15,0.15,0.45,0.9,0.9,0.9,0.9,0.9,0.9,0.9,0.9,0.9,0.9,0.9,0.9,0.9,0.9,0.9,0.9,0.9,0.9,From DOE Reference Buildings ,,,,,,,,,,,,,,,,,,,,,,,,,,,,,,,,,,,,,,,,,,,,,,,,,,,,,,,,,,,,,,,,,,,
FullServiceRestaurant Bldg Light,Lighting,,SmrDsn,41640,42004,Constant,1,,,,,,,,,,,,,,,,,,,,,,,,From DOE Reference Buildings ,,,,,,,,,,,,,,,,,,,,,,,,,,,,,,,,,,,,,,,,,,,,,,,,,,,,,,,,,,,,,,,,,,,
FullServiceRestaurant Bldg Light,Lighting,,WntrDsn,41640,42004,Constant,0,,,,,,,,,,,,,,,,,,,,,,,,From DOE Reference Buildings ,,,,,,,,,,,,,,,,,,,,,,,,,,,,,,,,,,,,,,,,,,,,,,,,,,,,,,,,,,,,,,,,,,,
FullServiceRestaurant Bldg Occ,Occupancy,,Default,41640,42004,Hourly,0.05,0,0,0,0,0.05,0.1,0.4,0.4,0.4,0.2,0.5,0.8,0.7,0.4,0.2,0.25,0.5,0.8,0.8,0.8,0.5,0.35,0.2,From DOE Reference Buildings ,,,,,,,,,,,,,,,,,,,,,,,,,,,,,,,,,,,,,,,,,,,,,,,,,,,,,,,,,,,,,,,,,,,
FullServiceRestaurant Bldg Occ,Occupancy,,Sat,41640,42004,Hourly,0.05,0,0,0,0,0,0.05,0.5,0.5,0.4,0.2,0.45,0.5,0.5,0.35,0.3,0.3,0.3,0.7,0.9,0.7,0.65,0.55,0.35,From DOE Reference Buildings ,,,,,,,,,,,,,,,,,,,,,,,,,,,,,,,,,,,,,,,,,,,,,,,,,,,,,,,,,,,,,,,,,,,
FullServiceRestaurant Bldg Occ,Occupancy,,SmrDsn,41640,42004,Constant,1,,,,,,,,,,,,,,,,,,,,,,,,From DOE Reference Buildings ,,,,,,,,,,,,,,,,,,,,,,,,,,,,,,,,,,,,,,,,,,,,,,,,,,,,,,,,,,,,,,,,,,,
FullServiceRestaurant Bldg Occ,Occupancy,,Sun,41640,42004,Hourly,0.05,0,0,0,0,0,0.05,0.5,0.5,0.2,0.2,0.3,0.5,0.5,0.3,0.2,0.25,0.35,0.55,0.65,0.7,0.35,0.2,0.2,From DOE Reference Buildings ,,,,,,,,,,,,,,,,,,,,,,,,,,,,,,,,,,,,,,,,,,,,,,,,,,,,,,,,,,,,,,,,,,,
FullServiceRestaurant Bldg Occ,Occupancy,,WntrDsn,41640,42004,Constant,0,,,,,,,,,,,,,,,,,,,,,,,,From DOE Reference Buildings ,,,,,,,,,,,,,,,,,,,,,,,,,,,,,,,,,,,,,,,,,,,,,,,,,,,,,,,,,,,,,,,,,,,
FullServiceRestaurant Bldg Swh,Service Water Heating,,Default|SmrDsn,41640,42004,Hourly,0.2,0,0,0,0,0,0.15,0.6,0.55,0.45,0.4,0.45,0.4,0.35,0.3,0.3,0.3,0.4,0.55,0.6,0.5,0.55,0.45,0.25,From DOE Reference Buildings ,,,,,,,,,,,,,,,,,,,,,,,,,,,,,,,,,,,,,,,,,,,,,,,,,,,,,,,,,,,,,,,,,,,
FullServiceRestaurant Bldg Swh,Service Water Heating,,Sun,41640,42004,Hourly,0.25,0,0,0,0,0,0.15,0.15,0.15,0.15,0.5,0.5,0.4,0.4,0.3,0.3,0.3,0.4,0.5,0.5,0.4,0.5,0.4,0.2,From DOE Reference Buildings ,,,,,,,,,,,,,,,,,,,,,,,,,,,,,,,,,,,,,,,,,,,,,,,,,,,,,,,,,,,,,,,,,,,
FullServiceRestaurant Bldg Swh,Service Water Heating,,WntrDsn|Sat,41640,42004,Hourly,0.2,0,0,0,0,0,0.15,0.15,0.15,0.5,0.45,0.5,0.5,0.45,0.4,0.4,0.35,0.4,0.55,0.55,0.5,0.55,0.4,0.3,From DOE Reference Buildings ,,,,,,,,,,,,,,,,,,,,,,,,,,,,,,,,,,,,,,,,,,,,,,,,,,,,,,,,,,,,,,,,,,,
FullServiceRestaurant ClgSetp,Thermostat Setpoint,C,Default|SmrDsn,41640,42004,Hourly,24,30,30,30,30,24,24,24,24,24,24,24,24,24,24,24,24,24,24,24,24,24,24,24,From DOE Reference Buildings ,,,,,,,,,,,,,,,,,,,,,,,,,,,,,,,,,,,,,,,,,,,,,,,,,,,,,,,,,,,,,,,,,,,
FullServiceRestaurant ClgSetp,Thermostat Setpoint,C,WntrDsn,41640,42004,Constant,30,,,,,,,,,,,,,,,,,,,,,,,,From DOE Reference Buildings ,,,,,,,,,,,,,,,,,,,,,,,,,,,,,,,,,,,,,,,,,,,,,,,,,,,,,,,,,,,,,,,,,,,
FullServiceRestaurant ClgSetp Kitchen,Thermostat Setpoint,C,Default|SmrDsn,41640,42004,Hourly,26,30,30,30,30,26,26,26,26,26,26,26,26,26,26,26,26,26,26,26,26,26,26,26,From DOE Reference Buildings ,,,,,,,,,,,,,,,,,,,,,,,,,,,,,,,,,,,,,,,,,,,,,,,,,,,,,,,,,,,,,,,,,,,
FullServiceRestaurant ClgSetp Kitchen,Thermostat Setpoint,C,WntrDsn,41640,42004,Constant,30,,,,,,,,,,,,,,,,,,,,,,,,From DOE Reference Buildings ,,,,,,,,,,,,,,,,,,,,,,,,,,,,,,,,,,,,,,,,,,,,,,,,,,,,,,,,,,,,,,,,,,,
FullServiceRestaurant Clothing,Clothing,,Default|WntrDsn,41640,42004,Constant,1,,,,,,,,,,,,,,,,,,,,,,,,From DOE Reference Buildings ,,,,,,,,,,,,,,,,,,,,,,,,,,,,,,,,,,,,,,,,,,,,,,,,,,,,,,,,,,,,,,,,,,,
FullServiceRestaurant Clothing,Clothing,,SmrDsn,41640,42004,Constant,0.5,,,,,,,,,,,,,,,,,,,,,,,,From DOE Reference Buildings ,,,,,,,,,,,,,,,,,,,,,,,,,,,,,,,,,,,,,,,,,,,,,,,,,,,,,,,,,,,,,,,,,,,
FullServiceRestaurant Clothing,Clothing,,Wknd|Wkdy,41913,42004,Constant,1,,,,,,,,,,,,,,,,,,,,,,,,From DOE Reference Buildings ,,,,,,,,,,,,,,,,,,,,,,,,,,,,,,,,,,,,,,,,,,,,,,,,,,,,,,,,,,,,,,,,,,,
FullServiceRestaurant Clothing,Clothing,,Wknd|Wkdy,41760,41912,Constant,0.5,,,,,,,,,,,,,,,,,,,,,,,,From DOE Reference Buildings ,,,,,,,,,,,,,,,,,,,,,,,,,,,,,,,,,,,,,,,,,,,,,,,,,,,,,,,,,,,,,,,,,,,
FullServiceRestaurant Gas Equip,Equipment,,Default|Sun,41640,42004,Hourly,0.02,0.02,0.02,0.02,0.02,0.05,0.1,0.15,0.2,0.15,0.25,0.25,0.25,0.2,0.15,0.2,0.3,0.3,0.3,0.2,0.2,0.15,0.1,0.05,From DOE Reference Buildings ,,,,,,,,,,,,,,,,,,,,,,,,,,,,,,,,,,,,,,,,,,,,,,,,,,,,,,,,,,,,,,,,,,,
FullServiceRestaurant Gas Equip,Equipment,,SmrDsn,41640,42004,Constant,0.25,,,,,,,,,,,,,,,,,,,,,,,,From DOE Reference Buildings ,,,,,,,,,,,,,,,,,,,,,,,,,,,,,,,,,,,,,,,,,,,,,,,,,,,,,,,,,,,,,,,,,,,
FullServiceRestaurant Gas Equip,Equipment,,WntrDsn,41640,42004,Constant,0,,,,,,,,,,,,,,,,,,,,,,,,From DOE Reference Buildings ,,,,,,,,,,,,,,,,,,,,,,,,,,,,,,,,,,,,,,,,,,,,,,,,,,,,,,,,,,,,,,,,,,,
FullServiceRestaurant HtgSetp,Thermostat Setpoint,C,Default,41640,42004,Hourly,21,15.6,15.6,15.6,15.6,21,21,21,21,21,21,21,21,21,21,21,21,21,21,21,21,21,21,21,From DOE Reference Buildings ,,,,,,,,,,,,,,,,,,,,,,,,,,,,,,,,,,,,,,,,,,,,,,,,,,,,,,,,,,,,,,,,,,,
FullServiceRestaurant HtgSetp,Thermostat Setpoint,C,SmrDsn,41640,42004,Constant,15.6,,,,,,,,,,,,,,,,,,,,,,,,From DOE Reference Buildings ,,,,,,,,,,,,,,,,,,,,,,,,,,,,,,,,,,,,,,,,,,,,,,,,,,,,,,,,,,,,,,,,,,,
FullServiceRestaurant HtgSetp,Thermostat Setpoint,C,WntrDsn,41640,42004,Constant,21,,,,,,,,,,,,,,,,,,,,,,,,From DOE Reference Buildings ,,,,,,,,,,,,,,,,,,,,,,,,,,,,,,,,,,,,,,,,,,,,,,,,,,,,,,,,,,,,,,,,,,,
FullServiceRestaurant HtgSetp Kitchen,Thermostat Setpoint,C,Default,41640,42004,Hourly,19,15.6,15.6,15.6,15.6,19,19,19,19,19,19,19,19,19,19,19,19,19,19,19,19,19,19,19,From DOE Reference Buildings ,,,,,,,,,,,,,,,,,,,,,,,,,,,,,,,,,,,,,,,,,,,,,,,,,,,,,,,,,,,,,,,,,,,
FullServiceRestaurant HtgSetp Kitchen,Thermostat Setpoint,C,SmrDsn,41640,42004,Constant,15.6,,,,,,,,,,,,,,,,,,,,,,,,From DOE Reference Buildings ,,,,,,,,,,,,,,,,,,,,,,,,,,,,,,,,,,,,,,,,,,,,,,,,,,,,,,,,,,,,,,,,,,,
FullServiceRestaurant HtgSetp Kitchen,Thermostat Setpoint,C,WntrDsn,41640,42004,Constant,19,,,,,,,,,,,,,,,,,,,,,,,,From DOE Reference Buildings ,,,,,,,,,,,,,,,,,,,,,,,,,,,,,,,,,,,,,,,,,,,,,,,,,,,,,,,,,,,,,,,,,,,
FullServiceRestaurant Infil Half On,Infiltration,,Default|WntrDsn|SmrDsn|Sun|Sat,41640,42004,Hourly,1,1,1,1,1,0.5,0.5,0.5,0.5,0.5,0.5,0.5,0.5,0.5,0.5,0.5,0.5,0.5,0.5,0.5,0.5,0.5,0.5,0.5,From DOE Reference Buildings ,,,,,,,,,,,,,,,,,,,,,,,,,,,,,,,,,,,,,,,,,,,,,,,,,,,,,,,,,,,,,,,,,,,
FullServiceRestaurant Work Eff,Unknown,,Default|WntrDsn|SmrDsn,41640,42004,Constant,0,,,,,,,,,,,,,,,,,,,,,,,,From DOE Reference Buildings ,,,,,,,,,,,,,,,,,,,,,,,,,,,,,,,,,,,,,,,,,,,,,,,,,,,,,,,,,,,,,,,,,,,
Hospital AIR_VELO_SCH,Unknown,W,Default|WntrDsn|SmrDsn,41640,42004,Constant,0.2,,,,,,,,,,,,,,,,,,,,,,,,From DOE Prototype Buildings,,,,,,,,,,,,,,,,,,,,,,,,,,,,,,,,,,,,,,,,,,,,,,,,,,,,,,,,,,,,,,,,,,,
Hospital ALWAYS_OFF,Unknown,,Default|WntrDsn|SmrDsn,41640,42004,Constant,0,,,,,,,,,,,,,,,,,,,,,,,,From DOE Prototype Buildings,,,,,,,,,,,,,,,,,,,,,,,,,,,,,,,,,,,,,,,,,,,,,,,,,,,,,,,,,,,,,,,,,,,
Hospital ALWAYS_ON,Unknown,,Default|WntrDsn|SmrDsn,41640,42004,Constant,1,,,,,,,,,,,,,,,,,,,,,,,,From DOE Prototype Buildings,,,,,,,,,,,,,,,,,,,,,,,,,,,,,,,,,,,,,,,,,,,,,,,,,,,,,,,,,,,,,,,,,,,
Hospital Bldg ClgSetp,Thermostat Setpoint,C,Default|SmrDsn,41640,42004,Hourly,25,25,25,25,25,22.2,22.2,22.2,22.2,22.2,22.2,22.2,22.2,22.2,22.2,22.2,22.2,22.2,25,25,25,25,25,25,From DOE Reference Buildings ,,,,,,,,,,,,,,,,,,,,,,,,,,,,,,,,,,,,,,,,,,,,,,,,,,,,,,,,,,,,,,,,,,,
Hospital Bldg ClgSetp,Thermostat Setpoint,C,Wknd,41640,42004,Constant,25,,,,,,,,,,,,,,,,,,,,,,,,From DOE Reference Buildings ,,,,,,,,,,,,,,,,,,,,,,,,,,,,,,,,,,,,,,,,,,,,,,,,,,,,,,,,,,,,,,,,,,,
Hospital Bldg ClgSetp,Thermostat Setpoint,C,WntrDsn,41640,42004,Hourly,25,25,25,25,25,25,25,22.2,22.2,22.2,22.2,22.2,22.2,22.2,22.2,25,25,25,25,25,25,25,25,25,From DOE Reference Buildings ,,,,,,,,,,,,,,,,,,,,,,,,,,,,,,,,,,,,,,,,,,,,,,,,,,,,,,,,,,,,,,,,,,,
Hospital BLDG ELEVATORS,Elevator,,Default|SmrDsn,41640,42004,Hourly,0.2,0.2,0.2,0.2,0.2,0.2,0.2,0.5,0.75,1,1,1,0.75,1,1,1,1,1,0.52,0.52,0.52,0.28,0.2,0.2,From DOE Reference Buildings ,,,,,,,,,,,,,,,,,,,,,,,,,,,,,,,,,,,,,,,,,,,,,,,,,,,,,,,,,,,,,,,,,,,
Hospital BLDG ELEVATORS,Elevator,,Sun,41640,42004,Hourly,0.2,0.2,0.2,0.2,0.2,0.2,0.2,0.2,0.4,0.4,0.4,0.4,0.4,0.4,0.4,0.4,0.2,0.2,0.2,0.2,0.2,0.2,0.2,0.2,From DOE Reference Buildings ,,,,,,,,,,,,,,,,,,,,,,,,,,,,,,,,,,,,,,,,,,,,,,,,,,,,,,,,,,,,,,,,,,,
Hospital BLDG ELEVATORS,Elevator,,WntrDsn|Sat,41640,42004,Hourly,0.2,0.2,0.2,0.2,0.2,0.2,0.2,0.4,0.46,0.7,0.7,0.7,0.51,0.51,0.51,0.51,0.51,0.25,0.2,0.2,0.2,0.2,0.2,0.2,From DOE Reference Buildings ,,,,,,,,,,,,,,,,,,,,,,,,,,,,,,,,,,,,,,,,,,,,,,,,,,,,,,,,,,,,,,,,,,,
Hospital Bldg Equip,Equipment,,Default|SmrDsn,41640,42004,Hourly,0.3,0.3,0.3,0.3,0.5,0.5,1,1,1,1,1,1,1,1,1,1,1,1,0.5,0.5,0.3,0.3,0.3,0.3,From DOE Reference Buildings ,,,,,,,,,,,,,,,,,,,,,,,,,,,,,,,,,,,,,,,,,,,,,,,,,,,,,,,,,,,,,,,,,,,
Hospital Bldg Equip,Equipment,,Sat,41640,42004,Hourly,0.3,0.3,0.3,0.3,0.3,0.3,0.3,0.5,0.5,0.8,0.8,0.8,0.8,0.8,0.8,0.5,0.5,0.5,0.5,0.5,0.3,0.3,0.3,0.3,From DOE Reference Buildings ,,,,,,,,,,,,,,,,,,,,,,,,,,,,,,,,,,,,,,,,,,,,,,,,,,,,,,,,,,,,,,,,,,,
Hospital Bldg Equip,Equipment,,Sun,41640,42004,Hourly,0.3,0.3,0.3,0.3,0.3,0.3,0.3,0.3,0.5,0.5,0.5,0.5,0.5,0.5,0.5,0.5,0.5,0.3,0.3,0.3,0.3,0.3,0.3,0.3,From DOE Reference Buildings ,,,,,,,,,,,,,,,,,,,,,,,,,,,,,,,,,,,,,,,,,,,,,,,,,,,,,,,,,,,,,,,,,,,
Hospital Bldg Equip,Equipment,,WntrDsn,41640,42004,Constant,0.3,,,,,,,,,,,,,,,,,,,,,,,,From DOE Reference Buildings ,,,,,,,,,,,,,,,,,,,,,,,,,,,,,,,,,,,,,,,,,,,,,,,,,,,,,,,,,,,,,,,,,,,
Hospital Bldg HtgSetp,Thermostat Setpoint,C,Default|SmrDsn,41640,42004,Hourly,18.3,18.3,18.3,18.3,18.3,21.1,21.1,21.1,21.1,21.1,21.1,21.1,21.1,21.1,21.1,21.1,21.1,21.1,18.3,18.3,18.3,18.3,18.3,18.3,From DOE Reference Buildings ,,,,,,,,,,,,,,,,,,,,,,,,,,,,,,,,,,,,,,,,,,,,,,,,,,,,,,,,,,,,,,,,,,,
Hospital Bldg HtgSetp,Thermostat Setpoint,C,Wknd,41640,42004,Constant,18.3,,,,,,,,,,,,,,,,,,,,,,,,From DOE Reference Buildings ,,,,,,,,,,,,,,,,,,,,,,,,,,,,,,,,,,,,,,,,,,,,,,,,,,,,,,,,,,,,,,,,,,,
Hospital Bldg HtgSetp,Thermostat Setpoint,C,WntrDsn,41640,42004,Hourly,18.3,18.3,18.3,18.3,18.3,18.3,18.3,21.1,21.1,21.1,21.1,21.1,21.1,21.1,21.1,18.3,18.3,18.3,18.3,18.3,18.3,18.3,18.3,18.3,From DOE Reference Buildings ,,,,,,,,,,,,,,,,,,,,,,,,,,,,,,,,,,,,,,,,,,,,,,,,,,,,,,,,,,,,,,,,,,,
Hospital Bldg Light,Lighting,,Default,41640,42004,Hourly,0.1,0.1,0.1,0.1,0.1,0.1,0.1,0.5,0.9,0.9,0.9,0.9,0.9,0.9,0.9,0.9,0.3,0.3,0.3,0.3,0.3,0.3,0.3,0.1,From DOE Reference Buildings ,,,,,,,,,,,,,,,,,,,,,,,,,,,,,,,,,,,,,,,,,,,,,,,,,,,,,,,,,,,,,,,,,,,
Hospital Bldg Light,Lighting,,Sat,41640,42004,Hourly,0.1,0.1,0.1,0.1,0.1,0.1,0.1,0.2,0.4,0.4,0.4,0.4,0.4,0.4,0.4,0.4,0.4,0.4,0.1,0.1,0.1,0.1,0.1,0.1,From DOE Reference Buildings ,,,,,,,,,,,,,,,,,,,,,,,,,,,,,,,,,,,,,,,,,,,,,,,,,,,,,,,,,,,,,,,,,,,
Hospital Bldg Light,Lighting,,SmrDsn,41640,42004,Constant,1,,,,,,,,,,,,,,,,,,,,,,,,From DOE Reference Buildings ,,,,,,,,,,,,,,,,,,,,,,,,,,,,,,,,,,,,,,,,,,,,,,,,,,,,,,,,,,,,,,,,,,,
Hospital Bldg Light,Lighting,,Sun,41640,42004,Hourly,0.05,0.05,0.05,0.05,0.05,0.05,0.05,0.05,0.1,0.1,0.1,0.1,0.1,0.1,0.1,0.1,0.05,0.05,0.05,0.05,0.05,0.05,0.05,0.05,From DOE Reference Buildings ,,,,,,,,,,,,,,,,,,,,,,,,,,,,,,,,,,,,,,,,,,,,,,,,,,,,,,,,,,,,,,,,,,,
Hospital Bldg Light,Lighting,,WntrDsn,41640,42004,Constant,0,,,,,,,,,,,,,,,,,,,,,,,,From DOE Reference Buildings ,,,,,,,,,,,,,,,,,,,,,,,,,,,,,,,,,,,,,,,,,,,,,,,,,,,,,,,,,,,,,,,,,,,
Hospital Bldg Occ,Occupancy,,Default|SmrDsn,41640,42004,Hourly,0.05,0.05,0.05,0.05,0.2,0.2,0.5,0.9,0.9,0.9,0.9,0.9,0.9,0.9,0.9,0.9,0.9,0.9,0.5,0.5,0.2,0.2,0.05,0.05,From DOE Reference Buildings ,,,,,,,,,,,,,,,,,,,,,,,,,,,,,,,,,,,,,,,,,,,,,,,,,,,,,,,,,,,,,,,,,,,
Hospital Bldg Occ,Occupancy,,Sun,41640,42004,Hourly,0,0,0,0,0,0,0,0,0.05,0.05,0.05,0.05,0.05,0.05,0.05,0.05,0.05,0,0,0,0,0,0,0,From DOE Reference Buildings ,,,,,,,,,,,,,,,,,,,,,,,,,,,,,,,,,,,,,,,,,,,,,,,,,,,,,,,,,,,,,,,,,,,
Hospital Bldg Occ,Occupancy,,WntrDsn|Sat,41640,42004,Hourly,0.05,0.05,0.05,0.05,0.05,0.05,0.05,0.2,0.2,0.3,0.3,0.3,0.3,0.3,0.3,0.2,0.2,0.2,0.2,0.2,0.05,0.05,0.05,0.05,From DOE Reference Buildings ,,,,,,,,,,,,,,,,,,,,,,,,,,,,,,,,,,,,,,,,,,,,,,,,,,,,,,,,,,,,,,,,,,,
Hospital BLDG_ELEVATORS,Elevator,,Default,41640,42004,Hourly,0.2,0.2,0.2,0.2,0.2,0.2,0.2,0.2,0.4,0.4,0.4,0.4,0.4,0.4,0.4,0.4,0.2,0.2,0.2,0.2,0.2,0.2,0.2,0.2,From DOE Prototype Buildings,,,,,,,,,,,,,,,,,,,,,,,,,,,,,,,,,,,,,,,,,,,,,,,,,,,,,,,,,,,,,,,,,,,
Hospital BLDG_ELEVATORS,Elevator,,Sat,41640,42004,Hourly,0.2,0.2,0.2,0.2,0.2,0.2,0.2,0.4,0.46,0.7,0.7,0.7,0.51,0.51,0.51,0.51,0.51,0.25,0.2,0.2,0.2,0.2,0.2,0.2,From DOE Prototype Buildings,,,,,,,,,,,,,,,,,,,,,,,,,,,,,,,,,,,,,,,,,,,,,,,,,,,,,,,,,,,,,,,,,,,
Hospital BLDG_ELEVATORS,Elevator,,SmrDsn,41640,42004,Constant,1,,,,,,,,,,,,,,,,,,,,,,,,From DOE Prototype Buildings,,,,,,,,,,,,,,,,,,,,,,,,,,,,,,,,,,,,,,,,,,,,,,,,,,,,,,,,,,,,,,,,,,,
Hospital BLDG_ELEVATORS,Elevator,,Wkdy,41640,42004,Hourly,0.2,0.2,0.2,0.2,0.2,0.2,0.2,0.5,0.75,1,1,1,0.75,1,1,1,1,1,0.52,0.52,0.52,0.28,0.2,0.2,From DOE Prototype Buildings,,,,,,,,,,,,,,,,,,,,,,,,,,,,,,,,,,,,,,,,,,,,,,,,,,,,,,,,,,,,,,,,,,,
Hospital BLDG_ELEVATORS,Elevator,,WntrDsn,41640,42004,Constant,0.2,,,,,,,,,,,,,,,,,,,,,,,,From DOE Prototype Buildings,,,,,,,,,,,,,,,,,,,,,,,,,,,,,,,,,,,,,,,,,,,,,,,,,,,,,,,,,,,,,,,,,,,
Hospital BLDG_EQUIP_EXTD_SCH,Equipment,,Default,41640,42004,Hourly,0.4,0.4,0.4,0.4,0.4,0.4,0.4,0.4,0.6,0.6,0.6,0.6,0.6,0.6,0.6,0.6,0.4,0.4,0.4,0.4,0.4,0.4,0.4,0.4,From DOE Prototype Buildings,,,,,,,,,,,,,,,,,,,,,,,,,,,,,,,,,,,,,,,,,,,,,,,,,,,,,,,,,,,,,,,,,,,
Hospital BLDG_EQUIP_EXTD_SCH,Equipment,,Sat,41640,42004,Hourly,0.4,0.4,0.4,0.4,0.4,0.4,0.4,0.5,0.65,0.65,0.65,0.65,0.65,0.65,0.65,0.65,0.65,0.65,0.4,0.4,0.4,0.4,0.4,0.4,From DOE Prototype Buildings,,,,,,,,,,,,,,,,,,,,,,,,,,,,,,,,,,,,,,,,,,,,,,,,,,,,,,,,,,,,,,,,,,,
Hospital BLDG_EQUIP_EXTD_SCH,Equipment,,SmrDsn,41640,42004,Constant,1,,,,,,,,,,,,,,,,,,,,,,,,From DOE Prototype Buildings,,,,,,,,,,,,,,,,,,,,,,,,,,,,,,,,,,,,,,,,,,,,,,,,,,,,,,,,,,,,,,,,,,,
Hospital BLDG_EQUIP_EXTD_SCH,Equipment,,Wkdy,41640,42004,Hourly,0.4,0.4,0.4,0.4,0.4,0.4,0.4,0.7,0.9,0.9,0.9,0.9,0.9,0.9,0.9,0.9,0.6,0.6,0.6,0.6,0.6,0.6,0.6,0.4,From DOE Prototype Buildings,,,,,,,,,,,,,,,,,,,,,,,,,,,,,,,,,,,,,,,,,,,,,,,,,,,,,,,,,,,,,,,,,,,
Hospital BLDG_EQUIP_EXTD_SCH,Equipment,,WntrDsn,41640,42004,Constant,0,,,,,,,,,,,,,,,,,,,,,,,,From DOE Prototype Buildings,,,,,,,,,,,,,,,,,,,,,,,,,,,,,,,,,,,,,,,,,,,,,,,,,,,,,,,,,,,,,,,,,,,
Hospital BLDG_EQUIP_SCH,Equipment,,Default,41640,42004,Hourly,0.3,0.3,0.3,0.3,0.3,0.3,0.3,0.3,0.4,0.4,0.4,0.4,0.4,0.4,0.4,0.4,0.3,0.3,0.3,0.3,0.3,0.3,0.3,0.3,From DOE Prototype Buildings,,,,,,,,,,,,,,,,,,,,,,,,,,,,,,,,,,,,,,,,,,,,,,,,,,,,,,,,,,,,,,,,,,,
Hospital BLDG_EQUIP_SCH,Equipment,,Sat,41640,42004,Hourly,0.4,0.4,0.4,0.4,0.4,0.4,0.4,0.5,0.65,0.65,0.65,0.65,0.65,0.65,0.65,0.65,0.65,0.65,0.4,0.4,0.4,0.4,0.4,0.4,From DOE Prototype Buildings,,,,,,,,,,,,,,,,,,,,,,,,,,,,,,,,,,,,,,,,,,,,,,,,,,,,,,,,,,,,,,,,,,,
Hospital BLDG_EQUIP_SCH,Equipment,,SmrDsn,41640,42004,Constant,1,,,,,,,,,,,,,,,,,,,,,,,,From DOE Prototype Buildings,,,,,,,,,,,,,,,,,,,,,,,,,,,,,,,,,,,,,,,,,,,,,,,,,,,,,,,,,,,,,,,,,,,
Hospital BLDG_EQUIP_SCH,Equipment,,Wkdy,41640,42004,Hourly,0.4,0.4,0.4,0.4,0.4,0.4,0.4,0.7,0.9,0.9,0.9,0.9,0.9,0.9,0.9,0.9,0.6,0.6,0.6,0.6,0.6,0.6,0.6,0.4,From DOE Prototype Buildings,,,,,,,,,,,,,,,,,,,,,,,,,,,,,,,,,,,,,,,,,,,,,,,,,,,,,,,,,,,,,,,,,,,
Hospital BLDG_EQUIP_SCH,Equipment,,WntrDsn,41640,42004,Constant,0,,,,,,,,,,,,,,,,,,,,,,,,From DOE Prototype Buildings,,,,,,,,,,,,,,,,,,,,,,,,,,,,,,,,,,,,,,,,,,,,,,,,,,,,,,,,,,,,,,,,,,,
Hospital BLDG_LIGHT_CORRIDOR_SCH,Lighting,,Default,41640,42004,Hourly,0.5,0.5,0.5,0.5,0.5,0.5,0.5,0.5,0.7,0.7,0.7,0.7,0.7,0.7,0.7,0.7,0.5,0.5,0.5,0.5,0.5,0.5,0.5,0.5,From DOE Prototype Buildings,,,,,,,,,,,,,,,,,,,,,,,,,,,,,,,,,,,,,,,,,,,,,,,,,,,,,,,,,,,,,,,,,,,
Hospital BLDG_LIGHT_CORRIDOR_SCH,Lighting,,Sat,41640,42004,Hourly,0.5,0.5,0.5,0.5,0.5,0.5,0.5,0.5,0.8,0.8,0.8,0.8,0.8,0.8,0.8,0.8,0.8,0.8,0.5,0.5,0.5,0.5,0.5,0.5,From DOE Prototype Buildings,,,,,,,,,,,,,,,,,,,,,,,,,,,,,,,,,,,,,,,,,,,,,,,,,,,,,,,,,,,,,,,,,,,
Hospital BLDG_LIGHT_CORRIDOR_SCH,Lighting,,SmrDsn,41640,42004,Constant,1,,,,,,,,,,,,,,,,,,,,,,,,From DOE Prototype Buildings,,,,,,,,,,,,,,,,,,,,,,,,,,,,,,,,,,,,,,,,,,,,,,,,,,,,,,,,,,,,,,,,,,,
Hospital BLDG_LIGHT_CORRIDOR_SCH,Lighting,,Wkdy,41640,42004,Hourly,0.5,0.5,0.5,0.5,0.5,0.5,0.5,0.5,0.9,0.9,0.9,0.9,0.9,0.9,0.9,0.9,0.5,0.5,0.5,0.5,0.5,0.5,0.5,0.5,From DOE Prototype Buildings,,,,,,,,,,,,,,,,,,,,,,,,,,,,,,,,,,,,,,,,,,,,,,,,,,,,,,,,,,,,,,,,,,,
Hospital BLDG_LIGHT_CORRIDOR_SCH,Lighting,,WntrDsn,41640,42004,Constant,0,,,,,,,,,,,,,,,,,,,,,,,,From DOE Prototype Buildings,,,,,,,,,,,,,,,,,,,,,,,,,,,,,,,,,,,,,,,,,,,,,,,,,,,,,,,,,,,,,,,,,,,
Hospital BLDG_LIGHT_EXAM_SCH,Lighting,,Default,41640,42004,Hourly,0.5,0.5,0.5,0.5,0.5,0.5,0.5,0.5,0.7,0.7,0.7,0.7,0.7,0.7,0.7,0.7,0.5,0.5,0.5,0.5,0.5,0.5,0.5,0.5,From DOE Prototype Buildings,,,,,,,,,,,,,,,,,,,,,,,,,,,,,,,,,,,,,,,,,,,,,,,,,,,,,,,,,,,,,,,,,,,
Hospital BLDG_LIGHT_EXAM_SCH,Lighting,,Sat,41640,42004,Hourly,0.5,0.5,0.5,0.5,0.5,0.5,0.5,0.5,0.8,0.8,0.8,0.8,0.8,0.8,0.8,0.8,0.8,0.8,0.5,0.5,0.5,0.5,0.5,0.5,From DOE Prototype Buildings,,,,,,,,,,,,,,,,,,,,,,,,,,,,,,,,,,,,,,,,,,,,,,,,,,,,,,,,,,,,,,,,,,,
Hospital BLDG_LIGHT_EXAM_SCH,Lighting,,SmrDsn,41640,42004,Constant,1,,,,,,,,,,,,,,,,,,,,,,,,From DOE Prototype Buildings,,,,,,,,,,,,,,,,,,,,,,,,,,,,,,,,,,,,,,,,,,,,,,,,,,,,,,,,,,,,,,,,,,,
Hospital BLDG_LIGHT_EXAM_SCH,Lighting,,Wkdy,41640,42004,Hourly,0.5,0.5,0.5,0.5,0.5,0.5,0.5,0.5,0.9,0.9,0.9,0.9,0.9,0.9,0.9,0.9,0.5,0.5,0.5,0.5,0.5,0.5,0.5,0.5,From DOE Prototype Buildings,,,,,,,,,,,,,,,,,,,,,,,,,,,,,,,,,,,,,,,,,,,,,,,,,,,,,,,,,,,,,,,,,,,
Hospital BLDG_LIGHT_EXAM_SCH,Lighting,,WntrDsn,41640,42004,Constant,0,,,,,,,,,,,,,,,,,,,,,,,,From DOE Prototype Buildings,,,,,,,,,,,,,,,,,,,,,,,,,,,,,,,,,,,,,,,,,,,,,,,,,,,,,,,,,,,,,,,,,,,
Hospital BLDG_LIGHT_EXTD_SCH,Lighting,,Default,41640,42004,Hourly,0.5,0.5,0.5,0.5,0.5,0.5,0.5,0.5,0.7,0.7,0.7,0.7,0.7,0.7,0.7,0.7,0.5,0.5,0.5,0.5,0.5,0.5,0.5,0.5,From DOE Prototype Buildings,,,,,,,,,,,,,,,,,,,,,,,,,,,,,,,,,,,,,,,,,,,,,,,,,,,,,,,,,,,,,,,,,,,
Hospital BLDG_LIGHT_EXTD_SCH,Lighting,,Sat,41640,42004,Hourly,0.5,0.5,0.5,0.5,0.5,0.5,0.5,0.5,0.8,0.8,0.8,0.8,0.8,0.8,0.8,0.8,0.8,0.8,0.5,0.5,0.5,0.5,0.5,0.5,From DOE Prototype Buildings,,,,,,,,,,,,,,,,,,,,,,,,,,,,,,,,,,,,,,,,,,,,,,,,,,,,,,,,,,,,,,,,,,,
Hospital BLDG_LIGHT_EXTD_SCH,Lighting,,SmrDsn,41640,42004,Constant,1,,,,,,,,,,,,,,,,,,,,,,,,From DOE Prototype Buildings,,,,,,,,,,,,,,,,,,,,,,,,,,,,,,,,,,,,,,,,,,,,,,,,,,,,,,,,,,,,,,,,,,,
Hospital BLDG_LIGHT_EXTD_SCH,Lighting,,Wkdy,41640,42004,Hourly,0.5,0.5,0.5,0.5,0.5,0.5,0.5,0.5,0.9,0.9,0.9,0.9,0.9,0.9,0.9,0.9,0.5,0.5,0.5,0.5,0.5,0.5,0.5,0.5,From DOE Prototype Buildings,,,,,,,,,,,,,,,,,,,,,,,,,,,,,,,,,,,,,,,,,,,,,,,,,,,,,,,,,,,,,,,,,,,
Hospital BLDG_LIGHT_EXTD_SCH,Lighting,,WntrDsn,41640,42004,Constant,0,,,,,,,,,,,,,,,,,,,,,,,,From DOE Prototype Buildings,,,,,,,,,,,,,,,,,,,,,,,,,,,,,,,,,,,,,,,,,,,,,,,,,,,,,,,,,,,,,,,,,,,
Hospital BLDG_LIGHT_LOBBYFLR1_SCH,Lighting,,Default,41640,42004,Hourly,0.05,0.05,0.05,0.05,0.05,0.05,0.05,0.05,0.1,0.1,0.1,0.1,0.1,0.1,0.1,0.1,0.05,0.05,0.05,0.05,0.05,0.05,0.05,0.05,From DOE Prototype Buildings,,,,,,,,,,,,,,,,,,,,,,,,,,,,,,,,,,,,,,,,,,,,,,,,,,,,,,,,,,,,,,,,,,,
Hospital BLDG_LIGHT_LOBBYFLR1_SCH,Lighting,,Sat,41640,42004,Hourly,0.1,0.1,0.1,0.1,0.1,0.1,0.1,0.2,0.4,0.4,0.4,0.4,0.4,0.4,0.4,0.4,0.4,0.4,0.1,0.1,0.1,0.1,0.1,0.1,From DOE Prototype Buildings,,,,,,,,,,,,,,,,,,,,,,,,,,,,,,,,,,,,,,,,,,,,,,,,,,,,,,,,,,,,,,,,,,,
Hospital BLDG_LIGHT_LOBBYFLR1_SCH,Lighting,,SmrDsn,41640,42004,Constant,1,,,,,,,,,,,,,,,,,,,,,,,,From DOE Prototype Buildings,,,,,,,,,,,,,,,,,,,,,,,,,,,,,,,,,,,,,,,,,,,,,,,,,,,,,,,,,,,,,,,,,,,
Hospital BLDG_LIGHT_LOBBYFLR1_SCH,Lighting,,Wkdy,41640,42004,Hourly,0.1,0.1,0.1,0.1,0.1,0.1,0.1,0.5,0.9,0.9,0.9,0.9,0.9,0.9,0.9,0.9,0.3,0.3,0.3,0.3,0.3,0.3,0.3,0.1,From DOE Prototype Buildings,,,,,,,,,,,,,,,,,,,,,,,,,,,,,,,,,,,,,,,,,,,,,,,,,,,,,,,,,,,,,,,,,,,
Hospital BLDG_LIGHT_LOBBYFLR1_SCH,Lighting,,WntrDsn,41640,42004,Constant,0,,,,,,,,,,,,,,,,,,,,,,,,From DOE Prototype Buildings,,,,,,,,,,,,,,,,,,,,,,,,,,,,,,,,,,,,,,,,,,,,,,,,,,,,,,,,,,,,,,,,,,,
Hospital BLDG_LIGHT_LOBBYFLR5_SCH,Lighting,,Default,41640,42004,Hourly,0.05,0.05,0.05,0.05,0.05,0.05,0.05,0.05,0.1,0.1,0.1,0.1,0.1,0.1,0.1,0.1,0.05,0.05,0.05,0.05,0.05,0.05,0.05,0.05,From DOE Prototype Buildings,,,,,,,,,,,,,,,,,,,,,,,,,,,,,,,,,,,,,,,,,,,,,,,,,,,,,,,,,,,,,,,,,,,
Hospital BLDG_LIGHT_LOBBYFLR5_SCH,Lighting,,Sat,41640,42004,Hourly,0.1,0.1,0.1,0.1,0.1,0.1,0.1,0.2,0.4,0.4,0.4,0.4,0.4,0.4,0.4,0.4,0.4,0.4,0.1,0.1,0.1,0.1,0.1,0.1,From DOE Prototype Buildings,,,,,,,,,,,,,,,,,,,,,,,,,,,,,,,,,,,,,,,,,,,,,,,,,,,,,,,,,,,,,,,,,,,
Hospital BLDG_LIGHT_LOBBYFLR5_SCH,Lighting,,SmrDsn,41640,42004,Constant,1,,,,,,,,,,,,,,,,,,,,,,,,From DOE Prototype Buildings,,,,,,,,,,,,,,,,,,,,,,,,,,,,,,,,,,,,,,,,,,,,,,,,,,,,,,,,,,,,,,,,,,,
Hospital BLDG_LIGHT_LOBBYFLR5_SCH,Lighting,,Wkdy,41640,42004,Hourly,0.1,0.1,0.1,0.1,0.1,0.1,0.1,0.5,0.9,0.9,0.9,0.9,0.9,0.9,0.9,0.9,0.3,0.3,0.3,0.3,0.3,0.3,0.3,0.1,From DOE Prototype Buildings,,,,,,,,,,,,,,,,,,,,,,,,,,,,,,,,,,,,,,,,,,,,,,,,,,,,,,,,,,,,,,,,,,,
Hospital BLDG_LIGHT_LOBBYFLR5_SCH,Lighting,,WntrDsn,41640,42004,Constant,0,,,,,,,,,,,,,,,,,,,,,,,,From DOE Prototype Buildings,,,,,,,,,,,,,,,,,,,,,,,,,,,,,,,,,,,,,,,,,,,,,,,,,,,,,,,,,,,,,,,,,,,
Hospital BLDG_LIGHT_NURSEFLR1_SCH,Lighting,,Default,41640,42004,Hourly,0.5,0.5,0.5,0.5,0.5,0.5,0.5,0.5,0.7,0.7,0.7,0.7,0.7,0.7,0.7,0.7,0.5,0.5,0.5,0.5,0.5,0.5,0.5,0.5,From DOE Prototype Buildings,,,,,,,,,,,,,,,,,,,,,,,,,,,,,,,,,,,,,,,,,,,,,,,,,,,,,,,,,,,,,,,,,,,
Hospital BLDG_LIGHT_NURSEFLR1_SCH,Lighting,,Sat,41640,42004,Hourly,0.5,0.5,0.5,0.5,0.5,0.5,0.5,0.5,0.8,0.8,0.8,0.8,0.8,0.8,0.8,0.8,0.8,0.8,0.5,0.5,0.5,0.5,0.5,0.5,From DOE Prototype Buildings,,,,,,,,,,,,,,,,,,,,,,,,,,,,,,,,,,,,,,,,,,,,,,,,,,,,,,,,,,,,,,,,,,,
Hospital BLDG_LIGHT_NURSEFLR1_SCH,Lighting,,SmrDsn,41640,42004,Constant,1,,,,,,,,,,,,,,,,,,,,,,,,From DOE Prototype Buildings,,,,,,,,,,,,,,,,,,,,,,,,,,,,,,,,,,,,,,,,,,,,,,,,,,,,,,,,,,,,,,,,,,,
Hospital BLDG_LIGHT_NURSEFLR1_SCH,Lighting,,Wkdy,41640,42004,Hourly,0.5,0.5,0.5,0.5,0.5,0.5,0.5,0.5,0.9,0.9,0.9,0.9,0.9,0.9,0.9,0.9,0.5,0.5,0.5,0.5,0.5,0.5,0.5,0.5,From DOE Prototype Buildings,,,,,,,,,,,,,,,,,,,,,,,,,,,,,,,,,,,,,,,,,,,,,,,,,,,,,,,,,,,,,,,,,,,
Hospital BLDG_LIGHT_NURSEFLR1_SCH,Lighting,,WntrDsn,41640,42004,Constant,0,,,,,,,,,,,,,,,,,,,,,,,,From DOE Prototype Buildings,,,,,,,,,,,,,,,,,,,,,,,,,,,,,,,,,,,,,,,,,,,,,,,,,,,,,,,,,,,,,,,,,,,
Hospital BLDG_LIGHT_NURSEFLR234_SCH,Lighting,,Default,41640,42004,Hourly,0.5,0.5,0.5,0.5,0.5,0.5,0.5,0.5,0.7,0.7,0.7,0.7,0.7,0.7,0.7,0.7,0.5,0.5,0.5,0.5,0.5,0.5,0.5,0.5,From DOE Prototype Buildings,,,,,,,,,,,,,,,,,,,,,,,,,,,,,,,,,,,,,,,,,,,,,,,,,,,,,,,,,,,,,,,,,,,
Hospital BLDG_LIGHT_NURSEFLR234_SCH,Lighting,,Sat,41640,42004,Hourly,0.5,0.5,0.5,0.5,0.5,0.5,0.5,0.5,0.8,0.8,0.8,0.8,0.8,0.8,0.8,0.8,0.8,0.8,0.5,0.5,0.5,0.5,0.5,0.5,From DOE Prototype Buildings,,,,,,,,,,,,,,,,,,,,,,,,,,,,,,,,,,,,,,,,,,,,,,,,,,,,,,,,,,,,,,,,,,,
Hospital BLDG_LIGHT_NURSEFLR234_SCH,Lighting,,SmrDsn,41640,42004,Constant,1,,,,,,,,,,,,,,,,,,,,,,,,From DOE Prototype Buildings,,,,,,,,,,,,,,,,,,,,,,,,,,,,,,,,,,,,,,,,,,,,,,,,,,,,,,,,,,,,,,,,,,,
Hospital BLDG_LIGHT_NURSEFLR234_SCH,Lighting,,Wkdy,41640,42004,Hourly,0.5,0.5,0.5,0.5,0.5,0.5,0.5,0.5,0.9,0.9,0.9,0.9,0.9,0.9,0.9,0.9,0.5,0.5,0.5,0.5,0.5,0.5,0.5,0.5,From DOE Prototype Buildings,,,,,,,,,,,,,,,,,,,,,,,,,,,,,,,,,,,,,,,,,,,,,,,,,,,,,,,,,,,,,,,,,,,
Hospital BLDG_LIGHT_NURSEFLR234_SCH,Lighting,,WntrDsn,41640,42004,Constant,0,,,,,,,,,,,,,,,,,,,,,,,,From DOE Prototype Buildings,,,,,,,,,,,,,,,,,,,,,,,,,,,,,,,,,,,,,,,,,,,,,,,,,,,,,,,,,,,,,,,,,,,
Hospital BLDG_LIGHT_OFFICE_BSMT_SCH,Lighting,,Default,41640,42004,Hourly,0.05,0.05,0.05,0.05,0.05,0.05,0.05,0.05,0.1,0.1,0.1,0.1,0.1,0.1,0.1,0.1,0.05,0.05,0.05,0.05,0.05,0.05,0.05,0.05,From DOE Prototype Buildings,,,,,,,,,,,,,,,,,,,,,,,,,,,,,,,,,,,,,,,,,,,,,,,,,,,,,,,,,,,,,,,,,,,
Hospital BLDG_LIGHT_OFFICE_BSMT_SCH,Lighting,,Sat,41640,42004,Hourly,0.1,0.1,0.1,0.1,0.1,0.1,0.1,0.2,0.4,0.4,0.4,0.4,0.4,0.4,0.4,0.4,0.4,0.4,0.1,0.1,0.1,0.1,0.1,0.1,From DOE Prototype Buildings,,,,,,,,,,,,,,,,,,,,,,,,,,,,,,,,,,,,,,,,,,,,,,,,,,,,,,,,,,,,,,,,,,,
Hospital BLDG_LIGHT_OFFICE_BSMT_SCH,Lighting,,SmrDsn,41640,42004,Constant,1,,,,,,,,,,,,,,,,,,,,,,,,From DOE Prototype Buildings,,,,,,,,,,,,,,,,,,,,,,,,,,,,,,,,,,,,,,,,,,,,,,,,,,,,,,,,,,,,,,,,,,,
Hospital BLDG_LIGHT_OFFICE_BSMT_SCH,Lighting,,Wkdy,41640,42004,Hourly,0.1,0.1,0.1,0.1,0.1,0.1,0.1,0.5,0.9,0.9,0.9,0.9,0.9,0.9,0.9,0.9,0.3,0.3,0.3,0.3,0.3,0.3,0.3,0.1,From DOE Prototype Buildings,,,,,,,,,,,,,,,,,,,,,,,,,,,,,,,,,,,,,,,,,,,,,,,,,,,,,,,,,,,,,,,,,,,
Hospital BLDG_LIGHT_OFFICE_BSMT_SCH,Lighting,,WntrDsn,41640,42004,Constant,0,,,,,,,,,,,,,,,,,,,,,,,,From DOE Prototype Buildings,,,,,,,,,,,,,,,,,,,,,,,,,,,,,,,,,,,,,,,,,,,,,,,,,,,,,,,,,,,,,,,,,,,
Hospital BLDG_LIGHT_OFFICE_SCH,Lighting,,Default,41640,42004,Hourly,0.05,0.05,0.05,0.05,0.05,0.05,0.05,0.05,0.1,0.1,0.1,0.1,0.1,0.1,0.1,0.1,0.05,0.05,0.05,0.05,0.05,0.05,0.05,0.05,From DOE Prototype Buildings,,,,,,,,,,,,,,,,,,,,,,,,,,,,,,,,,,,,,,,,,,,,,,,,,,,,,,,,,,,,,,,,,,,
Hospital BLDG_LIGHT_OFFICE_SCH,Lighting,,Sat,41640,42004,Hourly,0.1,0.1,0.1,0.1,0.1,0.1,0.1,0.2,0.4,0.4,0.4,0.4,0.4,0.4,0.4,0.4,0.4,0.4,0.1,0.1,0.1,0.1,0.1,0.1,From DOE Prototype Buildings,,,,,,,,,,,,,,,,,,,,,,,,,,,,,,,,,,,,,,,,,,,,,,,,,,,,,,,,,,,,,,,,,,,
Hospital BLDG_LIGHT_OFFICE_SCH,Lighting,,SmrDsn,41640,42004,Constant,1,,,,,,,,,,,,,,,,,,,,,,,,From DOE Prototype Buildings,,,,,,,,,,,,,,,,,,,,,,,,,,,,,,,,,,,,,,,,,,,,,,,,,,,,,,,,,,,,,,,,,,,
Hospital BLDG_LIGHT_OFFICE_SCH,Lighting,,Wkdy,41640,42004,Hourly,0.1,0.1,0.1,0.1,0.1,0.1,0.1,0.5,0.9,0.9,0.9,0.9,0.9,0.9,0.9,0.9,0.3,0.3,0.3,0.3,0.3,0.3,0.3,0.1,From DOE Prototype Buildings,,,,,,,,,,,,,,,,,,,,,,,,,,,,,,,,,,,,,,,,,,,,,,,,,,,,,,,,,,,,,,,,,,,
Hospital BLDG_LIGHT_OFFICE_SCH,Lighting,,WntrDsn,41640,42004,Constant,0,,,,,,,,,,,,,,,,,,,,,,,,From DOE Prototype Buildings,,,,,,,,,,,,,,,,,,,,,,,,,,,,,,,,,,,,,,,,,,,,,,,,,,,,,,,,,,,,,,,,,,,
Hospital BLDG_LIGHT_RADIOLOGY_SCH,Lighting,,Default,41640,42004,Hourly,0.05,0.05,0.05,0.05,0.05,0.05,0.05,0.05,0.1,0.1,0.1,0.1,0.1,0.1,0.1,0.1,0.05,0.05,0.05,0.05,0.05,0.05,0.05,0.05,From DOE Prototype Buildings,,,,,,,,,,,,,,,,,,,,,,,,,,,,,,,,,,,,,,,,,,,,,,,,,,,,,,,,,,,,,,,,,,,
Hospital BLDG_LIGHT_RADIOLOGY_SCH,Lighting,,Sat,41640,42004,Hourly,0.1,0.1,0.1,0.1,0.1,0.1,0.1,0.2,0.4,0.4,0.4,0.4,0.4,0.4,0.4,0.4,0.4,0.4,0.1,0.1,0.1,0.1,0.1,0.1,From DOE Prototype Buildings,,,,,,,,,,,,,,,,,,,,,,,,,,,,,,,,,,,,,,,,,,,,,,,,,,,,,,,,,,,,,,,,,,,
Hospital BLDG_LIGHT_RADIOLOGY_SCH,Lighting,,SmrDsn,41640,42004,Constant,1,,,,,,,,,,,,,,,,,,,,,,,,From DOE Prototype Buildings,,,,,,,,,,,,,,,,,,,,,,,,,,,,,,,,,,,,,,,,,,,,,,,,,,,,,,,,,,,,,,,,,,,
Hospital BLDG_LIGHT_RADIOLOGY_SCH,Lighting,,Wkdy,41640,42004,Hourly,0.1,0.1,0.1,0.1,0.1,0.1,0.1,0.5,0.9,0.9,0.9,0.9,0.9,0.9,0.9,0.9,0.3,0.3,0.3,0.3,0.3,0.3,0.3,0.1,From DOE Prototype Buildings,,,,,,,,,,,,,,,,,,,,,,,,,,,,,,,,,,,,,,,,,,,,,,,,,,,,,,,,,,,,,,,,,,,
Hospital BLDG_LIGHT_RADIOLOGY_SCH,Lighting,,WntrDsn,41640,42004,Constant,0,,,,,,,,,,,,,,,,,,,,,,,,From DOE Prototype Buildings,,,,,,,,,,,,,,,,,,,,,,,,,,,,,,,,,,,,,,,,,,,,,,,,,,,,,,,,,,,,,,,,,,,
Hospital BLDG_LIGHT_SCH,Lighting,,Default,41640,42004,Hourly,0.05,0.05,0.05,0.05,0.05,0.05,0.05,0.05,0.1,0.1,0.1,0.1,0.1,0.1,0.1,0.1,0.05,0.05,0.05,0.05,0.05,0.05,0.05,0.05,From DOE Prototype Buildings,,,,,,,,,,,,,,,,,,,,,,,,,,,,,,,,,,,,,,,,,,,,,,,,,,,,,,,,,,,,,,,,,,,
Hospital BLDG_LIGHT_SCH,Lighting,,Sat,41640,42004,Hourly,0.1,0.1,0.1,0.1,0.1,0.1,0.1,0.2,0.4,0.4,0.4,0.4,0.4,0.4,0.4,0.4,0.4,0.4,0.1,0.1,0.1,0.1,0.1,0.1,From DOE Prototype Buildings,,,,,,,,,,,,,,,,,,,,,,,,,,,,,,,,,,,,,,,,,,,,,,,,,,,,,,,,,,,,,,,,,,,
Hospital BLDG_LIGHT_SCH,Lighting,,SmrDsn,41640,42004,Constant,1,,,,,,,,,,,,,,,,,,,,,,,,From DOE Prototype Buildings,,,,,,,,,,,,,,,,,,,,,,,,,,,,,,,,,,,,,,,,,,,,,,,,,,,,,,,,,,,,,,,,,,,
Hospital BLDG_LIGHT_SCH,Lighting,,Wkdy,41640,42004,Hourly,0.1,0.1,0.1,0.1,0.1,0.1,0.1,0.5,0.9,0.9,0.9,0.9,0.9,0.9,0.9,0.9,0.3,0.3,0.3,0.3,0.3,0.3,0.3,0.1,From DOE Prototype Buildings,,,,,,,,,,,,,,,,,,,,,,,,,,,,,,,,,,,,,,,,,,,,,,,,,,,,,,,,,,,,,,,,,,,
Hospital BLDG_LIGHT_SCH,Lighting,,WntrDsn,41640,42004,Constant,0,,,,,,,,,,,,,,,,,,,,,,,,From DOE Prototype Buildings,,,,,,,,,,,,,,,,,,,,,,,,,,,,,,,,,,,,,,,,,,,,,,,,,,,,,,,,,,,,,,,,,,,
Hospital BLDG_OA_FRAC_SCH,OA Air,,Default,41640,42004,Constant,0,,,,,,,,,,,,,,,,,,,,,,,,From DOE Prototype Buildings,,,,,,,,,,,,,,,,,,,,,,,,,,,,,,,,,,,,,,,,,,,,,,,,,,,,,,,,,,,,,,,,,,,
Hospital BLDG_OA_FRAC_SCH,OA Air,,WntrDsn|SmrDsn|Sat|Wkdy,41640,42004,Hourly,0,0,0,0,0,0,0.25,0.25,0.25,0.25,0.25,0.25,0.25,0.25,0.25,0.25,0.25,0.25,0,0,0,0,0,0,From DOE Prototype Buildings,,,,,,,,,,,,,,,,,,,,,,,,,,,,,,,,,,,,,,,,,,,,,,,,,,,,,,,,,,,,,,,,,,,
Hospital BLDG_OCC_EXTD_SCH,Occupancy,,Default,41640,42004,Hourly,0.4,0.4,0.4,0.4,0.4,0.4,0.4,0.4,0.6,0.6,0.6,0.6,0.6,0.6,0.6,0.6,0.4,0.4,0.4,0.4,0.4,0.4,0.4,0.4,From DOE Prototype Buildings,,,,,,,,,,,,,,,,,,,,,,,,,,,,,,,,,,,,,,,,,,,,,,,,,,,,,,,,,,,,,,,,,,,
Hospital BLDG_OCC_EXTD_SCH,Occupancy,,Sat,41640,42004,Hourly,0.4,0.4,0.4,0.4,0.4,0.4,0.4,0.5,0.6,0.6,0.6,0.6,0.6,0.6,0.6,0.6,0.6,0.5,0.5,0.4,0.4,0.4,0.4,0.4,From DOE Prototype Buildings,,,,,,,,,,,,,,,,,,,,,,,,,,,,,,,,,,,,,,,,,,,,,,,,,,,,,,,,,,,,,,,,,,,
Hospital BLDG_OCC_EXTD_SCH,Occupancy,,SmrDsn,41640,42004,Constant,1,,,,,,,,,,,,,,,,,,,,,,,,From DOE Prototype Buildings,,,,,,,,,,,,,,,,,,,,,,,,,,,,,,,,,,,,,,,,,,,,,,,,,,,,,,,,,,,,,,,,,,,
Hospital BLDG_OCC_EXTD_SCH,Occupancy,,Wkdy,41640,42004,Hourly,0.4,0.4,0.4,0.4,0.4,0.4,0.4,0.5,0.6,0.8,0.8,0.8,0.8,0.8,0.8,0.8,0.8,0.6,0.5,0.5,0.4,0.4,0.4,0.4,From DOE Prototype Buildings,,,,,,,,,,,,,,,,,,,,,,,,,,,,,,,,,,,,,,,,,,,,,,,,,,,,,,,,,,,,,,,,,,,
Hospital BLDG_OCC_EXTD_SCH,Occupancy,,WntrDsn,41640,42004,Constant,0,,,,,,,,,,,,,,,,,,,,,,,,From DOE Prototype Buildings,,,,,,,,,,,,,,,,,,,,,,,,,,,,,,,,,,,,,,,,,,,,,,,,,,,,,,,,,,,,,,,,,,,
Hospital BLDG_OCC_SCH,Occupancy,,Default,41640,42004,Hourly,0,0,0,0,0,0,0,0,0.05,0.05,0.05,0.05,0.05,0.05,0.05,0.05,0,0,0,0,0,0,0,0,From DOE Prototype Buildings,,,,,,,,,,,,,,,,,,,,,,,,,,,,,,,,,,,,,,,,,,,,,,,,,,,,,,,,,,,,,,,,,,,
Hospital BLDG_OCC_SCH,Occupancy,,Sat,41640,42004,Hourly,0,0,0,0,0,0,0,0.1,0.3,0.4,0.4,0.4,0.4,0.4,0.4,0.4,0.4,0.1,0.1,0,0,0,0,0,From DOE Prototype Buildings,,,,,,,,,,,,,,,,,,,,,,,,,,,,,,,,,,,,,,,,,,,,,,,,,,,,,,,,,,,,,,,,,,,
Hospital BLDG_OCC_SCH,Occupancy,,SmrDsn,41640,42004,Constant,1,,,,,,,,,,,,,,,,,,,,,,,,From DOE Prototype Buildings,,,,,,,,,,,,,,,,,,,,,,,,,,,,,,,,,,,,,,,,,,,,,,,,,,,,,,,,,,,,,,,,,,,
Hospital BLDG_OCC_SCH,Occupancy,,Wkdy,41640,42004,Hourly,0,0,0,0,0,0,0,0.1,0.5,0.8,0.8,0.8,0.8,0.8,0.8,0.8,0.8,0.5,0.3,0.3,0.2,0.2,0,0,From DOE Prototype Buildings,,,,,,,,,,,,,,,,,,,,,,,,,,,,,,,,,,,,,,,,,,,,,,,,,,,,,,,,,,,,,,,,,,,
Hospital BLDG_OCC_SCH,Occupancy,,WntrDsn,41640,42004,Constant,0,,,,,,,,,,,,,,,,,,,,,,,,From DOE Prototype Buildings,,,,,,,,,,,,,,,,,,,,,,,,,,,,,,,,,,,,,,,,,,,,,,,,,,,,,,,,,,,,,,,,,,,
Hospital BLDG_SWH_EXTD_SCH,Service Water Heating,,Default|WntrDsn|Sat,41640,42004,Hourly,0.3,0.3,0.3,0.3,0.3,0.3,0.3,0.3,0.4,0.5,0.6,0.6,0.6,0.6,0.6,0.6,0.6,0.5,0.3,0.3,0.3,0.3,0.3,0.3,From DOE Prototype Buildings,,,,,,,,,,,,,,,,,,,,,,,,,,,,,,,,,,,,,,,,,,,,,,,,,,,,,,,,,,,,,,,,,,,
Hospital BLDG_SWH_EXTD_SCH,Service Water Heating,,SmrDsn|Wkdy,41640,42004,Hourly,0.3,0.3,0.3,0.3,0.3,0.3,0.3,0.5,0.58,0.66,0.78,0.82,0.71,0.82,0.78,0.74,0.63,0.41,0.35,0.35,0.35,0.3,0.3,0.3,From DOE Prototype Buildings,,,,,,,,,,,,,,,,,,,,,,,,,,,,,,,,,,,,,,,,,,,,,,,,,,,,,,,,,,,,,,,,,,,
Hospital BLDG_SWH_SCH,Service Water Heating,,Default,41640,42004,Hourly,0,0,0,0,0,0,0,0,0.01,0.01,0.01,0.01,0.01,0.01,0.01,0.01,0,0,0,0,0,0,0,0,From DOE Prototype Buildings,,,,,,,,,,,,,,,,,,,,,,,,,,,,,,,,,,,,,,,,,,,,,,,,,,,,,,,,,,,,,,,,,,,
Hospital BLDG_SWH_SCH,Service Water Heating,,SmrDsn|Wkdy,41640,42004,Hourly,0,0,0,0,0,0,0,0.17,0.58,0.66,0.78,0.82,0.71,0.82,0.78,0.74,0.63,0.41,0.18,0.18,0.18,0.1,0,0,From DOE Prototype Buildings,,,,,,,,,,,,,,,,,,,,,,,,,,,,,,,,,,,,,,,,,,,,,,,,,,,,,,,,,,,,,,,,,,,
Hospital BLDG_SWH_SCH,Service Water Heating,,WntrDsn|Sat,41640,42004,Hourly,0,0,0,0,0,0,0,0.01,0.2,0.28,0.3,0.3,0.24,0.24,0.23,0.23,0.23,0.1,0.1,0,0,0,0,0,From DOE Prototype Buildings,,,,,,,,,,,,,,,,,,,,,,,,,,,,,,,,,,,,,,,,,,,,,,,,,,,,,,,,,,,,,,,,,,,
Hospital CLGSETP_SCH,Thermostat Setpoint,C,Default|WntrDsn|SmrDsn,41640,42004,Constant,24,,,,,,,,,,,,,,,,,,,,,,,,From DOE Prototype Buildings,,,,,,,,,,,,,,,,,,,,,,,,,,,,,,,,,,,,,,,,,,,,,,,,,,,,,,,,,,,,,,,,,,,
Hospital Clothing,Clothing,,Default|WntrDsn,41640,42004,Constant,1,,,,,,,,,,,,,,,,,,,,,,,,From DOE Reference Buildings ,,,,,,,,,,,,,,,,,,,,,,,,,,,,,,,,,,,,,,,,,,,,,,,,,,,,,,,,,,,,,,,,,,,
Hospital Clothing,Clothing,,SmrDsn,41640,42004,Constant,0.5,,,,,,,,,,,,,,,,,,,,,,,,From DOE Reference Buildings ,,,,,,,,,,,,,,,,,,,,,,,,,,,,,,,,,,,,,,,,,,,,,,,,,,,,,,,,,,,,,,,,,,,
Hospital Clothing,Clothing,,Wknd|Wkdy,41913,42004,Constant,1,,,,,,,,,,,,,,,,,,,,,,,,From DOE Reference Buildings ,,,,,,,,,,,,,,,,,,,,,,,,,,,,,,,,,,,,,,,,,,,,,,,,,,,,,,,,,,,,,,,,,,,
Hospital Clothing,Clothing,,Wknd|Wkdy,41760,41912,Constant,0.5,,,,,,,,,,,,,,,,,,,,,,,,From DOE Reference Buildings ,,,,,,,,,,,,,,,,,,,,,,,,,,,,,,,,,,,,,,,,,,,,,,,,,,,,,,,,,,,,,,,,,,,
Hospital CLOTHING_SCH,Clothing,W,Default|SmrDsn,41640,42004,Constant,0.5,,,,,,,,,,,,,,,,,,,,,,,,From DOE Prototype Buildings,,,,,,,,,,,,,,,,,,,,,,,,,,,,,,,,,,,,,,,,,,,,,,,,,,,,,,,,,,,,,,,,,,,
Hospital CLOTHING_SCH,Clothing,W,Wknd|Wkdy,41913,42004,Constant,1,,,,,,,,,,,,,,,,,,,,,,,,From DOE Prototype Buildings,,,,,,,,,,,,,,,,,,,,,,,,,,,,,,,,,,,,,,,,,,,,,,,,,,,,,,,,,,,,,,,,,,,
Hospital CLOTHING_SCH,Clothing,W,Wknd|Wkdy,41640,41759,Constant,1,,,,,,,,,,,,,,,,,,,,,,,,From DOE Prototype Buildings,,,,,,,,,,,,,,,,,,,,,,,,,,,,,,,,,,,,,,,,,,,,,,,,,,,,,,,,,,,,,,,,,,,
Hospital CLOTHING_SCH,Clothing,W,WntrDsn,41640,42004,Constant,1,,,,,,,,,,,,,,,,,,,,,,,,From DOE Prototype Buildings,,,,,,,,,,,,,,,,,,,,,,,,,,,,,,,,,,,,,,,,,,,,,,,,,,,,,,,,,,,,,,,,,,,
Hospital CoolingCoilAvailSched,Unknown,,Default|WntrDsn|SmrDsn,41640,42004,Constant,1,,,,,,,,,,,,,,,,,,,,,,,,From DOE Prototype Buildings,,,,,,,,,,,,,,,,,,,,,,,,,,,,,,,,,,,,,,,,,,,,,,,,,,,,,,,,,,,,,,,,,,,
Hospital Cool-Supply-Air-Temp-Sch,Unknown,C,Default|WntrDsn|SmrDsn,41640,42004,Constant,12.8,,,,,,,,,,,,,,,,,,,,,,,,From DOE Prototype Buildings,,,,,,,,,,,,,,,,,,,,,,,,,,,,,,,,,,,,,,,,,,,,,,,,,,,,,,,,,,,,,,,,,,,
Hospital Critical ClgSetp,Thermostat Setpoint,C,Default|WntrDsn|SmrDsn,41640,42004,Constant,22.2,,,,,,,,,,,,,,,,,,,,,,,,From DOE Reference Buildings ,,,,,,,,,,,,,,,,,,,,,,,,,,,,,,,,,,,,,,,,,,,,,,,,,,,,,,,,,,,,,,,,,,,
Hospital Critical Equip,Equipment,,Default|SmrDsn|Sun|Sat,41640,42004,Hourly,0.5,0.5,0.5,0.5,0.5,0.5,1,1,1,1,1,1,1,1,1,1,1,1,0.8,0.8,0.5,0.5,0.5,0.5,From DOE Reference Buildings ,,,,,,,,,,,,,,,,,,,,,,,,,,,,,,,,,,,,,,,,,,,,,,,,,,,,,,,,,,,,,,,,,,,
Hospital Critical Equip,Equipment,,WntrDsn,41640,42004,Constant,0.3,,,,,,,,,,,,,,,,,,,,,,,,From DOE Reference Buildings ,,,,,,,,,,,,,,,,,,,,,,,,,,,,,,,,,,,,,,,,,,,,,,,,,,,,,,,,,,,,,,,,,,,
Hospital Critical HtgSetp,Thermostat Setpoint,C,Default|WntrDsn|SmrDsn,41640,42004,Constant,21.1,,,,,,,,,,,,,,,,,,,,,,,,From DOE Reference Buildings ,,,,,,,,,,,,,,,,,,,,,,,,,,,,,,,,,,,,,,,,,,,,,,,,,,,,,,,,,,,,,,,,,,,
Hospital Critical Light,Lighting,,Default|WntrDsn|SmrDsn|Sun|Sat,41640,42004,Hourly,0.5,0.5,0.5,0.5,0.7,0.7,0.9,0.9,0.9,0.9,0.9,0.9,0.9,0.9,0.9,0.9,0.9,0.9,0.7,0.7,0.7,0.7,0.5,0.5,From DOE Reference Buildings ,,,,,,,,,,,,,,,,,,,,,,,,,,,,,,,,,,,,,,,,,,,,,,,,,,,,,,,,,,,,,,,,,,,
Hospital Critical Occ,Occupancy,,Default|WntrDsn|SmrDsn|Sun|Sat,41640,42004,Hourly,0.4,0.4,0.4,0.4,0.65,0.65,0.9,0.9,0.9,0.9,0.9,0.9,0.9,0.9,0.9,0.9,0.9,0.9,0.65,0.65,0.65,0.65,0.4,0.4,From DOE Reference Buildings ,,,,,,,,,,,,,,,,,,,,,,,,,,,,,,,,,,,,,,,,,,,,,,,,,,,,,,,,,,,,,,,,,,,
Hospital CW-Loop-Temp-Schedule,Unknown,C,Default|WntrDsn|SmrDsn,41640,42004,Constant,6.7,,,,,,,,,,,,,,,,,,,,,,,,From DOE Prototype Buildings,,,,,,,,,,,,,,,,,,,,,,,,,,,,,,,,,,,,,,,,,,,,,,,,,,,,,,,,,,,,,,,,,,,
Hospital Dishwashing Booster Setpoint Temp Schedule,Service Water Heating,W,Default|WntrDsn|SmrDsn,41640,42004,Constant,82.22,,,,,,,,,,,,,,,,,,,,,,,,From DOE Prototype Buildings,,,,,,,,,,,,,,,,,,,,,,,,,,,,,,,,,,,,,,,,,,,,,,,,,,,,,,,,,,,,,,,,,,,
Hospital Dishwashing Booster Water Inlet Temp Schedule,Service Water Heating,W,Default|WntrDsn|SmrDsn,41640,42004,Constant,60,,,,,,,,,,,,,,,,,,,,,,,,From DOE Prototype Buildings,,,,,,,,,,,,,,,,,,,,,,,,,,,,,,,,,,,,,,,,,,,,,,,,,,,,,,,,,,,,,,,,,,,
Hospital Dual Zone Control Type Sched,Unknown,,Default|WntrDsn|SmrDsn,41640,42004,Constant,4,,,,,,,,,,,,,,,,,,,,,,,,From DOE Prototype Buildings,,,,,,,,,,,,,,,,,,,,,,,,,,,,,,,,,,,,,,,,,,,,,,,,,,,,,,,,,,,,,,,,,,,
Hospital ELEV_LIGHT_FAN_SCH_24_7,Lighting,,Default|WntrDsn|SmrDsn,41640,42004,Constant,1,,,,,,,,,,,,,,,,,,,,,,,,From DOE Prototype Buildings,,,,,,,,,,,,,,,,,,,,,,,,,,,,,,,,,,,,,,,,,,,,,,,,,,,,,,,,,,,,,,,,,,,
Hospital ELEV_LIGHT_FAN_SCH_ADD_DF,Lighting,,Default,41640,42004,Hourly,0.2,0.2,0.2,0.2,0.2,0.2,0.2,0.2,0.4,0.4,0.4,0.4,0.4,0.4,0.4,0.4,0.2,0.2,0.2,0.2,0.2,0.2,0.2,0.2,From DOE Prototype Buildings,,,,,,,,,,,,,,,,,,,,,,,,,,,,,,,,,,,,,,,,,,,,,,,,,,,,,,,,,,,,,,,,,,,
Hospital ELEV_LIGHT_FAN_SCH_ADD_DF,Lighting,,Sat,41640,42004,Hourly,0.2,0.2,0.2,0.2,0.2,0.2,0.2,0.4,0.46,0.7,0.7,0.7,0.51,0.51,0.51,0.51,0.51,0.25,0.2,0.2,0.2,0.2,0.2,0.2,From DOE Prototype Buildings,,,,,,,,,,,,,,,,,,,,,,,,,,,,,,,,,,,,,,,,,,,,,,,,,,,,,,,,,,,,,,,,,,,
Hospital ELEV_LIGHT_FAN_SCH_ADD_DF,Lighting,,SmrDsn,41640,42004,Constant,1,,,,,,,,,,,,,,,,,,,,,,,,From DOE Prototype Buildings,,,,,,,,,,,,,,,,,,,,,,,,,,,,,,,,,,,,,,,,,,,,,,,,,,,,,,,,,,,,,,,,,,,
Hospital ELEV_LIGHT_FAN_SCH_ADD_DF,Lighting,,Wkdy,41640,42004,Hourly,0.2,0.2,0.2,0.2,0.2,0.2,0.2,0.5,1,1,1,1,1,1,1,1,1,1,0.52,0.52,0.52,0.28,0.2,0.2,From DOE Prototype Buildings,,,,,,,,,,,,,,,,,,,,,,,,,,,,,,,,,,,,,,,,,,,,,,,,,,,,,,,,,,,,,,,,,,,
Hospital ELEV_LIGHT_FAN_SCH_ADD_DF,Lighting,,WntrDsn,41640,42004,Constant,0.2,,,,,,,,,,,,,,,,,,,,,,,,From DOE Prototype Buildings,,,,,,,,,,,,,,,,,,,,,,,,,,,,,,,,,,,,,,,,,,,,,,,,,,,,,,,,,,,,,,,,,,,
Hospital ER_Exam1_Mult4_Flr_1 sub cat Latent fract sched,Unknown,,Default|WntrDsn|SmrDsn,41640,42004,Constant,0.05,,,,,,,,,,,,,,,,,,,,,,,,From DOE Prototype Buildings,,,,,,,,,,,,,,,,,,,,,,,,,,,,,,,,,,,,,,,,,,,,,,,,,,,,,,,,,,,,,,,,,,,
Hospital ER_Exam1_Mult4_Flr_1 sub cat Sensible fract sched,Unknown,,Default|WntrDsn|SmrDsn,41640,42004,Constant,0.2,,,,,,,,,,,,,,,,,,,,,,,,From DOE Prototype Buildings,,,,,,,,,,,,,,,,,,,,,,,,,,,,,,,,,,,,,,,,,,,,,,,,,,,,,,,,,,,,,,,,,,,
Hospital ER_Exam1_Mult4_Flr_1 sub cat Temp Sched,Unknown,C,Default|WntrDsn|SmrDsn,41640,42004,Constant,60,,,,,,,,,,,,,,,,,,,,,,,,From DOE Prototype Buildings,,,,,,,,,,,,,,,,,,,,,,,,,,,,,,,,,,,,,,,,,,,,,,,,,,,,,,,,,,,,,,,,,,,
Hospital ER_Exam1_Mult4_Flr_1 sub catHot Supply Temp Sched,Unknown,C,Default|WntrDsn|SmrDsn,41640,42004,Constant,55,,,,,,,,,,,,,,,,,,,,,,,,From DOE Prototype Buildings,,,,,,,,,,,,,,,,,,,,,,,,,,,,,,,,,,,,,,,,,,,,,,,,,,,,,,,,,,,,,,,,,,,
Hospital ER_Exam3_Mult4_Flr_1 sub cat Latent fract sched,Unknown,,Default|WntrDsn|SmrDsn,41640,42004,Constant,0.05,,,,,,,,,,,,,,,,,,,,,,,,From DOE Prototype Buildings,,,,,,,,,,,,,,,,,,,,,,,,,,,,,,,,,,,,,,,,,,,,,,,,,,,,,,,,,,,,,,,,,,,
Hospital ER_Exam3_Mult4_Flr_1 sub cat Sensible fract sched,Unknown,,Default|WntrDsn|SmrDsn,41640,42004,Constant,0.2,,,,,,,,,,,,,,,,,,,,,,,,From DOE Prototype Buildings,,,,,,,,,,,,,,,,,,,,,,,,,,,,,,,,,,,,,,,,,,,,,,,,,,,,,,,,,,,,,,,,,,,
Hospital ER_Exam3_Mult4_Flr_1 sub cat Temp Sched,Unknown,C,Default|WntrDsn|SmrDsn,41640,42004,Constant,60,,,,,,,,,,,,,,,,,,,,,,,,From DOE Prototype Buildings,,,,,,,,,,,,,,,,,,,,,,,,,,,,,,,,,,,,,,,,,,,,,,,,,,,,,,,,,,,,,,,,,,,
Hospital ER_Exam3_Mult4_Flr_1 sub catHot Supply Temp Sched,Unknown,C,Default|WntrDsn|SmrDsn,41640,42004,Constant,55,,,,,,,,,,,,,,,,,,,,,,,,From DOE Prototype Buildings,,,,,,,,,,,,,,,,,,,,,,,,,,,,,,,,,,,,,,,,,,,,,,,,,,,,,,,,,,,,,,,,,,,
Hospital ER_ExtraElecHeatC_Sch,Unknown,,Default|WntrDsn|SmrDsn,41640,42004,Constant,1,,,,,,,,,,,,,,,,,,,,,,,,From DOE Prototype Buildings,,,,,,,,,,,,,,,,,,,,,,,,,,,,,,,,,,,,,,,,,,,,,,,,,,,,,,,,,,,,,,,,,,,
Hospital ER_ExtraWaterHeatC_Sch,Unknown,,Default|WntrDsn|SmrDsn,41640,42004,Constant,1,,,,,,,,,,,,,,,,,,,,,,,,From DOE Prototype Buildings,,,,,,,,,,,,,,,,,,,,,,,,,,,,,,,,,,,,,,,,,,,,,,,,,,,,,,,,,,,,,,,,,,,
Hospital ER_Trauma1_Flr_1 sub cat Latent fract sched,Unknown,,Default|WntrDsn|SmrDsn,41640,42004,Constant,0.05,,,,,,,,,,,,,,,,,,,,,,,,From DOE Prototype Buildings,,,,,,,,,,,,,,,,,,,,,,,,,,,,,,,,,,,,,,,,,,,,,,,,,,,,,,,,,,,,,,,,,,,
Hospital ER_Trauma1_Flr_1 sub cat Sensible fract sched,Unknown,,Default|WntrDsn|SmrDsn,41640,42004,Constant,0.2,,,,,,,,,,,,,,,,,,,,,,,,From DOE Prototype Buildings,,,,,,,,,,,,,,,,,,,,,,,,,,,,,,,,,,,,,,,,,,,,,,,,,,,,,,,,,,,,,,,,,,,
Hospital ER_Trauma1_Flr_1 sub cat Temp Sched,Unknown,C,Default|WntrDsn|SmrDsn,41640,42004,Constant,60,,,,,,,,,,,,,,,,,,,,,,,,From DOE Prototype Buildings,,,,,,,,,,,,,,,,,,,,,,,,,,,,,,,,,,,,,,,,,,,,,,,,,,,,,,,,,,,,,,,,,,,
Hospital ER_Trauma1_Flr_1 sub catHot Supply Temp Sched,Unknown,C,Default|WntrDsn|SmrDsn,41640,42004,Constant,55,,,,,,,,,,,,,,,,,,,,,,,,From DOE Prototype Buildings,,,,,,,,,,,,,,,,,,,,,,,,,,,,,,,,,,,,,,,,,,,,,,,,,,,,,,,,,,,,,,,,,,,
Hospital ER_Trauma2_Flr_1 sub cat Latent fract sched,Unknown,,Default|WntrDsn|SmrDsn,41640,42004,Constant,0.05,,,,,,,,,,,,,,,,,,,,,,,,From DOE Prototype Buildings,,,,,,,,,,,,,,,,,,,,,,,,,,,,,,,,,,,,,,,,,,,,,,,,,,,,,,,,,,,,,,,,,,,
Hospital ER_Trauma2_Flr_1 sub cat Sensible fract sched,Unknown,,Default|WntrDsn|SmrDsn,41640,42004,Constant,0.2,,,,,,,,,,,,,,,,,,,,,,,,From DOE Prototype Buildings,,,,,,,,,,,,,,,,,,,,,,,,,,,,,,,,,,,,,,,,,,,,,,,,,,,,,,,,,,,,,,,,,,,
Hospital ER_Trauma2_Flr_1 sub cat Temp Sched,Unknown,C,Default|WntrDsn|SmrDsn,41640,42004,Constant,60,,,,,,,,,,,,,,,,,,,,,,,,From DOE Prototype Buildings,,,,,,,,,,,,,,,,,,,,,,,,,,,,,,,,,,,,,,,,,,,,,,,,,,,,,,,,,,,,,,,,,,,
Hospital ER_Trauma2_Flr_1 sub catHot Supply Temp Sched,Unknown,C,Default|WntrDsn|SmrDsn,41640,42004,Constant,55,,,,,,,,,,,,,,,,,,,,,,,,From DOE Prototype Buildings,,,,,,,,,,,,,,,,,,,,,,,,,,,,,,,,,,,,,,,,,,,,,,,,,,,,,,,,,,,,,,,,,,,
Hospital ER_Triage_Mult4_Flr_1 sub cat Latent fract sched,Unknown,,Default|WntrDsn|SmrDsn,41640,42004,Constant,0.05,,,,,,,,,,,,,,,,,,,,,,,,From DOE Prototype Buildings,,,,,,,,,,,,,,,,,,,,,,,,,,,,,,,,,,,,,,,,,,,,,,,,,,,,,,,,,,,,,,,,,,,
Hospital ER_Triage_Mult4_Flr_1 sub cat Sensible fract sched,Unknown,,Default|WntrDsn|SmrDsn,41640,42004,Constant,0.2,,,,,,,,,,,,,,,,,,,,,,,,From DOE Prototype Buildings,,,,,,,,,,,,,,,,,,,,,,,,,,,,,,,,,,,,,,,,,,,,,,,,,,,,,,,,,,,,,,,,,,,
Hospital ER_Triage_Mult4_Flr_1 sub cat Temp Sched,Unknown,C,Default|WntrDsn|SmrDsn,41640,42004,Constant,60,,,,,,,,,,,,,,,,,,,,,,,,From DOE Prototype Buildings,,,,,,,,,,,,,,,,,,,,,,,,,,,,,,,,,,,,,,,,,,,,,,,,,,,,,,,,,,,,,,,,,,,
Hospital ER_Triage_Mult4_Flr_1 sub catHot Supply Temp Sched,Unknown,C,Default|WntrDsn|SmrDsn,41640,42004,Constant,55,,,,,,,,,,,,,,,,,,,,,,,,From DOE Prototype Buildings,,,,,,,,,,,,,,,,,,,,,,,,,,,,,,,,,,,,,,,,,,,,,,,,,,,,,,,,,,,,,,,,,,,
Hospital Exterior_Lgt_ALWAYS_ON,Unknown,,Default|WntrDsn|SmrDsn,41640,42004,Constant,1,,,,,,,,,,,,,,,,,,,,,,,,From DOE Prototype Buildings,,,,,,,,,,,,,,,,,,,,,,,,,,,,,,,,,,,,,,,,,,,,,,,,,,,,,,,,,,,,,,,,,,,
Hospital Heat-Supply-Air-Temp-Sch,Unknown,C,Default|WntrDsn|SmrDsn,41640,42004,Constant,12.8,,,,,,,,,,,,,,,,,,,,,,,,From DOE Prototype Buildings,,,,,,,,,,,,,,,,,,,,,,,,,,,,,,,,,,,,,,,,,,,,,,,,,,,,,,,,,,,,,,,,,,,
Hospital Hours_of_operation,Operation,,Default|WntrDsn|SmrDsn,41640,42004,Constant,1,,,,,,,,,,,,,,,,,,,,,,,,From DOE Prototype Buildings,,,,,,,,,,,,,,,,,,,,,,,,,,,,,,,,,,,,,,,,,,,,,,,,,,,,,,,,,,,,,,,,,,,
Hospital HTGSETP_SCH,Thermostat Setpoint,C,Default|WntrDsn|SmrDsn,41640,42004,Constant,21,,,,,,,,,,,,,,,,,,,,,,,,From DOE Prototype Buildings,,,,,,,,,,,,,,,,,,,,,,,,,,,,,,,,,,,,,,,,,,,,,,,,,,,,,,,,,,,,,,,,,,,
Hospital Humidity Setpoint Schedule,Unknown,,Default|WntrDsn|SmrDsn|Sat|Wkdy,41640,42004,Constant,50,,,,,,,,,,,,,,,,,,,,,,,,From DOE Prototype Buildings,,,,,,,,,,,,,,,,,,,,,,,,,,,,,,,,,,,,,,,,,,,,,,,,,,,,,,,,,,,,,,,,,,,
Hospital HVACOperationSchd,Operation,,Default|WntrDsn|SmrDsn,41640,42004,Constant,1,,,,,,,,,,,,,,,,,,,,,,,,From DOE Prototype Buildings,,,,,,,,,,,,,,,,,,,,,,,,,,,,,,,,,,,,,,,,,,,,,,,,,,,,,,,,,,,,,,,,,,,
Hospital HW-Loop-Temp-Schedule,Unknown,C,Default|WntrDsn|SmrDsn,41640,42004,Constant,82,,,,,,,,,,,,,,,,,,,,,,,,From DOE Prototype Buildings,,,,,,,,,,,,,,,,,,,,,,,,,,,,,,,,,,,,,,,,,,,,,,,,,,,,,,,,,,,,,,,,,,,
Hospital ICU_ExtraElecHeatC_Sch,Unknown,,Default|WntrDsn|SmrDsn,41640,42004,Constant,1,,,,,,,,,,,,,,,,,,,,,,,,From DOE Prototype Buildings,,,,,,,,,,,,,,,,,,,,,,,,,,,,,,,,,,,,,,,,,,,,,,,,,,,,,,,,,,,,,,,,,,,
Hospital ICU_ExtraWaterHeatC_Sch,Unknown,,Default|WntrDsn|SmrDsn,41640,42004,Constant,1,,,,,,,,,,,,,,,,,,,,,,,,From DOE Prototype Buildings,,,,,,,,,,,,,,,,,,,,,,,,,,,,,,,,,,,,,,,,,,,,,,,,,,,,,,,,,,,,,,,,,,,
Hospital Infil Quarter On,Infiltration,,Default|Sun|Sat,41640,42004,Constant,0.25,,,,,,,,,,,,,,,,,,,,,,,,From DOE Reference Buildings ,,,,,,,,,,,,,,,,,,,,,,,,,,,,,,,,,,,,,,,,,,,,,,,,,,,,,,,,,,,,,,,,,,,
Hospital Infil Quarter On,Infiltration,,WntrDsn|SmrDsn,41640,42004,Constant,1,,,,,,,,,,,,,,,,,,,,,,,,From DOE Reference Buildings ,,,,,,,,,,,,,,,,,,,,,,,,,,,,,,,,,,,,,,,,,,,,,,,,,,,,,,,,,,,,,,,,,,,
Hospital INFIL_SCH_PNNL,Infiltration,,Default|WntrDsn|SmrDsn|Sat|Wkdy,41640,42004,Constant,0.25,,,,,,,,,,,,,,,,,,,,,,,,From DOE Prototype Buildings,,,,,,,,,,,,,,,,,,,,,,,,,,,,,,,,,,,,,,,,,,,,,,,,,,,,,,,,,,,,,,,,,,,
Hospital Kitchen ClgSetp,Thermostat Setpoint,C,Default|SmrDsn,41640,42004,Hourly,30,30,30,30,30,26,26,26,26,26,26,26,26,26,26,26,26,26,30,30,30,30,30,30,From DOE Reference Buildings ,,,,,,,,,,,,,,,,,,,,,,,,,,,,,,,,,,,,,,,,,,,,,,,,,,,,,,,,,,,,,,,,,,,
Hospital Kitchen ClgSetp,Thermostat Setpoint,C,Wknd,41640,42004,Constant,30,,,,,,,,,,,,,,,,,,,,,,,,From DOE Reference Buildings ,,,,,,,,,,,,,,,,,,,,,,,,,,,,,,,,,,,,,,,,,,,,,,,,,,,,,,,,,,,,,,,,,,,
Hospital Kitchen ClgSetp,Thermostat Setpoint,C,WntrDsn,41640,42004,Hourly,30,30,30,30,30,30,30,26,26,26,26,26,26,26,26,30,30,30,30,30,30,30,30,30,From DOE Reference Buildings ,,,,,,,,,,,,,,,,,,,,,,,,,,,,,,,,,,,,,,,,,,,,,,,,,,,,,,,,,,,,,,,,,,,
Hospital Kitchen Exhaust,Equipment,,Default|SmrDsn,41640,42004,Hourly,0,0,0,0,0,1,1,1,1,1,1,1,1,1,1,1,1,1,0,0,0,0,0,0,From DOE Reference Buildings ,,,,,,,,,,,,,,,,,,,,,,,,,,,,,,,,,,,,,,,,,,,,,,,,,,,,,,,,,,,,,,,,,,,
Hospital Kitchen Exhaust,Equipment,,Wknd,41640,42004,Constant,0,,,,,,,,,,,,,,,,,,,,,,,,From DOE Reference Buildings ,,,,,,,,,,,,,,,,,,,,,,,,,,,,,,,,,,,,,,,,,,,,,,,,,,,,,,,,,,,,,,,,,,,
Hospital Kitchen Exhaust,Equipment,,WntrDsn,41640,42004,Hourly,0,0,0,0,0,0,0,1,1,1,1,1,1,1,1,0,0,0,0,0,0,0,0,0,From DOE Reference Buildings ,,,,,,,,,,,,,,,,,,,,,,,,,,,,,,,,,,,,,,,,,,,,,,,,,,,,,,,,,,,,,,,,,,,
Hospital Kitchen Exhaust Fan Balanced Exhaust Fraction Schedule,Equipment,,Default|WntrDsn|SmrDsn,41640,42004,Hourly,0,0,0,0,0,0,0,0.4458,0.4458,0.4458,0.4458,0.4458,0.4458,0.4458,0.4458,0.4458,0.4458,0.4458,0.4458,0.4458,0.4458,0.4458,0.4458,0.4458,From DOE Prototype Buildings,,,,,,,,,,,,,,,,,,,,,,,,,,,,,,,,,,,,,,,,,,,,,,,,,,,,,,,,,,,,,,,,,,,
Hospital Kitchen Gas,Equipment,,Default|Sun,41640,42004,Hourly,0.02,0.02,0.02,0.02,0.02,0.05,0.1,0.15,0.2,0.15,0.25,0.25,0.25,0.2,0.15,0.2,0.3,0.3,0.3,0.2,0.2,0.15,0.1,0.05,From DOE Reference Buildings ,,,,,,,,,,,,,,,,,,,,,,,,,,,,,,,,,,,,,,,,,,,,,,,,,,,,,,,,,,,,,,,,,,,
Hospital Kitchen Gas,Equipment,,SmrDsn,41640,42004,Constant,0.25,,,,,,,,,,,,,,,,,,,,,,,,From DOE Reference Buildings ,,,,,,,,,,,,,,,,,,,,,,,,,,,,,,,,,,,,,,,,,,,,,,,,,,,,,,,,,,,,,,,,,,,
Hospital Kitchen Gas,Equipment,,WntrDsn,41640,42004,Constant,0,,,,,,,,,,,,,,,,,,,,,,,,From DOE Reference Buildings ,,,,,,,,,,,,,,,,,,,,,,,,,,,,,,,,,,,,,,,,,,,,,,,,,,,,,,,,,,,,,,,,,,,
Hospital Kitchen HtgSetp,Thermostat Setpoint,C,Default|SmrDsn,41640,42004,Hourly,15.6,15.6,15.6,15.6,15.6,19,19,19,19,19,19,19,19,19,19,19,19,19,15.6,15.6,15.6,15.6,15.6,15.6,From DOE Reference Buildings ,,,,,,,,,,,,,,,,,,,,,,,,,,,,,,,,,,,,,,,,,,,,,,,,,,,,,,,,,,,,,,,,,,,
Hospital Kitchen HtgSetp,Thermostat Setpoint,C,Wknd,41640,42004,Constant,15.6,,,,,,,,,,,,,,,,,,,,,,,,From DOE Reference Buildings ,,,,,,,,,,,,,,,,,,,,,,,,,,,,,,,,,,,,,,,,,,,,,,,,,,,,,,,,,,,,,,,,,,,
Hospital Kitchen HtgSetp,Thermostat Setpoint,C,WntrDsn,41640,42004,Hourly,15.6,15.6,15.6,15.6,15.6,15.6,15.6,19,19,19,19,19,19,19,19,15.6,15.6,15.6,15.6,15.6,15.6,15.6,15.6,15.6,From DOE Reference Buildings ,,,,,,,,,,,,,,,,,,,,,,,,,,,,,,,,,,,,,,,,,,,,,,,,,,,,,,,,,,,,,,,,,,,
Hospital Kitchen_Exhaust_SCH,Equipment,,Default|WntrDsn|SmrDsn,41640,42004,Hourly,0,0,0,0,0,0,0,1,1,1,1,1,1,1,1,1,1,1,1,1,1,1,1,1,From DOE Prototype Buildings,,,,,,,,,,,,,,,,,,,,,,,,,,,,,,,,,,,,,,,,,,,,,,,,,,,,,,,,,,,,,,,,,,,
Hospital Kitchen_Flr_5 sub cat Latent fract sched,Equipment,,Default|WntrDsn|SmrDsn,41640,42004,Constant,0.05,,,,,,,,,,,,,,,,,,,,,,,,From DOE Prototype Buildings,,,,,,,,,,,,,,,,,,,,,,,,,,,,,,,,,,,,,,,,,,,,,,,,,,,,,,,,,,,,,,,,,,,
Hospital Kitchen_Flr_5 sub cat Sensible fract sched,Equipment,,Default|WntrDsn|SmrDsn,41640,42004,Constant,0.2,,,,,,,,,,,,,,,,,,,,,,,,From DOE Prototype Buildings,,,,,,,,,,,,,,,,,,,,,,,,,,,,,,,,,,,,,,,,,,,,,,,,,,,,,,,,,,,,,,,,,,,
Hospital Kitchen_Flr_5 sub cat Temp Sched,Equipment,C,Default|WntrDsn|SmrDsn,41640,42004,Constant,60,,,,,,,,,,,,,,,,,,,,,,,,From DOE Prototype Buildings,,,,,,,,,,,,,,,,,,,,,,,,,,,,,,,,,,,,,,,,,,,,,,,,,,,,,,,,,,,,,,,,,,,
Hospital Kitchen_Flr_5 sub catHot Supply Temp Sched,Equipment,C,Default|WntrDsn|SmrDsn,41640,42004,Constant,55,,,,,,,,,,,,,,,,,,,,,,,,From DOE Prototype Buildings,,,,,,,,,,,,,,,,,,,,,,,,,,,,,,,,,,,,,,,,,,,,,,,,,,,,,,,,,,,,,,,,,,,
Hospital Kitchen_Flr_5_Case:1_WALKINFREEZER_WalkInStockingSched,Equipment,W,Default,41640,42004,Hourly,0,0,0,0,725,417,290,0,0,0,0,0,0,0,0,0,0,0,0,0,0,0,0,0,From DOE Prototype Buildings,,,,,,,,,,,,,,,,,,,,,,,,,,,,,,,,,,,,,,,,,,,,,,,,,,,,,,,,,,,,,,,,,,,
Hospital Kitchen_Flr_5_Case:1_WALKINFREEZER_WalkInStockingSched,Equipment,W,WntrDsn|SmrDsn|Wknd|Mon|Wed|Thu,41640,42004,Hourly,0,0,0,0,125,117,90,0,0,0,0,0,0,0,0,0,0,0,0,125,117,90,0,0,From DOE Prototype Buildings,,,,,,,,,,,,,,,,,,,,,,,,,,,,,,,,,,,,,,,,,,,,,,,,,,,,,,,,,,,,,,,,,,,
Hospital Kitchen_Flr_5_Case:2_SELFCONTAINEDDISPLAYCASE_CaseStockingSched,Equipment,W,Default|WntrDsn|SmrDsn,41640,42004,Constant,0,,,,,,,,,,,,,,,,,,,,,,,,From DOE Prototype Buildings,,,,,,,,,,,,,,,,,,,,,,,,,,,,,,,,,,,,,,,,,,,,,,,,,,,,,,,,,,,,,,,,,,,
Hospital Kitchen_SAT_SCH,Equipment,C,Default|WntrDsn|SmrDsn,41640,42004,Constant,15.6,,,,,,,,,,,,,,,,,,,,,,,,From DOE Prototype Buildings,,,,,,,,,,,,,,,,,,,,,,,,,,,,,,,,,,,,,,,,,,,,,,,,,,,,,,,,,,,,,,,,,,,
Hospital Lab_Flr_3 sub cat Latent fract sched,Unknown,,Default|WntrDsn|SmrDsn,41640,42004,Constant,0.05,,,,,,,,,,,,,,,,,,,,,,,,From DOE Prototype Buildings,,,,,,,,,,,,,,,,,,,,,,,,,,,,,,,,,,,,,,,,,,,,,,,,,,,,,,,,,,,,,,,,,,,
Hospital Lab_Flr_3 sub cat Sensible fract sched,Unknown,,Default|WntrDsn|SmrDsn,41640,42004,Constant,0.2,,,,,,,,,,,,,,,,,,,,,,,,From DOE Prototype Buildings,,,,,,,,,,,,,,,,,,,,,,,,,,,,,,,,,,,,,,,,,,,,,,,,,,,,,,,,,,,,,,,,,,,
Hospital Lab_Flr_3 sub cat Temp Sched,Unknown,C,Default|WntrDsn|SmrDsn,41640,42004,Constant,60,,,,,,,,,,,,,,,,,,,,,,,,From DOE Prototype Buildings,,,,,,,,,,,,,,,,,,,,,,,,,,,,,,,,,,,,,,,,,,,,,,,,,,,,,,,,,,,,,,,,,,,
Hospital Lab_Flr_3 sub catHot Supply Temp Sched,Unknown,C,Default|WntrDsn|SmrDsn,41640,42004,Constant,55,,,,,,,,,,,,,,,,,,,,,,,,From DOE Prototype Buildings,,,,,,,,,,,,,,,,,,,,,,,,,,,,,,,,,,,,,,,,,,,,,,,,,,,,,,,,,,,,,,,,,,,
Hospital Lab_Flr_4 sub cat Latent fract sched,Unknown,,Default|WntrDsn|SmrDsn,41640,42004,Constant,0.05,,,,,,,,,,,,,,,,,,,,,,,,From DOE Prototype Buildings,,,,,,,,,,,,,,,,,,,,,,,,,,,,,,,,,,,,,,,,,,,,,,,,,,,,,,,,,,,,,,,,,,,
Hospital Lab_Flr_4 sub cat Sensible fract sched,Unknown,,Default|WntrDsn|SmrDsn,41640,42004,Constant,0.2,,,,,,,,,,,,,,,,,,,,,,,,From DOE Prototype Buildings,,,,,,,,,,,,,,,,,,,,,,,,,,,,,,,,,,,,,,,,,,,,,,,,,,,,,,,,,,,,,,,,,,,
Hospital Lab_Flr_4 sub cat Temp Sched,Unknown,C,Default|WntrDsn|SmrDsn,41640,42004,Constant,60,,,,,,,,,,,,,,,,,,,,,,,,From DOE Prototype Buildings,,,,,,,,,,,,,,,,,,,,,,,,,,,,,,,,,,,,,,,,,,,,,,,,,,,,,,,,,,,,,,,,,,,
Hospital Lab_Flr_4 sub catHot Supply Temp Sched,Unknown,C,Default|WntrDsn|SmrDsn,41640,42004,Constant,55,,,,,,,,,,,,,,,,,,,,,,,,From DOE Prototype Buildings,,,,,,,,,,,,,,,,,,,,,,,,,,,,,,,,,,,,,,,,,,,,,,,,,,,,,,,,,,,,,,,,,,,
Hospital Labs_ExtraElecHeatC_Sch,Unknown,,Default|WntrDsn|SmrDsn,41640,42004,Constant,1,,,,,,,,,,,,,,,,,,,,,,,,From DOE Prototype Buildings,,,,,,,,,,,,,,,,,,,,,,,,,,,,,,,,,,,,,,,,,,,,,,,,,,,,,,,,,,,,,,,,,,,
Hospital Labs_ExtraWaterHeatC_Sch,Unknown,,Default|WntrDsn|SmrDsn,41640,42004,Constant,1,,,,,,,,,,,,,,,,,,,,,,,,From DOE Prototype Buildings,,,,,,,,,,,,,,,,,,,,,,,,,,,,,,,,,,,,,,,,,,,,,,,,,,,,,,,,,,,,,,,,,,,
Hospital Laundry Setpoint Temp Schedule,Equipment,W,Default|WntrDsn|SmrDsn,41640,42004,Constant,82.22,,,,,,,,,,,,,,,,,,,,,,,,From DOE Prototype Buildings,,,,,,,,,,,,,,,,,,,,,,,,,,,,,,,,,,,,,,,,,,,,,,,,,,,,,,,,,,,,,,,,,,,
Hospital LAUNDRY_SWH_SCH,Equipment,,Default|WntrDsn|SmrDsn,41640,42004,Hourly,0,0,0,0,0,0,0,0,1,1,1,1,1,1,1,0,0,0,0,0,0,0,0,0,From DOE Prototype Buildings,,,,,,,,,,,,,,,,,,,,,,,,,,,,,,,,,,,,,,,,,,,,,,,,,,,,,,,,,,,,,,,,,,,
Hospital MaxRelHumSetSch,Unknown,,Default|WntrDsn|SmrDsn,41640,42004,Constant,60,,,,,,,,,,,,,,,,,,,,,,,,From DOE Prototype Buildings,,,,,,,,,,,,,,,,,,,,,,,,,,,,,,,,,,,,,,,,,,,,,,,,,,,,,,,,,,,,,,,,,,,
Hospital MinOA_Sched,OA Air,,Default|WntrDsn|SmrDsn,41640,42004,Constant,1,,,,,,,,,,,,,,,,,,,,,,,,From DOE Prototype Buildings,,,,,,,,,,,,,,,,,,,,,,,,,,,,,,,,,,,,,,,,,,,,,,,,,,,,,,,,,,,,,,,,,,,
Hospital MinRelHumSetSch,Unknown,,Default|WntrDsn|SmrDsn,41640,42004,Constant,40,,,,,,,,,,,,,,,,,,,,,,,,From DOE Prototype Buildings,,,,,,,,,,,,,,,,,,,,,,,,,,,,,,,,,,,,,,,,,,,,,,,,,,,,,,,,,,,,,,,,,,,
Hospital MinRelHumSetSch_addDI,Unknown,,Default|WntrDsn|SmrDsn,41640,42004,Constant,30,,,,,,,,,,,,,,,,,,,,,,,,From DOE Prototype Buildings,,,,,,,,,,,,,,,,,,,,,,,,,,,,,,,,,,,,,,,,,,,,,,,,,,,,,,,,,,,,,,,,,,,
Hospital MinRelHumSetSch_addDI_ICU,Unknown,,Default|WntrDsn|SmrDsn,41640,42004,Constant,35,,,,,,,,,,,,,,,,,,,,,,,,From DOE Prototype Buildings,,,,,,,,,,,,,,,,,,,,,,,,,,,,,,,,,,,,,,,,,,,,,,,,,,,,,,,,,,,,,,,,,,,
Hospital OR ClgSetp,Thermostat Setpoint,C,Default|WntrDsn|SmrDsn,41640,42004,Hourly,22.2,22.2,22.2,22.2,22.2,22.2,18.3,18.3,18.3,18.3,18.3,18.3,18.3,18.3,18.3,18.3,18.3,22.2,22.2,22.2,22.2,22.2,22.2,22.2,From DOE Reference Buildings ,,,,,,,,,,,,,,,,,,,,,,,,,,,,,,,,,,,,,,,,,,,,,,,,,,,,,,,,,,,,,,,,,,,
Hospital OR HtgSetp,Thermostat Setpoint,C,Default|WntrDsn|SmrDsn,41640,42004,Constant,18.3,,,,,,,,,,,,,,,,,,,,,,,,From DOE Reference Buildings ,,,,,,,,,,,,,,,,,,,,,,,,,,,,,,,,,,,,,,,,,,,,,,,,,,,,,,,,,,,,,,,,,,,
Hospital OR_ExtraElecHeatC_Sch,Unknown,,Default|WntrDsn|SmrDsn,41640,42004,Constant,1,,,,,,,,,,,,,,,,,,,,,,,,From DOE Prototype Buildings,,,,,,,,,,,,,,,,,,,,,,,,,,,,,,,,,,,,,,,,,,,,,,,,,,,,,,,,,,,,,,,,,,,
Hospital OR_ExtraWaterHeatC_Sch,Unknown,,Default|WntrDsn|SmrDsn,41640,42004,Constant,1,,,,,,,,,,,,,,,,,,,,,,,,From DOE Prototype Buildings,,,,,,,,,,,,,,,,,,,,,,,,,,,,,,,,,,,,,,,,,,,,,,,,,,,,,,,,,,,,,,,,,,,
Hospital OR_MinSA_Sched,Unknown,,Default|WntrDsn,41640,42004,Constant,0.2,,,,,,,,,,,,,,,,,,,,,,,,From DOE Prototype Buildings,,,,,,,,,,,,,,,,,,,,,,,,,,,,,,,,,,,,,,,,,,,,,,,,,,,,,,,,,,,,,,,,,,,
Hospital OR_MinSA_Sched,Unknown,,Sat,41640,42004,Hourly,0.2,0.2,0.2,0.2,0.2,0.2,0.2,0.2,0.2,1,1,1,1,1,1,1,1,0.2,0.2,0.2,0.2,0.2,0.2,0.2,From DOE Prototype Buildings,,,,,,,,,,,,,,,,,,,,,,,,,,,,,,,,,,,,,,,,,,,,,,,,,,,,,,,,,,,,,,,,,,,
Hospital OR_MinSA_Sched,Unknown,,SmrDsn,41640,42004,Constant,1,,,,,,,,,,,,,,,,,,,,,,,,From DOE Prototype Buildings,,,,,,,,,,,,,,,,,,,,,,,,,,,,,,,,,,,,,,,,,,,,,,,,,,,,,,,,,,,,,,,,,,,
Hospital OR_MinSA_Sched,Unknown,,Wkdy,41640,42004,Hourly,0.2,0.2,0.2,0.2,0.2,0.2,0.2,0.2,0.2,1,1,1,1,1,1,1,1,1,0.2,0.2,0.2,0.2,0.2,0.2,From DOE Prototype Buildings,,,,,,,,,,,,,,,,,,,,,,,,,,,,,,,,,,,,,,,,,,,,,,,,,,,,,,,,,,,,,,,,,,,
Hospital OR1_Flr_2 sub cat Latent fract sched,Unknown,,Default|WntrDsn|SmrDsn,41640,42004,Constant,0.05,,,,,,,,,,,,,,,,,,,,,,,,From DOE Prototype Buildings,,,,,,,,,,,,,,,,,,,,,,,,,,,,,,,,,,,,,,,,,,,,,,,,,,,,,,,,,,,,,,,,,,,
Hospital OR1_Flr_2 sub cat Sensible fract sched,Unknown,,Default|WntrDsn|SmrDsn,41640,42004,Constant,0.2,,,,,,,,,,,,,,,,,,,,,,,,From DOE Prototype Buildings,,,,,,,,,,,,,,,,,,,,,,,,,,,,,,,,,,,,,,,,,,,,,,,,,,,,,,,,,,,,,,,,,,,
Hospital OR1_Flr_2 sub cat Temp Sched,Unknown,C,Default|WntrDsn|SmrDsn,41640,42004,Constant,60,,,,,,,,,,,,,,,,,,,,,,,,From DOE Prototype Buildings,,,,,,,,,,,,,,,,,,,,,,,,,,,,,,,,,,,,,,,,,,,,,,,,,,,,,,,,,,,,,,,,,,,
Hospital OR1_Flr_2 sub catHot Supply Temp Sched,Unknown,C,Default|WntrDsn|SmrDsn,41640,42004,Constant,55,,,,,,,,,,,,,,,,,,,,,,,,From DOE Prototype Buildings,,,,,,,,,,,,,,,,,,,,,,,,,,,,,,,,,,,,,,,,,,,,,,,,,,,,,,,,,,,,,,,,,,,
Hospital OR2_Mult5_Flr_2 sub cat Latent fract sched,Unknown,,Default|WntrDsn|SmrDsn,41640,42004,Constant,0.05,,,,,,,,,,,,,,,,,,,,,,,,From DOE Prototype Buildings,,,,,,,,,,,,,,,,,,,,,,,,,,,,,,,,,,,,,,,,,,,,,,,,,,,,,,,,,,,,,,,,,,,
Hospital OR2_Mult5_Flr_2 sub cat Sensible fract sched,Unknown,,Default|WntrDsn|SmrDsn,41640,42004,Constant,0.2,,,,,,,,,,,,,,,,,,,,,,,,From DOE Prototype Buildings,,,,,,,,,,,,,,,,,,,,,,,,,,,,,,,,,,,,,,,,,,,,,,,,,,,,,,,,,,,,,,,,,,,
Hospital OR2_Mult5_Flr_2 sub cat Temp Sched,Unknown,C,Default|WntrDsn|SmrDsn,41640,42004,Constant,60,,,,,,,,,,,,,,,,,,,,,,,,From DOE Prototype Buildings,,,,,,,,,,,,,,,,,,,,,,,,,,,,,,,,,,,,,,,,,,,,,,,,,,,,,,,,,,,,,,,,,,,
Hospital OR2_Mult5_Flr_2 sub catHot Supply Temp Sched,Unknown,C,Default|WntrDsn|SmrDsn,41640,42004,Constant,55,,,,,,,,,,,,,,,,,,,,,,,,From DOE Prototype Buildings,,,,,,,,,,,,,,,,,,,,,,,,,,,,,,,,,,,,,,,,,,,,,,,,,,,,,,,,,,,,,,,,,,,
Hospital OR3_Flr_2 sub cat Latent fract sched,Unknown,,Default|WntrDsn|SmrDsn,41640,42004,Constant,0.05,,,,,,,,,,,,,,,,,,,,,,,,From DOE Prototype Buildings,,,,,,,,,,,,,,,,,,,,,,,,,,,,,,,,,,,,,,,,,,,,,,,,,,,,,,,,,,,,,,,,,,,
Hospital OR3_Flr_2 sub cat Sensible fract sched,Unknown,,Default|WntrDsn|SmrDsn,41640,42004,Constant,0.2,,,,,,,,,,,,,,,,,,,,,,,,From DOE Prototype Buildings,,,,,,,,,,,,,,,,,,,,,,,,,,,,,,,,,,,,,,,,,,,,,,,,,,,,,,,,,,,,,,,,,,,
Hospital OR3_Flr_2 sub cat Temp Sched,Unknown,C,Default|WntrDsn|SmrDsn,41640,42004,Constant,60,,,,,,,,,,,,,,,,,,,,,,,,From DOE Prototype Buildings,,,,,,,,,,,,,,,,,,,,,,,,,,,,,,,,,,,,,,,,,,,,,,,,,,,,,,,,,,,,,,,,,,,
Hospital OR3_Flr_2 sub catHot Supply Temp Sched,Unknown,C,Default|WntrDsn|SmrDsn,41640,42004,Constant,55,,,,,,,,,,,,,,,,,,,,,,,,From DOE Prototype Buildings,,,,,,,,,,,,,,,,,,,,,,,,,,,,,,,,,,,,,,,,,,,,,,,,,,,,,,,,,,,,,,,,,,,
Hospital OR4_Flr_2 sub cat Latent fract sched,Unknown,,Default|WntrDsn|SmrDsn,41640,42004,Constant,0.05,,,,,,,,,,,,,,,,,,,,,,,,From DOE Prototype Buildings,,,,,,,,,,,,,,,,,,,,,,,,,,,,,,,,,,,,,,,,,,,,,,,,,,,,,,,,,,,,,,,,,,,
Hospital OR4_Flr_2 sub cat Sensible fract sched,Unknown,,Default|WntrDsn|SmrDsn,41640,42004,Constant,0.2,,,,,,,,,,,,,,,,,,,,,,,,From DOE Prototype Buildings,,,,,,,,,,,,,,,,,,,,,,,,,,,,,,,,,,,,,,,,,,,,,,,,,,,,,,,,,,,,,,,,,,,
Hospital OR4_Flr_2 sub cat Temp Sched,Unknown,C,Default|WntrDsn|SmrDsn,41640,42004,Constant,60,,,,,,,,,,,,,,,,,,,,,,,,From DOE Prototype Buildings,,,,,,,,,,,,,,,,,,,,,,,,,,,,,,,,,,,,,,,,,,,,,,,,,,,,,,,,,,,,,,,,,,,
Hospital OR4_Flr_2 sub catHot Supply Temp Sched,Unknown,C,Default|WntrDsn|SmrDsn,41640,42004,Constant,55,,,,,,,,,,,,,,,,,,,,,,,,From DOE Prototype Buildings,,,,,,,,,,,,,,,,,,,,,,,,,,,,,,,,,,,,,,,,,,,,,,,,,,,,,,,,,,,,,,,,,,,
Hospital Patrms_ExtraElecHeatC_Sch,Unknown,,Default|WntrDsn|SmrDsn,41640,42004,Constant,1,,,,,,,,,,,,,,,,,,,,,,,,From DOE Prototype Buildings,,,,,,,,,,,,,,,,,,,,,,,,,,,,,,,,,,,,,,,,,,,,,,,,,,,,,,,,,,,,,,,,,,,
Hospital Patrms_ExtraWaterHeatC_Sch,Unknown,,Default|WntrDsn|SmrDsn,41640,42004,Constant,1,,,,,,,,,,,,,,,,,,,,,,,,From DOE Prototype Buildings,,,,,,,,,,,,,,,,,,,,,,,,,,,,,,,,,,,,,,,,,,,,,,,,,,,,,,,,,,,,,,,,,,,
Hospital PatRoom1_Mult10_Flr_3 sub cat Latent fract sched,Unknown,,Default|WntrDsn|SmrDsn,41640,42004,Constant,0.05,,,,,,,,,,,,,,,,,,,,,,,,From DOE Prototype Buildings,,,,,,,,,,,,,,,,,,,,,,,,,,,,,,,,,,,,,,,,,,,,,,,,,,,,,,,,,,,,,,,,,,,
Hospital PatRoom1_Mult10_Flr_3 sub cat Sensible fract sched,Unknown,,Default|WntrDsn|SmrDsn,41640,42004,Constant,0.2,,,,,,,,,,,,,,,,,,,,,,,,From DOE Prototype Buildings,,,,,,,,,,,,,,,,,,,,,,,,,,,,,,,,,,,,,,,,,,,,,,,,,,,,,,,,,,,,,,,,,,,
Hospital PatRoom1_Mult10_Flr_3 sub cat Temp Sched,Unknown,C,Default|WntrDsn|SmrDsn,41640,42004,Constant,60,,,,,,,,,,,,,,,,,,,,,,,,From DOE Prototype Buildings,,,,,,,,,,,,,,,,,,,,,,,,,,,,,,,,,,,,,,,,,,,,,,,,,,,,,,,,,,,,,,,,,,,
Hospital PatRoom1_Mult10_Flr_3 sub catHot Supply Temp Sched,Unknown,C,Default|WntrDsn|SmrDsn,41640,42004,Constant,55,,,,,,,,,,,,,,,,,,,,,,,,From DOE Prototype Buildings,,,,,,,,,,,,,,,,,,,,,,,,,,,,,,,,,,,,,,,,,,,,,,,,,,,,,,,,,,,,,,,,,,,
Hospital PatRoom1_Mult10_Flr_4 sub cat Latent fract sched,Unknown,,Default|WntrDsn|SmrDsn,41640,42004,Constant,0.05,,,,,,,,,,,,,,,,,,,,,,,,From DOE Prototype Buildings,,,,,,,,,,,,,,,,,,,,,,,,,,,,,,,,,,,,,,,,,,,,,,,,,,,,,,,,,,,,,,,,,,,
Hospital PatRoom1_Mult10_Flr_4 sub cat Sensible fract sched,Unknown,,Default|WntrDsn|SmrDsn,41640,42004,Constant,0.2,,,,,,,,,,,,,,,,,,,,,,,,From DOE Prototype Buildings,,,,,,,,,,,,,,,,,,,,,,,,,,,,,,,,,,,,,,,,,,,,,,,,,,,,,,,,,,,,,,,,,,,
Hospital PatRoom1_Mult10_Flr_4 sub cat Temp Sched,Unknown,C,Default|WntrDsn|SmrDsn,41640,42004,Constant,60,,,,,,,,,,,,,,,,,,,,,,,,From DOE Prototype Buildings,,,,,,,,,,,,,,,,,,,,,,,,,,,,,,,,,,,,,,,,,,,,,,,,,,,,,,,,,,,,,,,,,,,
Hospital PatRoom1_Mult10_Flr_4 sub catHot Supply Temp Sched,Unknown,C,Default|WntrDsn|SmrDsn,41640,42004,Constant,55,,,,,,,,,,,,,,,,,,,,,,,,From DOE Prototype Buildings,,,,,,,,,,,,,,,,,,,,,,,,,,,,,,,,,,,,,,,,,,,,,,,,,,,,,,,,,,,,,,,,,,,
Hospital PatRoom2_Flr_3 sub cat Latent fract sched,Unknown,,Default|WntrDsn|SmrDsn,41640,42004,Constant,0.05,,,,,,,,,,,,,,,,,,,,,,,,From DOE Prototype Buildings,,,,,,,,,,,,,,,,,,,,,,,,,,,,,,,,,,,,,,,,,,,,,,,,,,,,,,,,,,,,,,,,,,,
Hospital PatRoom2_Flr_3 sub cat Sensible fract sched,Unknown,,Default|WntrDsn|SmrDsn,41640,42004,Constant,0.2,,,,,,,,,,,,,,,,,,,,,,,,From DOE Prototype Buildings,,,,,,,,,,,,,,,,,,,,,,,,,,,,,,,,,,,,,,,,,,,,,,,,,,,,,,,,,,,,,,,,,,,
Hospital PatRoom2_Flr_3 sub cat Temp Sched,Unknown,C,Default|WntrDsn|SmrDsn,41640,42004,Constant,60,,,,,,,,,,,,,,,,,,,,,,,,From DOE Prototype Buildings,,,,,,,,,,,,,,,,,,,,,,,,,,,,,,,,,,,,,,,,,,,,,,,,,,,,,,,,,,,,,,,,,,,
Hospital PatRoom2_Flr_3 sub catHot Supply Temp Sched,Unknown,C,Default|WntrDsn|SmrDsn,41640,42004,Constant,55,,,,,,,,,,,,,,,,,,,,,,,,From DOE Prototype Buildings,,,,,,,,,,,,,,,,,,,,,,,,,,,,,,,,,,,,,,,,,,,,,,,,,,,,,,,,,,,,,,,,,,,
Hospital PatRoom2_Flr_4 sub cat Latent fract sched,Unknown,,Default|WntrDsn|SmrDsn,41640,42004,Constant,0.05,,,,,,,,,,,,,,,,,,,,,,,,From DOE Prototype Buildings,,,,,,,,,,,,,,,,,,,,,,,,,,,,,,,,,,,,,,,,,,,,,,,,,,,,,,,,,,,,,,,,,,,
Hospital PatRoom2_Flr_4 sub cat Sensible fract sched,Unknown,,Default|WntrDsn|SmrDsn,41640,42004,Constant,0.2,,,,,,,,,,,,,,,,,,,,,,,,From DOE Prototype Buildings,,,,,,,,,,,,,,,,,,,,,,,,,,,,,,,,,,,,,,,,,,,,,,,,,,,,,,,,,,,,,,,,,,,
Hospital PatRoom2_Flr_4 sub cat Temp Sched,Unknown,C,Default|WntrDsn|SmrDsn,41640,42004,Constant,60,,,,,,,,,,,,,,,,,,,,,,,,From DOE Prototype Buildings,,,,,,,,,,,,,,,,,,,,,,,,,,,,,,,,,,,,,,,,,,,,,,,,,,,,,,,,,,,,,,,,,,,
Hospital PatRoom2_Flr_4 sub catHot Supply Temp Sched,Unknown,C,Default|WntrDsn|SmrDsn,41640,42004,Constant,55,,,,,,,,,,,,,,,,,,,,,,,,From DOE Prototype Buildings,,,,,,,,,,,,,,,,,,,,,,,,,,,,,,,,,,,,,,,,,,,,,,,,,,,,,,,,,,,,,,,,,,,
Hospital PatRoom3_Mult10_Flr_3 sub cat Latent fract sched,Unknown,,Default|WntrDsn|SmrDsn,41640,42004,Constant,0.05,,,,,,,,,,,,,,,,,,,,,,,,From DOE Prototype Buildings,,,,,,,,,,,,,,,,,,,,,,,,,,,,,,,,,,,,,,,,,,,,,,,,,,,,,,,,,,,,,,,,,,,
Hospital PatRoom3_Mult10_Flr_3 sub cat Sensible fract sched,Unknown,,Default|WntrDsn|SmrDsn,41640,42004,Constant,0.2,,,,,,,,,,,,,,,,,,,,,,,,From DOE Prototype Buildings,,,,,,,,,,,,,,,,,,,,,,,,,,,,,,,,,,,,,,,,,,,,,,,,,,,,,,,,,,,,,,,,,,,
Hospital PatRoom3_Mult10_Flr_3 sub cat Temp Sched,Unknown,C,Default|WntrDsn|SmrDsn,41640,42004,Constant,60,,,,,,,,,,,,,,,,,,,,,,,,From DOE Prototype Buildings,,,,,,,,,,,,,,,,,,,,,,,,,,,,,,,,,,,,,,,,,,,,,,,,,,,,,,,,,,,,,,,,,,,
Hospital PatRoom3_Mult10_Flr_3 sub catHot Supply Temp Sched,Unknown,C,Default|WntrDsn|SmrDsn,41640,42004,Constant,55,,,,,,,,,,,,,,,,,,,,,,,,From DOE Prototype Buildings,,,,,,,,,,,,,,,,,,,,,,,,,,,,,,,,,,,,,,,,,,,,,,,,,,,,,,,,,,,,,,,,,,,
Hospital PatRoom3_Mult10_Flr_4 sub cat Latent fract sched,Unknown,,Default|WntrDsn|SmrDsn,41640,42004,Constant,0.05,,,,,,,,,,,,,,,,,,,,,,,,From DOE Prototype Buildings,,,,,,,,,,,,,,,,,,,,,,,,,,,,,,,,,,,,,,,,,,,,,,,,,,,,,,,,,,,,,,,,,,,
Hospital PatRoom3_Mult10_Flr_4 sub cat Sensible fract sched,Unknown,,Default|WntrDsn|SmrDsn,41640,42004,Constant,0.2,,,,,,,,,,,,,,,,,,,,,,,,From DOE Prototype Buildings,,,,,,,,,,,,,,,,,,,,,,,,,,,,,,,,,,,,,,,,,,,,,,,,,,,,,,,,,,,,,,,,,,,
Hospital PatRoom3_Mult10_Flr_4 sub cat Temp Sched,Unknown,C,Default|WntrDsn|SmrDsn,41640,42004,Constant,60,,,,,,,,,,,,,,,,,,,,,,,,From DOE Prototype Buildings,,,,,,,,,,,,,,,,,,,,,,,,,,,,,,,,,,,,,,,,,,,,,,,,,,,,,,,,,,,,,,,,,,,
Hospital PatRoom3_Mult10_Flr_4 sub catHot Supply Temp Sched,Unknown,C,Default|WntrDsn|SmrDsn,41640,42004,Constant,55,,,,,,,,,,,,,,,,,,,,,,,,From DOE Prototype Buildings,,,,,,,,,,,,,,,,,,,,,,,,,,,,,,,,,,,,,,,,,,,,,,,,,,,,,,,,,,,,,,,,,,,
Hospital PatRoom4_Flr_3 sub cat Latent fract sched,Unknown,,Default|WntrDsn|SmrDsn,41640,42004,Constant,0.05,,,,,,,,,,,,,,,,,,,,,,,,From DOE Prototype Buildings,,,,,,,,,,,,,,,,,,,,,,,,,,,,,,,,,,,,,,,,,,,,,,,,,,,,,,,,,,,,,,,,,,,
Hospital PatRoom4_Flr_3 sub cat Sensible fract sched,Unknown,,Default|WntrDsn|SmrDsn,41640,42004,Constant,0.2,,,,,,,,,,,,,,,,,,,,,,,,From DOE Prototype Buildings,,,,,,,,,,,,,,,,,,,,,,,,,,,,,,,,,,,,,,,,,,,,,,,,,,,,,,,,,,,,,,,,,,,
Hospital PatRoom4_Flr_3 sub cat Temp Sched,Unknown,C,Default|WntrDsn|SmrDsn,41640,42004,Constant,60,,,,,,,,,,,,,,,,,,,,,,,,From DOE Prototype Buildings,,,,,,,,,,,,,,,,,,,,,,,,,,,,,,,,,,,,,,,,,,,,,,,,,,,,,,,,,,,,,,,,,,,
Hospital PatRoom4_Flr_3 sub catHot Supply Temp Sched,Unknown,C,Default|WntrDsn|SmrDsn,41640,42004,Constant,55,,,,,,,,,,,,,,,,,,,,,,,,From DOE Prototype Buildings,,,,,,,,,,,,,,,,,,,,,,,,,,,,,,,,,,,,,,,,,,,,,,,,,,,,,,,,,,,,,,,,,,,
Hospital PatRoom4_Flr_4 sub cat Latent fract sched,Unknown,,Default|WntrDsn|SmrDsn,41640,42004,Constant,0.05,,,,,,,,,,,,,,,,,,,,,,,,From DOE Prototype Buildings,,,,,,,,,,,,,,,,,,,,,,,,,,,,,,,,,,,,,,,,,,,,,,,,,,,,,,,,,,,,,,,,,,,
Hospital PatRoom4_Flr_4 sub cat Sensible fract sched,Unknown,,Default|WntrDsn|SmrDsn,41640,42004,Constant,0.2,,,,,,,,,,,,,,,,,,,,,,,,From DOE Prototype Buildings,,,,,,,,,,,,,,,,,,,,,,,,,,,,,,,,,,,,,,,,,,,,,,,,,,,,,,,,,,,,,,,,,,,
Hospital PatRoom4_Flr_4 sub cat Temp Sched,Unknown,C,Default|WntrDsn|SmrDsn,41640,42004,Constant,60,,,,,,,,,,,,,,,,,,,,,,,,From DOE Prototype Buildings,,,,,,,,,,,,,,,,,,,,,,,,,,,,,,,,,,,,,,,,,,,,,,,,,,,,,,,,,,,,,,,,,,,
Hospital PatRoom4_Flr_4 sub catHot Supply Temp Sched,Unknown,C,Default|WntrDsn|SmrDsn,41640,42004,Constant,55,,,,,,,,,,,,,,,,,,,,,,,,From DOE Prototype Buildings,,,,,,,,,,,,,,,,,,,,,,,,,,,,,,,,,,,,,,,,,,,,,,,,,,,,,,,,,,,,,,,,,,,
Hospital PatRoom5_Mult10_Flr_3 sub cat Latent fract sched,Unknown,,Default|WntrDsn|SmrDsn,41640,42004,Constant,0.05,,,,,,,,,,,,,,,,,,,,,,,,From DOE Prototype Buildings,,,,,,,,,,,,,,,,,,,,,,,,,,,,,,,,,,,,,,,,,,,,,,,,,,,,,,,,,,,,,,,,,,,
Hospital PatRoom5_Mult10_Flr_3 sub cat Sensible fract sched,Unknown,,Default|WntrDsn|SmrDsn,41640,42004,Constant,0.2,,,,,,,,,,,,,,,,,,,,,,,,From DOE Prototype Buildings,,,,,,,,,,,,,,,,,,,,,,,,,,,,,,,,,,,,,,,,,,,,,,,,,,,,,,,,,,,,,,,,,,,
Hospital PatRoom5_Mult10_Flr_3 sub cat Temp Sched,Unknown,C,Default|WntrDsn|SmrDsn,41640,42004,Constant,60,,,,,,,,,,,,,,,,,,,,,,,,From DOE Prototype Buildings,,,,,,,,,,,,,,,,,,,,,,,,,,,,,,,,,,,,,,,,,,,,,,,,,,,,,,,,,,,,,,,,,,,
Hospital PatRoom5_Mult10_Flr_3 sub catHot Supply Temp Sched,Unknown,C,Default|WntrDsn|SmrDsn,41640,42004,Constant,55,,,,,,,,,,,,,,,,,,,,,,,,From DOE Prototype Buildings,,,,,,,,,,,,,,,,,,,,,,,,,,,,,,,,,,,,,,,,,,,,,,,,,,,,,,,,,,,,,,,,,,,
Hospital PatRoom5_Mult10_Flr_4 sub cat Latent fract sched,Unknown,,Default|WntrDsn|SmrDsn,41640,42004,Constant,0.05,,,,,,,,,,,,,,,,,,,,,,,,From DOE Prototype Buildings,,,,,,,,,,,,,,,,,,,,,,,,,,,,,,,,,,,,,,,,,,,,,,,,,,,,,,,,,,,,,,,,,,,
Hospital PatRoom5_Mult10_Flr_4 sub cat Sensible fract sched,Unknown,,Default|WntrDsn|SmrDsn,41640,42004,Constant,0.2,,,,,,,,,,,,,,,,,,,,,,,,From DOE Prototype Buildings,,,,,,,,,,,,,,,,,,,,,,,,,,,,,,,,,,,,,,,,,,,,,,,,,,,,,,,,,,,,,,,,,,,
Hospital PatRoom5_Mult10_Flr_4 sub cat Temp Sched,Unknown,C,Default|WntrDsn|SmrDsn,41640,42004,Constant,60,,,,,,,,,,,,,,,,,,,,,,,,From DOE Prototype Buildings,,,,,,,,,,,,,,,,,,,,,,,,,,,,,,,,,,,,,,,,,,,,,,,,,,,,,,,,,,,,,,,,,,,
Hospital PatRoom5_Mult10_Flr_4 sub catHot Supply Temp Sched,Unknown,C,Default|WntrDsn|SmrDsn,41640,42004,Constant,55,,,,,,,,,,,,,,,,,,,,,,,,From DOE Prototype Buildings,,,,,,,,,,,,,,,,,,,,,,,,,,,,,,,,,,,,,,,,,,,,,,,,,,,,,,,,,,,,,,,,,,,
Hospital PatRoom6_Flr_3 sub cat Latent fract sched,Unknown,,Default|WntrDsn|SmrDsn,41640,42004,Constant,0.05,,,,,,,,,,,,,,,,,,,,,,,,From DOE Prototype Buildings,,,,,,,,,,,,,,,,,,,,,,,,,,,,,,,,,,,,,,,,,,,,,,,,,,,,,,,,,,,,,,,,,,,
Hospital PatRoom6_Flr_3 sub cat Sensible fract sched,Unknown,,Default|WntrDsn|SmrDsn,41640,42004,Constant,0.2,,,,,,,,,,,,,,,,,,,,,,,,From DOE Prototype Buildings,,,,,,,,,,,,,,,,,,,,,,,,,,,,,,,,,,,,,,,,,,,,,,,,,,,,,,,,,,,,,,,,,,,
Hospital PatRoom6_Flr_3 sub cat Temp Sched,Unknown,C,Default|WntrDsn|SmrDsn,41640,42004,Constant,60,,,,,,,,,,,,,,,,,,,,,,,,From DOE Prototype Buildings,,,,,,,,,,,,,,,,,,,,,,,,,,,,,,,,,,,,,,,,,,,,,,,,,,,,,,,,,,,,,,,,,,,
Hospital PatRoom6_Flr_3 sub catHot Supply Temp Sched,Unknown,C,Default|WntrDsn|SmrDsn,41640,42004,Constant,55,,,,,,,,,,,,,,,,,,,,,,,,From DOE Prototype Buildings,,,,,,,,,,,,,,,,,,,,,,,,,,,,,,,,,,,,,,,,,,,,,,,,,,,,,,,,,,,,,,,,,,,
Hospital PatRoom6_Flr_4 sub cat Latent fract sched,Unknown,,Default|WntrDsn|SmrDsn,41640,42004,Constant,0.05,,,,,,,,,,,,,,,,,,,,,,,,From DOE Prototype Buildings,,,,,,,,,,,,,,,,,,,,,,,,,,,,,,,,,,,,,,,,,,,,,,,,,,,,,,,,,,,,,,,,,,,
Hospital PatRoom6_Flr_4 sub cat Sensible fract sched,Unknown,,Default|WntrDsn|SmrDsn,41640,42004,Constant,0.2,,,,,,,,,,,,,,,,,,,,,,,,From DOE Prototype Buildings,,,,,,,,,,,,,,,,,,,,,,,,,,,,,,,,,,,,,,,,,,,,,,,,,,,,,,,,,,,,,,,,,,,
Hospital PatRoom6_Flr_4 sub cat Temp Sched,Unknown,C,Default|WntrDsn|SmrDsn,41640,42004,Constant,60,,,,,,,,,,,,,,,,,,,,,,,,From DOE Prototype Buildings,,,,,,,,,,,,,,,,,,,,,,,,,,,,,,,,,,,,,,,,,,,,,,,,,,,,,,,,,,,,,,,,,,,
Hospital PatRoom6_Flr_4 sub catHot Supply Temp Sched,Unknown,C,Default|WntrDsn|SmrDsn,41640,42004,Constant,55,,,,,,,,,,,,,,,,,,,,,,,,From DOE Prototype Buildings,,,,,,,,,,,,,,,,,,,,,,,,,,,,,,,,,,,,,,,,,,,,,,,,,,,,,,,,,,,,,,,,,,,
Hospital PatRoom7_Mult10_Flr_3 sub cat Latent fract sched,Unknown,,Default|WntrDsn|SmrDsn,41640,42004,Constant,0.05,,,,,,,,,,,,,,,,,,,,,,,,From DOE Prototype Buildings,,,,,,,,,,,,,,,,,,,,,,,,,,,,,,,,,,,,,,,,,,,,,,,,,,,,,,,,,,,,,,,,,,,
Hospital PatRoom7_Mult10_Flr_3 sub cat Sensible fract sched,Unknown,,Default|WntrDsn|SmrDsn,41640,42004,Constant,0.2,,,,,,,,,,,,,,,,,,,,,,,,From DOE Prototype Buildings,,,,,,,,,,,,,,,,,,,,,,,,,,,,,,,,,,,,,,,,,,,,,,,,,,,,,,,,,,,,,,,,,,,
Hospital PatRoom7_Mult10_Flr_3 sub cat Temp Sched,Unknown,C,Default|WntrDsn|SmrDsn,41640,42004,Constant,60,,,,,,,,,,,,,,,,,,,,,,,,From DOE Prototype Buildings,,,,,,,,,,,,,,,,,,,,,,,,,,,,,,,,,,,,,,,,,,,,,,,,,,,,,,,,,,,,,,,,,,,
Hospital PatRoom7_Mult10_Flr_3 sub catHot Supply Temp Sched,Unknown,C,Default|WntrDsn|SmrDsn,41640,42004,Constant,55,,,,,,,,,,,,,,,,,,,,,,,,From DOE Prototype Buildings,,,,,,,,,,,,,,,,,,,,,,,,,,,,,,,,,,,,,,,,,,,,,,,,,,,,,,,,,,,,,,,,,,,
Hospital PatRoom7_Mult10_Flr_4 sub cat Latent fract sched,Unknown,,Default|WntrDsn|SmrDsn,41640,42004,Constant,0.05,,,,,,,,,,,,,,,,,,,,,,,,From DOE Prototype Buildings,,,,,,,,,,,,,,,,,,,,,,,,,,,,,,,,,,,,,,,,,,,,,,,,,,,,,,,,,,,,,,,,,,,
Hospital PatRoom7_Mult10_Flr_4 sub cat Sensible fract sched,Unknown,,Default|WntrDsn|SmrDsn,41640,42004,Constant,0.2,,,,,,,,,,,,,,,,,,,,,,,,From DOE Prototype Buildings,,,,,,,,,,,,,,,,,,,,,,,,,,,,,,,,,,,,,,,,,,,,,,,,,,,,,,,,,,,,,,,,,,,
Hospital PatRoom7_Mult10_Flr_4 sub cat Temp Sched,Unknown,C,Default|WntrDsn|SmrDsn,41640,42004,Constant,60,,,,,,,,,,,,,,,,,,,,,,,,From DOE Prototype Buildings,,,,,,,,,,,,,,,,,,,,,,,,,,,,,,,,,,,,,,,,,,,,,,,,,,,,,,,,,,,,,,,,,,,
Hospital PatRoom7_Mult10_Flr_4 sub catHot Supply Temp Sched,Unknown,C,Default|WntrDsn|SmrDsn,41640,42004,Constant,55,,,,,,,,,,,,,,,,,,,,,,,,From DOE Prototype Buildings,,,,,,,,,,,,,,,,,,,,,,,,,,,,,,,,,,,,,,,,,,,,,,,,,,,,,,,,,,,,,,,,,,,
Hospital PatRoom8_Flr_3 sub cat Latent fract sched,Unknown,,Default|WntrDsn|SmrDsn,41640,42004,Constant,0.05,,,,,,,,,,,,,,,,,,,,,,,,From DOE Prototype Buildings,,,,,,,,,,,,,,,,,,,,,,,,,,,,,,,,,,,,,,,,,,,,,,,,,,,,,,,,,,,,,,,,,,,
Hospital PatRoom8_Flr_3 sub cat Sensible fract sched,Unknown,,Default|WntrDsn|SmrDsn,41640,42004,Constant,0.2,,,,,,,,,,,,,,,,,,,,,,,,From DOE Prototype Buildings,,,,,,,,,,,,,,,,,,,,,,,,,,,,,,,,,,,,,,,,,,,,,,,,,,,,,,,,,,,,,,,,,,,
Hospital PatRoom8_Flr_3 sub cat Temp Sched,Unknown,C,Default|WntrDsn|SmrDsn,41640,42004,Constant,60,,,,,,,,,,,,,,,,,,,,,,,,From DOE Prototype Buildings,,,,,,,,,,,,,,,,,,,,,,,,,,,,,,,,,,,,,,,,,,,,,,,,,,,,,,,,,,,,,,,,,,,
Hospital PatRoom8_Flr_3 sub catHot Supply Temp Sched,Unknown,C,Default|WntrDsn|SmrDsn,41640,42004,Constant,55,,,,,,,,,,,,,,,,,,,,,,,,From DOE Prototype Buildings,,,,,,,,,,,,,,,,,,,,,,,,,,,,,,,,,,,,,,,,,,,,,,,,,,,,,,,,,,,,,,,,,,,
Hospital PatRoom8_Flr_4 sub cat Latent fract sched,Unknown,,Default|WntrDsn|SmrDsn,41640,42004,Constant,0.05,,,,,,,,,,,,,,,,,,,,,,,,From DOE Prototype Buildings,,,,,,,,,,,,,,,,,,,,,,,,,,,,,,,,,,,,,,,,,,,,,,,,,,,,,,,,,,,,,,,,,,,
Hospital PatRoom8_Flr_4 sub cat Sensible fract sched,Unknown,,Default|WntrDsn|SmrDsn,41640,42004,Constant,0.2,,,,,,,,,,,,,,,,,,,,,,,,From DOE Prototype Buildings,,,,,,,,,,,,,,,,,,,,,,,,,,,,,,,,,,,,,,,,,,,,,,,,,,,,,,,,,,,,,,,,,,,
Hospital PatRoom8_Flr_4 sub cat Temp Sched,Unknown,C,Default|WntrDsn|SmrDsn,41640,42004,Constant,60,,,,,,,,,,,,,,,,,,,,,,,,From DOE Prototype Buildings,,,,,,,,,,,,,,,,,,,,,,,,,,,,,,,,,,,,,,,,,,,,,,,,,,,,,,,,,,,,,,,,,,,
Hospital PatRoom8_Flr_4 sub catHot Supply Temp Sched,Unknown,C,Default|WntrDsn|SmrDsn,41640,42004,Constant,55,,,,,,,,,,,,,,,,,,,,,,,,From DOE Prototype Buildings,,,,,,,,,,,,,,,,,,,,,,,,,,,,,,,,,,,,,,,,,,,,,,,,,,,,,,,,,,,,,,,,,,,
Hospital PhysTherapy_Flr_3 sub cat Latent fract sched,Unknown,,Default|WntrDsn|SmrDsn,41640,42004,Constant,0.05,,,,,,,,,,,,,,,,,,,,,,,,From DOE Prototype Buildings,,,,,,,,,,,,,,,,,,,,,,,,,,,,,,,,,,,,,,,,,,,,,,,,,,,,,,,,,,,,,,,,,,,
Hospital PhysTherapy_Flr_3 sub cat Sensible fract sched,Unknown,,Default|WntrDsn|SmrDsn,41640,42004,Constant,0.2,,,,,,,,,,,,,,,,,,,,,,,,From DOE Prototype Buildings,,,,,,,,,,,,,,,,,,,,,,,,,,,,,,,,,,,,,,,,,,,,,,,,,,,,,,,,,,,,,,,,,,,
Hospital PhysTherapy_Flr_3 sub cat Temp Sched,Unknown,C,Default|WntrDsn|SmrDsn,41640,42004,Constant,60,,,,,,,,,,,,,,,,,,,,,,,,From DOE Prototype Buildings,,,,,,,,,,,,,,,,,,,,,,,,,,,,,,,,,,,,,,,,,,,,,,,,,,,,,,,,,,,,,,,,,,,
Hospital PhysTherapy_Flr_3 sub catHot Supply Temp Sched,Unknown,C,Default|WntrDsn|SmrDsn,41640,42004,Constant,55,,,,,,,,,,,,,,,,,,,,,,,,From DOE Prototype Buildings,,,,,,,,,,,,,,,,,,,,,,,,,,,,,,,,,,,,,,,,,,,,,,,,,,,,,,,,,,,,,,,,,,,
Hospital PlantOnSched,Unknown,,Default|WntrDsn|SmrDsn,41640,42004,Constant,1,,,,,,,,,,,,,,,,,,,,,,,,From DOE Prototype Buildings,,,,,,,,,,,,,,,,,,,,,,,,,,,,,,,,,,,,,,,,,,,,,,,,,,,,,,,,,,,,,,,,,,,
Hospital Radiology_Flr_4 sub cat Latent fract sched,Unknown,,Default|WntrDsn|SmrDsn,41640,42004,Constant,0.05,,,,,,,,,,,,,,,,,,,,,,,,From DOE Prototype Buildings,,,,,,,,,,,,,,,,,,,,,,,,,,,,,,,,,,,,,,,,,,,,,,,,,,,,,,,,,,,,,,,,,,,
Hospital Radiology_Flr_4 sub cat Sensible fract sched,Unknown,,Default|WntrDsn|SmrDsn,41640,42004,Constant,0.2,,,,,,,,,,,,,,,,,,,,,,,,From DOE Prototype Buildings,,,,,,,,,,,,,,,,,,,,,,,,,,,,,,,,,,,,,,,,,,,,,,,,,,,,,,,,,,,,,,,,,,,
Hospital Radiology_Flr_4 sub cat Temp Sched,Unknown,C,Default|WntrDsn|SmrDsn,41640,42004,Constant,60,,,,,,,,,,,,,,,,,,,,,,,,From DOE Prototype Buildings,,,,,,,,,,,,,,,,,,,,,,,,,,,,,,,,,,,,,,,,,,,,,,,,,,,,,,,,,,,,,,,,,,,
Hospital Radiology_Flr_4 sub catHot Supply Temp Sched,Unknown,C,Default|WntrDsn|SmrDsn,41640,42004,Constant,55,,,,,,,,,,,,,,,,,,,,,,,,From DOE Prototype Buildings,,,,,,,,,,,,,,,,,,,,,,,,,,,,,,,,,,,,,,,,,,,,,,,,,,,,,,,,,,,,,,,,,,,
Hospital ReheatCoilAvailSched,Unknown,,Default|WntrDsn|SmrDsn,41640,42004,Constant,1,,,,,,,,,,,,,,,,,,,,,,,,From DOE Prototype Buildings,,,,,,,,,,,,,,,,,,,,,,,,,,,,,,,,,,,,,,,,,,,,,,,,,,,,,,,,,,,,,,,,,,,
Hospital scheduleOSCBasementFloorTemp,Unknown,C,Default|WntrDsn|SmrDsn,41640,42004,Constant,0,,,,,,,,,,,,,,,,,,,,,,,,From DOE Prototype Buildings,,,,,,,,,,,,,,,,,,,,,,,,,,,,,,,,,,,,,,,,,,,,,,,,,,,,,,,,,,,,,,,,,,,
Hospital scheduleOSCBasementLowerWallTemp,Unknown,C,Default|WntrDsn|SmrDsn,41640,42004,Constant,0,,,,,,,,,,,,,,,,,,,,,,,,From DOE Prototype Buildings,,,,,,,,,,,,,,,,,,,,,,,,,,,,,,,,,,,,,,,,,,,,,,,,,,,,,,,,,,,,,,,,,,,
Hospital scheduleOSCBasementUpperWallTemp,Unknown,C,Default|WntrDsn|SmrDsn,41640,42004,Constant,0,,,,,,,,,,,,,,,,,,,,,,,,From DOE Prototype Buildings,,,,,,,,,,,,,,,,,,,,,,,,,,,,,,,,,,,,,,,,,,,,,,,,,,,,,,,,,,,,,,,,,,,
Hospital scheduleOSCBasementWallSurfaceTemp,Unknown,C,Default|WntrDsn|SmrDsn,41640,42004,Constant,0,,,,,,,,,,,,,,,,,,,,,,,,From DOE Prototype Buildings,,,,,,,,,,,,,,,,,,,,,,,,,,,,,,,,,,,,,,,,,,,,,,,,,,,,,,,,,,,,,,,,,,,
Hospital SHADING_SCH,Unknown,W,Default|WntrDsn|SmrDsn,41640,42004,Constant,0,,,,,,,,,,,,,,,,,,,,,,,,From DOE Prototype Buildings,,,,,,,,,,,,,,,,,,,,,,,,,,,,,,,,,,,,,,,,,,,,,,,,,,,,,,,,,,,,,,,,,,,
Hospital SHWSys1 Water Heater Ambient Temperature Schedule,Service Water Heating,C,Default|WntrDsn|SmrDsn,41640,42004,Constant,22,,,,,,,,,,,,,,,,,,,,,,,,From DOE Prototype Buildings,,,,,,,,,,,,,,,,,,,,,,,,,,,,,,,,,,,,,,,,,,,,,,,,,,,,,,,,,,,,,,,,,,,
Hospital SHWSys1 Water Heater Setpoint Temperature Schedule,Service Water Heating,C,Default|WntrDsn|SmrDsn,41640,42004,Constant,60,,,,,,,,,,,,,,,,,,,,,,,,From DOE Prototype Buildings,,,,,,,,,,,,,,,,,,,,,,,,,,,,,,,,,,,,,,,,,,,,,,,,,,,,,,,,,,,,,,,,,,,
Hospital SHWSys1-Loop-Temp-Schedule,Service Water Heating,C,Default|WntrDsn|SmrDsn,41640,42004,Constant,60,,,,,,,,,,,,,,,,,,,,,,,,From DOE Prototype Buildings,,,,,,,,,,,,,,,,,,,,,,,,,,,,,,,,,,,,,,,,,,,,,,,,,,,,,,,,,,,,,,,,,,,
Hospital Tower-Loop-Temp-Schedule,Unknown,C,Default|WntrDsn|SmrDsn,41640,42004,Constant,21.1,,,,,,,,,,,,,,,,,,,,,,,,From DOE Prototype Buildings,,,,,,,,,,,,,,,,,,,,,,,,,,,,,,,,,,,,,,,,,,,,,,,,,,,,,,,,,,,,,,,,,,,
Hospital VAV_ER_OAminOAFracSchedule,OA Air,,Default|WntrDsn|SmrDsn,41640,42004,Constant,0.33,,,,,,,,,,,,,,,,,,,,,,,,From DOE Prototype Buildings,,,,,,,,,,,,,,,,,,,,,,,,,,,,,,,,,,,,,,,,,,,,,,,,,,,,,,,,,,,,,,,,,,,
Hospital VAV_ICU_OAminOAFracSchedule,OA Air,,Default|WntrDsn|SmrDsn,41640,42004,Constant,0.33,,,,,,,,,,,,,,,,,,,,,,,,From DOE Prototype Buildings,,,,,,,,,,,,,,,,,,,,,,,,,,,,,,,,,,,,,,,,,,,,,,,,,,,,,,,,,,,,,,,,,,,
Hospital VAV_LABS_OAminOAFracSchedule,OA Air,,Default|WntrDsn|SmrDsn,41640,42004,Constant,1,,,,,,,,,,,,,,,,,,,,,,,,From DOE Prototype Buildings,,,,,,,,,,,,,,,,,,,,,,,,,,,,,,,,,,,,,,,,,,,,,,,,,,,,,,,,,,,,,,,,,,,
Hospital VAV_OR_OAminOAFracSchedule,OA Air,,Default|WntrDsn|SmrDsn,41640,42004,Constant,0.33,,,,,,,,,,,,,,,,,,,,,,,,From DOE Prototype Buildings,,,,,,,,,,,,,,,,,,,,,,,,,,,,,,,,,,,,,,,,,,,,,,,,,,,,,,,,,,,,,,,,,,,
Hospital VAV_PATRMS_OAminOAFracSchedule,OA Air,,Default|WntrDsn|SmrDsn,41640,42004,Constant,0.33,,,,,,,,,,,,,,,,,,,,,,,,From DOE Prototype Buildings,,,,,,,,,,,,,,,,,,,,,,,,,,,,,,,,,,,,,,,,,,,,,,,,,,,,,,,,,,,,,,,,,,,
Hospital VAV_SAT_SCH,Unknown,C,Default|WntrDsn|SmrDsn,41640,42004,Constant,12.8,,,,,,,,,,,,,,,,,,,,,,,,From DOE Prototype Buildings,,,,,,,,,,,,,,,,,,,,,,,,,,,,,,,,,,,,,,,,,,,,,,,,,,,,,,,,,,,,,,,,,,,
Hospital walkin_occ_lght_SCH,Occupancy,,Default,41640,42004,Hourly,0.05,0.05,0.05,0.05,0.05,0.05,0.05,0.05,0.052,0.052,0.052,0.052,0.052,0.052,0.052,0.052,0.05,0.05,0.05,0.05,0.05,0.05,0.05,0.05,From DOE Prototype Buildings,,,,,,,,,,,,,,,,,,,,,,,,,,,,,,,,,,,,,,,,,,,,,,,,,,,,,,,,,,,,,,,,,,,
Hospital walkin_occ_lght_SCH,Occupancy,,Sat,41640,42004,Hourly,0.1,0.1,0.1,0.1,0.1,0.1,0.1,0.104,0.208,0.208,0.208,0.208,0.208,0.208,0.208,0.208,0.208,0.208,0.1,0.1,0.1,0.1,0.1,0.1,From DOE Prototype Buildings,,,,,,,,,,,,,,,,,,,,,,,,,,,,,,,,,,,,,,,,,,,,,,,,,,,,,,,,,,,,,,,,,,,
Hospital walkin_occ_lght_SCH,Occupancy,,SmrDsn,41640,42004,Constant,1,,,,,,,,,,,,,,,,,,,,,,,,From DOE Prototype Buildings,,,,,,,,,,,,,,,,,,,,,,,,,,,,,,,,,,,,,,,,,,,,,,,,,,,,,,,,,,,,,,,,,,,
Hospital walkin_occ_lght_SCH,Occupancy,,Wkdy,41640,42004,Hourly,0.1,0.1,0.1,0.1,0.1,0.1,0.1,0.26,0.468,0.468,0.468,0.468,0.468,0.468,0.468,0.468,0.156,0.156,0.156,0.156,0.156,0.156,0.156,0.1,From DOE Prototype Buildings,,,,,,,,,,,,,,,,,,,,,,,,,,,,,,,,,,,,,,,,,,,,,,,,,,,,,,,,,,,,,,,,,,,
Hospital walkin_occ_lght_SCH,Occupancy,,WntrDsn,41640,42004,Constant,0,,,,,,,,,,,,,,,,,,,,,,,,From DOE Prototype Buildings,,,,,,,,,,,,,,,,,,,,,,,,,,,,,,,,,,,,,,,,,,,,,,,,,,,,,,,,,,,,,,,,,,,
Hospital Work Eff,Unknown,,Default|WntrDsn|SmrDsn,41640,42004,Constant,0,,,,,,,,,,,,,,,,,,,,,,,,From DOE Reference Buildings ,,,,,,,,,,,,,,,,,,,,,,,,,,,,,,,,,,,,,,,,,,,,,,,,,,,,,,,,,,,,,,,,,,,
Hospital WORK_EFF_SCH,Unknown,,Default|WntrDsn|SmrDsn,41640,42004,Constant,0,,,,,,,,,,,,,,,,,,,,,,,,From DOE Prototype Buildings,,,,,,,,,,,,,,,,,,,,,,,,,,,,,,,,,,,,,,,,,,,,,,,,,,,,,,,,,,,,,,,,,,,
HotelLarge Adva_OccGuestRoom_ClgSP_Sch,Thermostat Setpoint,C,Default,41640,42004,Hourly,21.11,21.11,21.11,21.11,21.11,21.11,21.11,21.11,21.11,23.333,23.333,23.333,23.333,23.333,23.333,23.333,21.11,21.11,21.11,21.11,21.11,21.11,21.11,21.11,From DOE Prototype Buildings,,,,,,,,,,,,,,,,,,,,,,,,,,,,,,,,,,,,,,,,,,,,,,,,,,,,,,,,,,,,,,,,,,,
HotelLarge Adva_OccGuestRoom_ClgSP_Sch,Thermostat Setpoint,C,WntrDsn|SmrDsn,41640,42004,Constant,21.11,,,,,,,,,,,,,,,,,,,,,,,,From DOE Prototype Buildings,,,,,,,,,,,,,,,,,,,,,,,,,,,,,,,,,,,,,,,,,,,,,,,,,,,,,,,,,,,,,,,,,,,
HotelLarge Adva_OccGuestRoom_HtgSP_Sch,Thermostat Setpoint,C,Default,41640,42004,Hourly,21.11,21.11,21.11,21.11,21.11,21.11,21.11,21.11,21.11,18.889,18.889,18.889,18.889,18.889,18.889,18.889,21.11,21.11,21.11,21.11,21.11,21.11,21.11,21.11,From DOE Prototype Buildings,,,,,,,,,,,,,,,,,,,,,,,,,,,,,,,,,,,,,,,,,,,,,,,,,,,,,,,,,,,,,,,,,,,
HotelLarge Adva_OccGuestRoom_HtgSP_Sch,Thermostat Setpoint,C,WntrDsn|SmrDsn,41640,42004,Constant,21.11,,,,,,,,,,,,,,,,,,,,,,,,From DOE Prototype Buildings,,,,,,,,,,,,,,,,,,,,,,,,,,,,,,,,,,,,,,,,,,,,,,,,,,,,,,,,,,,,,,,,,,,
HotelLarge Adva5F_OccGuestRoom_ClgSP_Sch,Thermostat Setpoint,C,Default,41640,42004,Hourly,21.11,21.11,21.11,21.11,21.11,21.11,21.11,21.11,21.11,23.888,23.888,23.888,23.888,23.888,23.888,23.888,21.11,21.11,21.11,21.11,21.11,21.11,21.11,21.11,From DOE Prototype Buildings,,,,,,,,,,,,,,,,,,,,,,,,,,,,,,,,,,,,,,,,,,,,,,,,,,,,,,,,,,,,,,,,,,,
HotelLarge Adva5F_OccGuestRoom_ClgSP_Sch,Thermostat Setpoint,C,WntrDsn|SmrDsn,41640,42004,Constant,21.11,,,,,,,,,,,,,,,,,,,,,,,,From DOE Prototype Buildings,,,,,,,,,,,,,,,,,,,,,,,,,,,,,,,,,,,,,,,,,,,,,,,,,,,,,,,,,,,,,,,,,,,
HotelLarge Adva5F_OccGuestRoom_HtgSP_Sch,Thermostat Setpoint,C,Default,41640,42004,Hourly,21.11,21.11,21.11,21.11,21.11,21.11,21.11,21.11,21.11,18.334,18.334,18.334,18.334,18.334,18.334,18.334,21.11,21.11,21.11,21.11,21.11,21.11,21.11,21.11,From DOE Prototype Buildings,,,,,,,,,,,,,,,,,,,,,,,,,,,,,,,,,,,,,,,,,,,,,,,,,,,,,,,,,,,,,,,,,,,
HotelLarge Adva5F_OccGuestRoom_HtgSP_Sch,Thermostat Setpoint,C,WntrDsn|SmrDsn,41640,42004,Constant,21.11,,,,,,,,,,,,,,,,,,,,,,,,From DOE Prototype Buildings,,,,,,,,,,,,,,,,,,,,,,,,,,,,,,,,,,,,,,,,,,,,,,,,,,,,,,,,,,,,,,,,,,,
HotelLarge AIR_VELO_SCH,Unknown,W,Default|WntrDsn|SmrDsn,41640,42004,Constant,0.2,,,,,,,,,,,,,,,,,,,,,,,,From DOE Prototype Buildings,,,,,,,,,,,,,,,,,,,,,,,,,,,,,,,,,,,,,,,,,,,,,,,,,,,,,,,,,,,,,,,,,,,
HotelLarge ALWAYS_OFF,Unknown,,Default|WntrDsn|SmrDsn,41640,42004,Constant,0,,,,,,,,,,,,,,,,,,,,,,,,From DOE Prototype Buildings,,,,,,,,,,,,,,,,,,,,,,,,,,,,,,,,,,,,,,,,,,,,,,,,,,,,,,,,,,,,,,,,,,,
HotelLarge ALWAYS_ON,Unknown,,Default|WntrDsn|SmrDsn,41640,42004,Constant,1,,,,,,,,,,,,,,,,,,,,,,,,From DOE Prototype Buildings,,,,,,,,,,,,,,,,,,,,,,,,,,,,,,,,,,,,,,,,,,,,,,,,,,,,,,,,,,,,,,,,,,,
HotelLarge Base_OccGuestRoom_ClgSP_Sch,Thermostat Setpoint,C,Default|WntrDsn|SmrDsn,41640,42004,Constant,21.11,,,,,,,,,,,,,,,,,,,,,,,,From DOE Prototype Buildings,,,,,,,,,,,,,,,,,,,,,,,,,,,,,,,,,,,,,,,,,,,,,,,,,,,,,,,,,,,,,,,,,,,
HotelLarge Base_OccGuestRoom_HtgSP_Sch,Thermostat Setpoint,C,Default|WntrDsn|SmrDsn,41640,42004,Constant,21.11,,,,,,,,,,,,,,,,,,,,,,,,From DOE Prototype Buildings,,,,,,,,,,,,,,,,,,,,,,,,,,,,,,,,,,,,,,,,,,,,,,,,,,,,,,,,,,,,,,,,,,,
HotelLarge BASEMENT_EQUIP_SCH,Equipment,,Default,41640,42004,Hourly,0.4,0.4,0.3,0.3,0.3,0.3,0.4,0.5,0.5,0.4,0.4,0.4,0.4,0.3,0.3,0.3,0.3,0.3,0.6,0.8,0.9,0.7,0.6,0.4,From DOE Prototype Buildings,,,,,,,,,,,,,,,,,,,,,,,,,,,,,,,,,,,,,,,,,,,,,,,,,,,,,,,,,,,,,,,,,,,
HotelLarge BASEMENT_EQUIP_SCH,Equipment,,Sat,41640,42004,Hourly,0.3,0.3,0.2,0.2,0.2,0.2,0.4,0.4,0.5,0.5,0.4,0.35,0.35,0.35,0.35,0.35,0.35,0.35,0.7,0.8,0.8,0.8,0.7,0.4,From DOE Prototype Buildings,,,,,,,,,,,,,,,,,,,,,,,,,,,,,,,,,,,,,,,,,,,,,,,,,,,,,,,,,,,,,,,,,,,
HotelLarge BASEMENT_EQUIP_SCH,Equipment,,SmrDsn,41640,42004,Constant,1,,,,,,,,,,,,,,,,,,,,,,,,From DOE Prototype Buildings,,,,,,,,,,,,,,,,,,,,,,,,,,,,,,,,,,,,,,,,,,,,,,,,,,,,,,,,,,,,,,,,,,,
HotelLarge BASEMENT_EQUIP_SCH,Equipment,,Wkdy,41640,42004,Hourly,0.3,0.25,0.2,0.2,0.2,0.3,0.5,0.6,0.5,0.5,0.35,0.35,0.35,0.35,0.35,0.35,0.35,0.35,0.7,0.9,0.95,0.9,0.7,0.4,From DOE Prototype Buildings,,,,,,,,,,,,,,,,,,,,,,,,,,,,,,,,,,,,,,,,,,,,,,,,,,,,,,,,,,,,,,,,,,,
HotelLarge BASEMENT_EQUIP_SCH,Equipment,,WntrDsn,41640,42004,Constant,0,,,,,,,,,,,,,,,,,,,,,,,,From DOE Prototype Buildings,,,,,,,,,,,,,,,,,,,,,,,,,,,,,,,,,,,,,,,,,,,,,,,,,,,,,,,,,,,,,,,,,,,
HotelLarge BASEMENT_EQUIP_SCH_2010,Equipment,,Default,41640,42004,Hourly,0.3841429,0.3841429,0.288107175,0.288107175,0.288107175,0.288107175,0.3841429,0.480178625,0.480178625,0.3841429,0.3841429,0.3841429,0.3841429,0.288107175,0.288107175,0.288107175,0.288107175,0.288107175,0.57621435,0.7682858,0.864321525,0.672250075,0.57621435,0.3841429,From DOE Prototype Buildings,,,,,,,,,,,,,,,,,,,,,,,,,,,,,,,,,,,,,,,,,,,,,,,,,,,,,,,,,,,,,,,,,,,
HotelLarge BASEMENT_EQUIP_SCH_2010,Equipment,,Sat,41640,42004,Hourly,0.288107175,0.288107175,0.19207145,0.19207145,0.19207145,0.19207145,0.3841429,0.3841429,0.480178625,0.480178625,0.3841429,0.336125038,0.336125038,0.336125038,0.336125038,0.336125038,0.336125038,0.336125038,0.672250075,0.7682858,0.7682858,0.7682858,0.672250075,0.3841429,From DOE Prototype Buildings,,,,,,,,,,,,,,,,,,,,,,,,,,,,,,,,,,,,,,,,,,,,,,,,,,,,,,,,,,,,,,,,,,,
HotelLarge BASEMENT_EQUIP_SCH_2010,Equipment,,SmrDsn,41640,42004,Constant,1,,,,,,,,,,,,,,,,,,,,,,,,From DOE Prototype Buildings,,,,,,,,,,,,,,,,,,,,,,,,,,,,,,,,,,,,,,,,,,,,,,,,,,,,,,,,,,,,,,,,,,,
HotelLarge BASEMENT_EQUIP_SCH_2010,Equipment,,Wkdy,41640,42004,Hourly,0.288107175,0.240089313,0.19207145,0.19207145,0.19207145,0.288107175,0.480178625,0.57621435,0.480178625,0.480178625,0.336125038,0.336125038,0.336125038,0.336125038,0.336125038,0.336125038,0.336125038,0.336125038,0.672250075,0.864321525,0.912339388,0.864321525,0.672250075,0.3841429,From DOE Prototype Buildings,,,,,,,,,,,,,,,,,,,,,,,,,,,,,,,,,,,,,,,,,,,,,,,,,,,,,,,,,,,,,,,,,,,
HotelLarge BASEMENT_EQUIP_SCH_2010,Equipment,,WntrDsn,41640,42004,Constant,0,,,,,,,,,,,,,,,,,,,,,,,,From DOE Prototype Buildings,,,,,,,,,,,,,,,,,,,,,,,,,,,,,,,,,,,,,,,,,,,,,,,,,,,,,,,,,,,,,,,,,,,
HotelLarge BLDG_ELEVATORS,Elevator,,Default,41640,42004,Hourly,0.05,0.05,0.05,0.05,0.1,0.2,0.4,0.5,0.5,0.35,0.15,0.15,0.15,0.15,0.15,0.15,0.35,0.5,0.5,0.4,0.4,0.3,0.2,0.1,From DOE Prototype Buildings,,,,,,,,,,,,,,,,,,,,,,,,,,,,,,,,,,,,,,,,,,,,,,,,,,,,,,,,,,,,,,,,,,,
HotelLarge BLDG_ELEVATORS,Elevator,,SmrDsn,41640,42004,Constant,0.5,,,,,,,,,,,,,,,,,,,,,,,,From DOE Prototype Buildings,,,,,,,,,,,,,,,,,,,,,,,,,,,,,,,,,,,,,,,,,,,,,,,,,,,,,,,,,,,,,,,,,,,
HotelLarge BLDG_ELEVATORS,Elevator,,WntrDsn,41640,42004,Constant,0.05,,,,,,,,,,,,,,,,,,,,,,,,From DOE Prototype Buildings,,,,,,,,,,,,,,,,,,,,,,,,,,,,,,,,,,,,,,,,,,,,,,,,,,,,,,,,,,,,,,,,,,,
HotelLarge BLDG_EQUIP_SCH,Equipment,,Default,41640,42004,Hourly,0.4,0.4,0.3,0.3,0.3,0.3,0.4,0.5,0.5,0.4,0.4,0.4,0.4,0.3,0.3,0.3,0.3,0.3,0.6,0.8,0.9,0.7,0.6,0.4,From DOE Prototype Buildings,,,,,,,,,,,,,,,,,,,,,,,,,,,,,,,,,,,,,,,,,,,,,,,,,,,,,,,,,,,,,,,,,,,
HotelLarge BLDG_EQUIP_SCH,Equipment,,Sat,41640,42004,Hourly,0.3,0.3,0.2,0.2,0.2,0.2,0.4,0.4,0.5,0.5,0.4,0.35,0.35,0.35,0.35,0.35,0.35,0.35,0.7,0.8,0.8,0.8,0.7,0.4,From DOE Prototype Buildings,,,,,,,,,,,,,,,,,,,,,,,,,,,,,,,,,,,,,,,,,,,,,,,,,,,,,,,,,,,,,,,,,,,
HotelLarge BLDG_EQUIP_SCH,Equipment,,SmrDsn,41640,42004,Constant,1,,,,,,,,,,,,,,,,,,,,,,,,From DOE Prototype Buildings,,,,,,,,,,,,,,,,,,,,,,,,,,,,,,,,,,,,,,,,,,,,,,,,,,,,,,,,,,,,,,,,,,,
HotelLarge BLDG_EQUIP_SCH,Equipment,,Wkdy,41640,42004,Hourly,0.3,0.25,0.2,0.2,0.2,0.3,0.5,0.6,0.5,0.5,0.35,0.35,0.35,0.35,0.35,0.35,0.35,0.35,0.7,0.9,0.95,0.9,0.7,0.4,From DOE Prototype Buildings,,,,,,,,,,,,,,,,,,,,,,,,,,,,,,,,,,,,,,,,,,,,,,,,,,,,,,,,,,,,,,,,,,,
HotelLarge BLDG_EQUIP_SCH,Equipment,,WntrDsn,41640,42004,Constant,0,,,,,,,,,,,,,,,,,,,,,,,,From DOE Prototype Buildings,,,,,,,,,,,,,,,,,,,,,,,,,,,,,,,,,,,,,,,,,,,,,,,,,,,,,,,,,,,,,,,,,,,
HotelLarge BLDG_LIGHT_CORRIDOR_SCH,Lighting,,Default,41640,42004,Hourly,0.3,0.3,0.2,0.2,0.2,0.2,0.3,0.4,0.4,0.3,0.3,0.3,0.3,0.2,0.2,0.2,0.2,0.2,0.5,0.7,0.8,0.6,0.5,0.3,From DOE Prototype Buildings,,,,,,,,,,,,,,,,,,,,,,,,,,,,,,,,,,,,,,,,,,,,,,,,,,,,,,,,,,,,,,,,,,,
HotelLarge BLDG_LIGHT_CORRIDOR_SCH,Lighting,,Sat,41640,42004,Hourly,0.2,0.2,0.1,0.1,0.1,0.1,0.3,0.3,0.4,0.4,0.3,0.25,0.25,0.25,0.25,0.25,0.25,0.25,0.6,0.7,0.7,0.7,0.6,0.3,From DOE Prototype Buildings,,,,,,,,,,,,,,,,,,,,,,,,,,,,,,,,,,,,,,,,,,,,,,,,,,,,,,,,,,,,,,,,,,,
HotelLarge BLDG_LIGHT_CORRIDOR_SCH,Lighting,,SmrDsn,41640,42004,Constant,1,,,,,,,,,,,,,,,,,,,,,,,,From DOE Prototype Buildings,,,,,,,,,,,,,,,,,,,,,,,,,,,,,,,,,,,,,,,,,,,,,,,,,,,,,,,,,,,,,,,,,,,
HotelLarge BLDG_LIGHT_CORRIDOR_SCH,Lighting,,Wkdy,41640,42004,Hourly,0.2,0.15,0.1,0.1,0.1,0.2,0.4,0.5,0.4,0.4,0.25,0.25,0.25,0.25,0.25,0.25,0.25,0.25,0.6,0.8,0.9,0.8,0.6,0.3,From DOE Prototype Buildings,,,,,,,,,,,,,,,,,,,,,,,,,,,,,,,,,,,,,,,,,,,,,,,,,,,,,,,,,,,,,,,,,,,
HotelLarge BLDG_LIGHT_CORRIDOR_SCH,Lighting,,WntrDsn,41640,42004,Constant,0,,,,,,,,,,,,,,,,,,,,,,,,From DOE Prototype Buildings,,,,,,,,,,,,,,,,,,,,,,,,,,,,,,,,,,,,,,,,,,,,,,,,,,,,,,,,,,,,,,,,,,,
HotelLarge BLDG_LIGHT_CORRIDOR_SCH_2010,Lighting,,Default,41640,42004,Hourly,0.25029,0.25029,0.16686,0.16686,0.16686,0.16686,0.25029,0.33372,0.33372,0.25029,0.25029,0.25029,0.25029,0.16686,0.16686,0.16686,0.16686,0.16686,0.41715,0.58401,0.66744,0.50058,0.41715,0.25029,From DOE Prototype Buildings,,,,,,,,,,,,,,,,,,,,,,,,,,,,,,,,,,,,,,,,,,,,,,,,,,,,,,,,,,,,,,,,,,,
HotelLarge BLDG_LIGHT_CORRIDOR_SCH_2010,Lighting,,Sat,41640,42004,Hourly,0.16686,0.16686,0.08343,0.08343,0.08343,0.08343,0.25029,0.25029,0.33372,0.33372,0.25029,0.208575,0.208575,0.208575,0.208575,0.208575,0.208575,0.208575,0.50058,0.58401,0.58401,0.58401,0.50058,0.25029,From DOE Prototype Buildings,,,,,,,,,,,,,,,,,,,,,,,,,,,,,,,,,,,,,,,,,,,,,,,,,,,,,,,,,,,,,,,,,,,
HotelLarge BLDG_LIGHT_CORRIDOR_SCH_2010,Lighting,,SmrDsn,41640,42004,Constant,1,,,,,,,,,,,,,,,,,,,,,,,,From DOE Prototype Buildings,,,,,,,,,,,,,,,,,,,,,,,,,,,,,,,,,,,,,,,,,,,,,,,,,,,,,,,,,,,,,,,,,,,
HotelLarge BLDG_LIGHT_CORRIDOR_SCH_2010,Lighting,,Wkdy,41640,42004,Hourly,0.16686,0.125145,0.08343,0.08343,0.08343,0.16686,0.33372,0.41715,0.33372,0.33372,0.208575,0.208575,0.208575,0.208575,0.208575,0.208575,0.208575,0.208575,0.50058,0.66744,0.75087,0.66744,0.50058,0.25029,From DOE Prototype Buildings,,,,,,,,,,,,,,,,,,,,,,,,,,,,,,,,,,,,,,,,,,,,,,,,,,,,,,,,,,,,,,,,,,,
HotelLarge BLDG_LIGHT_CORRIDOR_SCH_2010,Lighting,,WntrDsn,41640,42004,Constant,0,,,,,,,,,,,,,,,,,,,,,,,,From DOE Prototype Buildings,,,,,,,,,,,,,,,,,,,,,,,,,,,,,,,,,,,,,,,,,,,,,,,,,,,,,,,,,,,,,,,,,,,
HotelLarge BLDG_LIGHT_GUESTROOM_SCH,Lighting,,Default,41640,42004,Hourly,0.26,0.26,0.11,0.11,0.11,0.11,0.41,0.41,0.56,0.56,0.41,0.33,0.33,0.33,0.33,0.33,0.33,0.33,0.85,1,1,1,0.85,0.41,From DOE Prototype Buildings,,,,,,,,,,,,,,,,,,,,,,,,,,,,,,,,,,,,,,,,,,,,,,,,,,,,,,,,,,,,,,,,,,,
HotelLarge BLDG_LIGHT_GUESTROOM_SCH,Lighting,,SmrDsn,41640,42004,Constant,1,,,,,,,,,,,,,,,,,,,,,,,,From DOE Prototype Buildings,,,,,,,,,,,,,,,,,,,,,,,,,,,,,,,,,,,,,,,,,,,,,,,,,,,,,,,,,,,,,,,,,,,
HotelLarge BLDG_LIGHT_GUESTROOM_SCH,Lighting,,Wkdy,41640,42004,Hourly,0.22,0.17,0.11,0.11,0.11,0.22,0.44,0.56,0.44,0.44,0.28,0.28,0.28,0.28,0.28,0.28,0.28,0.28,0.67,0.89,1,0.89,0.67,0.33,From DOE Prototype Buildings,,,,,,,,,,,,,,,,,,,,,,,,,,,,,,,,,,,,,,,,,,,,,,,,,,,,,,,,,,,,,,,,,,,
HotelLarge BLDG_LIGHT_GUESTROOM_SCH,Lighting,,WntrDsn,41640,42004,Constant,0,,,,,,,,,,,,,,,,,,,,,,,,From DOE Prototype Buildings,,,,,,,,,,,,,,,,,,,,,,,,,,,,,,,,,,,,,,,,,,,,,,,,,,,,,,,,,,,,,,,,,,,
HotelLarge BLDG_LIGHT_GUESTROOM_SCH_2010,Lighting,,Default,41640,42004,Hourly,0.2197,0.2197,0.0945,0.0945,0.0945,0.0945,0.3852,0.3852,0.5259,0.444267,0.302158,0.2432,0.2432,0.2432,0.2432,0.2432,0.2432,0.253275,0.7973,0.938,0.938,0.938,0.7973,0.3852,From DOE Prototype Buildings,,,,,,,,,,,,,,,,,,,,,,,,,,,,,,,,,,,,,,,,,,,,,,,,,,,,,,,,,,,,,,,,,,,
HotelLarge BLDG_LIGHT_GUESTROOM_SCH_2010,Lighting,,SmrDsn,41640,42004,Constant,1,,,,,,,,,,,,,,,,,,,,,,,,From DOE Prototype Buildings,,,,,,,,,,,,,,,,,,,,,,,,,,,,,,,,,,,,,,,,,,,,,,,,,,,,,,,,,,,,,,,,,,,
HotelLarge BLDG_LIGHT_GUESTROOM_SCH_2010,Lighting,,Wkdy,41640,42004,Hourly,0.1859,0.1452,0.0945,0.0945,0.0945,0.1859,0.4121,0.5259,0.4121,0.4121,0.2087,0.2087,0.2087,0.2087,0.2087,0.2087,0.21304,0.2149,0.6297,0.8342,0.938,0.8342,0.6297,0.3083,From DOE Prototype Buildings,,,,,,,,,,,,,,,,,,,,,,,,,,,,,,,,,,,,,,,,,,,,,,,,,,,,,,,,,,,,,,,,,,,
HotelLarge BLDG_LIGHT_GUESTROOM_SCH_2010,Lighting,,WntrDsn,41640,42004,Constant,0,,,,,,,,,,,,,,,,,,,,,,,,From DOE Prototype Buildings,,,,,,,,,,,,,,,,,,,,,,,,,,,,,,,,,,,,,,,,,,,,,,,,,,,,,,,,,,,,,,,,,,,
HotelLarge BLDG_LIGHT_OFFICE_BSMT_SCH,Lighting,,Default,41640,42004,Hourly,0.3,0.3,0.2,0.2,0.2,0.2,0.3,0.4,0.4,0.3,0.3,0.3,0.3,0.2,0.2,0.2,0.2,0.2,0.5,0.7,0.8,0.6,0.5,0.3,From DOE Prototype Buildings,,,,,,,,,,,,,,,,,,,,,,,,,,,,,,,,,,,,,,,,,,,,,,,,,,,,,,,,,,,,,,,,,,,
HotelLarge BLDG_LIGHT_OFFICE_BSMT_SCH,Lighting,,Sat,41640,42004,Hourly,0.2,0.2,0.1,0.1,0.1,0.1,0.3,0.3,0.4,0.4,0.3,0.25,0.25,0.25,0.25,0.25,0.25,0.25,0.6,0.7,0.7,0.7,0.6,0.3,From DOE Prototype Buildings,,,,,,,,,,,,,,,,,,,,,,,,,,,,,,,,,,,,,,,,,,,,,,,,,,,,,,,,,,,,,,,,,,,
HotelLarge BLDG_LIGHT_OFFICE_BSMT_SCH,Lighting,,SmrDsn,41640,42004,Constant,1,,,,,,,,,,,,,,,,,,,,,,,,From DOE Prototype Buildings,,,,,,,,,,,,,,,,,,,,,,,,,,,,,,,,,,,,,,,,,,,,,,,,,,,,,,,,,,,,,,,,,,,
HotelLarge BLDG_LIGHT_OFFICE_BSMT_SCH,Lighting,,Wkdy,41640,42004,Hourly,0.2,0.15,0.1,0.1,0.1,0.2,0.4,0.5,0.4,0.4,0.25,0.25,0.25,0.25,0.25,0.25,0.25,0.25,0.6,0.8,0.9,0.8,0.6,0.3,From DOE Prototype Buildings,,,,,,,,,,,,,,,,,,,,,,,,,,,,,,,,,,,,,,,,,,,,,,,,,,,,,,,,,,,,,,,,,,,
HotelLarge BLDG_LIGHT_OFFICE_BSMT_SCH,Lighting,,WntrDsn,41640,42004,Constant,0,,,,,,,,,,,,,,,,,,,,,,,,From DOE Prototype Buildings,,,,,,,,,,,,,,,,,,,,,,,,,,,,,,,,,,,,,,,,,,,,,,,,,,,,,,,,,,,,,,,,,,,
HotelLarge BLDG_LIGHT_OFFICE_BSMT_SCH_2010,Lighting,,Default,41640,42004,Hourly,0.28125,0.28125,0.1875,0.1875,0.1875,0.1875,0.28125,0.375,0.375,0.28125,0.28125,0.28125,0.28125,0.1875,0.1875,0.1875,0.1875,0.1875,0.46875,0.65625,0.75,0.5625,0.46875,0.28125,From DOE Prototype Buildings,,,,,,,,,,,,,,,,,,,,,,,,,,,,,,,,,,,,,,,,,,,,,,,,,,,,,,,,,,,,,,,,,,,
HotelLarge BLDG_LIGHT_OFFICE_BSMT_SCH_2010,Lighting,,Sat,41640,42004,Hourly,0.1875,0.1875,0.09375,0.09375,0.09375,0.09375,0.28125,0.28125,0.375,0.375,0.28125,0.234375,0.234375,0.234375,0.234375,0.234375,0.234375,0.234375,0.5625,0.65625,0.65625,0.65625,0.5625,0.28125,From DOE Prototype Buildings,,,,,,,,,,,,,,,,,,,,,,,,,,,,,,,,,,,,,,,,,,,,,,,,,,,,,,,,,,,,,,,,,,,
HotelLarge BLDG_LIGHT_OFFICE_BSMT_SCH_2010,Lighting,,SmrDsn,41640,42004,Constant,1,,,,,,,,,,,,,,,,,,,,,,,,From DOE Prototype Buildings,,,,,,,,,,,,,,,,,,,,,,,,,,,,,,,,,,,,,,,,,,,,,,,,,,,,,,,,,,,,,,,,,,,
HotelLarge BLDG_LIGHT_OFFICE_BSMT_SCH_2010,Lighting,,Wkdy,41640,42004,Hourly,0.1875,0.140625,0.09375,0.09375,0.09375,0.1875,0.375,0.46875,0.375,0.375,0.234375,0.234375,0.234375,0.234375,0.234375,0.234375,0.234375,0.234375,0.5625,0.75,0.84375,0.75,0.5625,0.28125,From DOE Prototype Buildings,,,,,,,,,,,,,,,,,,,,,,,,,,,,,,,,,,,,,,,,,,,,,,,,,,,,,,,,,,,,,,,,,,,
HotelLarge BLDG_LIGHT_OFFICE_BSMT_SCH_2010,Lighting,,WntrDsn,41640,42004,Constant,0,,,,,,,,,,,,,,,,,,,,,,,,From DOE Prototype Buildings,,,,,,,,,,,,,,,,,,,,,,,,,,,,,,,,,,,,,,,,,,,,,,,,,,,,,,,,,,,,,,,,,,,
HotelLarge BLDG_LIGHT_SCH,Lighting,,Default,41640,42004,Hourly,0.3,0.3,0.2,0.2,0.2,0.2,0.3,0.4,0.4,0.3,0.3,0.3,0.3,0.2,0.2,0.2,0.2,0.2,0.5,0.7,0.8,0.6,0.5,0.3,From DOE Prototype Buildings,,,,,,,,,,,,,,,,,,,,,,,,,,,,,,,,,,,,,,,,,,,,,,,,,,,,,,,,,,,,,,,,,,,
HotelLarge BLDG_LIGHT_SCH,Lighting,,Sat,41640,42004,Hourly,0.2,0.2,0.1,0.1,0.1,0.1,0.3,0.3,0.4,0.4,0.3,0.25,0.25,0.25,0.25,0.25,0.25,0.25,0.6,0.7,0.7,0.7,0.6,0.3,From DOE Prototype Buildings,,,,,,,,,,,,,,,,,,,,,,,,,,,,,,,,,,,,,,,,,,,,,,,,,,,,,,,,,,,,,,,,,,,
HotelLarge BLDG_LIGHT_SCH,Lighting,,SmrDsn,41640,42004,Constant,1,,,,,,,,,,,,,,,,,,,,,,,,From DOE Prototype Buildings,,,,,,,,,,,,,,,,,,,,,,,,,,,,,,,,,,,,,,,,,,,,,,,,,,,,,,,,,,,,,,,,,,,
HotelLarge BLDG_LIGHT_SCH,Lighting,,Wkdy,41640,42004,Hourly,0.2,0.15,0.1,0.1,0.1,0.2,0.4,0.5,0.4,0.4,0.25,0.25,0.25,0.25,0.25,0.25,0.25,0.25,0.6,0.8,0.9,0.8,0.6,0.3,From DOE Prototype Buildings,,,,,,,,,,,,,,,,,,,,,,,,,,,,,,,,,,,,,,,,,,,,,,,,,,,,,,,,,,,,,,,,,,,
HotelLarge BLDG_LIGHT_SCH,Lighting,,WntrDsn,41640,42004,Constant,0,,,,,,,,,,,,,,,,,,,,,,,,From DOE Prototype Buildings,,,,,,,,,,,,,,,,,,,,,,,,,,,,,,,,,,,,,,,,,,,,,,,,,,,,,,,,,,,,,,,,,,,
HotelLarge BLDG_LIGHT_STORAGE_SCH,Lighting,,Default,41640,42004,Hourly,0.3,0.3,0.2,0.2,0.2,0.2,0.3,0.4,0.4,0.3,0.3,0.3,0.3,0.2,0.2,0.2,0.2,0.2,0.5,0.7,0.8,0.6,0.5,0.3,From DOE Prototype Buildings,,,,,,,,,,,,,,,,,,,,,,,,,,,,,,,,,,,,,,,,,,,,,,,,,,,,,,,,,,,,,,,,,,,
HotelLarge BLDG_LIGHT_STORAGE_SCH,Lighting,,Sat,41640,42004,Hourly,0.2,0.2,0.1,0.1,0.1,0.1,0.3,0.3,0.4,0.4,0.3,0.25,0.25,0.25,0.25,0.25,0.25,0.25,0.6,0.7,0.7,0.7,0.6,0.3,From DOE Prototype Buildings,,,,,,,,,,,,,,,,,,,,,,,,,,,,,,,,,,,,,,,,,,,,,,,,,,,,,,,,,,,,,,,,,,,
HotelLarge BLDG_LIGHT_STORAGE_SCH,Lighting,,SmrDsn,41640,42004,Constant,1,,,,,,,,,,,,,,,,,,,,,,,,From DOE Prototype Buildings,,,,,,,,,,,,,,,,,,,,,,,,,,,,,,,,,,,,,,,,,,,,,,,,,,,,,,,,,,,,,,,,,,,
HotelLarge BLDG_LIGHT_STORAGE_SCH,Lighting,,Wkdy,41640,42004,Hourly,0.2,0.15,0.1,0.1,0.1,0.2,0.4,0.5,0.4,0.4,0.25,0.25,0.25,0.25,0.25,0.25,0.25,0.25,0.6,0.8,0.9,0.8,0.6,0.3,From DOE Prototype Buildings,,,,,,,,,,,,,,,,,,,,,,,,,,,,,,,,,,,,,,,,,,,,,,,,,,,,,,,,,,,,,,,,,,,
HotelLarge BLDG_LIGHT_STORAGE_SCH,Lighting,,WntrDsn,41640,42004,Constant,0,,,,,,,,,,,,,,,,,,,,,,,,From DOE Prototype Buildings,,,,,,,,,,,,,,,,,,,,,,,,,,,,,,,,,,,,,,,,,,,,,,,,,,,,,,,,,,,,,,,,,,,
HotelLarge BLDG_LIGHT_STORAGE_SCH_2010,Lighting,,Default,41640,42004,Hourly,0.17565,0.17565,0.1171,0.1171,0.1171,0.1171,0.17565,0.2342,0.2342,0.17565,0.17565,0.17565,0.17565,0.1171,0.1171,0.1171,0.1171,0.1171,0.29275,0.40985,0.4684,0.3513,0.29275,0.17565,From DOE Prototype Buildings,,,,,,,,,,,,,,,,,,,,,,,,,,,,,,,,,,,,,,,,,,,,,,,,,,,,,,,,,,,,,,,,,,,
HotelLarge BLDG_LIGHT_STORAGE_SCH_2010,Lighting,,Sat,41640,42004,Hourly,0.1171,0.1171,0.05855,0.05855,0.05855,0.05855,0.17565,0.17565,0.2342,0.2342,0.17565,0.146375,0.146375,0.146375,0.146375,0.146375,0.146375,0.146375,0.3513,0.40985,0.40985,0.40985,0.3513,0.17565,From DOE Prototype Buildings,,,,,,,,,,,,,,,,,,,,,,,,,,,,,,,,,,,,,,,,,,,,,,,,,,,,,,,,,,,,,,,,,,,
HotelLarge BLDG_LIGHT_STORAGE_SCH_2010,Lighting,,SmrDsn,41640,42004,Constant,1,,,,,,,,,,,,,,,,,,,,,,,,From DOE Prototype Buildings,,,,,,,,,,,,,,,,,,,,,,,,,,,,,,,,,,,,,,,,,,,,,,,,,,,,,,,,,,,,,,,,,,,
HotelLarge BLDG_LIGHT_STORAGE_SCH_2010,Lighting,,Wkdy,41640,42004,Hourly,0.1171,0.087825,0.05855,0.05855,0.05855,0.1171,0.2342,0.29275,0.2342,0.2342,0.146375,0.146375,0.146375,0.146375,0.146375,0.146375,0.146375,0.146375,0.3513,0.4684,0.52695,0.4684,0.3513,0.17565,From DOE Prototype Buildings,,,,,,,,,,,,,,,,,,,,,,,,,,,,,,,,,,,,,,,,,,,,,,,,,,,,,,,,,,,,,,,,,,,
HotelLarge BLDG_LIGHT_STORAGE_SCH_2010,Lighting,,WntrDsn,41640,42004,Constant,0,,,,,,,,,,,,,,,,,,,,,,,,From DOE Prototype Buildings,,,,,,,,,,,,,,,,,,,,,,,,,,,,,,,,,,,,,,,,,,,,,,,,,,,,,,,,,,,,,,,,,,,
HotelLarge BLDG_OCC_SCH,Occupancy,,Default,41640,42004,Hourly,0.7,0.7,0.7,0.7,0.7,0.7,0.7,0.7,0.5,0.5,0.5,0.3,0.3,0.2,0.2,0.2,0.3,0.4,0.4,0.6,0.6,0.8,0.8,0.8,From DOE Prototype Buildings,,,,,,,,,,,,,,,,,,,,,,,,,,,,,,,,,,,,,,,,,,,,,,,,,,,,,,,,,,,,,,,,,,,
HotelLarge BLDG_OCC_SCH,Occupancy,,Sat,41640,42004,Hourly,0.9,0.9,0.9,0.9,0.9,0.9,0.7,0.5,0.5,0.3,0.3,0.3,0.3,0.3,0.3,0.3,0.3,0.5,0.6,0.6,0.6,0.7,0.7,0.7,From DOE Prototype Buildings,,,,,,,,,,,,,,,,,,,,,,,,,,,,,,,,,,,,,,,,,,,,,,,,,,,,,,,,,,,,,,,,,,,
HotelLarge BLDG_OCC_SCH,Occupancy,,SmrDsn,41640,42004,Constant,1,,,,,,,,,,,,,,,,,,,,,,,,From DOE Prototype Buildings,,,,,,,,,,,,,,,,,,,,,,,,,,,,,,,,,,,,,,,,,,,,,,,,,,,,,,,,,,,,,,,,,,,
HotelLarge BLDG_OCC_SCH,Occupancy,,Wkdy,41640,42004,Hourly,0.9,0.9,0.9,0.9,0.9,0.9,0.7,0.4,0.4,0.2,0.2,0.2,0.2,0.2,0.2,0.3,0.5,0.5,0.5,0.7,0.7,0.8,0.9,0.9,From DOE Prototype Buildings,,,,,,,,,,,,,,,,,,,,,,,,,,,,,,,,,,,,,,,,,,,,,,,,,,,,,,,,,,,,,,,,,,,
HotelLarge BLDG_OCC_SCH,Occupancy,,WntrDsn,41640,42004,Constant,0,,,,,,,,,,,,,,,,,,,,,,,,From DOE Prototype Buildings,,,,,,,,,,,,,,,,,,,,,,,,,,,,,,,,,,,,,,,,,,,,,,,,,,,,,,,,,,,,,,,,,,,
HotelLarge BLDG_SWH_SCH,Service Water Heating,,Default,41640,42004,Hourly,0.25,0.2,0.2,0.2,0.2,0.3,0.5,0.5,0.5,0.55,0.5,0.5,0.4,0.4,0.3,0.3,0.3,0.4,0.5,0.5,0.4,0.5,0.4,0.2,From DOE Prototype Buildings,,,,,,,,,,,,,,,,,,,,,,,,,,,,,,,,,,,,,,,,,,,,,,,,,,,,,,,,,,,,,,,,,,,
HotelLarge BLDG_SWH_SCH,Service Water Heating,,SmrDsn|Wkdy,41640,42004,Hourly,0.2,0.15,0.15,0.15,0.2,0.25,0.5,0.6,0.55,0.45,0.4,0.45,0.4,0.35,0.3,0.3,0.3,0.4,0.55,0.6,0.5,0.55,0.45,0.25,From DOE Prototype Buildings,,,,,,,,,,,,,,,,,,,,,,,,,,,,,,,,,,,,,,,,,,,,,,,,,,,,,,,,,,,,,,,,,,,
HotelLarge BLDG_SWH_SCH,Service Water Heating,,WntrDsn|Sat,41640,42004,Hourly,0.2,0.15,0.15,0.15,0.2,0.25,0.4,0.5,0.5,0.5,0.45,0.5,0.5,0.45,0.4,0.4,0.35,0.4,0.55,0.55,0.5,0.55,0.4,0.3,From DOE Prototype Buildings,,,,,,,,,,,,,,,,,,,,,,,,,,,,,,,,,,,,,,,,,,,,,,,,,,,,,,,,,,,,,,,,,,,
HotelLarge Booster Water Inlet Temp Schedule,Unknown,W,Default|WntrDsn|SmrDsn,41640,42004,Constant,60,,,,,,,,,,,,,,,,,,,,,,,,From DOE Prototype Buildings,,,,,,,,,,,,,,,,,,,,,,,,,,,,,,,,,,,,,,,,,,,,,,,,,,,,,,,,,,,,,,,,,,,
HotelLarge Booster Water Setpoint Temp Schedule,Unknown,W,Default|WntrDsn|SmrDsn,41640,42004,Constant,82.22,,,,,,,,,,,,,,,,,,,,,,,,From DOE Prototype Buildings,,,,,,,,,,,,,,,,,,,,,,,,,,,,,,,,,,,,,,,,,,,,,,,,,,,,,,,,,,,,,,,,,,,
HotelLarge CLGSETP_SCH,Thermostat Setpoint,C,Default|WntrDsn|SmrDsn,41640,42004,Constant,24,,,,,,,,,,,,,,,,,,,,,,,,From DOE Prototype Buildings,,,,,,,,,,,,,,,,,,,,,,,,,,,,,,,,,,,,,,,,,,,,,,,,,,,,,,,,,,,,,,,,,,,
HotelLarge CLOTHING_SCH,Clothing,W,Default|SmrDsn,41640,42004,Constant,0.5,,,,,,,,,,,,,,,,,,,,,,,,From DOE Prototype Buildings,,,,,,,,,,,,,,,,,,,,,,,,,,,,,,,,,,,,,,,,,,,,,,,,,,,,,,,,,,,,,,,,,,,
HotelLarge CLOTHING_SCH,Clothing,W,Wknd|Wkdy,41913,42004,Constant,1,,,,,,,,,,,,,,,,,,,,,,,,From DOE Prototype Buildings,,,,,,,,,,,,,,,,,,,,,,,,,,,,,,,,,,,,,,,,,,,,,,,,,,,,,,,,,,,,,,,,,,,
HotelLarge CLOTHING_SCH,Clothing,W,Wknd|Wkdy,41640,41759,Constant,1,,,,,,,,,,,,,,,,,,,,,,,,From DOE Prototype Buildings,,,,,,,,,,,,,,,,,,,,,,,,,,,,,,,,,,,,,,,,,,,,,,,,,,,,,,,,,,,,,,,,,,,
HotelLarge CLOTHING_SCH,Clothing,W,WntrDsn,41640,42004,Constant,1,,,,,,,,,,,,,,,,,,,,,,,,From DOE Prototype Buildings,,,,,,,,,,,,,,,,,,,,,,,,,,,,,,,,,,,,,,,,,,,,,,,,,,,,,,,,,,,,,,,,,,,
HotelLarge CoolingCoilAvailSched,Unknown,,Default|WntrDsn|SmrDsn,41640,42004,Constant,1,,,,,,,,,,,,,,,,,,,,,,,,From DOE Prototype Buildings,,,,,,,,,,,,,,,,,,,,,,,,,,,,,,,,,,,,,,,,,,,,,,,,,,,,,,,,,,,,,,,,,,,
HotelLarge Cool-Supply-Air-Temp-Sch,Unknown,C,Default|WntrDsn|SmrDsn,41640,42004,Constant,12.8,,,,,,,,,,,,,,,,,,,,,,,,From DOE Prototype Buildings,,,,,,,,,,,,,,,,,,,,,,,,,,,,,,,,,,,,,,,,,,,,,,,,,,,,,,,,,,,,,,,,,,,
HotelLarge CW-Loop-Temp-Schedule,Unknown,C,Default|WntrDsn|SmrDsn,41640,42004,Constant,6.7,,,,,,,,,,,,,,,,,,,,,,,,From DOE Prototype Buildings,,,,,,,,,,,,,,,,,,,,,,,,,,,,,,,,,,,,,,,,,,,,,,,,,,,,,,,,,,,,,,,,,,,
HotelLarge Dual Zone Control Type Sched,Unknown,,Default|WntrDsn|SmrDsn,41640,42004,Constant,4,,,,,,,,,,,,,,,,,,,,,,,,From DOE Prototype Buildings,,,,,,,,,,,,,,,,,,,,,,,,,,,,,,,,,,,,,,,,,,,,,,,,,,,,,,,,,,,,,,,,,,,
HotelLarge ELEV_LIGHT_FAN_SCH_24_7,Lighting,,Default|WntrDsn|SmrDsn,41640,42004,Constant,1,,,,,,,,,,,,,,,,,,,,,,,,From DOE Prototype Buildings,,,,,,,,,,,,,,,,,,,,,,,,,,,,,,,,,,,,,,,,,,,,,,,,,,,,,,,,,,,,,,,,,,,
HotelLarge ELEV_LIGHT_FAN_SCH_ADD_DF,Lighting,,Default,41640,42004,Hourly,0.05,0.05,0.05,0.05,0.1,0.2,0.4,0.5,0.5,0.35,0.15,0.15,0.15,0.15,0.15,0.15,0.35,0.5,0.5,0.4,0.4,0.3,0.2,0.1,From DOE Prototype Buildings,,,,,,,,,,,,,,,,,,,,,,,,,,,,,,,,,,,,,,,,,,,,,,,,,,,,,,,,,,,,,,,,,,,
HotelLarge ELEV_LIGHT_FAN_SCH_ADD_DF,Lighting,,SmrDsn,41640,42004,Constant,0.5,,,,,,,,,,,,,,,,,,,,,,,,From DOE Prototype Buildings,,,,,,,,,,,,,,,,,,,,,,,,,,,,,,,,,,,,,,,,,,,,,,,,,,,,,,,,,,,,,,,,,,,
HotelLarge ELEV_LIGHT_FAN_SCH_ADD_DF,Lighting,,WntrDsn,41640,42004,Constant,0.05,,,,,,,,,,,,,,,,,,,,,,,,From DOE Prototype Buildings,,,,,,,,,,,,,,,,,,,,,,,,,,,,,,,,,,,,,,,,,,,,,,,,,,,,,,,,,,,,,,,,,,,
HotelLarge EmployeeLounge_Eqp_Sch,Equipment,,Default|Wkdy,41640,42004,Hourly,0.11,0.11,0.11,0.11,0.11,0.19,0.19,0.25,1,1,0.86,0.86,1,0.86,0.86,0.86,0.86,0.86,0.25,0.19,0.11,0.11,0.11,0.11,From DOE Prototype Buildings,,,,,,,,,,,,,,,,,,,,,,,,,,,,,,,,,,,,,,,,,,,,,,,,,,,,,,,,,,,,,,,,,,,
HotelLarge EmployeeLounge_Eqp_Sch,Equipment,,SmrDsn,41640,42004,Constant,1,,,,,,,,,,,,,,,,,,,,,,,,From DOE Prototype Buildings,,,,,,,,,,,,,,,,,,,,,,,,,,,,,,,,,,,,,,,,,,,,,,,,,,,,,,,,,,,,,,,,,,,
HotelLarge EmployeeLounge_Eqp_Sch,Equipment,,WntrDsn,41640,42004,Constant,0,,,,,,,,,,,,,,,,,,,,,,,,From DOE Prototype Buildings,,,,,,,,,,,,,,,,,,,,,,,,,,,,,,,,,,,,,,,,,,,,,,,,,,,,,,,,,,,,,,,,,,,
HotelLarge EmployeeLounge_Occ_Sch,Occupancy,,Default,41640,42004,Hourly,0,0,0,0,0,0.05,0.05,0.05,0.1,0.1,0.1,0.1,0.2,0.1,0.1,0.1,0.1,0.1,0.05,0.05,0,0,0,0,From DOE Prototype Buildings,,,,,,,,,,,,,,,,,,,,,,,,,,,,,,,,,,,,,,,,,,,,,,,,,,,,,,,,,,,,,,,,,,,
HotelLarge EmployeeLounge_Occ_Sch,Occupancy,,SmrDsn,41640,42004,Constant,1,,,,,,,,,,,,,,,,,,,,,,,,From DOE Prototype Buildings,,,,,,,,,,,,,,,,,,,,,,,,,,,,,,,,,,,,,,,,,,,,,,,,,,,,,,,,,,,,,,,,,,,
HotelLarge EmployeeLounge_Occ_Sch,Occupancy,,Wkdy,41640,42004,Hourly,0,0,0,0,0,0.1,0.1,0.2,0.2,0.2,0.2,0.2,0.7,0.2,0.2,0.2,0.2,0.2,0.1,0.1,0,0,0,0,From DOE Prototype Buildings,,,,,,,,,,,,,,,,,,,,,,,,,,,,,,,,,,,,,,,,,,,,,,,,,,,,,,,,,,,,,,,,,,,
HotelLarge EmployeeLounge_Occ_Sch,Occupancy,,WntrDsn,41640,42004,Constant,0,,,,,,,,,,,,,,,,,,,,,,,,From DOE Prototype Buildings,,,,,,,,,,,,,,,,,,,,,,,,,,,,,,,,,,,,,,,,,,,,,,,,,,,,,,,,,,,,,,,,,,,
HotelLarge ExerciseRoom_Eqp_Sch,Equipment,,Default|WntrDsn|SmrDsn,41640,42004,Hourly,0,0,0,0,0,0,0.5,1,1,0.5,0.5,0.5,0,0.5,0.5,0.5,1,0.5,0.5,1,1,0.5,0.5,0,From DOE Prototype Buildings,,,,,,,,,,,,,,,,,,,,,,,,,,,,,,,,,,,,,,,,,,,,,,,,,,,,,,,,,,,,,,,,,,,
HotelLarge ExerciseRoom_Occ_Sch,Occupancy,,Default|WntrDsn|SmrDsn,41640,42004,Hourly,0,0,0,0,0,0,0.5,1,1,1,1,0.5,0,1,1,1,1,1,1,1,1,1,0.5,0,From DOE Prototype Buildings,,,,,,,,,,,,,,,,,,,,,,,,,,,,,,,,,,,,,,,,,,,,,,,,,,,,,,,,,,,,,,,,,,,
HotelLarge Exterior_Lgt_ALWAYS_ON,Unknown,,Default|WntrDsn|SmrDsn,41640,42004,Constant,1,,,,,,,,,,,,,,,,,,,,,,,,From DOE Prototype Buildings,,,,,,,,,,,,,,,,,,,,,,,,,,,,,,,,,,,,,,,,,,,,,,,,,,,,,,,,,,,,,,,,,,,
HotelLarge Exterior_Ltg_Sch,Unknown,,Default|WntrDsn|SmrDsn,41640,42004,Hourly,1,1,1,1,1,1,1,0,0,0,0,0,0,0,0,0,0,0,0,1,1,1,1,1,From DOE Prototype Buildings,,,,,,,,,,,,,,,,,,,,,,,,,,,,,,,,,,,,,,,,,,,,,,,,,,,,,,,,,,,,,,,,,,,
HotelLarge FAN_SCH,Unknown,,Default|WntrDsn|SmrDsn,41640,42004,Constant,1,,,,,,,,,,,,,,,,,,,,,,,,From DOE Prototype Buildings,,,,,,,,,,,,,,,,,,,,,,,,,,,,,,,,,,,,,,,,,,,,,,,,,,,,,,,,,,,,,,,,,,,
HotelLarge FLR_3_DOAS_OAminOAFracSchedule,OA Air,,Default|WntrDsn|SmrDsn,41640,42004,Constant,1,,,,,,,,,,,,,,,,,,,,,,,,From DOE Prototype Buildings,,,,,,,,,,,,,,,,,,,,,,,,,,,,,,,,,,,,,,,,,,,,,,,,,,,,,,,,,,,,,,,,,,,
HotelLarge GuestRoom_Eqp_Sch_Adva,Equipment,,Default,41640,42004,Hourly,0.17,0.17,0.17,0.17,0.17,0.17,0.3,0.62,0.9,0.62,0.13,0.13,0.13,0.13,0.13,0.13,0.21,0.4,0.48,0.46,0.62,0.69,0.34,0.17,From DOE Prototype Buildings,,,,,,,,,,,,,,,,,,,,,,,,,,,,,,,,,,,,,,,,,,,,,,,,,,,,,,,,,,,,,,,,,,,
HotelLarge GuestRoom_Eqp_Sch_Adva,Equipment,,SmrDsn,41640,42004,Constant,1,,,,,,,,,,,,,,,,,,,,,,,,From DOE Prototype Buildings,,,,,,,,,,,,,,,,,,,,,,,,,,,,,,,,,,,,,,,,,,,,,,,,,,,,,,,,,,,,,,,,,,,
HotelLarge GuestRoom_Eqp_Sch_Adva,Equipment,,Wkdy,41640,42004,Hourly,0.17,0.17,0.17,0.17,0.17,0.17,0.62,0.9,0.43,0.43,0.12,0.12,0.12,0.12,0.12,0.12,0.19,0.48,0.48,0.46,0.62,0.69,0.34,0.17,From DOE Prototype Buildings,,,,,,,,,,,,,,,,,,,,,,,,,,,,,,,,,,,,,,,,,,,,,,,,,,,,,,,,,,,,,,,,,,,
HotelLarge GuestRoom_Eqp_Sch_Adva,Equipment,,WntrDsn,41640,42004,Constant,0,,,,,,,,,,,,,,,,,,,,,,,,From DOE Prototype Buildings,,,,,,,,,,,,,,,,,,,,,,,,,,,,,,,,,,,,,,,,,,,,,,,,,,,,,,,,,,,,,,,,,,,
HotelLarge GuestRoom_Eqp_Sch_Base,Equipment,,Default,41640,42004,Hourly,0.2,0.2,0.2,0.2,0.2,0.2,0.3,0.62,0.9,0.62,0.29,0.29,0.29,0.29,0.29,0.29,0.29,0.43,0.51,0.49,0.66,0.7,0.35,0.2,From DOE Prototype Buildings,,,,,,,,,,,,,,,,,,,,,,,,,,,,,,,,,,,,,,,,,,,,,,,,,,,,,,,,,,,,,,,,,,,
HotelLarge GuestRoom_Eqp_Sch_Base,Equipment,,SmrDsn,41640,42004,Constant,1,,,,,,,,,,,,,,,,,,,,,,,,From DOE Prototype Buildings,,,,,,,,,,,,,,,,,,,,,,,,,,,,,,,,,,,,,,,,,,,,,,,,,,,,,,,,,,,,,,,,,,,
HotelLarge GuestRoom_Eqp_Sch_Base,Equipment,,Wkdy,41640,42004,Hourly,0.2,0.2,0.2,0.2,0.2,0.2,0.62,0.9,0.43,0.43,0.26,0.26,0.26,0.26,0.26,0.26,0.26,0.51,0.51,0.49,0.66,0.7,0.35,0.2,From DOE Prototype Buildings,,,,,,,,,,,,,,,,,,,,,,,,,,,,,,,,,,,,,,,,,,,,,,,,,,,,,,,,,,,,,,,,,,,
HotelLarge GuestRoom_Eqp_Sch_Base,Equipment,,WntrDsn,41640,42004,Constant,0,,,,,,,,,,,,,,,,,,,,,,,,From DOE Prototype Buildings,,,,,,,,,,,,,,,,,,,,,,,,,,,,,,,,,,,,,,,,,,,,,,,,,,,,,,,,,,,,,,,,,,,
HotelLarge GuestRoom_Occ_Sch,Occupancy,,Default,41640,42004,Hourly,0.65,0.65,0.65,0.65,0.65,0.65,0.5,0.34,0.34,0.2,0.2,0.2,0.2,0.2,0.2,0.2,0.2,0.34,0.35,0.65,0.65,0.5,0.5,0.5,From DOE Prototype Buildings,,,,,,,,,,,,,,,,,,,,,,,,,,,,,,,,,,,,,,,,,,,,,,,,,,,,,,,,,,,,,,,,,,,
HotelLarge GuestRoom_Occ_Sch,Occupancy,,SmrDsn,41640,42004,Constant,1,,,,,,,,,,,,,,,,,,,,,,,,From DOE Prototype Buildings,,,,,,,,,,,,,,,,,,,,,,,,,,,,,,,,,,,,,,,,,,,,,,,,,,,,,,,,,,,,,,,,,,,
HotelLarge GuestRoom_Occ_Sch,Occupancy,,Wkdy,41640,42004,Hourly,0.65,0.65,0.65,0.65,0.65,0.65,0.5,0.28,0.28,0.13,0.13,0.13,0.13,0.13,0.13,0.2,0.35,0.35,0.35,0.5,0.5,0.58,0.65,0.65,From DOE Prototype Buildings,,,,,,,,,,,,,,,,,,,,,,,,,,,,,,,,,,,,,,,,,,,,,,,,,,,,,,,,,,,,,,,,,,,
HotelLarge GuestRoom_Occ_Sch,Occupancy,,WntrDsn,41640,42004,Constant,0,,,,,,,,,,,,,,,,,,,,,,,,From DOE Prototype Buildings,,,,,,,,,,,,,,,,,,,,,,,,,,,,,,,,,,,,,,,,,,,,,,,,,,,,,,,,,,,,,,,,,,,
HotelLarge GuestRoom_SWH_Sch,Service Water Heating,,Default|WntrDsn|SmrDsn,41640,42004,Hourly,0.2,0.15,0.15,0.15,0.2,0.25,0.35,0.6,0.8,0.55,0.4,0.3,0.2,0.2,0.2,0.2,0.2,0.25,0.3,0.4,0.4,0.4,0.6,0.35,From DOE Prototype Buildings,,,,,,,,,,,,,,,,,,,,,,,,,,,,,,,,,,,,,,,,,,,,,,,,,,,,,,,,,,,,,,,,,,,
HotelLarge GuestRoom_SWH_Sch,Service Water Heating,,Wkdy,41640,42004,Hourly,0.2,0.15,0.15,0.15,0.2,0.35,0.6,0.8,0.55,0.4,0.3,0.2,0.2,0.2,0.2,0.2,0.2,0.3,0.55,0.4,0.4,0.6,0.45,0.25,From DOE Prototype Buildings,,,,,,,,,,,,,,,,,,,,,,,,,,,,,,,,,,,,,,,,,,,,,,,,,,,,,,,,,,,,,,,,,,,
HotelLarge Heating-Supply-Air-Temp-Sch,Unknown,C,Default|WntrDsn|SmrDsn,41640,42004,Constant,16,,,,,,,,,,,,,,,,,,,,,,,,From DOE Prototype Buildings,,,,,,,,,,,,,,,,,,,,,,,,,,,,,,,,,,,,,,,,,,,,,,,,,,,,,,,,,,,,,,,,,,,
HotelLarge Hours_of_operation,Operation,,Default|WntrDsn|SmrDsn,41640,42004,Constant,1,,,,,,,,,,,,,,,,,,,,,,,,From DOE Prototype Buildings,,,,,,,,,,,,,,,,,,,,,,,,,,,,,,,,,,,,,,,,,,,,,,,,,,,,,,,,,,,,,,,,,,,
HotelLarge HTGSETP_SCH,Thermostat Setpoint,C,Default|WntrDsn|SmrDsn,41640,42004,Constant,21,,,,,,,,,,,,,,,,,,,,,,,,From DOE Prototype Buildings,,,,,,,,,,,,,,,,,,,,,,,,,,,,,,,,,,,,,,,,,,,,,,,,,,,,,,,,,,,,,,,,,,,
HotelLarge Humidity Setpoint Schedule,Unknown,,Default|WntrDsn|SmrDsn|Sat|Wkdy,41640,42004,Constant,50,,,,,,,,,,,,,,,,,,,,,,,,From DOE Prototype Buildings,,,,,,,,,,,,,,,,,,,,,,,,,,,,,,,,,,,,,,,,,,,,,,,,,,,,,,,,,,,,,,,,,,,
HotelLarge HVACOperationSchd,Operation,,Default|WntrDsn|SmrDsn,41640,42004,Constant,1,,,,,,,,,,,,,,,,,,,,,,,,From DOE Prototype Buildings,,,,,,,,,,,,,,,,,,,,,,,,,,,,,,,,,,,,,,,,,,,,,,,,,,,,,,,,,,,,,,,,,,,
HotelLarge HW-Loop-Temp-Schedule,Unknown,C,Default|WntrDsn|SmrDsn,41640,42004,Constant,60,,,,,,,,,,,,,,,,,,,,,,,,From DOE Prototype Buildings,,,,,,,,,,,,,,,,,,,,,,,,,,,,,,,,,,,,,,,,,,,,,,,,,,,,,,,,,,,,,,,,,,,
HotelLarge INFIL_HALF_ON_SCH,Infiltration,,Default|WntrDsn|SmrDsn,41640,42004,Constant,0.5,,,,,,,,,,,,,,,,,,,,,,,,From DOE Prototype Buildings,,,,,,,,,,,,,,,,,,,,,,,,,,,,,,,,,,,,,,,,,,,,,,,,,,,,,,,,,,,,,,,,,,,
HotelLarge INFIL_QUARTER_ON_SCH,Infiltration,,Default|WntrDsn|SmrDsn,41640,42004,Constant,0.25,,,,,,,,,,,,,,,,,,,,,,,,From DOE Prototype Buildings,,,,,,,,,,,,,,,,,,,,,,,,,,,,,,,,,,,,,,,,,,,,,,,,,,,,,,,,,,,,,,,,,,,
HotelLarge INFIL_SCH,Infiltration,,Default|WntrDsn|SmrDsn,41640,42004,Constant,1,,,,,,,,,,,,,,,,,,,,,,,,From DOE Prototype Buildings,,,,,,,,,,,,,,,,,,,,,,,,,,,,,,,,,,,,,,,,,,,,,,,,,,,,,,,,,,,,,,,,,,,
HotelLarge Kitchen Exhaust Fan Balanced Exhaust Fraction Schedule,Equipment,,Default|WntrDsn|SmrDsn,41640,42004,Hourly,0,0,0,0,0,0,0,0.508715482,0.508715482,0.508715482,0.508715482,0.508715482,0.508715482,0.508715482,0.508715482,0.508715482,0.508715482,0.508715482,0.508715482,0.508715482,0.508715482,0.508715482,0.508715482,0.508715482,From DOE Prototype Buildings,,,,,,,,,,,,,,,,,,,,,,,,,,,,,,,,,,,,,,,,,,,,,,,,,,,,,,,,,,,,,,,,,,,
HotelLarge Kitchen_Elec_Equip_SCH,Equipment,,Default|Sun|Wkdy,41640,42004,Hourly,0.1,0.1,0.1,0.1,0.1,0.1,0.25,0.3,0.3,0.3,0.3,0.3,0.3,0.3,0.3,0.3,0.3,0.3,0.3,0.3,0.3,0.3,0.3,0.3,From DOE Prototype Buildings,,,,,,,,,,,,,,,,,,,,,,,,,,,,,,,,,,,,,,,,,,,,,,,,,,,,,,,,,,,,,,,,,,,
HotelLarge Kitchen_Elec_Equip_SCH,Equipment,,SmrDsn,41640,42004,Constant,0.3,,,,,,,,,,,,,,,,,,,,,,,,From DOE Prototype Buildings,,,,,,,,,,,,,,,,,,,,,,,,,,,,,,,,,,,,,,,,,,,,,,,,,,,,,,,,,,,,,,,,,,,
HotelLarge Kitchen_Elec_Equip_SCH,Equipment,,WntrDsn,41640,42004,Constant,0,,,,,,,,,,,,,,,,,,,,,,,,From DOE Prototype Buildings,,,,,,,,,,,,,,,,,,,,,,,,,,,,,,,,,,,,,,,,,,,,,,,,,,,,,,,,,,,,,,,,,,,
HotelLarge Kitchen_Exhaust_SCH,Equipment,,Default|WntrDsn|SmrDsn,41640,42004,Hourly,0,0,0,0,0,0,0,1,1,1,1,1,1,1,1,1,1,1,1,1,1,1,1,1,From DOE Prototype Buildings,,,,,,,,,,,,,,,,,,,,,,,,,,,,,,,,,,,,,,,,,,,,,,,,,,,,,,,,,,,,,,,,,,,
HotelLarge Kitchen_Flr_6 Water Equipment Hot Supply Temp Sched,Equipment,C,Default|WntrDsn|SmrDsn,41640,42004,Constant,55,,,,,,,,,,,,,,,,,,,,,,,,From DOE Prototype Buildings,,,,,,,,,,,,,,,,,,,,,,,,,,,,,,,,,,,,,,,,,,,,,,,,,,,,,,,,,,,,,,,,,,,
HotelLarge Kitchen_Flr_6 Water Equipment Latent fract sched,Equipment,,Default|WntrDsn|SmrDsn,41640,42004,Constant,0.05,,,,,,,,,,,,,,,,,,,,,,,,From DOE Prototype Buildings,,,,,,,,,,,,,,,,,,,,,,,,,,,,,,,,,,,,,,,,,,,,,,,,,,,,,,,,,,,,,,,,,,,
HotelLarge Kitchen_Flr_6 Water Equipment Sensible fract sched,Equipment,,Default|WntrDsn|SmrDsn,41640,42004,Constant,0.2,,,,,,,,,,,,,,,,,,,,,,,,From DOE Prototype Buildings,,,,,,,,,,,,,,,,,,,,,,,,,,,,,,,,,,,,,,,,,,,,,,,,,,,,,,,,,,,,,,,,,,,
HotelLarge Kitchen_Flr_6 Water Equipment Temp Sched,Equipment,C,Default|WntrDsn|SmrDsn,41640,42004,Constant,60,,,,,,,,,,,,,,,,,,,,,,,,From DOE Prototype Buildings,,,,,,,,,,,,,,,,,,,,,,,,,,,,,,,,,,,,,,,,,,,,,,,,,,,,,,,,,,,,,,,,,,,
HotelLarge Kitchen_Flr_6_Case:1_WALKINFREEZER_WalkInStockingSched,Equipment,W,Default,41640,42004,Hourly,0,0,0,0,725,417,290,0,0,0,0,0,0,0,0,0,0,0,0,0,0,0,0,0,From DOE Prototype Buildings,,,,,,,,,,,,,,,,,,,,,,,,,,,,,,,,,,,,,,,,,,,,,,,,,,,,,,,,,,,,,,,,,,,
HotelLarge Kitchen_Flr_6_Case:1_WALKINFREEZER_WalkInStockingSched,Equipment,W,WntrDsn|SmrDsn|Wknd|Mon|Wed|Thu,41640,42004,Hourly,0,0,0,0,125,117,90,0,0,0,0,0,0,0,0,0,0,0,0,125,117,90,0,0,From DOE Prototype Buildings,,,,,,,,,,,,,,,,,,,,,,,,,,,,,,,,,,,,,,,,,,,,,,,,,,,,,,,,,,,,,,,,,,,
HotelLarge Kitchen_Flr_6_Case:2_SELFCONTAINEDDISPLAYCASE_CaseStockingSched,Equipment,W,Default|WntrDsn|SmrDsn,41640,42004,Constant,0,0,0,0,0,0,50,70,70,80,70,50,50,80,90,80,0,0,0,0,0,0,0,0,From DOE Prototype Buildings,,,,,,,,,,,,,,,,,,,,,,,,,,,,,,,,,,,,,,,,,,,,,,,,,,,,,,,,,,,,,,,,,,,
HotelLarge Kitchen_Gas_Equip_SCH,Equipment,,Default|Sat|Wkdy,41640,42004,Hourly,0.02,0.02,0.02,0.02,0.02,0.05,0.1,0.15,0.2,0.15,0.25,0.25,0.25,0.2,0.15,0.2,0.3,0.3,0.3,0.2,0.2,0.15,0.1,0.05,From DOE Prototype Buildings,,,,,,,,,,,,,,,,,,,,,,,,,,,,,,,,,,,,,,,,,,,,,,,,,,,,,,,,,,,,,,,,,,,
HotelLarge Kitchen_Gas_Equip_SCH,Equipment,,SmrDsn,41640,42004,Constant,0.25,,,,,,,,,,,,,,,,,,,,,,,,From DOE Prototype Buildings,,,,,,,,,,,,,,,,,,,,,,,,,,,,,,,,,,,,,,,,,,,,,,,,,,,,,,,,,,,,,,,,,,,
HotelLarge Kitchen_Gas_Equip_SCH,Equipment,,WntrDsn,41640,42004,Constant,0,,,,,,,,,,,,,,,,,,,,,,,,From DOE Prototype Buildings,,,,,,,,,,,,,,,,,,,,,,,,,,,,,,,,,,,,,,,,,,,,,,,,,,,,,,,,,,,,,,,,,,,
HotelLarge Laundry Setpoint Temp Schedule,Equipment,W,Default|WntrDsn|SmrDsn,41640,42004,Constant,82.22,,,,,,,,,,,,,,,,,,,,,,,,From DOE Prototype Buildings,,,,,,,,,,,,,,,,,,,,,,,,,,,,,,,,,,,,,,,,,,,,,,,,,,,,,,,,,,,,,,,,,,,
HotelLarge LAUNDRY_SWH_SCH,Equipment,,Default|WntrDsn|SmrDsn,41640,42004,Hourly,0,0,0,0,0,0,0,0,0,0,0,0,0,0,0,0,0,1,1,1,1,1,1,1,From DOE Prototype Buildings,,,,,,,,,,,,,,,,,,,,,,,,,,,,,,,,,,,,,,,,,,,,,,,,,,,,,,,,,,,,,,,,,,,
HotelLarge LaundryRoom_Eqp_Elec_Sch,Equipment,,Default,41640,42004,Hourly,0,0,0,0,0,0,0,0,1,1,1,1,1,1,1,1,0,0,0,0,0,0,0,0,From DOE Prototype Buildings,,,,,,,,,,,,,,,,,,,,,,,,,,,,,,,,,,,,,,,,,,,,,,,,,,,,,,,,,,,,,,,,,,,
HotelLarge LaundryRoom_Eqp_Elec_Sch,Equipment,,SmrDsn,41640,42004,Constant,1,,,,,,,,,,,,,,,,,,,,,,,,From DOE Prototype Buildings,,,,,,,,,,,,,,,,,,,,,,,,,,,,,,,,,,,,,,,,,,,,,,,,,,,,,,,,,,,,,,,,,,,
HotelLarge LaundryRoom_Eqp_Elec_Sch,Equipment,,WntrDsn,41640,42004,Constant,0,,,,,,,,,,,,,,,,,,,,,,,,From DOE Prototype Buildings,,,,,,,,,,,,,,,,,,,,,,,,,,,,,,,,,,,,,,,,,,,,,,,,,,,,,,,,,,,,,,,,,,,
HotelLarge LaundryRoom_Eqp_Gas_Sch,Equipment,,Default,41640,42004,Hourly,0,0,0,0,0,0,0,0,0,1,1,1,1,1,1,1,1,0,0,0,0,0,0,0,From DOE Prototype Buildings,,,,,,,,,,,,,,,,,,,,,,,,,,,,,,,,,,,,,,,,,,,,,,,,,,,,,,,,,,,,,,,,,,,
HotelLarge LaundryRoom_Eqp_Gas_Sch,Equipment,,SmrDsn,41640,42004,Constant,1,,,,,,,,,,,,,,,,,,,,,,,,From DOE Prototype Buildings,,,,,,,,,,,,,,,,,,,,,,,,,,,,,,,,,,,,,,,,,,,,,,,,,,,,,,,,,,,,,,,,,,,
HotelLarge LaundryRoom_Eqp_Gas_Sch,Equipment,,WntrDsn,41640,42004,Constant,0,,,,,,,,,,,,,,,,,,,,,,,,From DOE Prototype Buildings,,,,,,,,,,,,,,,,,,,,,,,,,,,,,,,,,,,,,,,,,,,,,,,,,,,,,,,,,,,,,,,,,,,
HotelLarge LaundryRoom_Occ_Sch,Occupancy,,Default|Wkdy,41640,42004,Hourly,0,0,0,0,0,0,0,0,0.09,0.09,0.18,0.18,0,0.18,0.18,0.18,0.09,0,0,0,0,0,0,0,From DOE Prototype Buildings,,,,,,,,,,,,,,,,,,,,,,,,,,,,,,,,,,,,,,,,,,,,,,,,,,,,,,,,,,,,,,,,,,,
HotelLarge LaundryRoom_Occ_Sch,Occupancy,,SmrDsn,41640,42004,Constant,1,,,,,,,,,,,,,,,,,,,,,,,,From DOE Prototype Buildings,,,,,,,,,,,,,,,,,,,,,,,,,,,,,,,,,,,,,,,,,,,,,,,,,,,,,,,,,,,,,,,,,,,
HotelLarge LaundryRoom_Occ_Sch,Occupancy,,WntrDsn,41640,42004,Constant,0,,,,,,,,,,,,,,,,,,,,,,,,From DOE Prototype Buildings,,,,,,,,,,,,,,,,,,,,,,,,,,,,,,,,,,,,,,,,,,,,,,,,,,,,,,,,,,,,,,,,,,,
HotelLarge LaundryRoom_SWH_Sch,Equipment,,Default|WntrDsn|SmrDsn,41640,42004,Hourly,0,0,0,0,0,0,0,0,1,1,1,1,1,1,1,1,0,0,0,0,0,0,0,0,From DOE Prototype Buildings,,,,,,,,,,,,,,,,,,,,,,,,,,,,,,,,,,,,,,,,,,,,,,,,,,,,,,,,,,,,,,,,,,,
HotelLarge Lobby_Eqp_Sch,Equipment,,Default,41640,42004,Hourly,0.21,0.21,0.21,0.21,0.21,0.68,1,1,1,1,0.32,0.23,0.23,0.23,0.23,0.23,0.23,0.23,0.23,0.23,0.23,0.23,0.23,0.21,From DOE Prototype Buildings,,,,,,,,,,,,,,,,,,,,,,,,,,,,,,,,,,,,,,,,,,,,,,,,,,,,,,,,,,,,,,,,,,,
HotelLarge Lobby_Eqp_Sch,Equipment,,SmrDsn,41640,42004,Constant,1,,,,,,,,,,,,,,,,,,,,,,,,From DOE Prototype Buildings,,,,,,,,,,,,,,,,,,,,,,,,,,,,,,,,,,,,,,,,,,,,,,,,,,,,,,,,,,,,,,,,,,,
HotelLarge Lobby_Eqp_Sch,Equipment,,WntrDsn,41640,42004,Constant,0,,,,,,,,,,,,,,,,,,,,,,,,From DOE Prototype Buildings,,,,,,,,,,,,,,,,,,,,,,,,,,,,,,,,,,,,,,,,,,,,,,,,,,,,,,,,,,,,,,,,,,,
HotelLarge Lobby_Occ_Sch,Occupancy,,Default,41640,42004,Hourly,0.1,0.1,0.1,0.1,0.1,0.1,0.3,0.7,0.7,0.7,0.2,0.2,0.2,0.2,0.2,0.2,0.2,0.2,0.2,0.2,0.2,0.2,0.1,0.1,From DOE Prototype Buildings,,,,,,,,,,,,,,,,,,,,,,,,,,,,,,,,,,,,,,,,,,,,,,,,,,,,,,,,,,,,,,,,,,,
HotelLarge Lobby_Occ_Sch,Occupancy,,SmrDsn,41640,42004,Constant,1,,,,,,,,,,,,,,,,,,,,,,,,From DOE Prototype Buildings,,,,,,,,,,,,,,,,,,,,,,,,,,,,,,,,,,,,,,,,,,,,,,,,,,,,,,,,,,,,,,,,,,,
HotelLarge Lobby_Occ_Sch,Occupancy,,Wkdy,41640,42004,Hourly,0.1,0.1,0.1,0.1,0.1,0.3,0.7,0.7,0.7,0.7,0.2,0.2,0.2,0.2,0.2,0.2,0.4,0.4,0.2,0.2,0.2,0.2,0.1,0.1,From DOE Prototype Buildings,,,,,,,,,,,,,,,,,,,,,,,,,,,,,,,,,,,,,,,,,,,,,,,,,,,,,,,,,,,,,,,,,,,
HotelLarge Lobby_Occ_Sch,Occupancy,,WntrDsn,41640,42004,Constant,0,,,,,,,,,,,,,,,,,,,,,,,,From DOE Prototype Buildings,,,,,,,,,,,,,,,,,,,,,,,,,,,,,,,,,,,,,,,,,,,,,,,,,,,,,,,,,,,,,,,,,,,
HotelLarge MaxRelHumSetSch,Unknown,,Default|WntrDsn|SmrDsn,41640,42004,Constant,60,,,,,,,,,,,,,,,,,,,,,,,,From DOE Prototype Buildings,,,,,,,,,,,,,,,,,,,,,,,,,,,,,,,,,,,,,,,,,,,,,,,,,,,,,,,,,,,,,,,,,,,
HotelLarge MeetingRoom_Eqp_Sch,Equipment,,Default|WntrDsn|SmrDsn,41640,42004,Hourly,0,0,0,0,0,0,0,0.05,0.54,0.54,0.26,0.26,0.05,0.54,0.54,0.26,0.26,0.26,0.05,0.05,0,0,0,0,From DOE Prototype Buildings,,,,,,,,,,,,,,,,,,,,,,,,,,,,,,,,,,,,,,,,,,,,,,,,,,,,,,,,,,,,,,,,,,,
HotelLarge MeetingRoom_Occ_Sch,Occupancy,,Default|Wkdy,41640,42004,Hourly,0,0,0,0,0,0,0,0.05,0.5,0.5,0.2,0.2,0.05,0.5,0.5,0.2,0.2,0.2,0.05,0.05,0,0,0,0,From DOE Prototype Buildings,,,,,,,,,,,,,,,,,,,,,,,,,,,,,,,,,,,,,,,,,,,,,,,,,,,,,,,,,,,,,,,,,,,
HotelLarge MeetingRoom_Occ_Sch,Occupancy,,SmrDsn,41640,42004,Constant,1,,,,,,,,,,,,,,,,,,,,,,,,From DOE Prototype Buildings,,,,,,,,,,,,,,,,,,,,,,,,,,,,,,,,,,,,,,,,,,,,,,,,,,,,,,,,,,,,,,,,,,,
HotelLarge MeetingRoom_Occ_Sch,Occupancy,,WntrDsn,41640,42004,Constant,0,,,,,,,,,,,,,,,,,,,,,,,,From DOE Prototype Buildings,,,,,,,,,,,,,,,,,,,,,,,,,,,,,,,,,,,,,,,,,,,,,,,,,,,,,,,,,,,,,,,,,,,
HotelLarge MinOA_MotorizedDamper_Sched,OA Air,,Default|WntrDsn|SmrDsn,41640,42004,Constant,1,,,,,,,,,,,,,,,,,,,,,,,,From DOE Prototype Buildings,,,,,,,,,,,,,,,,,,,,,,,,,,,,,,,,,,,,,,,,,,,,,,,,,,,,,,,,,,,,,,,,,,,
HotelLarge MinOA_Sched,OA Air,,Default|WntrDsn|SmrDsn,41640,42004,Constant,1,,,,,,,,,,,,,,,,,,,,,,,,From DOE Prototype Buildings,,,,,,,,,,,,,,,,,,,,,,,,,,,,,,,,,,,,,,,,,,,,,,,,,,,,,,,,,,,,,,,,,,,
HotelLarge MinRelHumSetSch,Unknown,,Default|WntrDsn|SmrDsn,41640,42004,Constant,30,,,,,,,,,,,,,,,,,,,,,,,,From DOE Prototype Buildings,,,,,,,,,,,,,,,,,,,,,,,,,,,,,,,,,,,,,,,,,,,,,,,,,,,,,,,,,,,,,,,,,,,
HotelLarge N Adva_OccGuestRoom_ClgSP_Sch,Thermostat Setpoint,C,Default,41640,42004,Hourly,21.111,21.111,21.111,21.111,21.111,21.111,21.111,21.111,21.111,23.333,23.333,23.333,23.333,23.333,23.333,23.333,21.111,21.111,21.111,21.111,21.111,21.111,21.111,21.111,From DOE Prototype Buildings,,,,,,,,,,,,,,,,,,,,,,,,,,,,,,,,,,,,,,,,,,,,,,,,,,,,,,,,,,,,,,,,,,,
HotelLarge N Adva_OccGuestRoom_ClgSP_Sch,Thermostat Setpoint,C,WntrDsn|SmrDsn,41640,42004,Constant,21.111,,,,,,,,,,,,,,,,,,,,,,,,From DOE Prototype Buildings,,,,,,,,,,,,,,,,,,,,,,,,,,,,,,,,,,,,,,,,,,,,,,,,,,,,,,,,,,,,,,,,,,,
HotelLarge N Adva_OccGuestRoom_HtgSP_Sch,Thermostat Setpoint,C,Default,41640,42004,Hourly,21.111,21.111,21.111,21.111,21.111,21.111,21.111,21.111,21.111,18.889,18.889,18.889,18.889,18.889,18.889,18.889,21.111,21.111,21.111,21.111,21.111,21.111,21.111,21.111,From DOE Prototype Buildings,,,,,,,,,,,,,,,,,,,,,,,,,,,,,,,,,,,,,,,,,,,,,,,,,,,,,,,,,,,,,,,,,,,
HotelLarge N Adva_OccGuestRoom_HtgSP_Sch,Thermostat Setpoint,C,WntrDsn|SmrDsn,41640,42004,Constant,21.111,,,,,,,,,,,,,,,,,,,,,,,,From DOE Prototype Buildings,,,,,,,,,,,,,,,,,,,,,,,,,,,,,,,,,,,,,,,,,,,,,,,,,,,,,,,,,,,,,,,,,,,
HotelLarge Off During Unoccupied Period,Occupancy,,Default|WntrDsn|SmrDsn,41640,42004,Hourly,0,0,0,0,0,0,0,0,1,1,1,1,1,1,1,1,1,1,0,0,0,0,0,0,From DOE Prototype Buildings,,,,,,,,,,,,,,,,,,,,,,,,,,,,,,,,,,,,,,,,,,,,,,,,,,,,,,,,,,,,,,,,,,,
HotelLarge Office_Eqp_Sch,Equipment,,Default,41640,42004,Hourly,0.33,0.33,0.33,0.33,0.33,0.38,0.38,0.43,0.63,0.63,0.63,0.63,0.63,0.63,0.63,0.63,0.63,0.63,0.48,0.48,0.48,0.48,0.33,0.33,From DOE Prototype Buildings,,,,,,,,,,,,,,,,,,,,,,,,,,,,,,,,,,,,,,,,,,,,,,,,,,,,,,,,,,,,,,,,,,,
HotelLarge Office_Eqp_Sch,Equipment,,SmrDsn,41640,42004,Constant,1,,,,,,,,,,,,,,,,,,,,,,,,From DOE Prototype Buildings,,,,,,,,,,,,,,,,,,,,,,,,,,,,,,,,,,,,,,,,,,,,,,,,,,,,,,,,,,,,,,,,,,,
HotelLarge Office_Eqp_Sch,Equipment,,Wkdy,41640,42004,Hourly,0.33,0.33,0.33,0.33,0.33,0.38,0.38,0.43,0.43,0.43,1,1,0.94,1,1,1,1,0.75,0.63,0.63,0.48,0.48,0.33,0.33,From DOE Prototype Buildings,,,,,,,,,,,,,,,,,,,,,,,,,,,,,,,,,,,,,,,,,,,,,,,,,,,,,,,,,,,,,,,,,,,
HotelLarge Office_Eqp_Sch,Equipment,,WntrDsn,41640,42004,Constant,0,,,,,,,,,,,,,,,,,,,,,,,,From DOE Prototype Buildings,,,,,,,,,,,,,,,,,,,,,,,,,,,,,,,,,,,,,,,,,,,,,,,,,,,,,,,,,,,,,,,,,,,
HotelLarge Office_Occ_Sch,Occupancy,,Default,41640,42004,Hourly,0.2,0.2,0.2,0.2,0.2,0.2,0.2,0.3,0.5,0.5,0.5,0.5,0.5,0.5,0.5,0.5,0.5,0.3,0.2,0.2,0.2,0.2,0.2,0.2,From DOE Prototype Buildings,,,,,,,,,,,,,,,,,,,,,,,,,,,,,,,,,,,,,,,,,,,,,,,,,,,,,,,,,,,,,,,,,,,
HotelLarge Office_Occ_Sch,Occupancy,,SmrDsn,41640,42004,Constant,1,,,,,,,,,,,,,,,,,,,,,,,,From DOE Prototype Buildings,,,,,,,,,,,,,,,,,,,,,,,,,,,,,,,,,,,,,,,,,,,,,,,,,,,,,,,,,,,,,,,,,,,
HotelLarge Office_Occ_Sch,Occupancy,,Wkdy,41640,42004,Hourly,0.2,0.2,0.2,0.2,0.2,0.2,0.3,0.4,1,1,1,1,0.5,1,1,1,1,0.4,0.3,0.2,0.2,0.2,0.2,0.2,From DOE Prototype Buildings,,,,,,,,,,,,,,,,,,,,,,,,,,,,,,,,,,,,,,,,,,,,,,,,,,,,,,,,,,,,,,,,,,,
HotelLarge Office_Occ_Sch,Occupancy,,WntrDsn,41640,42004,Constant,0,,,,,,,,,,,,,,,,,,,,,,,,From DOE Prototype Buildings,,,,,,,,,,,,,,,,,,,,,,,,,,,,,,,,,,,,,,,,,,,,,,,,,,,,,,,,,,,,,,,,,,,
HotelLarge PlantOnSched,Unknown,,Default|WntrDsn|SmrDsn,41640,42004,Constant,1,,,,,,,,,,,,,,,,,,,,,,,,From DOE Prototype Buildings,,,,,,,,,,,,,,,,,,,,,,,,,,,,,,,,,,,,,,,,,,,,,,,,,,,,,,,,,,,,,,,,,,,
HotelLarge ReheatCoilAvailSched,Unknown,,Default|WntrDsn|SmrDsn,41640,42004,Constant,1,,,,,,,,,,,,,,,,,,,,,,,,From DOE Prototype Buildings,,,,,,,,,,,,,,,,,,,,,,,,,,,,,,,,,,,,,,,,,,,,,,,,,,,,,,,,,,,,,,,,,,,
HotelLarge Room_1_Flr_3 Water Equipment Hot Supply Temp Sched,Equipment,C,Default|WntrDsn|SmrDsn,41640,42004,Constant,55,,,,,,,,,,,,,,,,,,,,,,,,From DOE Prototype Buildings,,,,,,,,,,,,,,,,,,,,,,,,,,,,,,,,,,,,,,,,,,,,,,,,,,,,,,,,,,,,,,,,,,,
HotelLarge Room_1_Flr_3 Water Equipment Latent fract sched,Equipment,,Default|WntrDsn|SmrDsn,41640,42004,Constant,0.05,,,,,,,,,,,,,,,,,,,,,,,,From DOE Prototype Buildings,,,,,,,,,,,,,,,,,,,,,,,,,,,,,,,,,,,,,,,,,,,,,,,,,,,,,,,,,,,,,,,,,,,
HotelLarge Room_1_Flr_3 Water Equipment Sensible fract sched,Equipment,,Default|WntrDsn|SmrDsn,41640,42004,Constant,0.2,,,,,,,,,,,,,,,,,,,,,,,,From DOE Prototype Buildings,,,,,,,,,,,,,,,,,,,,,,,,,,,,,,,,,,,,,,,,,,,,,,,,,,,,,,,,,,,,,,,,,,,
HotelLarge Room_1_Flr_3 Water Equipment Temp Sched,Equipment,C,Default|WntrDsn|SmrDsn,41640,42004,Constant,60,,,,,,,,,,,,,,,,,,,,,,,,From DOE Prototype Buildings,,,,,,,,,,,,,,,,,,,,,,,,,,,,,,,,,,,,,,,,,,,,,,,,,,,,,,,,,,,,,,,,,,,
HotelLarge Room_1_Flr_6 Water Equipment Hot Supply Temp Sched,Equipment,C,Default|WntrDsn|SmrDsn,41640,42004,Constant,55,,,,,,,,,,,,,,,,,,,,,,,,From DOE Prototype Buildings,,,,,,,,,,,,,,,,,,,,,,,,,,,,,,,,,,,,,,,,,,,,,,,,,,,,,,,,,,,,,,,,,,,
HotelLarge Room_1_Flr_6 Water Equipment Latent fract sched,Equipment,,Default|WntrDsn|SmrDsn,41640,42004,Constant,0.05,,,,,,,,,,,,,,,,,,,,,,,,From DOE Prototype Buildings,,,,,,,,,,,,,,,,,,,,,,,,,,,,,,,,,,,,,,,,,,,,,,,,,,,,,,,,,,,,,,,,,,,
HotelLarge Room_1_Flr_6 Water Equipment Sensible fract sched,Equipment,,Default|WntrDsn|SmrDsn,41640,42004,Constant,0.2,,,,,,,,,,,,,,,,,,,,,,,,From DOE Prototype Buildings,,,,,,,,,,,,,,,,,,,,,,,,,,,,,,,,,,,,,,,,,,,,,,,,,,,,,,,,,,,,,,,,,,,
HotelLarge Room_1_Flr_6 Water Equipment Temp Sched,Equipment,C,Default|WntrDsn|SmrDsn,41640,42004,Constant,60,,,,,,,,,,,,,,,,,,,,,,,,From DOE Prototype Buildings,,,,,,,,,,,,,,,,,,,,,,,,,,,,,,,,,,,,,,,,,,,,,,,,,,,,,,,,,,,,,,,,,,,
HotelLarge Room_2_Flr_3 Water Equipment Hot Supply Temp Sched,Equipment,C,Default|WntrDsn|SmrDsn,41640,42004,Constant,55,,,,,,,,,,,,,,,,,,,,,,,,From DOE Prototype Buildings,,,,,,,,,,,,,,,,,,,,,,,,,,,,,,,,,,,,,,,,,,,,,,,,,,,,,,,,,,,,,,,,,,,
HotelLarge Room_2_Flr_3 Water Equipment Latent fract sched,Equipment,,Default|WntrDsn|SmrDsn,41640,42004,Constant,0.05,,,,,,,,,,,,,,,,,,,,,,,,From DOE Prototype Buildings,,,,,,,,,,,,,,,,,,,,,,,,,,,,,,,,,,,,,,,,,,,,,,,,,,,,,,,,,,,,,,,,,,,
HotelLarge Room_2_Flr_3 Water Equipment Sensible fract sched,Equipment,,Default|WntrDsn|SmrDsn,41640,42004,Constant,0.2,,,,,,,,,,,,,,,,,,,,,,,,From DOE Prototype Buildings,,,,,,,,,,,,,,,,,,,,,,,,,,,,,,,,,,,,,,,,,,,,,,,,,,,,,,,,,,,,,,,,,,,
HotelLarge Room_2_Flr_3 Water Equipment Temp Sched,Equipment,C,Default|WntrDsn|SmrDsn,41640,42004,Constant,60,,,,,,,,,,,,,,,,,,,,,,,,From DOE Prototype Buildings,,,,,,,,,,,,,,,,,,,,,,,,,,,,,,,,,,,,,,,,,,,,,,,,,,,,,,,,,,,,,,,,,,,
HotelLarge Room_2_Flr_6 Water Equipment Hot Supply Temp Sched,Equipment,C,Default|WntrDsn|SmrDsn,41640,42004,Constant,55,,,,,,,,,,,,,,,,,,,,,,,,From DOE Prototype Buildings,,,,,,,,,,,,,,,,,,,,,,,,,,,,,,,,,,,,,,,,,,,,,,,,,,,,,,,,,,,,,,,,,,,
HotelLarge Room_2_Flr_6 Water Equipment Latent fract sched,Equipment,,Default|WntrDsn|SmrDsn,41640,42004,Constant,0.05,,,,,,,,,,,,,,,,,,,,,,,,From DOE Prototype Buildings,,,,,,,,,,,,,,,,,,,,,,,,,,,,,,,,,,,,,,,,,,,,,,,,,,,,,,,,,,,,,,,,,,,
HotelLarge Room_2_Flr_6 Water Equipment Sensible fract sched,Equipment,,Default|WntrDsn|SmrDsn,41640,42004,Constant,0.2,,,,,,,,,,,,,,,,,,,,,,,,From DOE Prototype Buildings,,,,,,,,,,,,,,,,,,,,,,,,,,,,,,,,,,,,,,,,,,,,,,,,,,,,,,,,,,,,,,,,,,,
HotelLarge Room_2_Flr_6 Water Equipment Temp Sched,Equipment,C,Default|WntrDsn|SmrDsn,41640,42004,Constant,60,,,,,,,,,,,,,,,,,,,,,,,,From DOE Prototype Buildings,,,,,,,,,,,,,,,,,,,,,,,,,,,,,,,,,,,,,,,,,,,,,,,,,,,,,,,,,,,,,,,,,,,
HotelLarge Room_3_Mult19_Flr_3 Water Equipment Hot Supply Temp Sched,Equipment,C,Default|WntrDsn|SmrDsn,41640,42004,Constant,55,,,,,,,,,,,,,,,,,,,,,,,,From DOE Prototype Buildings,,,,,,,,,,,,,,,,,,,,,,,,,,,,,,,,,,,,,,,,,,,,,,,,,,,,,,,,,,,,,,,,,,,
HotelLarge Room_3_Mult19_Flr_3 Water Equipment Latent fract sched,Equipment,,Default|WntrDsn|SmrDsn,41640,42004,Constant,0.05,,,,,,,,,,,,,,,,,,,,,,,,From DOE Prototype Buildings,,,,,,,,,,,,,,,,,,,,,,,,,,,,,,,,,,,,,,,,,,,,,,,,,,,,,,,,,,,,,,,,,,,
HotelLarge Room_3_Mult19_Flr_3 Water Equipment Sensible fract sched,Equipment,,Default|WntrDsn|SmrDsn,41640,42004,Constant,0.2,,,,,,,,,,,,,,,,,,,,,,,,From DOE Prototype Buildings,,,,,,,,,,,,,,,,,,,,,,,,,,,,,,,,,,,,,,,,,,,,,,,,,,,,,,,,,,,,,,,,,,,
HotelLarge Room_3_Mult19_Flr_3 Water Equipment Temp Sched,Equipment,C,Default|WntrDsn|SmrDsn,41640,42004,Constant,60,,,,,,,,,,,,,,,,,,,,,,,,From DOE Prototype Buildings,,,,,,,,,,,,,,,,,,,,,,,,,,,,,,,,,,,,,,,,,,,,,,,,,,,,,,,,,,,,,,,,,,,
HotelLarge Room_3_Mult9_Flr_6 Water Equipment Hot Supply Temp Sched,Equipment,C,Default|WntrDsn|SmrDsn,41640,42004,Constant,55,,,,,,,,,,,,,,,,,,,,,,,,From DOE Prototype Buildings,,,,,,,,,,,,,,,,,,,,,,,,,,,,,,,,,,,,,,,,,,,,,,,,,,,,,,,,,,,,,,,,,,,
HotelLarge Room_3_Mult9_Flr_6 Water Equipment Latent fract sched,Equipment,,Default|WntrDsn|SmrDsn,41640,42004,Constant,0.05,,,,,,,,,,,,,,,,,,,,,,,,From DOE Prototype Buildings,,,,,,,,,,,,,,,,,,,,,,,,,,,,,,,,,,,,,,,,,,,,,,,,,,,,,,,,,,,,,,,,,,,
HotelLarge Room_3_Mult9_Flr_6 Water Equipment Sensible fract sched,Equipment,,Default|WntrDsn|SmrDsn,41640,42004,Constant,0.2,,,,,,,,,,,,,,,,,,,,,,,,From DOE Prototype Buildings,,,,,,,,,,,,,,,,,,,,,,,,,,,,,,,,,,,,,,,,,,,,,,,,,,,,,,,,,,,,,,,,,,,
HotelLarge Room_3_Mult9_Flr_6 Water Equipment Temp Sched,Equipment,C,Default|WntrDsn|SmrDsn,41640,42004,Constant,60,,,,,,,,,,,,,,,,,,,,,,,,From DOE Prototype Buildings,,,,,,,,,,,,,,,,,,,,,,,,,,,,,,,,,,,,,,,,,,,,,,,,,,,,,,,,,,,,,,,,,,,
HotelLarge Room_4_Mult19_Flr_3 Water Equipment Hot Supply Temp Sched,Equipment,C,Default|WntrDsn|SmrDsn,41640,42004,Constant,55,,,,,,,,,,,,,,,,,,,,,,,,From DOE Prototype Buildings,,,,,,,,,,,,,,,,,,,,,,,,,,,,,,,,,,,,,,,,,,,,,,,,,,,,,,,,,,,,,,,,,,,
HotelLarge Room_4_Mult19_Flr_3 Water Equipment Latent fract sched,Equipment,,Default|WntrDsn|SmrDsn,41640,42004,Constant,0.05,,,,,,,,,,,,,,,,,,,,,,,,From DOE Prototype Buildings,,,,,,,,,,,,,,,,,,,,,,,,,,,,,,,,,,,,,,,,,,,,,,,,,,,,,,,,,,,,,,,,,,,
HotelLarge Room_4_Mult19_Flr_3 Water Equipment Sensible fract sched,Equipment,,Default|WntrDsn|SmrDsn,41640,42004,Constant,0.2,,,,,,,,,,,,,,,,,,,,,,,,From DOE Prototype Buildings,,,,,,,,,,,,,,,,,,,,,,,,,,,,,,,,,,,,,,,,,,,,,,,,,,,,,,,,,,,,,,,,,,,
HotelLarge Room_4_Mult19_Flr_3 Water Equipment Temp Sched,Equipment,C,Default|WntrDsn|SmrDsn,41640,42004,Constant,60,,,,,,,,,,,,,,,,,,,,,,,,From DOE Prototype Buildings,,,,,,,,,,,,,,,,,,,,,,,,,,,,,,,,,,,,,,,,,,,,,,,,,,,,,,,,,,,,,,,,,,,
HotelLarge Room_5_Flr_3 Water Equipment Hot Supply Temp Sched,Equipment,C,Default|WntrDsn|SmrDsn,41640,42004,Constant,55,,,,,,,,,,,,,,,,,,,,,,,,From DOE Prototype Buildings,,,,,,,,,,,,,,,,,,,,,,,,,,,,,,,,,,,,,,,,,,,,,,,,,,,,,,,,,,,,,,,,,,,
HotelLarge Room_5_Flr_3 Water Equipment Latent fract sched,Equipment,,Default|WntrDsn|SmrDsn,41640,42004,Constant,0.05,,,,,,,,,,,,,,,,,,,,,,,,From DOE Prototype Buildings,,,,,,,,,,,,,,,,,,,,,,,,,,,,,,,,,,,,,,,,,,,,,,,,,,,,,,,,,,,,,,,,,,,
HotelLarge Room_5_Flr_3 Water Equipment Sensible fract sched,Equipment,,Default|WntrDsn|SmrDsn,41640,42004,Constant,0.2,,,,,,,,,,,,,,,,,,,,,,,,From DOE Prototype Buildings,,,,,,,,,,,,,,,,,,,,,,,,,,,,,,,,,,,,,,,,,,,,,,,,,,,,,,,,,,,,,,,,,,,
HotelLarge Room_5_Flr_3 Water Equipment Temp Sched,Equipment,C,Default|WntrDsn|SmrDsn,41640,42004,Constant,60,,,,,,,,,,,,,,,,,,,,,,,,From DOE Prototype Buildings,,,,,,,,,,,,,,,,,,,,,,,,,,,,,,,,,,,,,,,,,,,,,,,,,,,,,,,,,,,,,,,,,,,
HotelLarge Room_6_Flr_3 Water Equipment Hot Supply Temp Sched,Equipment,C,Default|WntrDsn|SmrDsn,41640,42004,Constant,55,,,,,,,,,,,,,,,,,,,,,,,,From DOE Prototype Buildings,,,,,,,,,,,,,,,,,,,,,,,,,,,,,,,,,,,,,,,,,,,,,,,,,,,,,,,,,,,,,,,,,,,
HotelLarge Room_6_Flr_3 Water Equipment Latent fract sched,Equipment,,Default|WntrDsn|SmrDsn,41640,42004,Constant,0.05,,,,,,,,,,,,,,,,,,,,,,,,From DOE Prototype Buildings,,,,,,,,,,,,,,,,,,,,,,,,,,,,,,,,,,,,,,,,,,,,,,,,,,,,,,,,,,,,,,,,,,,
HotelLarge Room_6_Flr_3 Water Equipment Sensible fract sched,Equipment,,Default|WntrDsn|SmrDsn,41640,42004,Constant,0.2,,,,,,,,,,,,,,,,,,,,,,,,From DOE Prototype Buildings,,,,,,,,,,,,,,,,,,,,,,,,,,,,,,,,,,,,,,,,,,,,,,,,,,,,,,,,,,,,,,,,,,,
HotelLarge Room_6_Flr_3 Water Equipment Temp Sched,Equipment,C,Default|WntrDsn|SmrDsn,41640,42004,Constant,60,,,,,,,,,,,,,,,,,,,,,,,,From DOE Prototype Buildings,,,,,,,,,,,,,,,,,,,,,,,,,,,,,,,,,,,,,,,,,,,,,,,,,,,,,,,,,,,,,,,,,,,
HotelLarge S Adva_OccGuestRoom_ClgSP_Sch,Thermostat Setpoint,C,Default,41640,42004,Hourly,21.111,21.111,21.111,21.111,21.111,21.111,21.111,21.111,21.111,23.333,23.333,23.333,23.333,23.333,23.333,23.333,21.111,21.111,21.111,21.111,21.111,21.111,21.111,21.111,From DOE Prototype Buildings,,,,,,,,,,,,,,,,,,,,,,,,,,,,,,,,,,,,,,,,,,,,,,,,,,,,,,,,,,,,,,,,,,,
HotelLarge S Adva_OccGuestRoom_ClgSP_Sch,Thermostat Setpoint,C,WntrDsn|SmrDsn,41640,42004,Constant,21.111,,,,,,,,,,,,,,,,,,,,,,,,From DOE Prototype Buildings,,,,,,,,,,,,,,,,,,,,,,,,,,,,,,,,,,,,,,,,,,,,,,,,,,,,,,,,,,,,,,,,,,,
HotelLarge S Adva_OccGuestRoom_HtgSP_Sch,Thermostat Setpoint,C,Default,41640,42004,Hourly,21.111,21.111,21.111,21.111,21.111,21.111,21.111,21.111,21.111,18.889,18.889,18.889,18.889,18.889,18.889,18.889,21.111,21.111,21.111,21.111,21.111,21.111,21.111,21.111,From DOE Prototype Buildings,,,,,,,,,,,,,,,,,,,,,,,,,,,,,,,,,,,,,,,,,,,,,,,,,,,,,,,,,,,,,,,,,,,
HotelLarge S Adva_OccGuestRoom_HtgSP_Sch,Thermostat Setpoint,C,WntrDsn|SmrDsn,41640,42004,Constant,21.111,,,,,,,,,,,,,,,,,,,,,,,,From DOE Prototype Buildings,,,,,,,,,,,,,,,,,,,,,,,,,,,,,,,,,,,,,,,,,,,,,,,,,,,,,,,,,,,,,,,,,,,
HotelLarge scheduleOSCBasementFloorTemp,Unknown,C,Default|WntrDsn|SmrDsn,41640,42004,Constant,0,,,,,,,,,,,,,,,,,,,,,,,,From DOE Prototype Buildings,,,,,,,,,,,,,,,,,,,,,,,,,,,,,,,,,,,,,,,,,,,,,,,,,,,,,,,,,,,,,,,,,,,
HotelLarge scheduleOSCBasementLowerWallTemp,Unknown,C,Default|WntrDsn|SmrDsn,41640,42004,Constant,0,,,,,,,,,,,,,,,,,,,,,,,,From DOE Prototype Buildings,,,,,,,,,,,,,,,,,,,,,,,,,,,,,,,,,,,,,,,,,,,,,,,,,,,,,,,,,,,,,,,,,,,
HotelLarge scheduleOSCBasementUpperWallTemp,Unknown,C,Default|WntrDsn|SmrDsn,41640,42004,Constant,0,,,,,,,,,,,,,,,,,,,,,,,,From DOE Prototype Buildings,,,,,,,,,,,,,,,,,,,,,,,,,,,,,,,,,,,,,,,,,,,,,,,,,,,,,,,,,,,,,,,,,,,
HotelLarge scheduleOSCBasementWallSurfaceTemp,Unknown,C,Default|WntrDsn|SmrDsn,41640,42004,Constant,0,,,,,,,,,,,,,,,,,,,,,,,,From DOE Prototype Buildings,,,,,,,,,,,,,,,,,,,,,,,,,,,,,,,,,,,,,,,,,,,,,,,,,,,,,,,,,,,,,,,,,,,
HotelLarge Seasonal-Reset-Supply-Air-Temp-Sch,Unknown,C,Default|WntrDsn|SmrDsn,41640,42004,Constant,13,,,,,,,,,,,,,,,,,,,,,,,,From DOE Prototype Buildings,,,,,,,,,,,,,,,,,,,,,,,,,,,,,,,,,,,,,,,,,,,,,,,,,,,,,,,,,,,,,,,,,,,
HotelLarge Seasonal-Reset-Supply-Air-Temp-Sch,Unknown,C,Wknd|Wkdy,41913,42004,Constant,13,,,,,,,,,,,,,,,,,,,,,,,,From DOE Prototype Buildings,,,,,,,,,,,,,,,,,,,,,,,,,,,,,,,,,,,,,,,,,,,,,,,,,,,,,,,,,,,,,,,,,,,
HotelLarge Seasonal-Reset-Supply-Air-Temp-Sch,Unknown,C,Wknd|Wkdy,41640,41729,Constant,13,,,,,,,,,,,,,,,,,,,,,,,,From DOE Prototype Buildings,,,,,,,,,,,,,,,,,,,,,,,,,,,,,,,,,,,,,,,,,,,,,,,,,,,,,,,,,,,,,,,,,,,
HotelLarge SHADING_SCH,Unknown,W,Default|WntrDsn|SmrDsn,41640,42004,Constant,0,,,,,,,,,,,,,,,,,,,,,,,,From DOE Prototype Buildings,,,,,,,,,,,,,,,,,,,,,,,,,,,,,,,,,,,,,,,,,,,,,,,,,,,,,,,,,,,,,,,,,,,
HotelLarge Sliding_Doors_Ventilation_Availability_SCH,Unknown,,Default,41640,42004,Hourly,0,0,0,0,0,0,1,1,1,0,0,0,0,0,0,0,1,1,1,1,1,1,0,0,From DOE Prototype Buildings,,,,,,,,,,,,,,,,,,,,,,,,,,,,,,,,,,,,,,,,,,,,,,,,,,,,,,,,,,,,,,,,,,,
HotelLarge Sliding_Doors_Ventilation_Availability_SCH,Unknown,,WntrDsn|SmrDsn,41640,42004,Constant,0,,,,,,,,,,,,,,,,,,,,,,,,From DOE Prototype Buildings,,,,,,,,,,,,,,,,,,,,,,,,,,,,,,,,,,,,,,,,,,,,,,,,,,,,,,,,,,,,,,,,,,,
HotelLarge SWHSys1 Water Heater Ambient Temperature Schedule Name,Service Water Heating,C,Default|WntrDsn|SmrDsn,41640,42004,Constant,22,,,,,,,,,,,,,,,,,,,,,,,,From DOE Prototype Buildings,,,,,,,,,,,,,,,,,,,,,,,,,,,,,,,,,,,,,,,,,,,,,,,,,,,,,,,,,,,,,,,,,,,
HotelLarge SWHSys1 Water Heater Setpoint Temperature Schedule Name,Service Water Heating,C,Default|WntrDsn|SmrDsn,41640,42004,Constant,60,,,,,,,,,,,,,,,,,,,,,,,,From DOE Prototype Buildings,,,,,,,,,,,,,,,,,,,,,,,,,,,,,,,,,,,,,,,,,,,,,,,,,,,,,,,,,,,,,,,,,,,
HotelLarge SWHSys1-Loop-Temp-Schedule,Service Water Heating,C,Default|WntrDsn|SmrDsn,41640,42004,Constant,60,,,,,,,,,,,,,,,,,,,,,,,,From DOE Prototype Buildings,,,,,,,,,,,,,,,,,,,,,,,,,,,,,,,,,,,,,,,,,,,,,,,,,,,,,,,,,,,,,,,,,,,
HotelLarge walkin_occ_lght_SCH,Occupancy,,Default,41640,42004,Hourly,0.156,0.156,0.104,0.104,0.104,0.104,0.156,0.208,0.208,0.156,0.156,0.156,0.156,0.104,0.104,0.104,0.104,0.104,0.26,0.364,0.416,0.312,0.26,0.156,From DOE Prototype Buildings,,,,,,,,,,,,,,,,,,,,,,,,,,,,,,,,,,,,,,,,,,,,,,,,,,,,,,,,,,,,,,,,,,,
HotelLarge walkin_occ_lght_SCH,Occupancy,,Sat,41640,42004,Hourly,0.104,0.104,0.052,0.052,0.052,0.052,0.156,0.156,0.208,0.208,0.156,0.13,0.13,0.13,0.13,0.13,0.13,0.13,0.312,0.364,0.364,0.364,0.312,0.156,From DOE Prototype Buildings,,,,,,,,,,,,,,,,,,,,,,,,,,,,,,,,,,,,,,,,,,,,,,,,,,,,,,,,,,,,,,,,,,,
HotelLarge walkin_occ_lght_SCH,Occupancy,,SmrDsn,41640,42004,Constant,1,,,,,,,,,,,,,,,,,,,,,,,,From DOE Prototype Buildings,,,,,,,,,,,,,,,,,,,,,,,,,,,,,,,,,,,,,,,,,,,,,,,,,,,,,,,,,,,,,,,,,,,
HotelLarge walkin_occ_lght_SCH,Occupancy,,Wkdy,41640,42004,Hourly,0.104,0.078,0.052,0.052,0.052,0.104,0.208,0.26,0.208,0.208,0.13,0.13,0.13,0.13,0.13,0.13,0.13,0.13,0.312,0.416,0.468,0.416,0.312,0.156,From DOE Prototype Buildings,,,,,,,,,,,,,,,,,,,,,,,,,,,,,,,,,,,,,,,,,,,,,,,,,,,,,,,,,,,,,,,,,,,
HotelLarge walkin_occ_lght_SCH,Occupancy,,WntrDsn,41640,42004,Constant,0,,,,,,,,,,,,,,,,,,,,,,,,From DOE Prototype Buildings,,,,,,,,,,,,,,,,,,,,,,,,,,,,,,,,,,,,,,,,,,,,,,,,,,,,,,,,,,,,,,,,,,,
HotelLarge WORK_EFF_SCH,Unknown,,Default|WntrDsn|SmrDsn,41640,42004,Constant,0,,,,,,,,,,,,,,,,,,,,,,,,From DOE Prototype Buildings,,,,,,,,,,,,,,,,,,,,,,,,,,,,,,,,,,,,,,,,,,,,,,,,,,,,,,,,,,,,,,,,,,,
HotelSmall Adva_EmployeeLounge_ClgSP_Sch,Thermostat Setpoint,C,Default|WntrDsn|SmrDsn,41640,42004,Hourly,26.667,26.667,26.667,26.667,26.667,23.889,23.889,23.889,23.889,23.889,23.889,23.889,23.889,23.889,23.889,23.889,23.889,23.889,23.889,23.889,26.667,26.667,26.667,26.667,From DOE Prototype Buildings,,,,,,,,,,,,,,,,,,,,,,,,,,,,,,,,,,,,,,,,,,,,,,,,,,,,,,,,,,,,,,,,,,,
HotelSmall Adva_EmployeeLounge_HtgSP_Sch,Thermostat Setpoint,C,Default|WntrDsn|SmrDsn,41640,42004,Hourly,18.333,18.333,18.333,18.333,18.333,21.111,21.111,21.111,21.111,21.111,21.111,21.111,21.111,21.111,21.111,21.111,21.111,21.111,21.111,21.111,18.333,18.333,18.333,18.333,From DOE Prototype Buildings,,,,,,,,,,,,,,,,,,,,,,,,,,,,,,,,,,,,,,,,,,,,,,,,,,,,,,,,,,,,,,,,,,,
HotelSmall Adva_ExerciseCenter_ClgSP_Sch,Thermostat Setpoint,C,Default|WntrDsn|SmrDsn,41640,42004,Hourly,26.667,26.667,26.667,26.667,26.667,26.667,23.889,23.889,23.889,23.889,23.889,23.889,23.889,23.889,23.889,23.889,23.889,23.889,23.889,23.889,23.889,23.889,23.889,26.667,From DOE Prototype Buildings,,,,,,,,,,,,,,,,,,,,,,,,,,,,,,,,,,,,,,,,,,,,,,,,,,,,,,,,,,,,,,,,,,,
HotelSmall Adva_ExerciseCenter_HtgSP_Sch,Thermostat Setpoint,C,Default|WntrDsn|SmrDsn,41640,42004,Hourly,18.333,18.333,18.333,18.333,18.333,18.333,21.111,21.111,21.111,21.111,21.111,21.111,21.111,21.111,21.111,21.111,21.111,21.111,21.111,21.111,21.111,21.111,21.111,18.333,From DOE Prototype Buildings,,,,,,,,,,,,,,,,,,,,,,,,,,,,,,,,,,,,,,,,,,,,,,,,,,,,,,,,,,,,,,,,,,,
HotelSmall Adva_MeetingRoom_ClgSP_Sch,Thermostat Setpoint,C,Default|WntrDsn|SmrDsn,41640,42004,Hourly,26.667,26.667,26.667,26.667,26.667,26.667,26.667,23.889,23.889,23.889,23.889,23.889,23.889,23.889,23.889,23.889,23.889,23.889,23.889,26.667,26.667,26.667,26.667,26.667,From DOE Prototype Buildings,,,,,,,,,,,,,,,,,,,,,,,,,,,,,,,,,,,,,,,,,,,,,,,,,,,,,,,,,,,,,,,,,,,
HotelSmall Adva_MeetingRoom_HtgSP_Sch,Thermostat Setpoint,C,Default|WntrDsn|SmrDsn,41640,42004,Hourly,18.333,18.333,18.333,18.333,18.333,18.333,18.333,21.111,21.111,21.111,21.111,21.111,21.111,21.111,21.111,21.111,21.111,21.111,21.111,18.333,18.333,18.333,18.333,18.333,From DOE Prototype Buildings,,,,,,,,,,,,,,,,,,,,,,,,,,,,,,,,,,,,,,,,,,,,,,,,,,,,,,,,,,,,,,,,,,,
HotelSmall Adva_OccGuestRoom_ClgSP_Sch,Thermostat Setpoint,C,Default,41640,42004,Hourly,21.111,21.111,21.111,21.111,21.111,21.111,21.111,21.111,21.111,23.333,23.333,23.333,23.333,23.333,23.333,23.333,21.111,21.111,21.111,21.111,21.111,21.111,21.111,21.111,From DOE Prototype Buildings,,,,,,,,,,,,,,,,,,,,,,,,,,,,,,,,,,,,,,,,,,,,,,,,,,,,,,,,,,,,,,,,,,,
HotelSmall Adva_OccGuestRoom_ClgSP_Sch,Thermostat Setpoint,C,WntrDsn|SmrDsn,41640,42004,Constant,21.111,,,,,,,,,,,,,,,,,,,,,,,,From DOE Prototype Buildings,,,,,,,,,,,,,,,,,,,,,,,,,,,,,,,,,,,,,,,,,,,,,,,,,,,,,,,,,,,,,,,,,,,
HotelSmall Adva_OccGuestRoom_HtgSP_Sch,Thermostat Setpoint,C,Default,41640,42004,Hourly,21.111,21.111,21.111,21.111,21.111,21.111,21.111,21.111,21.111,18.889,18.889,18.889,18.889,18.889,18.889,18.889,21.111,21.111,21.111,21.111,21.111,21.111,21.111,21.111,From DOE Prototype Buildings,,,,,,,,,,,,,,,,,,,,,,,,,,,,,,,,,,,,,,,,,,,,,,,,,,,,,,,,,,,,,,,,,,,
HotelSmall Adva_OccGuestRoom_HtgSP_Sch,Thermostat Setpoint,C,WntrDsn|SmrDsn,41640,42004,Constant,21.111,,,,,,,,,,,,,,,,,,,,,,,,From DOE Prototype Buildings,,,,,,,,,,,,,,,,,,,,,,,,,,,,,,,,,,,,,,,,,,,,,,,,,,,,,,,,,,,,,,,,,,,
HotelSmall Adva5F_OccGuestRoom_ClgSP_Sch,Thermostat Setpoint,C,Default,41640,42004,Hourly,21.111,21.111,21.111,21.111,21.111,21.111,21.111,21.111,21.111,23.888,23.888,23.888,23.888,23.888,23.888,23.888,21.111,21.111,21.111,21.111,21.111,21.111,21.111,21.111,From DOE Prototype Buildings,,,,,,,,,,,,,,,,,,,,,,,,,,,,,,,,,,,,,,,,,,,,,,,,,,,,,,,,,,,,,,,,,,,
HotelSmall Adva5F_OccGuestRoom_ClgSP_Sch,Thermostat Setpoint,C,WntrDsn|SmrDsn,41640,42004,Constant,21.111,,,,,,,,,,,,,,,,,,,,,,,,From DOE Prototype Buildings,,,,,,,,,,,,,,,,,,,,,,,,,,,,,,,,,,,,,,,,,,,,,,,,,,,,,,,,,,,,,,,,,,,
HotelSmall Adva5F_OccGuestRoom_HtgSP_Sch,Thermostat Setpoint,C,Default,41640,42004,Hourly,21.111,21.111,21.111,21.111,21.111,21.111,21.111,21.111,21.111,18.334,18.334,18.334,18.334,18.334,18.334,18.334,21.111,21.111,21.111,21.111,21.111,21.111,21.111,21.111,From DOE Prototype Buildings,,,,,,,,,,,,,,,,,,,,,,,,,,,,,,,,,,,,,,,,,,,,,,,,,,,,,,,,,,,,,,,,,,,
HotelSmall Adva5F_OccGuestRoom_HtgSP_Sch,Thermostat Setpoint,C,WntrDsn|SmrDsn,41640,42004,Constant,21.111,,,,,,,,,,,,,,,,,,,,,,,,From DOE Prototype Buildings,,,,,,,,,,,,,,,,,,,,,,,,,,,,,,,,,,,,,,,,,,,,,,,,,,,,,,,,,,,,,,,,,,,
HotelSmall AlwaysOff,Unknown,,Default|WntrDsn|SmrDsn,41640,42004,Constant,0,,,,,,,,,,,,,,,,,,,,,,,,From DOE Prototype Buildings,,,,,,,,,,,,,,,,,,,,,,,,,,,,,,,,,,,,,,,,,,,,,,,,,,,,,,,,,,,,,,,,,,,
HotelSmall AlwaysOff_SCH,Unknown,,Default|WntrDsn|SmrDsn,41640,42004,Constant,0,,,,,,,,,,,,,,,,,,,,,,,,From DOE Prototype Buildings,,,,,,,,,,,,,,,,,,,,,,,,,,,,,,,,,,,,,,,,,,,,,,,,,,,,,,,,,,,,,,,,,,,
HotelSmall AlwaysOn,Unknown,,Default|WntrDsn|SmrDsn,41640,42004,Constant,1,,,,,,,,,,,,,,,,,,,,,,,,From DOE Prototype Buildings,,,,,,,,,,,,,,,,,,,,,,,,,,,,,,,,,,,,,,,,,,,,,,,,,,,,,,,,,,,,,,,,,,,
HotelSmall AlwaysOn_SCH,Unknown,,Default|WntrDsn|SmrDsn,41640,42004,Constant,1,,,,,,,,,,,,,,,,,,,,,,,,From DOE Prototype Buildings,,,,,,,,,,,,,,,,,,,,,,,,,,,,,,,,,,,,,,,,,,,,,,,,,,,,,,,,,,,,,,,,,,,
HotelSmall Base_OccGuestRoom_ClgSP_Sch,Thermostat Setpoint,C,Default|WntrDsn|SmrDsn,41640,42004,Constant,21.111,,,,,,,,,,,,,,,,,,,,,,,,From DOE Prototype Buildings,,,,,,,,,,,,,,,,,,,,,,,,,,,,,,,,,,,,,,,,,,,,,,,,,,,,,,,,,,,,,,,,,,,
HotelSmall Base_OccGuestRoom_HtgSP_Sch,Thermostat Setpoint,C,Default|WntrDsn|SmrDsn,41640,42004,Constant,21.111,,,,,,,,,,,,,,,,,,,,,,,,From DOE Prototype Buildings,,,,,,,,,,,,,,,,,,,,,,,,,,,,,,,,,,,,,,,,,,,,,,,,,,,,,,,,,,,,,,,,,,,
HotelSmall BLDG_ELEVATORS,Elevator,,Default,41640,42004,Hourly,0.05,0.05,0.05,0.05,0.1,0.2,0.4,0.5,0.5,0.35,0.15,0.15,0.15,0.15,0.15,0.15,0.35,0.5,0.5,0.4,0.4,0.3,0.2,0.1,From DOE Prototype Buildings,,,,,,,,,,,,,,,,,,,,,,,,,,,,,,,,,,,,,,,,,,,,,,,,,,,,,,,,,,,,,,,,,,,
HotelSmall BLDG_ELEVATORS,Elevator,,SmrDsn,41640,42004,Constant,0.5,,,,,,,,,,,,,,,,,,,,,,,,From DOE Prototype Buildings,,,,,,,,,,,,,,,,,,,,,,,,,,,,,,,,,,,,,,,,,,,,,,,,,,,,,,,,,,,,,,,,,,,
HotelSmall BLDG_ELEVATORS,Elevator,,WntrDsn,41640,42004,Constant,0.05,,,,,,,,,,,,,,,,,,,,,,,,From DOE Prototype Buildings,,,,,,,,,,,,,,,,,,,,,,,,,,,,,,,,,,,,,,,,,,,,,,,,,,,,,,,,,,,,,,,,,,,
HotelSmall BLDG_LIGHT_CORRIDOR_SCH,Lighting,,Default|WntrDsn|SmrDsn,41640,42004,Constant,1,,,,,,,,,,,,,,,,,,,,,,,,From DOE Prototype Buildings,,,,,,,,,,,,,,,,,,,,,,,,,,,,,,,,,,,,,,,,,,,,,,,,,,,,,,,,,,,,,,,,,,,
HotelSmall BLDG_LIGHT_CORRIDOR_SCH_2013,Lighting,,Default|WntrDsn|SmrDsn,41640,42004,Constant,0.65,,,,,,,,,,,,,,,,,,,,,,,,From DOE Prototype Buildings,,,,,,,,,,,,,,,,,,,,,,,,,,,,,,,,,,,,,,,,,,,,,,,,,,,,,,,,,,,,,,,,,,,
HotelSmall BLDG_LIGHT_EMPLOYEELOUNGE_SCH,Lighting,,Default,41640,42004,Hourly,0,0,0,0,0,0.2,0.3,0.5,1,1,1,1,1,1,1,1,1,1,0.5,0.3,0.2,0.05,0,0,From DOE Prototype Buildings,,,,,,,,,,,,,,,,,,,,,,,,,,,,,,,,,,,,,,,,,,,,,,,,,,,,,,,,,,,,,,,,,,,
HotelSmall BLDG_LIGHT_EMPLOYEELOUNGE_SCH,Lighting,,SmrDsn,41640,42004,Constant,1,,,,,,,,,,,,,,,,,,,,,,,,From DOE Prototype Buildings,,,,,,,,,,,,,,,,,,,,,,,,,,,,,,,,,,,,,,,,,,,,,,,,,,,,,,,,,,,,,,,,,,,
HotelSmall BLDG_LIGHT_EMPLOYEELOUNGE_SCH,Lighting,,WntrDsn,41640,42004,Constant,0,,,,,,,,,,,,,,,,,,,,,,,,From DOE Prototype Buildings,,,,,,,,,,,,,,,,,,,,,,,,,,,,,,,,,,,,,,,,,,,,,,,,,,,,,,,,,,,,,,,,,,,
HotelSmall BLDG_LIGHT_EXERCENTER_SCH,Lighting,,Default|WntrDsn|SmrDsn,41640,42004,Hourly,0,0,0,0,0,0,0.5,1,1,1,1,1,1,1,1,1,1,1,1,1,1,1,0.5,0,From DOE Prototype Buildings,,,,,,,,,,,,,,,,,,,,,,,,,,,,,,,,,,,,,,,,,,,,,,,,,,,,,,,,,,,,,,,,,,,
HotelSmall BLDG_LIGHT_FRONTLOUNGE_SCH,Lighting,,Default,41640,42004,Hourly,0,0,0,0,0,0.2,0.3,0.5,1,1,1,1,1,1,1,1,1,1,0.5,0.3,0.2,0.05,0,0,From DOE Prototype Buildings,,,,,,,,,,,,,,,,,,,,,,,,,,,,,,,,,,,,,,,,,,,,,,,,,,,,,,,,,,,,,,,,,,,
HotelSmall BLDG_LIGHT_FRONTLOUNGE_SCH,Lighting,,SmrDsn,41640,42004,Constant,1,,,,,,,,,,,,,,,,,,,,,,,,From DOE Prototype Buildings,,,,,,,,,,,,,,,,,,,,,,,,,,,,,,,,,,,,,,,,,,,,,,,,,,,,,,,,,,,,,,,,,,,
HotelSmall BLDG_LIGHT_FRONTLOUNGE_SCH,Lighting,,WntrDsn,41640,42004,Constant,0,,,,,,,,,,,,,,,,,,,,,,,,From DOE Prototype Buildings,,,,,,,,,,,,,,,,,,,,,,,,,,,,,,,,,,,,,,,,,,,,,,,,,,,,,,,,,,,,,,,,,,,
HotelSmall BLDG_LIGHT_GUESTROOM_SCH_2010,Lighting,,Default,41640,42004,Hourly,0.2197,0.2197,0.0945,0.0945,0.0945,0.0945,0.3852,0.3852,0.5259,0.444267,0.302158,0.2432,0.2432,0.2432,0.2432,0.2432,0.2432,0.253275,0.7973,0.939,0.939,0.939,0.7973,0.3852,From DOE Prototype Buildings,,,,,,,,,,,,,,,,,,,,,,,,,,,,,,,,,,,,,,,,,,,,,,,,,,,,,,,,,,,,,,,,,,,
HotelSmall BLDG_LIGHT_GUESTROOM_SCH_2010,Lighting,,SmrDsn,41640,42004,Constant,1,,,,,,,,,,,,,,,,,,,,,,,,From DOE Prototype Buildings,,,,,,,,,,,,,,,,,,,,,,,,,,,,,,,,,,,,,,,,,,,,,,,,,,,,,,,,,,,,,,,,,,,
HotelSmall BLDG_LIGHT_GUESTROOM_SCH_2010,Lighting,,Wkdy,41640,42004,Hourly,0.1859,0.1452,0.0945,0.0945,0.0945,0.1859,0.4121,0.5259,0.4121,0.4121,0.2087,0.2087,0.2087,0.2087,0.2087,0.2087,0.21304,0.2149,0.6297,0.8342,0.938,0.8342,0.6297,0.3083,From DOE Prototype Buildings,,,,,,,,,,,,,,,,,,,,,,,,,,,,,,,,,,,,,,,,,,,,,,,,,,,,,,,,,,,,,,,,,,,
HotelSmall BLDG_LIGHT_GUESTROOM_SCH_2010,Lighting,,WntrDsn,41640,42004,Constant,0,,,,,,,,,,,,,,,,,,,,,,,,From DOE Prototype Buildings,,,,,,,,,,,,,,,,,,,,,,,,,,,,,,,,,,,,,,,,,,,,,,,,,,,,,,,,,,,,,,,,,,,
HotelSmall BLDG_LIGHT_GUESTROOM_SCH_2013,Lighting,,Default,41640,42004,Hourly,0.13,0.13,0.06,0.06,0.06,0.06,0.33,0.33,0.45,0.18667,0.062121,0.05,0.05,0.05,0.05,0.05,0.05,0.0825,0.68,0.8,0.8,0.8,0.68,0.33,From DOE Prototype Buildings,,,,,,,,,,,,,,,,,,,,,,,,,,,,,,,,,,,,,,,,,,,,,,,,,,,,,,,,,,,,,,,,,,,
HotelSmall BLDG_LIGHT_GUESTROOM_SCH_2013,Lighting,,SmrDsn,41640,42004,Constant,1,,,,,,,,,,,,,,,,,,,,,,,,From DOE Prototype Buildings,,,,,,,,,,,,,,,,,,,,,,,,,,,,,,,,,,,,,,,,,,,,,,,,,,,,,,,,,,,,,,,,,,,
HotelSmall BLDG_LIGHT_GUESTROOM_SCH_2013,Lighting,,Wkdy,41640,42004,Hourly,0.11,0.09,0.06,0.06,0.06,0.11,0.35,0.45,0.45,0.35,0.35,0.35,0.35,0.35,0.35,0.05,0.064,0.07,0.54,0.71,0.8,0.71,0.54,0.26,From DOE Prototype Buildings,,,,,,,,,,,,,,,,,,,,,,,,,,,,,,,,,,,,,,,,,,,,,,,,,,,,,,,,,,,,,,,,,,,
HotelSmall BLDG_LIGHT_GUESTROOM_SCH_2013,Lighting,,WntrDsn,41640,42004,Constant,0,,,,,,,,,,,,,,,,,,,,,,,,From DOE Prototype Buildings,,,,,,,,,,,,,,,,,,,,,,,,,,,,,,,,,,,,,,,,,,,,,,,,,,,,,,,,,,,,,,,,,,,
HotelSmall BLDG_LIGHT_LAUNDRY_SCH,Lighting,,Default|WntrDsn|SmrDsn,41640,42004,Hourly,0,0,0,0,0,0,0,0,1,1,1,1,1,1,1,1,1,0,0,0,0,0,0,0,From DOE Prototype Buildings,,,,,,,,,,,,,,,,,,,,,,,,,,,,,,,,,,,,,,,,,,,,,,,,,,,,,,,,,,,,,,,,,,,
HotelSmall BLDG_LIGHT_MECHROOM_SCH,Lighting,,Default|Wkdy,41640,42004,Hourly,0.1,0.1,0.1,0.1,0.1,0.1,0.1,0.2,0.4,0.4,0.4,0.4,0.4,0.4,0.4,0.4,0.4,0.4,0.2,0.2,0.2,0.2,0.1,0.1,From DOE Prototype Buildings,,,,,,,,,,,,,,,,,,,,,,,,,,,,,,,,,,,,,,,,,,,,,,,,,,,,,,,,,,,,,,,,,,,
HotelSmall BLDG_LIGHT_MECHROOM_SCH,Lighting,,SmrDsn,41640,42004,Constant,1,,,,,,,,,,,,,,,,,,,,,,,,From DOE Prototype Buildings,,,,,,,,,,,,,,,,,,,,,,,,,,,,,,,,,,,,,,,,,,,,,,,,,,,,,,,,,,,,,,,,,,,
HotelSmall BLDG_LIGHT_MECHROOM_SCH,Lighting,,WntrDsn,41640,42004,Constant,0,,,,,,,,,,,,,,,,,,,,,,,,From DOE Prototype Buildings,,,,,,,,,,,,,,,,,,,,,,,,,,,,,,,,,,,,,,,,,,,,,,,,,,,,,,,,,,,,,,,,,,,
HotelSmall BLDG_LIGHT_MEETINGROOM_SCH,Lighting,,Default,41640,42004,Hourly,0,0,0,0,0,0.2,0.3,0.5,1,1,1,1,1,1,1,1,1,1,0.5,0.3,0.2,0.05,0,0,From DOE Prototype Buildings,,,,,,,,,,,,,,,,,,,,,,,,,,,,,,,,,,,,,,,,,,,,,,,,,,,,,,,,,,,,,,,,,,,
HotelSmall BLDG_LIGHT_MEETINGROOM_SCH,Lighting,,SmrDsn,41640,42004,Constant,1,,,,,,,,,,,,,,,,,,,,,,,,From DOE Prototype Buildings,,,,,,,,,,,,,,,,,,,,,,,,,,,,,,,,,,,,,,,,,,,,,,,,,,,,,,,,,,,,,,,,,,,
HotelSmall BLDG_LIGHT_MEETINGROOM_SCH,Lighting,,WntrDsn,41640,42004,Constant,0,,,,,,,,,,,,,,,,,,,,,,,,From DOE Prototype Buildings,,,,,,,,,,,,,,,,,,,,,,,,,,,,,,,,,,,,,,,,,,,,,,,,,,,,,,,,,,,,,,,,,,,
HotelSmall BLDG_LIGHT_OFFICE_SCH,Lighting,,Default,41640,42004,Hourly,0.4175,0.4175,0.4175,0.4175,0.4175,0.4175,0.4175,0.50935,0.7515,0.7515,0.7515,0.7515,0.668,0.7515,0.7515,0.7515,0.7515,0.50935,0.4175,0.4175,0.4175,0.4175,0.4175,0.4175,From DOE Prototype Buildings,,,,,,,,,,,,,,,,,,,,,,,,,,,,,,,,,,,,,,,,,,,,,,,,,,,,,,,,,,,,,,,,,,,
HotelSmall BLDG_LIGHT_OFFICE_SCH,Lighting,,SmrDsn,41640,42004,Constant,1,,,,,,,,,,,,,,,,,,,,,,,,From DOE Prototype Buildings,,,,,,,,,,,,,,,,,,,,,,,,,,,,,,,,,,,,,,,,,,,,,,,,,,,,,,,,,,,,,,,,,,,
HotelSmall BLDG_LIGHT_OFFICE_SCH,Lighting,,WntrDsn,41640,42004,Constant,0,,,,,,,,,,,,,,,,,,,,,,,,From DOE Prototype Buildings,,,,,,,,,,,,,,,,,,,,,,,,,,,,,,,,,,,,,,,,,,,,,,,,,,,,,,,,,,,,,,,,,,,
HotelSmall BLDG_LIGHT_RESTROOM_SCH,Lighting,,Default|WntrDsn|SmrDsn,41640,42004,Constant,0.66,,,,,,,,,,,,,,,,,,,,,,,,From DOE Prototype Buildings,,,,,,,,,,,,,,,,,,,,,,,,,,,,,,,,,,,,,,,,,,,,,,,,,,,,,,,,,,,,,,,,,,,
HotelSmall BLDG_LIGHT_STAIR_SCH,Lighting,,Default|WntrDsn|SmrDsn,41640,42004,Constant,0.55,,,,,,,,,,,,,,,,,,,,,,,,From DOE Prototype Buildings,,,,,,,,,,,,,,,,,,,,,,,,,,,,,,,,,,,,,,,,,,,,,,,,,,,,,,,,,,,,,,,,,,,
HotelSmall BLDG_LIGHT_STORAGE_SCH,Lighting,,Default|Wkdy,41640,42004,Hourly,0.05418,0.05418,0.05418,0.05418,0.05418,0.05418,0.05418,0.10836,0.21672,0.21672,0.21672,0.21672,0.21672,0.21672,0.21672,0.21672,0.21672,0.21672,0.10836,0.10836,0.10836,0.10836,0.05418,0.05418,From DOE Prototype Buildings,,,,,,,,,,,,,,,,,,,,,,,,,,,,,,,,,,,,,,,,,,,,,,,,,,,,,,,,,,,,,,,,,,,
HotelSmall BLDG_LIGHT_STORAGE_SCH,Lighting,,SmrDsn,41640,42004,Constant,1,,,,,,,,,,,,,,,,,,,,,,,,From DOE Prototype Buildings,,,,,,,,,,,,,,,,,,,,,,,,,,,,,,,,,,,,,,,,,,,,,,,,,,,,,,,,,,,,,,,,,,,
HotelSmall BLDG_LIGHT_STORAGE_SCH,Lighting,,WntrDsn,41640,42004,Constant,0,,,,,,,,,,,,,,,,,,,,,,,,From DOE Prototype Buildings,,,,,,,,,,,,,,,,,,,,,,,,,,,,,,,,,,,,,,,,,,,,,,,,,,,,,,,,,,,,,,,,,,,
HotelSmall CommonArea_ClgSP_Sch,Thermostat Setpoint,C,Default|WntrDsn|SmrDsn,41640,42004,Constant,23.889,,,,,,,,,,,,,,,,,,,,,,,,From DOE Prototype Buildings,,,,,,,,,,,,,,,,,,,,,,,,,,,,,,,,,,,,,,,,,,,,,,,,,,,,,,,,,,,,,,,,,,,
HotelSmall CommonArea_HtgSP_Sch,Thermostat Setpoint,C,Default|WntrDsn|SmrDsn,41640,42004,Constant,21.111,,,,,,,,,,,,,,,,,,,,,,,,From DOE Prototype Buildings,,,,,,,,,,,,,,,,,,,,,,,,,,,,,,,,,,,,,,,,,,,,,,,,,,,,,,,,,,,,,,,,,,,
HotelSmall CommonArea_Infil_Sch,Infiltration,,Default,41640,42004,Constant,0.25,,,,,,,,,,,,,,,,,,,,,,,,From DOE Prototype Buildings,,,,,,,,,,,,,,,,,,,,,,,,,,,,,,,,,,,,,,,,,,,,,,,,,,,,,,,,,,,,,,,,,,,
HotelSmall CommonArea_Infil_Sch,Infiltration,,SmrDsn,41640,42004,Constant,1,,,,,,,,,,,,,,,,,,,,,,,,From DOE Prototype Buildings,,,,,,,,,,,,,,,,,,,,,,,,,,,,,,,,,,,,,,,,,,,,,,,,,,,,,,,,,,,,,,,,,,,
HotelSmall CommonArea_Infil_Sch,Infiltration,,WntrDsn,41640,42004,Constant,0,,,,,,,,,,,,,,,,,,,,,,,,From DOE Prototype Buildings,,,,,,,,,,,,,,,,,,,,,,,,,,,,,,,,,,,,,,,,,,,,,,,,,,,,,,,,,,,,,,,,,,,
HotelSmall COMPACT HVAC-ALWAYS 0,Unknown,,Default|WntrDsn|SmrDsn,41640,42004,Constant,0,,,,,,,,,,,,,,,,,,,,,,,,From DOE Prototype Buildings,,,,,,,,,,,,,,,,,,,,,,,,,,,,,,,,,,,,,,,,,,,,,,,,,,,,,,,,,,,,,,,,,,,
HotelSmall COMPACT HVAC-ALWAYS 1,Unknown,,Default|WntrDsn|SmrDsn,41640,42004,Constant,1,,,,,,,,,,,,,,,,,,,,,,,,From DOE Prototype Buildings,,,,,,,,,,,,,,,,,,,,,,,,,,,,,,,,,,,,,,,,,,,,,,,,,,,,,,,,,,,,,,,,,,,
HotelSmall COMPACT HVAC-ALWAYS 4,Unknown,,Default|WntrDsn|SmrDsn,41640,42004,Constant,4,,,,,,,,,,,,,,,,,,,,,,,,From DOE Prototype Buildings,,,,,,,,,,,,,,,,,,,,,,,,,,,,,,,,,,,,,,,,,,,,,,,,,,,,,,,,,,,,,,,,,,,
HotelSmall ELEV_LIGHT_FAN_SCH_24_7,Lighting,,Default|WntrDsn|SmrDsn,41640,42004,Constant,1,,,,,,,,,,,,,,,,,,,,,,,,From DOE Prototype Buildings,,,,,,,,,,,,,,,,,,,,,,,,,,,,,,,,,,,,,,,,,,,,,,,,,,,,,,,,,,,,,,,,,,,
HotelSmall ELEV_LIGHT_FAN_SCH_ADD_DF,Lighting,,Default,41640,42004,Hourly,0.05,0.05,0.05,0.05,0.1,0.2,0.4,0.5,0.5,0.35,0.15,0.15,0.15,0.15,0.15,0.15,0.35,0.5,0.5,0.4,0.4,0.3,0.2,0.1,From DOE Prototype Buildings,,,,,,,,,,,,,,,,,,,,,,,,,,,,,,,,,,,,,,,,,,,,,,,,,,,,,,,,,,,,,,,,,,,
HotelSmall ELEV_LIGHT_FAN_SCH_ADD_DF,Lighting,,SmrDsn,41640,42004,Constant,0.5,,,,,,,,,,,,,,,,,,,,,,,,From DOE Prototype Buildings,,,,,,,,,,,,,,,,,,,,,,,,,,,,,,,,,,,,,,,,,,,,,,,,,,,,,,,,,,,,,,,,,,,
HotelSmall ELEV_LIGHT_FAN_SCH_ADD_DF,Lighting,,WntrDsn,41640,42004,Constant,0.05,,,,,,,,,,,,,,,,,,,,,,,,From DOE Prototype Buildings,,,,,,,,,,,,,,,,,,,,,,,,,,,,,,,,,,,,,,,,,,,,,,,,,,,,,,,,,,,,,,,,,,,
HotelSmall EmployeeLounge_Eqp_Sch,Equipment,,Default|Wkdy,41640,42004,Hourly,0.11,0.11,0.11,0.11,0.11,0.19,0.19,0.25,1,1,0.86,0.86,1,0.86,0.86,0.86,0.86,0.86,0.25,0.19,0.11,0.11,0.11,0.11,From DOE Prototype Buildings,,,,,,,,,,,,,,,,,,,,,,,,,,,,,,,,,,,,,,,,,,,,,,,,,,,,,,,,,,,,,,,,,,,
HotelSmall EmployeeLounge_Eqp_Sch,Equipment,,SmrDsn,41640,42004,Constant,1,,,,,,,,,,,,,,,,,,,,,,,,From DOE Prototype Buildings,,,,,,,,,,,,,,,,,,,,,,,,,,,,,,,,,,,,,,,,,,,,,,,,,,,,,,,,,,,,,,,,,,,
HotelSmall EmployeeLounge_Eqp_Sch,Equipment,,WntrDsn,41640,42004,Constant,0,,,,,,,,,,,,,,,,,,,,,,,,From DOE Prototype Buildings,,,,,,,,,,,,,,,,,,,,,,,,,,,,,,,,,,,,,,,,,,,,,,,,,,,,,,,,,,,,,,,,,,,
HotelSmall EmployeeLounge_Occ_Sch,Occupancy,,Default,41640,42004,Hourly,0,0,0,0,0,0.05,0.05,0.05,0.1,0.1,0.1,0.1,0.2,0.1,0.1,0.1,0.1,0.1,0.05,0.05,0,0,0,0,From DOE Prototype Buildings,,,,,,,,,,,,,,,,,,,,,,,,,,,,,,,,,,,,,,,,,,,,,,,,,,,,,,,,,,,,,,,,,,,
HotelSmall EmployeeLounge_Occ_Sch,Occupancy,,SmrDsn,41640,42004,Constant,1,,,,,,,,,,,,,,,,,,,,,,,,From DOE Prototype Buildings,,,,,,,,,,,,,,,,,,,,,,,,,,,,,,,,,,,,,,,,,,,,,,,,,,,,,,,,,,,,,,,,,,,
HotelSmall EmployeeLounge_Occ_Sch,Occupancy,,Wkdy,41640,42004,Hourly,0,0,0,0,0,0.1,0.1,0.2,0.2,0.2,0.2,0.2,0.7,0.2,0.2,0.2,0.2,0.2,0.1,0.1,0,0,0,0,From DOE Prototype Buildings,,,,,,,,,,,,,,,,,,,,,,,,,,,,,,,,,,,,,,,,,,,,,,,,,,,,,,,,,,,,,,,,,,,
HotelSmall EmployeeLounge_Occ_Sch,Occupancy,,WntrDsn,41640,42004,Constant,0,,,,,,,,,,,,,,,,,,,,,,,,From DOE Prototype Buildings,,,,,,,,,,,,,,,,,,,,,,,,,,,,,,,,,,,,,,,,,,,,,,,,,,,,,,,,,,,,,,,,,,,
HotelSmall ExerciseCenter_Eqp_Sch,Equipment,,Default|WntrDsn|SmrDsn,41640,42004,Hourly,0,0,0,0,0,0,0.5,1,1,0.5,0.5,0.5,0,0.5,0.5,0.5,1,0.5,0.5,1,1,0.5,0.5,0,From DOE Prototype Buildings,,,,,,,,,,,,,,,,,,,,,,,,,,,,,,,,,,,,,,,,,,,,,,,,,,,,,,,,,,,,,,,,,,,
HotelSmall ExerciseCenter_Occ_Sch,Occupancy,,Default|WntrDsn|SmrDsn,41640,42004,Hourly,0,0,0,0,0,0,0.5,1,1,1,1,0.5,0,1,1,1,1,1,1,1,1,1,0.5,0,From DOE Prototype Buildings,,,,,,,,,,,,,,,,,,,,,,,,,,,,,,,,,,,,,,,,,,,,,,,,,,,,,,,,,,,,,,,,,,,
HotelSmall Exterior_Lgt_ALWAYS_ON,Unknown,,Default|WntrDsn|SmrDsn,41640,42004,Constant,1,,,,,,,,,,,,,,,,,,,,,,,,From DOE Prototype Buildings,,,,,,,,,,,,,,,,,,,,,,,,,,,,,,,,,,,,,,,,,,,,,,,,,,,,,,,,,,,,,,,,,,,
HotelSmall Exterior_Ltg_Sch,Unknown,,Default|WntrDsn|SmrDsn,41640,42004,Hourly,1,1,1,1,1,1,1,0,0,0,0,0,0,0,0,0,0,0,0,1,1,1,1,1,From DOE Prototype Buildings,,,,,,,,,,,,,,,,,,,,,,,,,,,,,,,,,,,,,,,,,,,,,,,,,,,,,,,,,,,,,,,,,,,
HotelSmall GuestRoom_Eqp_Sch_Adva,Equipment,,Default,41640,42004,Hourly,0.09,0.09,0.09,0.09,0.09,0.09,0.3,0.62,0.9,0.62,0.13,0.13,0.13,0.13,0.13,0.13,0.21,0.4,0.48,0.46,0.62,0.69,0.34,0.09,From DOE Prototype Buildings,,,,,,,,,,,,,,,,,,,,,,,,,,,,,,,,,,,,,,,,,,,,,,,,,,,,,,,,,,,,,,,,,,,
HotelSmall GuestRoom_Eqp_Sch_Adva,Equipment,,SmrDsn,41640,42004,Constant,1,,,,,,,,,,,,,,,,,,,,,,,,From DOE Prototype Buildings,,,,,,,,,,,,,,,,,,,,,,,,,,,,,,,,,,,,,,,,,,,,,,,,,,,,,,,,,,,,,,,,,,,
HotelSmall GuestRoom_Eqp_Sch_Adva,Equipment,,Wkdy,41640,42004,Hourly,0.09,0.09,0.09,0.09,0.09,0.09,0.62,0.9,0.43,0.43,0.12,0.12,0.12,0.12,0.12,0.12,0.19,0.48,0.48,0.46,0.62,0.69,0.34,0.09,From DOE Prototype Buildings,,,,,,,,,,,,,,,,,,,,,,,,,,,,,,,,,,,,,,,,,,,,,,,,,,,,,,,,,,,,,,,,,,,
HotelSmall GuestRoom_Eqp_Sch_Adva,Equipment,,WntrDsn,41640,42004,Constant,0,,,,,,,,,,,,,,,,,,,,,,,,From DOE Prototype Buildings,,,,,,,,,,,,,,,,,,,,,,,,,,,,,,,,,,,,,,,,,,,,,,,,,,,,,,,,,,,,,,,,,,,
HotelSmall GuestRoom_Eqp_Sch_Base,Equipment,,Default,41640,42004,Hourly,0.11,0.11,0.11,0.11,0.11,0.11,0.3,0.62,0.9,0.62,0.29,0.29,0.29,0.29,0.29,0.29,0.29,0.43,0.51,0.49,0.66,0.7,0.35,0.11,From DOE Prototype Buildings,,,,,,,,,,,,,,,,,,,,,,,,,,,,,,,,,,,,,,,,,,,,,,,,,,,,,,,,,,,,,,,,,,,
HotelSmall GuestRoom_Eqp_Sch_Base,Equipment,,SmrDsn,41640,42004,Constant,1,,,,,,,,,,,,,,,,,,,,,,,,From DOE Prototype Buildings,,,,,,,,,,,,,,,,,,,,,,,,,,,,,,,,,,,,,,,,,,,,,,,,,,,,,,,,,,,,,,,,,,,
HotelSmall GuestRoom_Eqp_Sch_Base,Equipment,,Wkdy,41640,42004,Hourly,0.11,0.11,0.11,0.11,0.11,0.11,0.62,0.9,0.43,0.43,0.26,0.26,0.26,0.26,0.26,0.26,0.26,0.51,0.51,0.49,0.66,0.7,0.35,0.11,From DOE Prototype Buildings,,,,,,,,,,,,,,,,,,,,,,,,,,,,,,,,,,,,,,,,,,,,,,,,,,,,,,,,,,,,,,,,,,,
HotelSmall GuestRoom_Eqp_Sch_Base,Equipment,,WntrDsn,41640,42004,Constant,0,,,,,,,,,,,,,,,,,,,,,,,,From DOE Prototype Buildings,,,,,,,,,,,,,,,,,,,,,,,,,,,,,,,,,,,,,,,,,,,,,,,,,,,,,,,,,,,,,,,,,,,
HotelSmall GuestRoom_Infil_Sch,Infiltration,,Default,41640,42004,Constant,0.25,,,,,,,,,,,,,,,,,,,,,,,,From DOE Prototype Buildings,,,,,,,,,,,,,,,,,,,,,,,,,,,,,,,,,,,,,,,,,,,,,,,,,,,,,,,,,,,,,,,,,,,
HotelSmall GuestRoom_Infil_Sch,Infiltration,,SmrDsn,41640,42004,Constant,1,,,,,,,,,,,,,,,,,,,,,,,,From DOE Prototype Buildings,,,,,,,,,,,,,,,,,,,,,,,,,,,,,,,,,,,,,,,,,,,,,,,,,,,,,,,,,,,,,,,,,,,
HotelSmall GuestRoom_Infil_Sch,Infiltration,,WntrDsn,41640,42004,Constant,0,,,,,,,,,,,,,,,,,,,,,,,,From DOE Prototype Buildings,,,,,,,,,,,,,,,,,,,,,,,,,,,,,,,,,,,,,,,,,,,,,,,,,,,,,,,,,,,,,,,,,,,
HotelSmall GuestRoom_Occ_Sch,Occupancy,,Default,41640,42004,Hourly,1,1,1,1,1,1,0.77,0.53,0.53,0.3,0.3,0.3,0.3,0.3,0.3,0.3,0.3,0.53,0.54,0.65,0.65,0.77,0.77,0.77,From DOE Prototype Buildings,,,,,,,,,,,,,,,,,,,,,,,,,,,,,,,,,,,,,,,,,,,,,,,,,,,,,,,,,,,,,,,,,,,
HotelSmall GuestRoom_Occ_Sch,Occupancy,,SmrDsn,41640,42004,Constant,1,,,,,,,,,,,,,,,,,,,,,,,,From DOE Prototype Buildings,,,,,,,,,,,,,,,,,,,,,,,,,,,,,,,,,,,,,,,,,,,,,,,,,,,,,,,,,,,,,,,,,,,
HotelSmall GuestRoom_Occ_Sch,Occupancy,,Wkdy,41640,42004,Hourly,1,1,1,1,1,1,0.77,0.43,0.43,0.2,0.2,0.2,0.2,0.2,0.2,0.31,0.54,0.54,0.54,0.77,0.77,0.89,1,1,From DOE Prototype Buildings,,,,,,,,,,,,,,,,,,,,,,,,,,,,,,,,,,,,,,,,,,,,,,,,,,,,,,,,,,,,,,,,,,,
HotelSmall GuestRoom_Occ_Sch,Occupancy,,WntrDsn,41640,42004,Constant,0,,,,,,,,,,,,,,,,,,,,,,,,From DOE Prototype Buildings,,,,,,,,,,,,,,,,,,,,,,,,,,,,,,,,,,,,,,,,,,,,,,,,,,,,,,,,,,,,,,,,,,,
HotelSmall GuestRoom_SHW_Sch,Service Water Heating,,Default|WntrDsn|SmrDsn,41640,42004,Hourly,0.2,0.15,0.15,0.15,0.2,0.25,0.35,0.6,0.8,0.55,0.4,0.3,0.2,0.2,0.2,0.2,0.2,0.25,0.3,0.4,0.4,0.4,0.6,0.35,From DOE Prototype Buildings,,,,,,,,,,,,,,,,,,,,,,,,,,,,,,,,,,,,,,,,,,,,,,,,,,,,,,,,,,,,,,,,,,,
HotelSmall GuestRoom_SHW_Sch,Service Water Heating,,Wkdy,41640,42004,Hourly,0.2,0.15,0.15,0.15,0.2,0.35,0.6,0.8,0.55,0.4,0.3,0.2,0.2,0.2,0.2,0.2,0.2,0.3,0.55,0.4,0.4,0.6,0.45,0.25,From DOE Prototype Buildings,,,,,,,,,,,,,,,,,,,,,,,,,,,,,,,,,,,,,,,,,,,,,,,,,,,,,,,,,,,,,,,,,,,
HotelSmall Heat Exchanger Supply Air Temp Sch,Unknown,C,Default|WntrDsn|SmrDsn,41640,42004,Constant,14,,,,,,,,,,,,,,,,,,,,,,,,From DOE Prototype Buildings,,,,,,,,,,,,,,,,,,,,,,,,,,,,,,,,,,,,,,,,,,,,,,,,,,,,,,,,,,,,,,,,,,,
HotelSmall INFIL_Door_Opening_SCH,Infiltration,,Default|WntrDsn|SmrDsn,41640,42004,Hourly,0,0,0,0,0,0,0.144,1,0.144,0.144,0.144,0.144,0.144,0.144,0.144,0.144,0.144,1,0.144,0.144,0.144,0.144,0,0,From DOE Prototype Buildings,,,,,,,,,,,,,,,,,,,,,,,,,,,,,,,,,,,,,,,,,,,,,,,,,,,,,,,,,,,,,,,,,,,
HotelSmall LaundryRoom_Eqp_Elec_Sch,Equipment,,Default,41640,42004,Hourly,0,0,0,0,0,0,0,0,1,1,1,1,1,1,1,1,0,0,0,0,0,0,0,0,From DOE Prototype Buildings,,,,,,,,,,,,,,,,,,,,,,,,,,,,,,,,,,,,,,,,,,,,,,,,,,,,,,,,,,,,,,,,,,,
HotelSmall LaundryRoom_Eqp_Elec_Sch,Equipment,,SmrDsn,41640,42004,Constant,1,,,,,,,,,,,,,,,,,,,,,,,,From DOE Prototype Buildings,,,,,,,,,,,,,,,,,,,,,,,,,,,,,,,,,,,,,,,,,,,,,,,,,,,,,,,,,,,,,,,,,,,
HotelSmall LaundryRoom_Eqp_Elec_Sch,Equipment,,WntrDsn,41640,42004,Constant,0,,,,,,,,,,,,,,,,,,,,,,,,From DOE Prototype Buildings,,,,,,,,,,,,,,,,,,,,,,,,,,,,,,,,,,,,,,,,,,,,,,,,,,,,,,,,,,,,,,,,,,,
HotelSmall LaundryRoom_Eqp_Gas_Sch,Equipment,,Default,41640,42004,Hourly,0,0,0,0,0,0,0,0,0,1,1,1,1,1,1,1,1,0,0,0,0,0,0,0,From DOE Prototype Buildings,,,,,,,,,,,,,,,,,,,,,,,,,,,,,,,,,,,,,,,,,,,,,,,,,,,,,,,,,,,,,,,,,,,
HotelSmall LaundryRoom_Eqp_Gas_Sch,Equipment,,SmrDsn,41640,42004,Constant,1,,,,,,,,,,,,,,,,,,,,,,,,From DOE Prototype Buildings,,,,,,,,,,,,,,,,,,,,,,,,,,,,,,,,,,,,,,,,,,,,,,,,,,,,,,,,,,,,,,,,,,,
HotelSmall LaundryRoom_Eqp_Gas_Sch,Equipment,,WntrDsn,41640,42004,Constant,0,,,,,,,,,,,,,,,,,,,,,,,,From DOE Prototype Buildings,,,,,,,,,,,,,,,,,,,,,,,,,,,,,,,,,,,,,,,,,,,,,,,,,,,,,,,,,,,,,,,,,,,
HotelSmall LaundryRoom_Occ_Sch,Occupancy,,Default|Wkdy,41640,42004,Hourly,0,0,0,0,0,0,0,0,0.09,0.09,0.18,0.18,0,0.18,0.18,0.18,0.09,0,0,0,0,0,0,0,From DOE Prototype Buildings,,,,,,,,,,,,,,,,,,,,,,,,,,,,,,,,,,,,,,,,,,,,,,,,,,,,,,,,,,,,,,,,,,,
HotelSmall LaundryRoom_Occ_Sch,Occupancy,,SmrDsn,41640,42004,Constant,1,,,,,,,,,,,,,,,,,,,,,,,,From DOE Prototype Buildings,,,,,,,,,,,,,,,,,,,,,,,,,,,,,,,,,,,,,,,,,,,,,,,,,,,,,,,,,,,,,,,,,,,
HotelSmall LaundryRoom_Occ_Sch,Occupancy,,WntrDsn,41640,42004,Constant,0,,,,,,,,,,,,,,,,,,,,,,,,From DOE Prototype Buildings,,,,,,,,,,,,,,,,,,,,,,,,,,,,,,,,,,,,,,,,,,,,,,,,,,,,,,,,,,,,,,,,,,,
HotelSmall LaundryRoom_SHW_Sch,Equipment,,Default|WntrDsn|SmrDsn,41640,42004,Hourly,0,0,0,0,0,0,0,0,1,1,1,1,1,1,1,1,0,0,0,0,0,0,0,0,From DOE Prototype Buildings,,,,,,,,,,,,,,,,,,,,,,,,,,,,,,,,,,,,,,,,,,,,,,,,,,,,,,,,,,,,,,,,,,,
HotelSmall Lobby_Eqp_Sch,Equipment,,Default,41640,42004,Hourly,0.21,0.21,0.21,0.21,0.21,0.68,1,1,1,1,0.32,0.23,0.23,0.23,0.23,0.23,0.23,0.23,0.23,0.23,0.23,0.23,0.23,0.21,From DOE Prototype Buildings,,,,,,,,,,,,,,,,,,,,,,,,,,,,,,,,,,,,,,,,,,,,,,,,,,,,,,,,,,,,,,,,,,,
HotelSmall Lobby_Eqp_Sch,Equipment,,SmrDsn,41640,42004,Constant,1,,,,,,,,,,,,,,,,,,,,,,,,From DOE Prototype Buildings,,,,,,,,,,,,,,,,,,,,,,,,,,,,,,,,,,,,,,,,,,,,,,,,,,,,,,,,,,,,,,,,,,,
HotelSmall Lobby_Eqp_Sch,Equipment,,WntrDsn,41640,42004,Constant,0,,,,,,,,,,,,,,,,,,,,,,,,From DOE Prototype Buildings,,,,,,,,,,,,,,,,,,,,,,,,,,,,,,,,,,,,,,,,,,,,,,,,,,,,,,,,,,,,,,,,,,,
HotelSmall Lobby_Occ_Sch,Occupancy,,Default,41640,42004,Hourly,0.1,0.1,0.1,0.1,0.1,0.1,0.3,0.7,0.7,0.7,0.2,0.2,0.2,0.2,0.2,0.2,0.2,0.2,0.2,0.2,0.2,0.2,0.1,0.1,From DOE Prototype Buildings,,,,,,,,,,,,,,,,,,,,,,,,,,,,,,,,,,,,,,,,,,,,,,,,,,,,,,,,,,,,,,,,,,,
HotelSmall Lobby_Occ_Sch,Occupancy,,SmrDsn,41640,42004,Constant,1,,,,,,,,,,,,,,,,,,,,,,,,From DOE Prototype Buildings,,,,,,,,,,,,,,,,,,,,,,,,,,,,,,,,,,,,,,,,,,,,,,,,,,,,,,,,,,,,,,,,,,,
HotelSmall Lobby_Occ_Sch,Occupancy,,Wkdy,41640,42004,Hourly,0.1,0.1,0.1,0.1,0.1,0.3,0.7,0.7,0.7,0.7,0.2,0.2,0.2,0.2,0.2,0.2,0.4,0.4,0.2,0.2,0.2,0.2,0.1,0.1,From DOE Prototype Buildings,,,,,,,,,,,,,,,,,,,,,,,,,,,,,,,,,,,,,,,,,,,,,,,,,,,,,,,,,,,,,,,,,,,
HotelSmall Lobby_Occ_Sch,Occupancy,,WntrDsn,41640,42004,Constant,0,,,,,,,,,,,,,,,,,,,,,,,,From DOE Prototype Buildings,,,,,,,,,,,,,,,,,,,,,,,,,,,,,,,,,,,,,,,,,,,,,,,,,,,,,,,,,,,,,,,,,,,
HotelSmall MeetingRoom_Eqp_Sch,Equipment,,Default|WntrDsn|SmrDsn,41640,42004,Hourly,0,0,0,0,0,0,0,0.05,0.54,0.54,0.26,0.26,0.05,0.54,0.54,0.26,0.26,0.26,0.05,0.05,0,0,0,0,From DOE Prototype Buildings,,,,,,,,,,,,,,,,,,,,,,,,,,,,,,,,,,,,,,,,,,,,,,,,,,,,,,,,,,,,,,,,,,,
HotelSmall MeetingRoom_Occ_Sch,Occupancy,,Default|Wkdy,41640,42004,Hourly,0,0,0,0,0,0,0,0.05,0.5,0.5,0.2,0.2,0.05,0.5,0.5,0.2,0.2,0.2,0.05,0.05,0,0,0,0,From DOE Prototype Buildings,,,,,,,,,,,,,,,,,,,,,,,,,,,,,,,,,,,,,,,,,,,,,,,,,,,,,,,,,,,,,,,,,,,
HotelSmall MeetingRoom_Occ_Sch,Occupancy,,SmrDsn,41640,42004,Constant,1,,,,,,,,,,,,,,,,,,,,,,,,From DOE Prototype Buildings,,,,,,,,,,,,,,,,,,,,,,,,,,,,,,,,,,,,,,,,,,,,,,,,,,,,,,,,,,,,,,,,,,,
HotelSmall MeetingRoom_Occ_Sch,Occupancy,,WntrDsn,41640,42004,Constant,0,,,,,,,,,,,,,,,,,,,,,,,,From DOE Prototype Buildings,,,,,,,,,,,,,,,,,,,,,,,,,,,,,,,,,,,,,,,,,,,,,,,,,,,,,,,,,,,,,,,,,,,
HotelSmall MinOA_MotorizedDamper_Sched,OA Air,,Default|WntrDsn|SmrDsn,41640,42004,Constant,1,,,,,,,,,,,,,,,,,,,,,,,,From DOE Prototype Buildings,,,,,,,,,,,,,,,,,,,,,,,,,,,,,,,,,,,,,,,,,,,,,,,,,,,,,,,,,,,,,,,,,,,
HotelSmall N Adva_OccGuestRoom_ClgSP_Sch,Thermostat Setpoint,C,Default,41640,42004,Hourly,21.111,21.111,21.111,21.111,21.111,21.111,21.111,21.111,21.111,23.333,23.333,23.333,23.333,23.333,23.333,23.333,21.111,21.111,21.111,21.111,21.111,21.111,21.111,21.111,From DOE Prototype Buildings,,,,,,,,,,,,,,,,,,,,,,,,,,,,,,,,,,,,,,,,,,,,,,,,,,,,,,,,,,,,,,,,,,,
HotelSmall N Adva_OccGuestRoom_ClgSP_Sch,Thermostat Setpoint,C,WntrDsn|SmrDsn,41640,42004,Constant,21.111,,,,,,,,,,,,,,,,,,,,,,,,From DOE Prototype Buildings,,,,,,,,,,,,,,,,,,,,,,,,,,,,,,,,,,,,,,,,,,,,,,,,,,,,,,,,,,,,,,,,,,,
HotelSmall N Adva_OccGuestRoom_HtgSP_Sch,Thermostat Setpoint,C,Default,41640,42004,Hourly,21.111,21.111,21.111,21.111,21.111,21.111,21.111,21.111,21.111,18.889,18.889,18.889,18.889,18.889,18.889,18.889,21.111,21.111,21.111,21.111,21.111,21.111,21.111,21.111,From DOE Prototype Buildings,,,,,,,,,,,,,,,,,,,,,,,,,,,,,,,,,,,,,,,,,,,,,,,,,,,,,,,,,,,,,,,,,,,
HotelSmall N Adva_OccGuestRoom_HtgSP_Sch,Thermostat Setpoint,C,WntrDsn|SmrDsn,41640,42004,Constant,21.111,,,,,,,,,,,,,,,,,,,,,,,,From DOE Prototype Buildings,,,,,,,,,,,,,,,,,,,,,,,,,,,,,,,,,,,,,,,,,,,,,,,,,,,,,,,,,,,,,,,,,,,
HotelSmall Off During Unoccupied Period,Occupancy,,Default|WntrDsn|SmrDsn,41640,42004,Hourly,0,0,0,0,0,0,0,0,1,1,1,1,1,1,1,1,1,1,0,0,0,0,0,0,From DOE Prototype Buildings,,,,,,,,,,,,,,,,,,,,,,,,,,,,,,,,,,,,,,,,,,,,,,,,,,,,,,,,,,,,,,,,,,,
HotelSmall OFF_EQUIP_SCH,Equipment,,Default,41640,42004,Hourly,0.33,0.33,0.33,0.33,0.33,0.38,0.38,0.43,0.63,0.63,0.63,0.63,0.63,0.63,0.63,0.63,0.63,0.63,0.48,0.48,0.48,0.48,0.33,0.33,From DOE Prototype Buildings,,,,,,,,,,,,,,,,,,,,,,,,,,,,,,,,,,,,,,,,,,,,,,,,,,,,,,,,,,,,,,,,,,,
HotelSmall OFF_EQUIP_SCH,Equipment,,SmrDsn,41640,42004,Constant,1,,,,,,,,,,,,,,,,,,,,,,,,From DOE Prototype Buildings,,,,,,,,,,,,,,,,,,,,,,,,,,,,,,,,,,,,,,,,,,,,,,,,,,,,,,,,,,,,,,,,,,,
HotelSmall OFF_EQUIP_SCH,Equipment,,Wkdy,41640,42004,Hourly,0.33,0.33,0.33,0.33,0.33,0.38,0.38,0.43,0.43,0.43,1,1,0.94,1,1,1,1,0.75,0.63,0.63,0.48,0.48,0.33,0.33,From DOE Prototype Buildings,,,,,,,,,,,,,,,,,,,,,,,,,,,,,,,,,,,,,,,,,,,,,,,,,,,,,,,,,,,,,,,,,,,
HotelSmall OFF_EQUIP_SCH,Equipment,,WntrDsn,41640,42004,Constant,0,,,,,,,,,,,,,,,,,,,,,,,,From DOE Prototype Buildings,,,,,,,,,,,,,,,,,,,,,,,,,,,,,,,,,,,,,,,,,,,,,,,,,,,,,,,,,,,,,,,,,,,
HotelSmall Office_Occ_Sch,Occupancy,,Default,41640,42004,Hourly,0.2,0.2,0.2,0.2,0.2,0.2,0.2,0.3,0.5,0.5,0.5,0.5,0.5,0.5,0.5,0.5,0.5,0.3,0.2,0.2,0.2,0.2,0.2,0.2,From DOE Prototype Buildings,,,,,,,,,,,,,,,,,,,,,,,,,,,,,,,,,,,,,,,,,,,,,,,,,,,,,,,,,,,,,,,,,,,
HotelSmall Office_Occ_Sch,Occupancy,,SmrDsn,41640,42004,Constant,1,,,,,,,,,,,,,,,,,,,,,,,,From DOE Prototype Buildings,,,,,,,,,,,,,,,,,,,,,,,,,,,,,,,,,,,,,,,,,,,,,,,,,,,,,,,,,,,,,,,,,,,
HotelSmall Office_Occ_Sch,Occupancy,,Wkdy,41640,42004,Hourly,0.2,0.2,0.2,0.2,0.2,0.2,0.3,0.4,1,1,1,1,0.5,1,1,1,1,0.4,0.3,0.2,0.2,0.2,0.2,0.2,From DOE Prototype Buildings,,,,,,,,,,,,,,,,,,,,,,,,,,,,,,,,,,,,,,,,,,,,,,,,,,,,,,,,,,,,,,,,,,,
HotelSmall Office_Occ_Sch,Occupancy,,WntrDsn,41640,42004,Constant,0,,,,,,,,,,,,,,,,,,,,,,,,From DOE Prototype Buildings,,,,,,,,,,,,,,,,,,,,,,,,,,,,,,,,,,,,,,,,,,,,,,,,,,,,,,,,,,,,,,,,,,,
HotelSmall PlantOnSched,Unknown,,Default|WntrDsn|SmrDsn,41640,42004,Constant,1,,,,,,,,,,,,,,,,,,,,,,,,From DOE Prototype Buildings,,,,,,,,,,,,,,,,,,,,,,,,,,,,,,,,,,,,,,,,,,,,,,,,,,,,,,,,,,,,,,,,,,,
HotelSmall S Adva_OccGuestRoom_ClgSP_Sch,Thermostat Setpoint,C,Default,41640,42004,Hourly,21.111,21.111,21.111,21.111,21.111,21.111,21.111,21.111,21.111,23.333,23.333,23.333,23.333,23.333,23.333,23.333,21.111,21.111,21.111,21.111,21.111,21.111,21.111,21.111,From DOE Prototype Buildings,,,,,,,,,,,,,,,,,,,,,,,,,,,,,,,,,,,,,,,,,,,,,,,,,,,,,,,,,,,,,,,,,,,
HotelSmall S Adva_OccGuestRoom_ClgSP_Sch,Thermostat Setpoint,C,WntrDsn|SmrDsn,41640,42004,Constant,21.111,,,,,,,,,,,,,,,,,,,,,,,,From DOE Prototype Buildings,,,,,,,,,,,,,,,,,,,,,,,,,,,,,,,,,,,,,,,,,,,,,,,,,,,,,,,,,,,,,,,,,,,
HotelSmall S Adva_OccGuestRoom_HtgSP_Sch,Thermostat Setpoint,C,Default,41640,42004,Hourly,21.111,21.111,21.111,21.111,21.111,21.111,21.111,21.111,21.111,18.889,18.889,18.889,18.889,18.889,18.889,18.889,21.111,21.111,21.111,21.111,21.111,21.111,21.111,21.111,From DOE Prototype Buildings,,,,,,,,,,,,,,,,,,,,,,,,,,,,,,,,,,,,,,,,,,,,,,,,,,,,,,,,,,,,,,,,,,,
HotelSmall S Adva_OccGuestRoom_HtgSP_Sch,Thermostat Setpoint,C,WntrDsn|SmrDsn,41640,42004,Constant,21.111,,,,,,,,,,,,,,,,,,,,,,,,From DOE Prototype Buildings,,,,,,,,,,,,,,,,,,,,,,,,,,,,,,,,,,,,,,,,,,,,,,,,,,,,,,,,,,,,,,,,,,,
HotelSmall SAC_Econ_MaxOAFrac_Sch,Unknown,,Default|WntrDsn|SmrDsn,41640,42004,Constant,0.7,,,,,,,,,,,,,,,,,,,,,,,,,,,,,,,,,,,,,,,,,,,,,,,,,,,,,,,,,,,,,,,,,,,,,,,,,,,,,,,,,,,,,,,,,,,
HotelSmall SemiHeated_HtgSP_Sch,Thermostat Setpoint,C,Default|WntrDsn|SmrDsn,41640,42004,Constant,7.2,,,,,,,,,,,,,,,,,,,,,,,,From DOE Prototype Buildings,,,,,,,,,,,,,,,,,,,,,,,,,,,,,,,,,,,,,,,,,,,,,,,,,,,,,,,,,,,,,,,,,,,
HotelSmall SHW Latent fract sched,Service Water Heating,,Default|WntrDsn|SmrDsn,41640,42004,Constant,0.05,,,,,,,,,,,,,,,,,,,,,,,,From DOE Prototype Buildings,,,,,,,,,,,,,,,,,,,,,,,,,,,,,,,,,,,,,,,,,,,,,,,,,,,,,,,,,,,,,,,,,,,
HotelSmall SHW Laundry Temp Sched,Equipment,C,Default|WntrDsn|SmrDsn,41640,42004,Constant,82.22,,,,,,,,,,,,,,,,,,,,,,,,From DOE Prototype Buildings,,,,,,,,,,,,,,,,,,,,,,,,,,,,,,,,,,,,,,,,,,,,,,,,,,,,,,,,,,,,,,,,,,,
HotelSmall SHW Sensible fract sched,Service Water Heating,,Default|WntrDsn|SmrDsn,41640,42004,Constant,0.2,,,,,,,,,,,,,,,,,,,,,,,,From DOE Prototype Buildings,,,,,,,,,,,,,,,,,,,,,,,,,,,,,,,,,,,,,,,,,,,,,,,,,,,,,,,,,,,,,,,,,,,
HotelSmall SHW Shower Temp Sched,Service Water Heating,C,Default|WntrDsn|SmrDsn,41640,42004,Constant,60,,,,,,,,,,,,,,,,,,,,,,,,From DOE Prototype Buildings,,,,,,,,,,,,,,,,,,,,,,,,,,,,,,,,,,,,,,,,,,,,,,,,,,,,,,,,,,,,,,,,,,,
HotelSmall SHWSys Water Heater Ambient Temperature Schedule,Service Water Heating,C,Default|WntrDsn|SmrDsn,41640,42004,Constant,21.1,,,,,,,,,,,,,,,,,,,,,,,,From DOE Prototype Buildings,,,,,,,,,,,,,,,,,,,,,,,,,,,,,,,,,,,,,,,,,,,,,,,,,,,,,,,,,,,,,,,,,,,
HotelSmall SHWSysLaundry Water Heater Setpoint Temperature Schedule,Equipment,C,Default|WntrDsn|SmrDsn,41640,42004,Constant,60,,,,,,,,,,,,,,,,,,,,,,,,From DOE Prototype Buildings,,,,,,,,,,,,,,,,,,,,,,,,,,,,,,,,,,,,,,,,,,,,,,,,,,,,,,,,,,,,,,,,,,,
HotelSmall SHWSysLaundry-Loop-Temp-Schedule,Equipment,C,Default|WntrDsn|SmrDsn,41640,42004,Constant,60,,,,,,,,,,,,,,,,,,,,,,,,From DOE Prototype Buildings,,,,,,,,,,,,,,,,,,,,,,,,,,,,,,,,,,,,,,,,,,,,,,,,,,,,,,,,,,,,,,,,,,,
HotelSmall SHWSysShower Water Heater Setpoint Temperature Schedule,Service Water Heating,C,Default|WntrDsn|SmrDsn,41640,42004,Constant,60,,,,,,,,,,,,,,,,,,,,,,,,From DOE Prototype Buildings,,,,,,,,,,,,,,,,,,,,,,,,,,,,,,,,,,,,,,,,,,,,,,,,,,,,,,,,,,,,,,,,,,,
HotelSmall SHWSysShower-Loop-Temp-Schedule,Service Water Heating,C,Default|WntrDsn|SmrDsn,41640,42004,Constant,60,,,,,,,,,,,,,,,,,,,,,,,,From DOE Prototype Buildings,,,,,,,,,,,,,,,,,,,,,,,,,,,,,,,,,,,,,,,,,,,,,,,,,,,,,,,,,,,,,,,,,,,
HotelSmall Sliding_Doors_Ventilation_Availability_SCH,Unknown,,Default,41640,42004,Hourly,0,0,0,0,0,0,1,1,1,0,0,0,0,0,0,0,1,1,1,1,1,1,0,0,From DOE Prototype Buildings,,,,,,,,,,,,,,,,,,,,,,,,,,,,,,,,,,,,,,,,,,,,,,,,,,,,,,,,,,,,,,,,,,,
HotelSmall Sliding_Doors_Ventilation_Availability_SCH,Unknown,,WntrDsn|SmrDsn,41640,42004,Constant,0,,,,,,,,,,,,,,,,,,,,,,,,From DOE Prototype Buildings,,,,,,,,,,,,,,,,,,,,,,,,,,,,,,,,,,,,,,,,,,,,,,,,,,,,,,,,,,,,,,,,,,,
HotelSmall VacGuestRoom_ClgSP_Sch,Thermostat Setpoint,C,Default|WntrDsn|SmrDsn,41640,42004,Constant,23.333,,,,,,,,,,,,,,,,,,,,,,,,From DOE Prototype Buildings,,,,,,,,,,,,,,,,,,,,,,,,,,,,,,,,,,,,,,,,,,,,,,,,,,,,,,,,,,,,,,,,,,,
HotelSmall VacGuestRoom_HtgSP_Sch,Thermostat Setpoint,C,Default|WntrDsn|SmrDsn,41640,42004,Constant,18.889,,,,,,,,,,,,,,,,,,,,,,,,From DOE Prototype Buildings,,,,,,,,,,,,,,,,,,,,,,,,,,,,,,,,,,,,,,,,,,,,,,,,,,,,,,,,,,,,,,,,,,,
Large Office BLDG ELEVATORS,Elevator,,Default|WntrDsn|SmrDsn,41640,42004,Hourly,0.05,0.05,0.05,0.05,0.1,0.2,0.4,0.5,0.5,0.35,0.15,0.15,0.15,0.15,0.15,0.15,0.35,0.5,0.5,0.4,0.4,0.3,0.2,0.1,From DOE Reference Buildings ,,,,,,,,,,,,,,,,,,,,,,,,,,,,,,,,,,,,,,,,,,,,,,,,,,,,,,,,,,,,,,,,,,,
Large Office Bldg Equip,Equipment,,Default,41640,42004,Hourly,0.4,0.4,0.4,0.4,0.4,0.4,0.4,0.4,0.9,0.9,0.9,0.9,0.8,0.9,0.9,0.9,0.9,0.8,0.6,0.6,0.5,0.5,0.4,0.4,From DOE Reference Buildings ,,,,,,,,,,,,,,,,,,,,,,,,,,,,,,,,,,,,,,,,,,,,,,,,,,,,,,,,,,,,,,,,,,,
Large Office Bldg Equip,Equipment,,Sat,41640,42004,Hourly,0.3,0.3,0.3,0.3,0.3,0.3,0.4,0.4,0.5,0.5,0.5,0.5,0.5,0.5,0.35,0.35,0.35,0.3,0.3,0.3,0.3,0.3,0.3,0.3,From DOE Reference Buildings ,,,,,,,,,,,,,,,,,,,,,,,,,,,,,,,,,,,,,,,,,,,,,,,,,,,,,,,,,,,,,,,,,,,
Large Office Bldg Equip,Equipment,,SmrDsn,41640,42004,Constant,1,,,,,,,,,,,,,,,,,,,,,,,,From DOE Reference Buildings ,,,,,,,,,,,,,,,,,,,,,,,,,,,,,,,,,,,,,,,,,,,,,,,,,,,,,,,,,,,,,,,,,,,
Large Office Bldg Equip,Equipment,,Sun,41640,42004,Constant,0.3,,,,,,,,,,,,,,,,,,,,,,,,From DOE Reference Buildings ,,,,,,,,,,,,,,,,,,,,,,,,,,,,,,,,,,,,,,,,,,,,,,,,,,,,,,,,,,,,,,,,,,,
Large Office Bldg Equip,Equipment,,WntrDsn,41640,42004,Constant,0,,,,,,,,,,,,,,,,,,,,,,,,From DOE Reference Buildings ,,,,,,,,,,,,,,,,,,,,,,,,,,,,,,,,,,,,,,,,,,,,,,,,,,,,,,,,,,,,,,,,,,,
Large Office Bldg Light,Lighting,,Default,41640,42004,Hourly,0.05,0.05,0.05,0.05,0.05,0.1,0.1,0.3,0.9,0.9,0.9,0.9,0.9,0.9,0.9,0.9,0.9,0.7,0.5,0.5,0.3,0.3,0.1,0.05,From DOE Reference Buildings ,,,,,,,,,,,,,,,,,,,,,,,,,,,,,,,,,,,,,,,,,,,,,,,,,,,,,,,,,,,,,,,,,,,
Large Office Bldg Light,Lighting,,Sat,41640,42004,Hourly,0.05,0.05,0.05,0.05,0.05,0.05,0.1,0.1,0.5,0.5,0.5,0.5,0.5,0.5,0.15,0.15,0.15,0.05,0.05,0.05,0.05,0.05,0.05,0.05,From DOE Reference Buildings ,,,,,,,,,,,,,,,,,,,,,,,,,,,,,,,,,,,,,,,,,,,,,,,,,,,,,,,,,,,,,,,,,,,
Large Office Bldg Light,Lighting,,SmrDsn,41640,42004,Constant,1,,,,,,,,,,,,,,,,,,,,,,,,From DOE Reference Buildings ,,,,,,,,,,,,,,,,,,,,,,,,,,,,,,,,,,,,,,,,,,,,,,,,,,,,,,,,,,,,,,,,,,,
Large Office Bldg Light,Lighting,,Sun,41640,42004,Constant,0.05,,,,,,,,,,,,,,,,,,,,,,,,From DOE Reference Buildings ,,,,,,,,,,,,,,,,,,,,,,,,,,,,,,,,,,,,,,,,,,,,,,,,,,,,,,,,,,,,,,,,,,,
Large Office Bldg Light,Lighting,,WntrDsn,41640,42004,Constant,0,,,,,,,,,,,,,,,,,,,,,,,,From DOE Reference Buildings ,,,,,,,,,,,,,,,,,,,,,,,,,,,,,,,,,,,,,,,,,,,,,,,,,,,,,,,,,,,,,,,,,,,
Large Office Bldg Occ,Occupancy,,Default,41640,42004,Hourly,0,0,0,0,0,0,0.1,0.2,0.95,0.95,0.95,0.95,0.5,0.95,0.95,0.95,0.95,0.7,0.4,0.4,0.1,0.1,0.05,0.05,From DOE Reference Buildings ,,,,,,,,,,,,,,,,,,,,,,,,,,,,,,,,,,,,,,,,,,,,,,,,,,,,,,,,,,,,,,,,,,,
Large Office Bldg Occ,Occupancy,,Sat,41640,42004,Hourly,0,0,0,0,0,0,0.1,0.1,0.5,0.5,0.5,0.5,0.5,0.5,0.1,0.1,0.1,0,0,0,0,0,0,0,From DOE Reference Buildings ,,,,,,,,,,,,,,,,,,,,,,,,,,,,,,,,,,,,,,,,,,,,,,,,,,,,,,,,,,,,,,,,,,,
Large Office Bldg Occ,Occupancy,,SmrDsn,41640,42004,Hourly,0,0,0,0,0,0,1,1,1,1,1,1,1,1,1,1,1,1,1,1,1,1,0.05,0.05,From DOE Reference Buildings ,,,,,,,,,,,,,,,,,,,,,,,,,,,,,,,,,,,,,,,,,,,,,,,,,,,,,,,,,,,,,,,,,,,
Large Office Bldg Occ,Occupancy,,WntrDsn|Sun,41640,42004,Constant,0,,,,,,,,,,,,,,,,,,,,,,,,From DOE Reference Buildings ,,,,,,,,,,,,,,,,,,,,,,,,,,,,,,,,,,,,,,,,,,,,,,,,,,,,,,,,,,,,,,,,,,,
Large Office ClgSetp,Thermostat Setpoint,C,Default|SmrDsn,41640,42004,Hourly,26.7,26.7,26.7,26.7,26.7,26.7,24,24,24,24,24,24,24,24,24,24,24,24,24,24,24,24,26.7,26.7,From DOE Reference Buildings ,,,,,,,,,,,,,,,,,,,,,,,,,,,,,,,,,,,,,,,,,,,,,,,,,,,,,,,,,,,,,,,,,,,
Large Office ClgSetp,Thermostat Setpoint,C,Sat,41640,42004,Hourly,26.7,26.7,26.7,26.7,26.7,26.7,24,24,24,24,24,24,24,24,24,24,24,24,26.7,26.7,26.7,26.7,26.7,26.7,From DOE Reference Buildings ,,,,,,,,,,,,,,,,,,,,,,,,,,,,,,,,,,,,,,,,,,,,,,,,,,,,,,,,,,,,,,,,,,,
Large Office ClgSetp,Thermostat Setpoint,C,WntrDsn|Sun,41640,42004,Constant,26.7,,,,,,,,,,,,,,,,,,,,,,,,From DOE Reference Buildings ,,,,,,,,,,,,,,,,,,,,,,,,,,,,,,,,,,,,,,,,,,,,,,,,,,,,,,,,,,,,,,,,,,,
Large Office Clothing,Clothing,,Default|WntrDsn,41640,42004,Constant,1,,,,,,,,,,,,,,,,,,,,,,,,From DOE Reference Buildings ,,,,,,,,,,,,,,,,,,,,,,,,,,,,,,,,,,,,,,,,,,,,,,,,,,,,,,,,,,,,,,,,,,,
Large Office Clothing,Clothing,,SmrDsn,41640,42004,Constant,0.5,,,,,,,,,,,,,,,,,,,,,,,,From DOE Reference Buildings ,,,,,,,,,,,,,,,,,,,,,,,,,,,,,,,,,,,,,,,,,,,,,,,,,,,,,,,,,,,,,,,,,,,
Large Office Clothing,Clothing,,Wknd|Wkdy,41913,42004,Constant,1,,,,,,,,,,,,,,,,,,,,,,,,From DOE Reference Buildings ,,,,,,,,,,,,,,,,,,,,,,,,,,,,,,,,,,,,,,,,,,,,,,,,,,,,,,,,,,,,,,,,,,,
Large Office Clothing,Clothing,,Wknd|Wkdy,41760,41912,Constant,0.5,,,,,,,,,,,,,,,,,,,,,,,,From DOE Reference Buildings ,,,,,,,,,,,,,,,,,,,,,,,,,,,,,,,,,,,,,,,,,,,,,,,,,,,,,,,,,,,,,,,,,,,
Large Office HtgSetp,Thermostat Setpoint,C,Default,41640,42004,Hourly,15.6,15.6,15.6,15.6,15.6,15.6,21,21,21,21,21,21,21,21,21,21,21,21,21,21,21,21,15.6,15.6,From DOE Reference Buildings ,,,,,,,,,,,,,,,,,,,,,,,,,,,,,,,,,,,,,,,,,,,,,,,,,,,,,,,,,,,,,,,,,,,
Large Office HtgSetp,Thermostat Setpoint,C,Sat,41640,42004,Hourly,15.6,15.6,15.6,15.6,15.6,15.6,21,21,21,21,21,21,21,21,21,21,21,21,15.6,15.6,15.6,15.6,15.6,15.6,From DOE Reference Buildings ,,,,,,,,,,,,,,,,,,,,,,,,,,,,,,,,,,,,,,,,,,,,,,,,,,,,,,,,,,,,,,,,,,,
Large Office HtgSetp,Thermostat Setpoint,C,SmrDsn|Sun,41640,42004,Constant,15.6,,,,,,,,,,,,,,,,,,,,,,,,From DOE Reference Buildings ,,,,,,,,,,,,,,,,,,,,,,,,,,,,,,,,,,,,,,,,,,,,,,,,,,,,,,,,,,,,,,,,,,,
Large Office HtgSetp,Thermostat Setpoint,C,WntrDsn,41640,42004,Constant,21,,,,,,,,,,,,,,,,,,,,,,,,From DOE Reference Buildings ,,,,,,,,,,,,,,,,,,,,,,,,,,,,,,,,,,,,,,,,,,,,,,,,,,,,,,,,,,,,,,,,,,,
Large Office Infil Quarter On,Infiltration,,Default|SmrDsn,41640,42004,Hourly,1,1,1,1,1,1,0.25,0.25,0.25,0.25,0.25,0.25,0.25,0.25,0.25,0.25,0.25,0.25,0.25,0.25,0.25,0.25,1,1,From DOE Reference Buildings ,,,,,,,,,,,,,,,,,,,,,,,,,,,,,,,,,,,,,,,,,,,,,,,,,,,,,,,,,,,,,,,,,,,
Large Office Infil Quarter On,Infiltration,,Sun,41640,42004,Constant,1,,,,,,,,,,,,,,,,,,,,,,,,From DOE Reference Buildings ,,,,,,,,,,,,,,,,,,,,,,,,,,,,,,,,,,,,,,,,,,,,,,,,,,,,,,,,,,,,,,,,,,,
Large Office Infil Quarter On,Infiltration,,WntrDsn|Sat,41640,42004,Hourly,1,1,1,1,1,1,0.25,0.25,0.25,0.25,0.25,0.25,0.25,0.25,0.25,0.25,0.25,0.25,1,1,1,1,1,1,From DOE Reference Buildings ,,,,,,,,,,,,,,,,,,,,,,,,,,,,,,,,,,,,,,,,,,,,,,,,,,,,,,,,,,,,,,,,,,,
Large Office Work Eff,Unknown,,Default|WntrDsn|SmrDsn,41640,42004,Constant,0,,,,,,,,,,,,,,,,,,,,,,,,From DOE Reference Buildings ,,,,,,,,,,,,,,,,,,,,,,,,,,,,,,,,,,,,,,,,,,,,,,,,,,,,,,,,,,,,,,,,,,,
LargeHotel BLDG ELEVATORS,Elevator,,Default|WntrDsn|SmrDsn,41640,42004,Hourly,0.05,0.05,0.05,0.05,0.1,0.2,0.4,0.5,0.5,0.35,0.15,0.15,0.15,0.15,0.15,0.15,0.35,0.5,0.5,0.4,0.4,0.3,0.2,0.1,From DOE Reference Buildings ,,,,,,,,,,,,,,,,,,,,,,,,,,,,,,,,,,,,,,,,,,,,,,,,,,,,,,,,,,,,,,,,,,,
LargeHotel Bldg Equip,Equipment,,Default,41640,42004,Hourly,0.3,0.25,0.2,0.2,0.2,0.3,0.5,0.6,0.5,0.5,0.35,0.35,0.35,0.35,0.35,0.35,0.35,0.35,0.7,0.9,0.95,0.9,0.7,0.4,From DOE Reference Buildings ,,,,,,,,,,,,,,,,,,,,,,,,,,,,,,,,,,,,,,,,,,,,,,,,,,,,,,,,,,,,,,,,,,,
LargeHotel Bldg Equip,Equipment,,Sat,41640,42004,Hourly,0.3,0.3,0.2,0.2,0.2,0.2,0.4,0.4,0.5,0.5,0.4,0.35,0.35,0.35,0.35,0.35,0.35,0.35,0.7,0.8,0.8,0.8,0.7,0.4,From DOE Reference Buildings ,,,,,,,,,,,,,,,,,,,,,,,,,,,,,,,,,,,,,,,,,,,,,,,,,,,,,,,,,,,,,,,,,,,
LargeHotel Bldg Equip,Equipment,,SmrDsn,41640,42004,Constant,1,,,,,,,,,,,,,,,,,,,,,,,,From DOE Reference Buildings ,,,,,,,,,,,,,,,,,,,,,,,,,,,,,,,,,,,,,,,,,,,,,,,,,,,,,,,,,,,,,,,,,,,
LargeHotel Bldg Equip,Equipment,,Sun,41640,42004,Hourly,0.4,0.4,0.3,0.3,0.3,0.3,0.4,0.5,0.5,0.4,0.4,0.4,0.4,0.3,0.3,0.3,0.3,0.3,0.6,0.8,0.9,0.7,0.6,0.4,From DOE Reference Buildings ,,,,,,,,,,,,,,,,,,,,,,,,,,,,,,,,,,,,,,,,,,,,,,,,,,,,,,,,,,,,,,,,,,,
LargeHotel Bldg Equip,Equipment,,WntrDsn,41640,42004,Constant,0,,,,,,,,,,,,,,,,,,,,,,,,From DOE Reference Buildings ,,,,,,,,,,,,,,,,,,,,,,,,,,,,,,,,,,,,,,,,,,,,,,,,,,,,,,,,,,,,,,,,,,,
LargeHotel Bldg Light,Lighting,,Default,41640,42004,Hourly,0.2,0.15,0.1,0.1,0.1,0.2,0.4,0.5,0.4,0.4,0.25,0.25,0.25,0.25,0.25,0.25,0.25,0.25,0.6,0.8,0.9,0.8,0.6,0.3,From DOE Reference Buildings ,,,,,,,,,,,,,,,,,,,,,,,,,,,,,,,,,,,,,,,,,,,,,,,,,,,,,,,,,,,,,,,,,,,
LargeHotel Bldg Light,Lighting,,Sat,41640,42004,Hourly,0.2,0.2,0.1,0.1,0.1,0.1,0.3,0.3,0.4,0.4,0.3,0.25,0.25,0.25,0.25,0.25,0.25,0.25,0.6,0.7,0.7,0.7,0.6,0.3,From DOE Reference Buildings ,,,,,,,,,,,,,,,,,,,,,,,,,,,,,,,,,,,,,,,,,,,,,,,,,,,,,,,,,,,,,,,,,,,
LargeHotel Bldg Light,Lighting,,SmrDsn,41640,42004,Constant,1,,,,,,,,,,,,,,,,,,,,,,,,From DOE Reference Buildings ,,,,,,,,,,,,,,,,,,,,,,,,,,,,,,,,,,,,,,,,,,,,,,,,,,,,,,,,,,,,,,,,,,,
LargeHotel Bldg Light,Lighting,,Sun,41640,42004,Hourly,0.3,0.3,0.2,0.2,0.2,0.2,0.3,0.4,0.4,0.3,0.3,0.3,0.3,0.2,0.2,0.2,0.2,0.2,0.5,0.7,0.8,0.6,0.5,0.3,From DOE Reference Buildings ,,,,,,,,,,,,,,,,,,,,,,,,,,,,,,,,,,,,,,,,,,,,,,,,,,,,,,,,,,,,,,,,,,,
LargeHotel Bldg Light,Lighting,,WntrDsn,41640,42004,Constant,0,,,,,,,,,,,,,,,,,,,,,,,,From DOE Reference Buildings ,,,,,,,,,,,,,,,,,,,,,,,,,,,,,,,,,,,,,,,,,,,,,,,,,,,,,,,,,,,,,,,,,,,
LargeHotel Bldg Occ,Occupancy,,Default,41640,42004,Hourly,0.9,0.9,0.9,0.9,0.9,0.9,0.7,0.4,0.4,0.2,0.2,0.2,0.2,0.2,0.2,0.3,0.5,0.5,0.5,0.7,0.7,0.8,0.9,0.9,From DOE Reference Buildings ,,,,,,,,,,,,,,,,,,,,,,,,,,,,,,,,,,,,,,,,,,,,,,,,,,,,,,,,,,,,,,,,,,,
LargeHotel Bldg Occ,Occupancy,,Sat,41640,42004,Hourly,0.9,0.9,0.9,0.9,0.9,0.9,0.7,0.5,0.5,0.3,0.3,0.3,0.3,0.3,0.3,0.3,0.3,0.5,0.6,0.6,0.6,0.7,0.7,0.7,From DOE Reference Buildings ,,,,,,,,,,,,,,,,,,,,,,,,,,,,,,,,,,,,,,,,,,,,,,,,,,,,,,,,,,,,,,,,,,,
LargeHotel Bldg Occ,Occupancy,,SmrDsn,41640,42004,Constant,1,,,,,,,,,,,,,,,,,,,,,,,,From DOE Reference Buildings ,,,,,,,,,,,,,,,,,,,,,,,,,,,,,,,,,,,,,,,,,,,,,,,,,,,,,,,,,,,,,,,,,,,
LargeHotel Bldg Occ,Occupancy,,Sun,41640,42004,Hourly,0.7,0.7,0.7,0.7,0.7,0.7,0.7,0.7,0.5,0.5,0.5,0.3,0.3,0.2,0.2,0.2,0.3,0.4,0.4,0.6,0.6,0.8,0.8,0.8,From DOE Reference Buildings ,,,,,,,,,,,,,,,,,,,,,,,,,,,,,,,,,,,,,,,,,,,,,,,,,,,,,,,,,,,,,,,,,,,
LargeHotel Bldg Occ,Occupancy,,WntrDsn,41640,42004,Constant,0,,,,,,,,,,,,,,,,,,,,,,,,From DOE Reference Buildings ,,,,,,,,,,,,,,,,,,,,,,,,,,,,,,,,,,,,,,,,,,,,,,,,,,,,,,,,,,,,,,,,,,,
LargeHotel ClgSetp,Thermostat Setpoint,C,Default|WntrDsn|SmrDsn,41640,42004,Hourly,30,30,30,30,30,30,30,24,24,24,24,24,24,24,24,24,24,24,24,24,24,24,24,24,From DOE Reference Buildings ,,,,,,,,,,,,,,,,,,,,,,,,,,,,,,,,,,,,,,,,,,,,,,,,,,,,,,,,,,,,,,,,,,,
LargeHotel Clothing,Clothing,,Default|WntrDsn,41640,42004,Constant,1,,,,,,,,,,,,,,,,,,,,,,,,From DOE Reference Buildings ,,,,,,,,,,,,,,,,,,,,,,,,,,,,,,,,,,,,,,,,,,,,,,,,,,,,,,,,,,,,,,,,,,,
LargeHotel Clothing,Clothing,,SmrDsn,41640,42004,Constant,0.5,,,,,,,,,,,,,,,,,,,,,,,,From DOE Reference Buildings ,,,,,,,,,,,,,,,,,,,,,,,,,,,,,,,,,,,,,,,,,,,,,,,,,,,,,,,,,,,,,,,,,,,
LargeHotel Clothing,Clothing,,Wknd|Wkdy,41913,42004,Constant,1,,,,,,,,,,,,,,,,,,,,,,,,From DOE Reference Buildings ,,,,,,,,,,,,,,,,,,,,,,,,,,,,,,,,,,,,,,,,,,,,,,,,,,,,,,,,,,,,,,,,,,,
LargeHotel Clothing,Clothing,,Wknd|Wkdy,41760,41912,Constant,0.5,,,,,,,,,,,,,,,,,,,,,,,,From DOE Reference Buildings ,,,,,,,,,,,,,,,,,,,,,,,,,,,,,,,,,,,,,,,,,,,,,,,,,,,,,,,,,,,,,,,,,,,
LargeHotel Common Occ,Occupancy,,Default|SmrDsn,41640,42004,Constant,1,,,,,,,,,,,,,,,,,,,,,,,,From DOE Reference Buildings ,,,,,,,,,,,,,,,,,,,,,,,,,,,,,,,,,,,,,,,,,,,,,,,,,,,,,,,,,,,,,,,,,,,
LargeHotel Common Occ,Occupancy,,Wkdy,41640,42004,Hourly,0.1,0.1,0.1,0.1,0.1,0.3,0.7,0.7,0.7,0.7,0.2,0.2,0.2,0.2,0.2,0.2,0.4,0.4,0.2,0.2,0.2,0.2,0.1,0.1,From DOE Reference Buildings ,,,,,,,,,,,,,,,,,,,,,,,,,,,,,,,,,,,,,,,,,,,,,,,,,,,,,,,,,,,,,,,,,,,
LargeHotel Common Occ,Occupancy,,Wknd,41640,42004,Hourly,0.1,0.1,0.1,0.1,0.1,0.1,0.3,0.7,0.7,0.7,0.2,0.2,0.2,0.2,0.2,0.2,0.2,0.2,0.2,0.2,0.2,0.2,0.1,0.1,From DOE Reference Buildings ,,,,,,,,,,,,,,,,,,,,,,,,,,,,,,,,,,,,,,,,,,,,,,,,,,,,,,,,,,,,,,,,,,,
LargeHotel Common Occ,Occupancy,,WntrDsn,41640,42004,Constant,0,,,,,,,,,,,,,,,,,,,,,,,,,,,,,,,,,,,,,,,,,,,,,,,,,,,,,,,,,,,,,,,,,,,,,,,,,,,,,,,,,,,,,,,,,,,
LargeHotel Corridor ClgSetp,Thermostat Setpoint,C,Default|WntrDsn|SmrDsn,41640,42004,Constant,30,,,,,,,,,,,,,,,,,,,,,,,,From DOE Reference Buildings ,,,,,,,,,,,,,,,,,,,,,,,,,,,,,,,,,,,,,,,,,,,,,,,,,,,,,,,,,,,,,,,,,,,
LargeHotel Corridor HtgSetp,Thermostat Setpoint,C,Default|WntrDsn|SmrDsn,41640,42004,Constant,16,,,,,,,,,,,,,,,,,,,,,,,,From DOE Reference Buildings ,,,,,,,,,,,,,,,,,,,,,,,,,,,,,,,,,,,,,,,,,,,,,,,,,,,,,,,,,,,,,,,,,,,
LargeHotel GuestRoom ClgSetp,Thermostat Setpoint,C,Default|WntrDsn|SmrDsn,41640,42004,Constant,24,,,,,,,,,,,,,,,,,,,,,,,,From DOE Reference Buildings ,,,,,,,,,,,,,,,,,,,,,,,,,,,,,,,,,,,,,,,,,,,,,,,,,,,,,,,,,,,,,,,,,,,
LargeHotel GuestRoom Equip,Equipment,,Default,41640,42004,Hourly,0.2,0.2,0.2,0.2,0.2,0.2,0.62,0.9,0.43,0.43,0.26,0.26,0.26,0.26,0.26,0.26,0.26,0.51,0.51,0.49,0.66,0.7,0.35,0.2,From DOE Reference Buildings ,,,,,,,,,,,,,,,,,,,,,,,,,,,,,,,,,,,,,,,,,,,,,,,,,,,,,,,,,,,,,,,,,,,
LargeHotel GuestRoom Equip,Equipment,,SmrDsn,41640,42004,Constant,1,,,,,,,,,,,,,,,,,,,,,,,,From DOE Reference Buildings ,,,,,,,,,,,,,,,,,,,,,,,,,,,,,,,,,,,,,,,,,,,,,,,,,,,,,,,,,,,,,,,,,,,
LargeHotel GuestRoom Equip,Equipment,,Wknd,41640,42004,Hourly,0.2,0.2,0.2,0.2,0.2,0.2,0.3,0.62,0.9,0.62,0.29,0.29,0.29,0.29,0.29,0.29,0.29,0.43,0.51,0.49,0.66,0.7,0.35,0.2,From DOE Reference Buildings ,,,,,,,,,,,,,,,,,,,,,,,,,,,,,,,,,,,,,,,,,,,,,,,,,,,,,,,,,,,,,,,,,,,
LargeHotel GuestRoom Equip,Equipment,,WntrDsn,41640,42004,Constant,0,,,,,,,,,,,,,,,,,,,,,,,,From DOE Reference Buildings ,,,,,,,,,,,,,,,,,,,,,,,,,,,,,,,,,,,,,,,,,,,,,,,,,,,,,,,,,,,,,,,,,,,
LargeHotel GuestRoom HtgSetp,Thermostat Setpoint,C,Default|WntrDsn|SmrDsn,41640,42004,Constant,21,,,,,,,,,,,,,,,,,,,,,,,,From DOE Reference Buildings ,,,,,,,,,,,,,,,,,,,,,,,,,,,,,,,,,,,,,,,,,,,,,,,,,,,,,,,,,,,,,,,,,,,
LargeHotel GuestRoom Occ,Occupancy,,Default|Wkdy,41640,42004,Hourly,0.65,0.65,0.65,0.65,0.65,0.65,0.5,0.28,0.28,0.13,0.13,0.13,0.13,0.13,0.13,0.2,0.35,0.35,0.35,0.5,0.5,0.58,0.65,0.65,From DOE Reference Buildings ,,,,,,,,,,,,,,,,,,,,,,,,,,,,,,,,,,,,,,,,,,,,,,,,,,,,,,,,,,,,,,,,,,,
LargeHotel GuestRoom Occ,Occupancy,,SmrDsn,41640,42004,Constant,1,,,,,,,,,,,,,,,,,,,,,,,,From DOE Reference Buildings ,,,,,,,,,,,,,,,,,,,,,,,,,,,,,,,,,,,,,,,,,,,,,,,,,,,,,,,,,,,,,,,,,,,
LargeHotel GuestRoom Occ,Occupancy,,Wknd,41640,42004,Hourly,0.65,0.65,0.65,0.65,0.65,0.65,0.5,0.34,0.34,0.2,0.2,0.2,0.2,0.2,0.2,0.2,0.2,0.34,0.35,0.65,0.65,0.5,0.5,0.5,From DOE Reference Buildings ,,,,,,,,,,,,,,,,,,,,,,,,,,,,,,,,,,,,,,,,,,,,,,,,,,,,,,,,,,,,,,,,,,,
LargeHotel GuestRoom Occ,Occupancy,,WntrDsn,41640,42004,Constant,0,,,,,,,,,,,,,,,,,,,,,,,,From DOE Reference Buildings ,,,,,,,,,,,,,,,,,,,,,,,,,,,,,,,,,,,,,,,,,,,,,,,,,,,,,,,,,,,,,,,,,,,
LargeHotel GuestRoom_Ltg_Sch_Base,Lighting,,Default|SmrDsn,41640,42004,Constant,1,,,,,,,,,,,,,,,,,,,,,,,,From DOE Reference Buildings ,,,,,,,,,,,,,,,,,,,,,,,,,,,,,,,,,,,,,,,,,,,,,,,,,,,,,,,,,,,,,,,,,,,
LargeHotel GuestRoom_Ltg_Sch_Base,Lighting,,Wkdy,41640,42004,Hourly,0.22,0.17,0.11,0.11,0.11,0.22,0.44,0.56,0.44,0.44,0.28,0.28,0.28,0.28,0.28,0.28,0.28,0.28,0.67,0.89,1,0.89,0.67,0.33,From DOE Reference Buildings ,,,,,,,,,,,,,,,,,,,,,,,,,,,,,,,,,,,,,,,,,,,,,,,,,,,,,,,,,,,,,,,,,,,
LargeHotel GuestRoom_Ltg_Sch_Base,Lighting,,Wknd,41640,42004,Hourly,0.26,0.26,0.11,0.11,0.11,0.11,0.41,0.41,0.56,0.56,0.41,0.33,0.33,0.33,0.33,0.33,0.33,0.33,0.85,1,1,1,0.85,0.41,From DOE Reference Buildings ,,,,,,,,,,,,,,,,,,,,,,,,,,,,,,,,,,,,,,,,,,,,,,,,,,,,,,,,,,,,,,,,,,,
LargeHotel GuestRoom_Ltg_Sch_Base,Lighting,,WntrDsn,41640,42004,Constant,0,,,,,,,,,,,,,,,,,,,,,,,,From DOE Reference Buildings ,,,,,,,,,,,,,,,,,,,,,,,,,,,,,,,,,,,,,,,,,,,,,,,,,,,,,,,,,,,,,,,,,,,
LargeHotel HtgSetp,Thermostat Setpoint,C,Default|WntrDsn|SmrDsn,41640,42004,Hourly,16,16,16,16,16,16,16,21,21,21,21,21,21,21,21,21,21,21,21,21,21,21,21,21,From DOE Reference Buildings ,,,,,,,,,,,,,,,,,,,,,,,,,,,,,,,,,,,,,,,,,,,,,,,,,,,,,,,,,,,,,,,,,,,
LargeHotel Infil Quarter On,Infiltration,,Default|WntrDsn|SmrDsn,41640,42004,Constant,0.25,,,,,,,,,,,,,,,,,,,,,,,,From DOE Reference Buildings ,,,,,,,,,,,,,,,,,,,,,,,,,,,,,,,,,,,,,,,,,,,,,,,,,,,,,,,,,,,,,,,,,,,
LargeHotel Kitchen ClgSetp,Thermostat Setpoint,C,Default|WntrDsn|SmrDsn,41640,42004,Hourly,30,30,30,30,30,30,30,26,26,26,26,26,26,26,26,26,26,26,26,26,26,26,26,26,From DOE Reference Buildings ,,,,,,,,,,,,,,,,,,,,,,,,,,,,,,,,,,,,,,,,,,,,,,,,,,,,,,,,,,,,,,,,,,,
LargeHotel Kitchen Equip,Equipment,,Default|Sun|Wkdy,41640,42004,Hourly,0.1,0.1,0.1,0.1,0.1,0.1,0.25,0.35,0.35,0.25,0.35,0.35,0.35,0.25,0.25,0.25,0.35,0.35,0.35,0.25,0.25,0.25,0.25,0.25,From DOE Reference Buildings ,,,,,,,,,,,,,,,,,,,,,,,,,,,,,,,,,,,,,,,,,,,,,,,,,,,,,,,,,,,,,,,,,,,
LargeHotel Kitchen Equip,Equipment,,SmrDsn,41640,42004,Constant,0.35,,,,,,,,,,,,,,,,,,,,,,,,From DOE Reference Buildings ,,,,,,,,,,,,,,,,,,,,,,,,,,,,,,,,,,,,,,,,,,,,,,,,,,,,,,,,,,,,,,,,,,,
LargeHotel Kitchen Equip,Equipment,,WntrDsn,41640,42004,Constant,0,,,,,,,,,,,,,,,,,,,,,,,,From DOE Reference Buildings ,,,,,,,,,,,,,,,,,,,,,,,,,,,,,,,,,,,,,,,,,,,,,,,,,,,,,,,,,,,,,,,,,,,
LargeHotel Kitchen Exhaust,Equipment,,Default|WntrDsn|SmrDsn,41640,42004,Hourly,0,0,0,0,0,0,0,1,1,1,1,1,1,1,1,1,1,1,1,1,1,1,1,1,From DOE Reference Buildings ,,,,,,,,,,,,,,,,,,,,,,,,,,,,,,,,,,,,,,,,,,,,,,,,,,,,,,,,,,,,,,,,,,,
LargeHotel Kitchen Gas,Equipment,,Default|Sun,41640,42004,Hourly,0.02,0.02,0.02,0.02,0.02,0.05,0.1,0.15,0.2,0.15,0.25,0.25,0.25,0.2,0.15,0.2,0.3,0.3,0.3,0.2,0.2,0.15,0.1,0.05,From DOE Reference Buildings ,,,,,,,,,,,,,,,,,,,,,,,,,,,,,,,,,,,,,,,,,,,,,,,,,,,,,,,,,,,,,,,,,,,
LargeHotel Kitchen Gas,Equipment,,SmrDsn,41640,42004,Constant,0.25,,,,,,,,,,,,,,,,,,,,,,,,From DOE Reference Buildings ,,,,,,,,,,,,,,,,,,,,,,,,,,,,,,,,,,,,,,,,,,,,,,,,,,,,,,,,,,,,,,,,,,,
LargeHotel Kitchen Gas,Equipment,,WntrDsn,41640,42004,Constant,0,,,,,,,,,,,,,,,,,,,,,,,,From DOE Reference Buildings ,,,,,,,,,,,,,,,,,,,,,,,,,,,,,,,,,,,,,,,,,,,,,,,,,,,,,,,,,,,,,,,,,,,
LargeHotel Kitchen HtgSetp,Thermostat Setpoint,C,Default|WntrDsn|SmrDsn,41640,42004,Hourly,16,16,16,16,16,16,16,19,19,19,19,19,19,19,19,19,19,19,19,19,19,19,19,19,From DOE Reference Buildings ,,,,,,,,,,,,,,,,,,,,,,,,,,,,,,,,,,,,,,,,,,,,,,,,,,,,,,,,,,,,,,,,,,,
LargeHotel Kitchen_Elec_Equip_SCH,Equipment,,Default|Wkdy|Sat,41640,42004,Hourly,0.1,0.1,0.1,0.1,0.1,0.1,0.25,0.35,0.35,0.25,0.35,0.35,0.35,0.25,0.25,0.25,0.35,0.35,0.35,0.25,0.25,0.25,0.25,0.25,From DOE Reference Buildings ,,,,,,,,,,,,,,,,,,,,,,,,,,,,,,,,,,,,,,,,,,,,,,,,,,,,,,,,,,,,,,,,,,,
LargeHotel Kitchen_Elec_Equip_SCH,Equipment,,SmrDsn,41640,42004,Constant,0.35,,,,,,,,,,,,,,,,,,,,,,,,From DOE Reference Buildings ,,,,,,,,,,,,,,,,,,,,,,,,,,,,,,,,,,,,,,,,,,,,,,,,,,,,,,,,,,,,,,,,,,,
LargeHotel Kitchen_Elec_Equip_SCH,Equipment,,WntrDsn,41640,42004,Constant,0,,,,,,,,,,,,,,,,,,,,,,,,From DOE Reference Buildings ,,,,,,,,,,,,,,,,,,,,,,,,,,,,,,,,,,,,,,,,,,,,,,,,,,,,,,,,,,,,,,,,,,,
LargeHotel LaundryRoom Equip,Equipment,,Default,41640,42004,Hourly,0,0,0,0,0,0,0,0,1,1,1,1,1,1,1,1,0,0,0,0,0,0,0,0,From DOE Reference Buildings ,,,,,,,,,,,,,,,,,,,,,,,,,,,,,,,,,,,,,,,,,,,,,,,,,,,,,,,,,,,,,,,,,,,
LargeHotel LaundryRoom Equip,Equipment,,SmrDsn,41640,42004,Constant,1,,,,,,,,,,,,,,,,,,,,,,,,From DOE Reference Buildings ,,,,,,,,,,,,,,,,,,,,,,,,,,,,,,,,,,,,,,,,,,,,,,,,,,,,,,,,,,,,,,,,,,,
LargeHotel LaundryRoom Equip,Equipment,,WntrDsn,41640,42004,Constant,0,,,,,,,,,,,,,,,,,,,,,,,,From DOE Reference Buildings ,,,,,,,,,,,,,,,,,,,,,,,,,,,,,,,,,,,,,,,,,,,,,,,,,,,,,,,,,,,,,,,,,,,
LargeHotel LaundryRoom Gas,Equipment,,Default,41640,42004,Hourly,0,0,0,0,0,0,0,0,0,1,1,1,1,1,1,1,1,0,0,0,0,0,0,0,From DOE Reference Buildings ,,,,,,,,,,,,,,,,,,,,,,,,,,,,,,,,,,,,,,,,,,,,,,,,,,,,,,,,,,,,,,,,,,,
LargeHotel LaundryRoom Gas,Equipment,,SmrDsn,41640,42004,Constant,1,,,,,,,,,,,,,,,,,,,,,,,,From DOE Reference Buildings ,,,,,,,,,,,,,,,,,,,,,,,,,,,,,,,,,,,,,,,,,,,,,,,,,,,,,,,,,,,,,,,,,,,
LargeHotel LaundryRoom Gas,Equipment,,WntrDsn,41640,42004,Constant,0,,,,,,,,,,,,,,,,,,,,,,,,From DOE Reference Buildings ,,,,,,,,,,,,,,,,,,,,,,,,,,,,,,,,,,,,,,,,,,,,,,,,,,,,,,,,,,,,,,,,,,,
LargeHotel Lobby Occ,Occupancy,,Default,41640,42004,Hourly,0.1,0.1,0.1,0.1,0.1,0.3,0.7,0.7,0.7,0.7,0.2,0.2,0.2,0.2,0.2,0.2,0.4,0.4,0.2,0.2,0.2,0.2,0.1,0.1,From DOE Reference Buildings ,,,,,,,,,,,,,,,,,,,,,,,,,,,,,,,,,,,,,,,,,,,,,,,,,,,,,,,,,,,,,,,,,,,
LargeHotel Lobby Occ,Occupancy,,SmrDsn,41640,42004,Constant,1,,,,,,,,,,,,,,,,,,,,,,,,From DOE Reference Buildings ,,,,,,,,,,,,,,,,,,,,,,,,,,,,,,,,,,,,,,,,,,,,,,,,,,,,,,,,,,,,,,,,,,,
LargeHotel Lobby Occ,Occupancy,,Wknd,41640,42004,Hourly,0.1,0.1,0.1,0.1,0.1,0.1,0.3,0.7,0.7,0.7,0.2,0.2,0.2,0.2,0.2,0.2,0.2,0.2,0.2,0.2,0.2,0.2,0.1,0.1,From DOE Reference Buildings ,,,,,,,,,,,,,,,,,,,,,,,,,,,,,,,,,,,,,,,,,,,,,,,,,,,,,,,,,,,,,,,,,,,
LargeHotel Lobby Occ,Occupancy,,WntrDsn,41640,42004,Constant,0,,,,,,,,,,,,,,,,,,,,,,,,From DOE Reference Buildings ,,,,,,,,,,,,,,,,,,,,,,,,,,,,,,,,,,,,,,,,,,,,,,,,,,,,,,,,,,,,,,,,,,,
LargeHotel Work Eff,Unknown,,Default|WntrDsn|SmrDsn,41640,42004,Constant,0,,,,,,,,,,,,,,,,,,,,,,,,From DOE Reference Buildings ,,,,,,,,,,,,,,,,,,,,,,,,,,,,,,,,,,,,,,,,,,,,,,,,,,,,,,,,,,,,,,,,,,,
Medium Office BLDG ELEVATORS,Elevator,,Sun,41640,42004,Constant,0,,,,,,,,,,,,,,,,,,,,,,,,From DOE Reference Buildings ,,,,,,,,,,,,,,,,,,,,,,,,,,,,,,,,,,,,,,,,,,,,,,,,,,,,,,,,,,,,,,,,,,,
Medium Office BLDG ELEVATORS,Elevator,,Wkdy|SmrDsn,41640,42004,Hourly,0,0,0,0,0,0,0,0.35,0.69,0.43,0.37,0.43,0.58,0.48,0.37,0.37,0.46,0.62,0.12,0.04,0.04,0,0,0,From DOE Reference Buildings ,,,,,,,,,,,,,,,,,,,,,,,,,,,,,,,,,,,,,,,,,,,,,,,,,,,,,,,,,,,,,,,,,,,
Medium Office BLDG ELEVATORS,Elevator,,WntrDsn|Sat,41640,42004,Hourly,0,0,0,0,0,0,0,0.16,0.14,0.21,0.18,0.25,0.21,0.13,0.08,0.04,0.05,0.06,0,0,0,0,0,0,From DOE Reference Buildings ,,,,,,,,,,,,,,,,,,,,,,,,,,,,,,,,,,,,,,,,,,,,,,,,,,,,,,,,,,,,,,,,,,,
Medium Office Bldg Equip,Equipment,,Default|Wkdy,41640,42004,Hourly,0.4,0.4,0.4,0.4,0.4,0.4,0.4,0.4,0.9,0.9,0.9,0.9,0.8,0.9,0.9,0.9,0.9,0.8,0.6,0.6,0.5,0.5,0.4,0.4,From DOE Reference Buildings ,,,,,,,,,,,,,,,,,,,,,,,,,,,,,,,,,,,,,,,,,,,,,,,,,,,,,,,,,,,,,,,,,,,
Medium Office Bldg Equip,Equipment,,Sat,41640,42004,Hourly,0.3,0.3,0.3,0.3,0.3,0.3,0.4,0.4,0.5,0.5,0.5,0.5,0.5,0.5,0.35,0.35,0.35,0.3,0.3,0.3,0.3,0.3,0.3,0.3,From DOE Reference Buildings ,,,,,,,,,,,,,,,,,,,,,,,,,,,,,,,,,,,,,,,,,,,,,,,,,,,,,,,,,,,,,,,,,,,
Medium Office Bldg Equip,Equipment,,SmrDsn,41640,42004,Constant,1,,,,,,,,,,,,,,,,,,,,,,,,From DOE Reference Buildings ,,,,,,,,,,,,,,,,,,,,,,,,,,,,,,,,,,,,,,,,,,,,,,,,,,,,,,,,,,,,,,,,,,,
Medium Office Bldg Equip,Equipment,,Sun,41640,42004,Constant,0.3,,,,,,,,,,,,,,,,,,,,,,,,From DOE Reference Buildings ,,,,,,,,,,,,,,,,,,,,,,,,,,,,,,,,,,,,,,,,,,,,,,,,,,,,,,,,,,,,,,,,,,,
Medium Office Bldg Equip,Equipment,,WntrDsn,41640,42004,Constant,0,,,,,,,,,,,,,,,,,,,,,,,,From DOE Reference Buildings ,,,,,,,,,,,,,,,,,,,,,,,,,,,,,,,,,,,,,,,,,,,,,,,,,,,,,,,,,,,,,,,,,,,
Medium Office Bldg Light,Lighting,,Default|Wkdy,41640,42004,Hourly,0.05,0.05,0.05,0.05,0.05,0.1,0.1,0.3,0.9,0.9,0.9,0.9,0.9,0.9,0.9,0.9,0.9,0.7,0.5,0.5,0.3,0.3,0.1,0.05,From DOE Reference Buildings ,,,,,,,,,,,,,,,,,,,,,,,,,,,,,,,,,,,,,,,,,,,,,,,,,,,,,,,,,,,,,,,,,,,
Medium Office Bldg Light,Lighting,,Sat,41640,42004,Hourly,0.05,0.05,0.05,0.05,0.05,0.05,0.1,0.1,0.5,0.5,0.5,0.5,0.5,0.5,0.15,0.15,0.15,0.05,0.05,0.05,0.05,0.05,0.05,0.05,From DOE Reference Buildings ,,,,,,,,,,,,,,,,,,,,,,,,,,,,,,,,,,,,,,,,,,,,,,,,,,,,,,,,,,,,,,,,,,,
Medium Office Bldg Light,Lighting,,SmrDsn,41640,42004,Constant,1,,,,,,,,,,,,,,,,,,,,,,,,From DOE Reference Buildings ,,,,,,,,,,,,,,,,,,,,,,,,,,,,,,,,,,,,,,,,,,,,,,,,,,,,,,,,,,,,,,,,,,,
Medium Office Bldg Light,Lighting,,Sun,41640,42004,Constant,0.05,,,,,,,,,,,,,,,,,,,,,,,,From DOE Reference Buildings ,,,,,,,,,,,,,,,,,,,,,,,,,,,,,,,,,,,,,,,,,,,,,,,,,,,,,,,,,,,,,,,,,,,
Medium Office Bldg Light,Lighting,,WntrDsn,41640,42004,Constant,0,,,,,,,,,,,,,,,,,,,,,,,,From DOE Reference Buildings ,,,,,,,,,,,,,,,,,,,,,,,,,,,,,,,,,,,,,,,,,,,,,,,,,,,,,,,,,,,,,,,,,,,
Medium Office Bldg Occ,Occupancy,,Default|Wkdy,41640,42004,Hourly,0,0,0,0,0,0,0.1,0.2,0.95,0.95,0.95,0.95,0.5,0.95,0.95,0.95,0.95,0.7,0.4,0.4,0.1,0.1,0.05,0.05,From DOE Reference Buildings ,,,,,,,,,,,,,,,,,,,,,,,,,,,,,,,,,,,,,,,,,,,,,,,,,,,,,,,,,,,,,,,,,,,
Medium Office Bldg Occ,Occupancy,,Sat,41640,42004,Hourly,0,0,0,0,0,0,0.1,0.1,0.5,0.5,0.5,0.5,0.5,0.5,0.1,0.1,0.1,0,0,0,0,0,0,0,From DOE Reference Buildings ,,,,,,,,,,,,,,,,,,,,,,,,,,,,,,,,,,,,,,,,,,,,,,,,,,,,,,,,,,,,,,,,,,,
Medium Office Bldg Occ,Occupancy,,SmrDsn,41640,42004,Hourly,0,0,0,0,0,0,1,1,1,1,1,1,1,1,1,1,1,1,1,1,1,1,0.05,0.05,From DOE Reference Buildings ,,,,,,,,,,,,,,,,,,,,,,,,,,,,,,,,,,,,,,,,,,,,,,,,,,,,,,,,,,,,,,,,,,,
Medium Office Bldg Occ,Occupancy,,WntrDsn|Sun,41640,42004,Constant,0,,,,,,,,,,,,,,,,,,,,,,,,From DOE Reference Buildings ,,,,,,,,,,,,,,,,,,,,,,,,,,,,,,,,,,,,,,,,,,,,,,,,,,,,,,,,,,,,,,,,,,,
Medium Office Bldg Swh,Service Water Heating,,Default|SmrDsn,41640,42004,Hourly,0.05,0.05,0.05,0.05,0.05,0.08,0.07,0.19,0.35,0.38,0.39,0.47,0.57,0.54,0.34,0.33,0.44,0.26,0.21,0.15,0.17,0.08,0.05,0.05,From DOE Reference Buildings ,,,,,,,,,,,,,,,,,,,,,,,,,,,,,,,,,,,,,,,,,,,,,,,,,,,,,,,,,,,,,,,,,,,
Medium Office Bldg Swh,Service Water Heating,,Sun,41640,42004,Hourly,0.04,0.04,0.04,0.04,0.04,0.07,0.04,0.04,0.04,0.04,0.04,0.06,0.06,0.09,0.06,0.04,0.04,0.04,0.04,0.04,0.04,0.07,0.04,0.04,From DOE Reference Buildings ,,,,,,,,,,,,,,,,,,,,,,,,,,,,,,,,,,,,,,,,,,,,,,,,,,,,,,,,,,,,,,,,,,,
Medium Office Bldg Swh,Service Water Heating,,WntrDsn|Sat,41640,42004,Hourly,0.05,0.05,0.05,0.05,0.05,0.08,0.07,0.11,0.15,0.21,0.19,0.23,0.2,0.19,0.15,0.13,0.14,0.07,0.07,0.07,0.07,0.09,0.05,0.05,From DOE Reference Buildings ,,,,,,,,,,,,,,,,,,,,,,,,,,,,,,,,,,,,,,,,,,,,,,,,,,,,,,,,,,,,,,,,,,,
Medium Office ClgSetp,Thermostat Setpoint,C,Default|SmrDsn,41640,42004,Hourly,26.7,26.7,26.7,26.7,26.7,26.7,24,24,24,24,24,24,24,24,24,24,24,24,24,24,24,24,26.7,26.7,From DOE Reference Buildings ,,,,,,,,,,,,,,,,,,,,,,,,,,,,,,,,,,,,,,,,,,,,,,,,,,,,,,,,,,,,,,,,,,,
Medium Office ClgSetp,Thermostat Setpoint,C,Sat,41640,42004,Hourly,26.7,26.7,26.7,26.7,26.7,26.7,24,24,24,24,24,24,24,24,24,24,24,24,26.7,26.7,26.7,26.7,26.7,26.7,From DOE Reference Buildings ,,,,,,,,,,,,,,,,,,,,,,,,,,,,,,,,,,,,,,,,,,,,,,,,,,,,,,,,,,,,,,,,,,,
Medium Office ClgSetp,Thermostat Setpoint,C,WntrDsn|Sun,41640,42004,Constant,26.7,,,,,,,,,,,,,,,,,,,,,,,,From DOE Reference Buildings ,,,,,,,,,,,,,,,,,,,,,,,,,,,,,,,,,,,,,,,,,,,,,,,,,,,,,,,,,,,,,,,,,,,
Medium Office Clothing,Clothing,,Default|WntrDsn,41640,42004,Constant,1,,,,,,,,,,,,,,,,,,,,,,,,From DOE Reference Buildings ,,,,,,,,,,,,,,,,,,,,,,,,,,,,,,,,,,,,,,,,,,,,,,,,,,,,,,,,,,,,,,,,,,,
Medium Office Clothing,Clothing,,SmrDsn,41640,42004,Constant,0.5,,,,,,,,,,,,,,,,,,,,,,,,From DOE Reference Buildings ,,,,,,,,,,,,,,,,,,,,,,,,,,,,,,,,,,,,,,,,,,,,,,,,,,,,,,,,,,,,,,,,,,,
Medium Office Clothing,Clothing,,Wknd|Wkdy,41913,42004,Constant,1,,,,,,,,,,,,,,,,,,,,,,,,From DOE Reference Buildings ,,,,,,,,,,,,,,,,,,,,,,,,,,,,,,,,,,,,,,,,,,,,,,,,,,,,,,,,,,,,,,,,,,,
Medium Office Clothing,Clothing,,Wknd|Wkdy,41760,41912,Constant,0.5,,,,,,,,,,,,,,,,,,,,,,,,From DOE Reference Buildings ,,,,,,,,,,,,,,,,,,,,,,,,,,,,,,,,,,,,,,,,,,,,,,,,,,,,,,,,,,,,,,,,,,,
Medium Office HtgSetp,Thermostat Setpoint,C,Default,41640,42004,Hourly,15.6,15.6,15.6,15.6,15.6,15.6,21,21,21,21,21,21,21,21,21,21,21,21,21,21,21,21,15.6,15.6,From DOE Reference Buildings ,,,,,,,,,,,,,,,,,,,,,,,,,,,,,,,,,,,,,,,,,,,,,,,,,,,,,,,,,,,,,,,,,,,
Medium Office HtgSetp,Thermostat Setpoint,C,Sat,41640,42004,Hourly,15.6,15.6,15.6,15.6,15.6,15.6,21,21,21,21,21,21,21,21,21,21,21,21,15.6,15.6,15.6,15.6,15.6,15.6,From DOE Reference Buildings ,,,,,,,,,,,,,,,,,,,,,,,,,,,,,,,,,,,,,,,,,,,,,,,,,,,,,,,,,,,,,,,,,,,
Medium Office HtgSetp,Thermostat Setpoint,C,SmrDsn|Sun,41640,42004,Constant,15.6,,,,,,,,,,,,,,,,,,,,,,,,From DOE Reference Buildings ,,,,,,,,,,,,,,,,,,,,,,,,,,,,,,,,,,,,,,,,,,,,,,,,,,,,,,,,,,,,,,,,,,,
Medium Office HtgSetp,Thermostat Setpoint,C,WntrDsn,41640,42004,Constant,21,,,,,,,,,,,,,,,,,,,,,,,,From DOE Reference Buildings ,,,,,,,,,,,,,,,,,,,,,,,,,,,,,,,,,,,,,,,,,,,,,,,,,,,,,,,,,,,,,,,,,,,
Medium Office Infil Quarter On,Infiltration,,Default|SmrDsn,41640,42004,Hourly,1,1,1,1,1,1,0.25,0.25,0.25,0.25,0.25,0.25,0.25,0.25,0.25,0.25,0.25,0.25,0.25,0.25,0.25,0.25,1,1,From DOE Reference Buildings ,,,,,,,,,,,,,,,,,,,,,,,,,,,,,,,,,,,,,,,,,,,,,,,,,,,,,,,,,,,,,,,,,,,
Medium Office Infil Quarter On,Infiltration,,Sun,41640,42004,Constant,1,,,,,,,,,,,,,,,,,,,,,,,,From DOE Reference Buildings ,,,,,,,,,,,,,,,,,,,,,,,,,,,,,,,,,,,,,,,,,,,,,,,,,,,,,,,,,,,,,,,,,,,
Medium Office Infil Quarter On,Infiltration,,WntrDsn|Sat,41640,42004,Hourly,1,1,1,1,1,1,0.25,0.25,0.25,0.25,0.25,0.25,0.25,0.25,0.25,0.25,0.25,0.25,1,1,1,1,1,1,From DOE Reference Buildings ,,,,,,,,,,,,,,,,,,,,,,,,,,,,,,,,,,,,,,,,,,,,,,,,,,,,,,,,,,,,,,,,,,,
Medium Office Work Eff,Unknown,,Default|WntrDsn|SmrDsn,41640,42004,Constant,0,,,,,,,,,,,,,,,,,,,,,,,,From DOE Reference Buildings ,,,,,,,,,,,,,,,,,,,,,,,,,,,,,,,,,,,,,,,,,,,,,,,,,,,,,,,,,,,,,,,,,,,
MidriseApartment Apartment ClgSetp,Thermostat Setpoint,C,Default|WntrDsn|SmrDsn,41640,42004,Constant,23.89999962,,,,,,,,,,,,,,,,,,,,,,,,From DOE Reference Buildings ,,,,,,,,,,,,,,,,,,,,,,,,,,,,,,,,,,,,,,,,,,,,,,,,,,,,,,,,,,,,,,,,,,,
MidriseApartment Apartment DHW,Unknown,,Default|WntrDsn|SmrDsn,41640,42004,Hourly,0.08,0.04,0.01,0.01,0.04,0.27,0.94,1,0.96,0.84,0.76,0.61,0.53,0.47,0.41,0.47,0.55,0.73,0.86,0.82,0.75,0.61,0.53,0.29,From DOE Reference Buildings ,,,,,,,,,,,,,,,,,,,,,,,,,,,,,,,,,,,,,,,,,,,,,,,,,,,,,,,,,,,,,,,,,,,
MidriseApartment Apartment Equip,Equipment,,Default|WntrDsn|SmrDsn,41640,42004,Hourly,0.45,0.41,0.39,0.38,0.38,0.43,0.54,0.65,0.66,0.67,0.69,0.7,0.69,0.66,0.65,0.68,0.8,1,1,0.93,0.89,0.85,0.71,0.58,From DOE Reference Buildings ,,,,,,,,,,,,,,,,,,,,,,,,,,,,,,,,,,,,,,,,,,,,,,,,,,,,,,,,,,,,,,,,,,,
MidriseApartment Apartment HtgSetp,Thermostat Setpoint,C,Default|WntrDsn|SmrDsn,41640,42004,Constant,21.10000038,,,,,,,,,,,,,,,,,,,,,,,,From DOE Reference Buildings ,,,,,,,,,,,,,,,,,,,,,,,,,,,,,,,,,,,,,,,,,,,,,,,,,,,,,,,,,,,,,,,,,,,
MidriseApartment Apartment Light,Lighting,,Default|WntrDsn|SmrDsn,41640,42004,Hourly,0.067,0.067,0.067,0.067,0.187,0.394,0.44,0.393,0.172,0.119,0.119,0.119,0.119,0.119,0.119,0.206,0.439,0.616,0.829,0.986,1,0.692,0.384,0.16,From DOE Reference Buildings ,,,,,,,,,,,,,,,,,,,,,,,,,,,,,,,,,,,,,,,,,,,,,,,,,,,,,,,,,,,,,,,,,,,
MidriseApartment Apartment Occ,Occupancy,,Default|WntrDsn|SmrDsn,41640,42004,Hourly,1,1,1,1,1,1,1,0.85,0.39,0.25,0.25,0.25,0.25,0.25,0.25,0.25,0.3,0.52,0.87,0.87,0.87,1,1,1,From DOE Reference Buildings ,,,,,,,,,,,,,,,,,,,,,,,,,,,,,,,,,,,,,,,,,,,,,,,,,,,,,,,,,,,,,,,,,,,
MidriseApartment Apartment Operation,Operation,,Default|WntrDsn|SmrDsn,41640,42004,Constant,0,,,,,,,,,,,,,,,,,,,,,,,,From DOE Reference Buildings ,,,,,,,,,,,,,,,,,,,,,,,,,,,,,,,,,,,,,,,,,,,,,,,,,,,,,,,,,,,,,,,,,,,
MidriseApartment BLDG ELEVATORS,Elevator,,Default|WntrDsn|SmrDsn,41640,42004,Hourly,0.05,0.05,0.05,0.05,0.1,0.2,0.4,0.5,0.5,0.35,0.15,0.15,0.15,0.15,0.15,0.15,0.35,0.5,0.5,0.4,0.4,0.3,0.2,0.1,From DOE Reference Buildings ,,,,,,,,,,,,,,,,,,,,,,,,,,,,,,,,,,,,,,,,,,,,,,,,,,,,,,,,,,,,,,,,,,,
MidriseApartment Clothing,Clothing,,Default|WntrDsn,41640,42004,Constant,1,,,,,,,,,,,,,,,,,,,,,,,,From DOE Reference Buildings ,,,,,,,,,,,,,,,,,,,,,,,,,,,,,,,,,,,,,,,,,,,,,,,,,,,,,,,,,,,,,,,,,,,
MidriseApartment Clothing,Clothing,,SmrDsn,41640,42004,Constant,0.5,,,,,,,,,,,,,,,,,,,,,,,,From DOE Reference Buildings ,,,,,,,,,,,,,,,,,,,,,,,,,,,,,,,,,,,,,,,,,,,,,,,,,,,,,,,,,,,,,,,,,,,
MidriseApartment Clothing,Clothing,,Wknd|Wkdy,41913,42004,Constant,1,,,,,,,,,,,,,,,,,,,,,,,,From DOE Reference Buildings ,,,,,,,,,,,,,,,,,,,,,,,,,,,,,,,,,,,,,,,,,,,,,,,,,,,,,,,,,,,,,,,,,,,
MidriseApartment Clothing,Clothing,,Wknd|Wkdy,41760,41912,Constant,0.5,,,,,,,,,,,,,,,,,,,,,,,,From DOE Reference Buildings ,,,,,,,,,,,,,,,,,,,,,,,,,,,,,,,,,,,,,,,,,,,,,,,,,,,,,,,,,,,,,,,,,,,
MidriseApartment Corridor ClgSetp,Thermostat Setpoint,C,Default|WntrDsn|SmrDsn,41640,42004,Constant,40,,,,,,,,,,,,,,,,,,,,,,,,From DOE Reference Buildings ,,,,,,,,,,,,,,,,,,,,,,,,,,,,,,,,,,,,,,,,,,,,,,,,,,,,,,,,,,,,,,,,,,,
MidriseApartment Corridor HtgSetp,Thermostat Setpoint,C,Default|WntrDsn|SmrDsn,41640,42004,Constant,15.60000038,,,,,,,,,,,,,,,,,,,,,,,,From DOE Reference Buildings ,,,,,,,,,,,,,,,,,,,,,,,,,,,,,,,,,,,,,,,,,,,,,,,,,,,,,,,,,,,,,,,,,,,
MidriseApartment Corridor Light,Lighting,,Default|WntrDsn|SmrDsn,41640,42004,Constant,1,,,,,,,,,,,,,,,,,,,,,,,,From DOE Reference Buildings ,,,,,,,,,,,,,,,,,,,,,,,,,,,,,,,,,,,,,,,,,,,,,,,,,,,,,,,,,,,,,,,,,,,
MidriseApartment Infil,Infiltration,,Default|WntrDsn|SmrDsn,41640,42004,Constant,1,,,,,,,,,,,,,,,,,,,,,,,,From DOE Reference Buildings ,,,,,,,,,,,,,,,,,,,,,,,,,,,,,,,,,,,,,,,,,,,,,,,,,,,,,,,,,,,,,,,,,,,
MidriseApartment Office ClgSetp,Thermostat Setpoint,C,Default,41640,42004,Hourly,29.39999962,29.39999962,29.39999962,29.39999962,29.39999962,29.39999962,29.39999962,26.69999886,23.89999962,23.89999962,23.89999962,23.89999962,23.89999962,23.89999962,23.89999962,23.89999962,23.89999962,26.69999886,29.39999962,29.39999962,29.39999962,29.39999962,29.39999962,29.39999962,From DOE Reference Buildings ,,,,,,,,,,,,,,,,,,,,,,,,,,,,,,,,,,,,,,,,,,,,,,,,,,,,,,,,,,,,,,,,,,,
MidriseApartment Office ClgSetp,Thermostat Setpoint,C,SmrDsn,41640,42004,Hourly,29.4,29.4,29.4,29.4,29.4,29.4,29.4,26.7,23.9,23.9,23.9,23.9,23.9,23.9,23.9,23.9,23.9,26.7,29.4,29.4,29.4,29.4,29.4,29.4,From DOE Reference Buildings ,,,,,,,,,,,,,,,,,,,,,,,,,,,,,,,,,,,,,,,,,,,,,,,,,,,,,,,,,,,,,,,,,,,
MidriseApartment Office ClgSetp,Thermostat Setpoint,C,WntrDsn,41640,42004,Constant,29.4,,,,,,,,,,,,,,,,,,,,,,,,From DOE Reference Buildings ,,,,,,,,,,,,,,,,,,,,,,,,,,,,,,,,,,,,,,,,,,,,,,,,,,,,,,,,,,,,,,,,,,,
MidriseApartment Office Equip,Equipment,,Default|SmrDsn,41640,42004,Hourly,0.33,0.33,0.33,0.33,0.33,0.33,0.33,0.5,1,1,1,1,0.94,1,1,1,1,0.5,0.33,0.33,0.33,0.33,0.33,0.33,From DOE Reference Buildings ,,,,,,,,,,,,,,,,,,,,,,,,,,,,,,,,,,,,,,,,,,,,,,,,,,,,,,,,,,,,,,,,,,,
MidriseApartment Office Equip,Equipment,,WntrDsn|Wknd,41640,42004,Constant,0.33,,,,,,,,,,,,,,,,,,,,,,,,From DOE Reference Buildings ,,,,,,,,,,,,,,,,,,,,,,,,,,,,,,,,,,,,,,,,,,,,,,,,,,,,,,,,,,,,,,,,,,,
MidriseApartment Office HtgSetp,Thermostat Setpoint,C,Default,41640,42004,Hourly,15.60000134,15.60000134,15.60000134,15.60000134,15.60000134,15.60000134,15.60000134,18.29999924,21.10000038,21.10000038,21.10000038,21.10000038,21.10000038,21.10000038,21.10000038,21.10000038,21.10000038,18.30000114,15.60000038,15.60000038,15.60000038,15.60000038,15.60000038,15.60000038,From DOE Reference Buildings ,,,,,,,,,,,,,,,,,,,,,,,,,,,,,,,,,,,,,,,,,,,,,,,,,,,,,,,,,,,,,,,,,,,
MidriseApartment Office HtgSetp,Thermostat Setpoint,C,SmrDsn,41640,42004,Constant,15.6,,,,,,,,,,,,,,,,,,,,,,,,From DOE Reference Buildings ,,,,,,,,,,,,,,,,,,,,,,,,,,,,,,,,,,,,,,,,,,,,,,,,,,,,,,,,,,,,,,,,,,,
MidriseApartment Office HtgSetp,Thermostat Setpoint,C,WntrDsn,41640,42004,Hourly,15.6,15.6,15.6,15.6,15.6,15.6,15.6,18.3,21.1,21.1,21.1,21.1,21.1,21.1,21.1,21.1,21.1,18.3,15.6,15.6,15.6,15.6,15.6,15.6,From DOE Reference Buildings ,,,,,,,,,,,,,,,,,,,,,,,,,,,,,,,,,,,,,,,,,,,,,,,,,,,,,,,,,,,,,,,,,,,
MidriseApartment OFFICE Infil,Infiltration,,Default,41640,42004,Hourly,1,1,1,1,1,1,1,1,0.25,0.25,0.25,0.25,0.25,0.25,0.25,0.25,0.25,1,1,1,1,1,1,1,From DOE Reference Buildings ,,,,,,,,,,,,,,,,,,,,,,,,,,,,,,,,,,,,,,,,,,,,,,,,,,,,,,,,,,,,,,,,,,,
MidriseApartment OFFICE Infil,Infiltration,,WntrDsn|SmrDsn|Wknd,41640,42004,Constant,1,,,,,,,,,,,,,,,,,,,,,,,,From DOE Reference Buildings ,,,,,,,,,,,,,,,,,,,,,,,,,,,,,,,,,,,,,,,,,,,,,,,,,,,,,,,,,,,,,,,,,,,
MidriseApartment Office Light,Lighting,,Default|SmrDsn,41640,42004,Hourly,0.18,0.18,0.18,0.18,0.18,0.18,0.18,0.18,0.9,0.9,0.9,0.9,0.8,0.9,0.9,0.9,0.9,0.18,0.18,0.18,0.18,0.18,0.18,0.18,From DOE Reference Buildings ,,,,,,,,,,,,,,,,,,,,,,,,,,,,,,,,,,,,,,,,,,,,,,,,,,,,,,,,,,,,,,,,,,,
MidriseApartment Office Light,Lighting,,WntrDsn|Wknd,41640,42004,Constant,0.18,,,,,,,,,,,,,,,,,,,,,,,,From DOE Reference Buildings ,,,,,,,,,,,,,,,,,,,,,,,,,,,,,,,,,,,,,,,,,,,,,,,,,,,,,,,,,,,,,,,,,,,
MidriseApartment Office Occ,Occupancy,,Default|WntrDsn|SmrDsn,41640,42004,Hourly,0,0,0,0,0,0,0,0,1,1,1,1,0.5,1,1,1,1,0,0,0,0,0,0,0,From DOE Reference Buildings ,,,,,,,,,,,,,,,,,,,,,,,,,,,,,,,,,,,,,,,,,,,,,,,,,,,,,,,,,,,,,,,,,,,
MidriseApartment Office Occ,Occupancy,,Wknd,41640,42004,Constant,0,,,,,,,,,,,,,,,,,,,,,,,,From DOE Reference Buildings ,,,,,,,,,,,,,,,,,,,,,,,,,,,,,,,,,,,,,,,,,,,,,,,,,,,,,,,,,,,,,,,,,,,
MidriseApartment Office Operation,Operation,,Default|WntrDsn|SmrDsn,41640,42004,Hourly,0,0,0,0,0,0,0,0,1,1,1,1,1,1,1,1,1,0,0,0,0,0,0,0,From DOE Reference Buildings ,,,,,,,,,,,,,,,,,,,,,,,,,,,,,,,,,,,,,,,,,,,,,,,,,,,,,,,,,,,,,,,,,,,
MidriseApartment Office Operation,Operation,,Wknd,41640,42004,Constant,0,,,,,,,,,,,,,,,,,,,,,,,,From DOE Reference Buildings ,,,,,,,,,,,,,,,,,,,,,,,,,,,,,,,,,,,,,,,,,,,,,,,,,,,,,,,,,,,,,,,,,,,
MidriseApartment UnitHeater ClgSP Sch,Thermostat Setpoint,,Default|WntrDsn|SmrDsn,41640,42004,Constant,0,,,,,,,,,,,,,,,,,,,,,,,,From DOE Reference Buildings ,,,,,,,,,,,,,,,,,,,,,,,,,,,,,,,,,,,,,,,,,,,,,,,,,,,,,,,,,,,,,,,,,,,
MidriseApartment UnitHeater HtgSP Sch,Thermostat Setpoint,,Default|WntrDsn|SmrDsn,41640,42004,Constant,0,,,,,,,,,,,,,,,,,,,,,,,,From DOE Reference Buildings ,,,,,,,,,,,,,,,,,,,,,,,,,,,,,,,,,,,,,,,,,,,,,,,,,,,,,,,,,,,,,,,,,,,
MidriseApartment Work Eff,Unknown,,Default|WntrDsn|SmrDsn,41640,42004,Constant,0,,,,,,,,,,,,,,,,,,,,,,,,From DOE Reference Buildings ,,,,,,,,,,,,,,,,,,,,,,,,,,,,,,,,,,,,,,,,,,,,,,,,,,,,,,,,,,,,,,,,,,,
NECB-A-Electric-Equipment,Equipment,FRACTION,Default|Wkdy,41640,42004,Hourly,0.2,0.2,0.2,0.2,0.2,0.2,0.2,0.3,0.8,0.9,0.9,0.9,0.9,0.9,0.9,0.9,0.9,0.9,0.5,0.3,0.3,0.2,0.2,0.2,,,,,,,,,,,,,,,,,,,,,,,,,,,,,,,,,,,,,,,,,,,,,,,,,,,,,,,,,,,,,,,,,,,,
NECB-A-Electric-Equipment,Equipment,FRACTION,Sat,41640,42004,Hourly,0.2,0.2,0.2,0.2,0.2,0.2,0.2,0.2,0.2,0.2,0.2,0.2,0.2,0.2,0.2,0.2,0.2,0.2,0.2,0.2,0.2,0.2,0.2,0.2,,,,,,,,,,,,,,,,,,,,,,,,,,,,,,,,,,,,,,,,,,,,,,,,,,,,,,,,,,,,,,,,,,,,
NECB-A-Electric-Equipment,Equipment,FRACTION,Sun|Hol,41640,42004,Hourly,0.2,0.2,0.2,0.2,0.2,0.2,0.2,0.2,0.2,0.2,0.2,0.2,0.2,0.2,0.2,0.2,0.2,0.2,0.2,0.2,0.2,0.2,0.2,0.2,,,,,,,,,,,,,,,,,,,,,,,,,,,,,,,,,,,,,,,,,,,,,,,,,,,,,,,,,,,,,,,,,,,,
NECB-A-Fan,Fan,ON_OFF,Default|Wkdy,41640,42004,Hourly,0,0,0,0,0,0,1,1,1,1,1,1,1,1,1,1,1,1,1,1,1,0,0,0,,,,,,,,,,,,,,,,,,,,,,,,,,,,,,,,,,,,,,,,,,,,,,,,,,,,,,,,,,,,,,,,,,,,
NECB-A-Fan,Fan,ON_OFF,Sat,41640,42004,Hourly,0,0,0,0,0,0,0,0,0,0,0,0,0,0,0,0,0,0,0,0,0,0,0,0,,,,,,,,,,,,,,,,,,,,,,,,,,,,,,,,,,,,,,,,,,,,,,,,,,,,,,,,,,,,,,,,,,,,
NECB-A-Fan,Fan,ON_OFF,Sun|Hol,41640,42004,Hourly,0,0,0,0,0,0,0,0,0,0,0,0,0,0,0,0,0,0,0,0,0,0,0,0,,,,,,,,,,,,,,,,,,,,,,,,,,,,,,,,,,,,,,,,,,,,,,,,,,,,,,,,,,,,,,,,,,,,
NECB-A-Lighting,Lighting,FRACTION,Default|Wkdy,41640,42004,Hourly,0.05,0.05,0.05,0.05,0.05,0.05,0.05,0.3,0.8,0.9,0.9,0.9,0.9,0.9,0.9,0.9,0.9,0.8,0.5,0.3,0.3,0.1,0.1,0.05,,,,,,,,,,,,,,,,,,,,,,,,,,,,,,,,,,,,,,,,,,,,,,,,,,,,,,,,,,,,,,,,,,,,
NECB-A-Lighting,Lighting,FRACTION,Sat,41640,42004,Hourly,0.05,0.05,0.05,0.05,0.05,0.05,0.05,0.05,0.05,0.05,0.05,0.05,0.05,0.05,0.05,0.05,0.05,0.05,0.05,0.05,0.05,0.05,0.05,0.05,,,,,,,,,,,,,,,,,,,,,,,,,,,,,,,,,,,,,,,,,,,,,,,,,,,,,,,,,,,,,,,,,,,,
NECB-A-Lighting,Lighting,FRACTION,Sun|Hol,41640,42004,Hourly,0.05,0.05,0.05,0.05,0.05,0.05,0.05,0.05,0.05,0.05,0.05,0.05,0.05,0.05,0.05,0.05,0.05,0.05,0.05,0.05,0.05,0.05,0.05,0.05,,,,,,,,,,,,,,,,,,,,,,,,,,,,,,,,,,,,,,,,,,,,,,,,,,,,,,,,,,,,,,,,,,,,
NECB-A-Occupancy,Occupancy,FRACTION,Default|Wkdy,41640,42004,Hourly,0,0,0,0,0,0,0,0.1,0.7,0.9,0.9,0.9,0.5,0.5,0.9,0.9,0.9,0.7,0.3,0.1,0.1,0.1,0.1,0,,,,,,,,,,,,,,,,,,,,,,,,,,,,,,,,,,,,,,,,,,,,,,,,,,,,,,,,,,,,,,,,,,,,
NECB-A-Occupancy,Occupancy,FRACTION,Sat,41640,42004,Hourly,0,0,0,0,0,0,0,0,0,0,0,0,0,0,0,0,0,0,0,0,0,0,0,0,,,,,,,,,,,,,,,,,,,,,,,,,,,,,,,,,,,,,,,,,,,,,,,,,,,,,,,,,,,,,,,,,,,,
NECB-A-Occupancy,Occupancy,FRACTION,Sun|Hol,41640,42004,Hourly,0,0,0,0,0,0,0,0,0,0,0,0,0,0,0,0,0,0,0,0,0,0,0,0,,,,,,,,,,,,,,,,,,,,,,,,,,,,,,,,,,,,,,,,,,,,,,,,,,,,,,,,,,,,,,,,,,,,
NECB-A-Processes,Processes,FRACTION,Default|Wkdy,41640,42004,Hourly,0.2,0.2,0.2,0.2,0.2,0.2,0.2,0.3,0.8,0.9,0.9,0.9,0.9,0.9,0.9,0.9,0.9,0.9,0.5,0.3,0.3,0.2,0.2,0.2,,,,,,,,,,,,,,,,,,,,,,,,,,,,,,,,,,,,,,,,,,,,,,,,,,,,,,,,,,,,,,,,,,,,
NECB-A-Processes,Processes,FRACTION,Sat,41640,42004,Hourly,0.2,0.2,0.2,0.2,0.2,0.2,0.2,0.2,0.2,0.2,0.2,0.2,0.2,0.2,0.2,0.2,0.2,0.2,0.2,0.2,0.2,0.2,0.2,0.2,,,,,,,,,,,,,,,,,,,,,,,,,,,,,,,,,,,,,,,,,,,,,,,,,,,,,,,,,,,,,,,,,,,,
NECB-A-Processes,Processes,FRACTION,Sun|Hol,41640,42004,Hourly,0.2,0.2,0.2,0.2,0.2,0.2,0.2,0.2,0.2,0.2,0.2,0.2,0.2,0.2,0.2,0.2,0.2,0.2,0.2,0.2,0.2,0.2,0.2,0.2,,,,,,,,,,,,,,,,,,,,,,,,,,,,,,,,,,,,,,,,,,,,,,,,,,,,,,,,,,,,,,,,,,,,
NECB-A-Service Water Heating,Service Water Heating,FRACTION,Default|Wkdy,41640,42004,Hourly,0.05,0.05,0.05,0.05,0.05,0.05,0.05,0.1,0.5,0.5,0.9,0.9,0.9,0.9,0.9,0.9,0.7,0.5,0.3,0.2,0.2,0.2,0.05,0.05,,,,,,,,,,,,,,,,,,,,,,,,,,,,,,,,,,,,,,,,,,,,,,,,,,,,,,,,,,,,,,,,,,,,
NECB-A-Service Water Heating,Service Water Heating,FRACTION,Sat,41640,42004,Hourly,0.05,0.05,0.05,0.05,0.05,0.05,0.05,0.05,0.05,0.05,0.05,0.05,0.05,0.05,0.05,0.05,0.05,0.05,0.05,0.05,0.05,0.05,0.05,0.05,,,,,,,,,,,,,,,,,,,,,,,,,,,,,,,,,,,,,,,,,,,,,,,,,,,,,,,,,,,,,,,,,,,,
NECB-A-Service Water Heating,Service Water Heating,FRACTION,Sun|Hol,41640,42004,Hourly,0.05,0.05,0.05,0.05,0.05,0.05,0.05,0.05,0.05,0.05,0.05,0.05,0.05,0.05,0.05,0.05,0.05,0.05,0.05,0.05,0.05,0.05,0.05,0.05,,,,,,,,,,,,,,,,,,,,,,,,,,,,,,,,,,,,,,,,,,,,,,,,,,,,,,,,,,,,,,,,,,,,
NECB-A-Thermostat Setpoint-Cooling,Thermostat Setpoint,TEMPERATURE,Default|Wkdy,41640,42004,Hourly,35,35,35,35,35,35,24,24,24,24,24,24,24,24,24,24,24,24,24,24,24,35,35,35,,,,,,,,,,,,,,,,,,,,,,,,,,,,,,,,,,,,,,,,,,,,,,,,,,,,,,,,,,,,,,,,,,,,
NECB-A-Thermostat Setpoint-Cooling,Thermostat Setpoint,TEMPERATURE,Sat,41640,42004,Hourly,35,35,35,35,35,35,35,35,35,35,35,35,35,35,35,35,35,35,35,35,35,35,35,35,,,,,,,,,,,,,,,,,,,,,,,,,,,,,,,,,,,,,,,,,,,,,,,,,,,,,,,,,,,,,,,,,,,,
NECB-A-Thermostat Setpoint-Cooling,Thermostat Setpoint,TEMPERATURE,Sun|Hol,41640,42004,Hourly,35,35,35,35,35,35,35,35,35,35,35,35,35,35,35,35,35,35,35,35,35,35,35,35,,,,,,,,,,,,,,,,,,,,,,,,,,,,,,,,,,,,,,,,,,,,,,,,,,,,,,,,,,,,,,,,,,,,
NECB-A-Thermostat Setpoint-Heating,Thermostat Setpoint,TEMPERATURE,Default|Wkdy,41640,42004,Hourly,18,18,18,18,18,18,20,22,22,22,22,22,22,22,22,22,22,22,22,22,22,18,18,18,,,,,,,,,,,,,,,,,,,,,,,,,,,,,,,,,,,,,,,,,,,,,,,,,,,,,,,,,,,,,,,,,,,,
NECB-A-Thermostat Setpoint-Heating,Thermostat Setpoint,TEMPERATURE,Sat,41640,42004,Hourly,18,18,18,18,18,18,18,18,18,18,18,18,18,18,18,18,18,18,18,18,18,18,18,18,,,,,,,,,,,,,,,,,,,,,,,,,,,,,,,,,,,,,,,,,,,,,,,,,,,,,,,,,,,,,,,,,,,,
NECB-A-Thermostat Setpoint-Heating,Thermostat Setpoint,TEMPERATURE,Sun|Hol,41640,42004,Hourly,18,18,18,18,18,18,18,18,18,18,18,18,18,18,18,18,18,18,18,18,18,18,18,18,,,,,,,,,,,,,,,,,,,,,,,,,,,,,,,,,,,,,,,,,,,,,,,,,,,,,,,,,,,,,,,,,,,,
NECB-B-Electric-Equipment,Equipment,FRACTION,Default|Wkdy,41640,42004,Hourly,0.9,0.5,0.1,0.1,0.1,0.1,0.1,0.1,0.1,0.5,0.7,0.9,0.9,0.9,0.9,0.9,0.9,0.9,0.9,0.9,0.9,0.9,0.9,0.9,,,,,,,,,,,,,,,,,,,,,,,,,,,,,,,,,,,,,,,,,,,,,,,,,,,,,,,,,,,,,,,,,,,,
NECB-B-Electric-Equipment,Equipment,FRACTION,Sat,41640,42004,Hourly,0.9,0.5,0.1,0.1,0.1,0.1,0.1,0.1,0.1,0.5,0.7,0.9,0.9,0.9,0.9,0.9,0.9,0.9,0.9,0.9,0.9,0.9,0.9,0.9,,,,,,,,,,,,,,,,,,,,,,,,,,,,,,,,,,,,,,,,,,,,,,,,,,,,,,,,,,,,,,,,,,,,
NECB-B-Electric-Equipment,Equipment,FRACTION,Sun|Hol,41640,42004,Hourly,0.5,0.5,0.1,0.1,0.1,0.1,0.1,0.1,0.1,0.1,0.5,0.9,0.9,0.9,0.9,0.9,0.9,0.9,0.9,0.9,0.9,0.9,0.9,0.5,,,,,,,,,,,,,,,,,,,,,,,,,,,,,,,,,,,,,,,,,,,,,,,,,,,,,,,,,,,,,,,,,,,,
NECB-B-Fan,Fan,ON_OFF,Default|Wkdy,41640,42004,Hourly,1,1,0,0,0,0,0,0,1,1,1,1,1,1,1,1,1,1,1,1,1,1,1,1,,,,,,,,,,,,,,,,,,,,,,,,,,,,,,,,,,,,,,,,,,,,,,,,,,,,,,,,,,,,,,,,,,,,
NECB-B-Fan,Fan,ON_OFF,Sat,41640,42004,Hourly,1,1,0,0,0,0,0,0,1,1,1,1,1,1,1,1,1,1,1,1,1,1,1,1,,,,,,,,,,,,,,,,,,,,,,,,,,,,,,,,,,,,,,,,,,,,,,,,,,,,,,,,,,,,,,,,,,,,
NECB-B-Fan,Fan,ON_OFF,Sun|Hol,41640,42004,Hourly,0,1,0,0,0,0,0,0,0,1,1,1,1,1,1,1,1,1,1,1,1,1,1,0,,,,,,,,,,,,,,,,,,,,,,,,,,,,,,,,,,,,,,,,,,,,,,,,,,,,,,,,,,,,,,,,,,,,
NECB-B-Lighting,Lighting,FRACTION,Default|Wkdy,41640,42004,Hourly,0.9,0.5,0.1,0.1,0.1,0.1,0.1,0.1,0.1,0.5,0.7,0.9,0.9,0.9,0.9,0.9,0.9,0.9,0.9,0.9,0.9,0.9,0.9,0.9,,,,,,,,,,,,,,,,,,,,,,,,,,,,,,,,,,,,,,,,,,,,,,,,,,,,,,,,,,,,,,,,,,,,
NECB-B-Lighting,Lighting,FRACTION,Sat,41640,42004,Hourly,0.9,0.5,0.1,0.1,0.1,0.1,0.1,0.1,0.1,0.5,0.7,0.9,0.9,0.9,0.9,0.9,0.9,0.9,0.9,0.9,0.9,0.9,0.9,0.9,,,,,,,,,,,,,,,,,,,,,,,,,,,,,,,,,,,,,,,,,,,,,,,,,,,,,,,,,,,,,,,,,,,,
NECB-B-Lighting,Lighting,FRACTION,Sun|Hol,41640,42004,Hourly,0.5,0.5,0.1,0.1,0.1,0.1,0.1,0.1,0.1,0.1,0.5,0.9,0.9,0.9,0.9,0.9,0.9,0.9,0.9,0.9,0.9,0.9,0.9,0.5,,,,,,,,,,,,,,,,,,,,,,,,,,,,,,,,,,,,,,,,,,,,,,,,,,,,,,,,,,,,,,,,,,,,
NECB-B-Occupancy,Occupancy,FRACTION,Default|Wkdy,41640,42004,Hourly,0.3,0.1,0,0,0,0,0,0,0,0.1,0.2,0.5,0.9,0.8,0.5,0.2,0.2,0.3,0.6,0.9,0.9,0.9,0.6,0.4,,,,,,,,,,,,,,,,,,,,,,,,,,,,,,,,,,,,,,,,,,,,,,,,,,,,,,,,,,,,,,,,,,,,
NECB-B-Occupancy,Occupancy,FRACTION,Sat,41640,42004,Hourly,0.5,0.3,0,0,0,0,0,0,0,0.1,0.2,0.5,0.9,0.8,0.5,0.2,0.2,0.3,0.6,0.9,0.9,0.9,0.6,0.6,,,,,,,,,,,,,,,,,,,,,,,,,,,,,,,,,,,,,,,,,,,,,,,,,,,,,,,,,,,,,,,,,,,,
NECB-B-Occupancy,Occupancy,FRACTION,Sun|Hol,41640,42004,Hourly,0.1,0.3,0,0,0,0,0,0,0,0,0.1,0.4,0.5,0.5,0.4,0.2,0.2,0.2,0.5,0.7,0.7,0.5,0.3,0.1,,,,,,,,,,,,,,,,,,,,,,,,,,,,,,,,,,,,,,,,,,,,,,,,,,,,,,,,,,,,,,,,,,,,
NECB-B-Processes,Processes,FRACTION,Default|Wkdy,41640,42004,Hourly,0.9,0.5,0.1,0.1,0.1,0.1,0.1,0.1,0.1,0.5,0.7,0.9,0.9,0.9,0.9,0.9,0.9,0.9,0.9,0.9,0.9,0.9,0.9,0.9,,,,,,,,,,,,,,,,,,,,,,,,,,,,,,,,,,,,,,,,,,,,,,,,,,,,,,,,,,,,,,,,,,,,
NECB-B-Processes,Processes,FRACTION,Sat,41640,42004,Hourly,0.9,0.5,0.1,0.1,0.1,0.1,0.1,0.1,0.1,0.5,0.7,0.9,0.9,0.9,0.9,0.9,0.9,0.9,0.9,0.9,0.9,0.9,0.9,0.9,,,,,,,,,,,,,,,,,,,,,,,,,,,,,,,,,,,,,,,,,,,,,,,,,,,,,,,,,,,,,,,,,,,,
NECB-B-Processes,Processes,FRACTION,Sun|Hol,41640,42004,Hourly,0.5,0.5,0.1,0.1,0.1,0.1,0.1,0.1,0.1,0.1,0.5,0.9,0.9,0.9,0.9,0.9,0.9,0.9,0.9,0.9,0.9,0.9,0.9,0.5,,,,,,,,,,,,,,,,,,,,,,,,,,,,,,,,,,,,,,,,,,,,,,,,,,,,,,,,,,,,,,,,,,,,
NECB-B-Service Water Heating,Service Water Heating,FRACTION,Default|Wkdy,41640,42004,Hourly,0.6,0.5,0.05,0.05,0.05,0.05,0.05,0.05,0.05,0.7,0.7,0.4,0.5,0.6,0.6,0.4,0.3,0.3,0.4,0.5,0.8,0.8,0.9,0.9,,,,,,,,,,,,,,,,,,,,,,,,,,,,,,,,,,,,,,,,,,,,,,,,,,,,,,,,,,,,,,,,,,,,
NECB-B-Service Water Heating,Service Water Heating,FRACTION,Sat,41640,42004,Hourly,0.7,0.6,0.05,0.05,0.05,0.05,0.05,0.05,0.05,0.7,0.7,0.4,0.5,0.6,0.6,0.4,0.3,0.3,0.4,0.5,0.8,0.8,0.9,0.9,,,,,,,,,,,,,,,,,,,,,,,,,,,,,,,,,,,,,,,,,,,,,,,,,,,,,,,,,,,,,,,,,,,,
NECB-B-Service Water Heating,Service Water Heating,FRACTION,Sun|Hol,41640,42004,Hourly,0.5,0.6,0.05,0.05,0.05,0.05,0.05,0.05,0.05,0.7,0.7,0.4,0.5,0.6,0.6,0.4,0.3,0.3,0.4,0.5,0.8,0.8,0.5,0.5,,,,,,,,,,,,,,,,,,,,,,,,,,,,,,,,,,,,,,,,,,,,,,,,,,,,,,,,,,,,,,,,,,,,
NECB-B-Thermostat Setpoint-Cooling,Thermostat Setpoint,TEMPERATURE,Default|Wkdy,41640,42004,Hourly,24,35,35,35,35,35,35,35,24,24,24,24,24,24,24,24,24,24,24,24,24,24,24,24,,,,,,,,,,,,,,,,,,,,,,,,,,,,,,,,,,,,,,,,,,,,,,,,,,,,,,,,,,,,,,,,,,,,
NECB-B-Thermostat Setpoint-Cooling,Thermostat Setpoint,TEMPERATURE,Sat,41640,42004,Hourly,24,35,35,35,35,35,35,35,24,24,24,24,24,24,24,24,24,24,24,24,24,24,24,24,,,,,,,,,,,,,,,,,,,,,,,,,,,,,,,,,,,,,,,,,,,,,,,,,,,,,,,,,,,,,,,,,,,,
NECB-B-Thermostat Setpoint-Cooling,Thermostat Setpoint,TEMPERATURE,Sun|Hol,41640,42004,Hourly,35,35,35,35,35,35,35,35,35,24,24,24,24,24,24,24,24,24,24,24,24,24,24,35,,,,,,,,,,,,,,,,,,,,,,,,,,,,,,,,,,,,,,,,,,,,,,,,,,,,,,,,,,,,,,,,,,,,
NECB-B-Thermostat Setpoint-Heating,Thermostat Setpoint,TEMPERATURE,Default|Wkdy,41640,42004,Hourly,22,22,18,18,18,18,18,18,20,22,22,22,22,22,22,22,22,22,22,22,22,22,22,22,,,,,,,,,,,,,,,,,,,,,,,,,,,,,,,,,,,,,,,,,,,,,,,,,,,,,,,,,,,,,,,,,,,,
NECB-B-Thermostat Setpoint-Heating,Thermostat Setpoint,TEMPERATURE,Sat,41640,42004,Hourly,22,22,18,18,18,18,18,18,20,22,22,22,22,22,22,22,22,22,22,22,22,22,22,22,,,,,,,,,,,,,,,,,,,,,,,,,,,,,,,,,,,,,,,,,,,,,,,,,,,,,,,,,,,,,,,,,,,,
NECB-B-Thermostat Setpoint-Heating,Thermostat Setpoint,TEMPERATURE,Sun|Hol,41640,42004,Hourly,18,22,18,18,18,18,18,18,18,20,22,22,22,22,22,22,22,22,22,22,22,22,22,18,,,,,,,,,,,,,,,,,,,,,,,,,,,,,,,,,,,,,,,,,,,,,,,,,,,,,,,,,,,,,,,,,,,,
NECB-C-Electric-Equipment,Equipment,FRACTION,Default|Wkdy,41640,42004,Hourly,0.05,0.05,0.05,0.05,0.05,0.05,0.05,0.05,0.5,0.9,0.9,0.9,0.9,0.9,0.9,0.9,0.9,0.9,0.9,0.6,0.5,0.05,0.05,0.05,,,,,,,,,,,,,,,,,,,,,,,,,,,,,,,,,,,,,,,,,,,,,,,,,,,,,,,,,,,,,,,,,,,,
NECB-C-Electric-Equipment,Equipment,FRACTION,Sat,41640,42004,Hourly,0.05,0.05,0.05,0.05,0.05,0.05,0.05,0.05,0.5,0.9,0.9,0.9,0.9,0.9,0.9,0.9,0.9,0.9,0.9,0.6,0.5,0.05,0.05,0.05,,,,,,,,,,,,,,,,,,,,,,,,,,,,,,,,,,,,,,,,,,,,,,,,,,,,,,,,,,,,,,,,,,,,
NECB-C-Electric-Equipment,Equipment,FRACTION,Sun|Hol,41640,42004,Hourly,0.05,0.05,0.05,0.05,0.05,0.05,0.05,0.05,0.05,0.05,0.5,0.9,0.9,0.9,0.9,0.9,0.9,0.9,0.6,0.05,0.05,0.05,0.05,0.05,,,,,,,,,,,,,,,,,,,,,,,,,,,,,,,,,,,,,,,,,,,,,,,,,,,,,,,,,,,,,,,,,,,,
NECB-C-Fan,Fan,ON_OFF,Default|Wkdy,41640,42004,Hourly,0,0,0,0,0,0,0,1,1,1,1,1,1,1,1,1,1,1,1,1,1,0,0,0,,,,,,,,,,,,,,,,,,,,,,,,,,,,,,,,,,,,,,,,,,,,,,,,,,,,,,,,,,,,,,,,,,,,
NECB-C-Fan,Fan,ON_OFF,Sat,41640,42004,Hourly,0,0,0,0,0,0,0,1,1,1,1,1,1,1,1,1,1,1,1,1,1,0,0,0,,,,,,,,,,,,,,,,,,,,,,,,,,,,,,,,,,,,,,,,,,,,,,,,,,,,,,,,,,,,,,,,,,,,
NECB-C-Fan,Fan,ON_OFF,Sun|Hol,41640,42004,Hourly,0,0,0,0,0,0,0,0,0,1,1,1,1,1,1,1,1,1,1,0,0,0,0,0,,,,,,,,,,,,,,,,,,,,,,,,,,,,,,,,,,,,,,,,,,,,,,,,,,,,,,,,,,,,,,,,,,,,
NECB-C-Lighting,Lighting,FRACTION,Default|Wkdy,41640,42004,Hourly,0.05,0.05,0.05,0.05,0.05,0.05,0.05,0.05,0.5,0.9,0.9,0.9,0.9,0.9,0.9,0.9,0.9,0.9,0.9,0.6,0.5,0.05,0.05,0.05,,,,,,,,,,,,,,,,,,,,,,,,,,,,,,,,,,,,,,,,,,,,,,,,,,,,,,,,,,,,,,,,,,,,
NECB-C-Lighting,Lighting,FRACTION,Sat,41640,42004,Hourly,0.05,0.05,0.05,0.05,0.05,0.05,0.05,0.05,0.5,0.9,0.9,0.9,0.9,0.9,0.9,0.9,0.9,0.9,0.9,0.6,0.5,0.05,0.05,0.05,,,,,,,,,,,,,,,,,,,,,,,,,,,,,,,,,,,,,,,,,,,,,,,,,,,,,,,,,,,,,,,,,,,,
NECB-C-Lighting,Lighting,FRACTION,Sun|Hol,41640,42004,Hourly,0.05,0.05,0.05,0.05,0.05,0.05,0.05,0.05,0.05,0.05,0.5,0.9,0.9,0.9,0.9,0.9,0.9,0.9,0.6,0.05,0.05,0.05,0.05,0.05,,,,,,,,,,,,,,,,,,,,,,,,,,,,,,,,,,,,,,,,,,,,,,,,,,,,,,,,,,,,,,,,,,,,
NECB-C-Occupancy,Occupancy,FRACTION,Default|Wkdy,41640,42004,Hourly,0,0,0,0,0,0,0,0,0.1,0.2,0.5,0.5,0.7,0.7,0.7,0.7,0.8,0.7,0.5,0.3,0.3,0,0,0,,,,,,,,,,,,,,,,,,,,,,,,,,,,,,,,,,,,,,,,,,,,,,,,,,,,,,,,,,,,,,,,,,,,
NECB-C-Occupancy,Occupancy,FRACTION,Sat,41640,42004,Hourly,0,0,0,0,0,0,0,0,0.1,0.2,0.5,0.6,0.8,0.9,0.9,0.9,0.8,0.7,0.5,0.2,0.2,0,0,0,,,,,,,,,,,,,,,,,,,,,,,,,,,,,,,,,,,,,,,,,,,,,,,,,,,,,,,,,,,,,,,,,,,,
NECB-C-Occupancy,Occupancy,FRACTION,Sun|Hol,41640,42004,Hourly,0,0,0,0,0,0,0,0,0,0,0.1,0.2,0.2,0.4,0.4,0.4,0.4,0.4,0.2,0,0,0,0,0,,,,,,,,,,,,,,,,,,,,,,,,,,,,,,,,,,,,,,,,,,,,,,,,,,,,,,,,,,,,,,,,,,,,
NECB-C-Processes,Processes,FRACTION,Default|Wkdy,41640,42004,Hourly,0.05,0.05,0.05,0.05,0.05,0.05,0.05,0.05,0.5,0.9,0.9,0.9,0.9,0.9,0.9,0.9,0.9,0.9,0.9,0.6,0.5,0.05,0.05,0.05,,,,,,,,,,,,,,,,,,,,,,,,,,,,,,,,,,,,,,,,,,,,,,,,,,,,,,,,,,,,,,,,,,,,
NECB-C-Processes,Processes,FRACTION,Sat,41640,42004,Hourly,0.05,0.05,0.05,0.05,0.05,0.05,0.05,0.05,0.5,0.9,0.9,0.9,0.9,0.9,0.9,0.9,0.9,0.9,0.9,0.6,0.5,0.05,0.05,0.05,,,,,,,,,,,,,,,,,,,,,,,,,,,,,,,,,,,,,,,,,,,,,,,,,,,,,,,,,,,,,,,,,,,,
NECB-C-Processes,Processes,FRACTION,Sun|Hol,41640,42004,Hourly,0.05,0.05,0.05,0.05,0.05,0.05,0.05,0.05,0.05,0.05,0.5,0.9,0.9,0.9,0.9,0.9,0.9,0.9,0.6,0.05,0.05,0.05,0.05,0.05,,,,,,,,,,,,,,,,,,,,,,,,,,,,,,,,,,,,,,,,,,,,,,,,,,,,,,,,,,,,,,,,,,,,
NECB-C-Service Water Heating,Service Water Heating,FRACTION,Default|Wkdy,41640,42004,Hourly,0.05,0.05,0.05,0.05,0.05,0.05,0.05,0.05,0.1,0.2,0.3,0.4,0.8,0.8,0.8,0.8,0.6,0.4,0.3,0.2,0.2,0.05,0.05,0.05,,,,,,,,,,,,,,,,,,,,,,,,,,,,,,,,,,,,,,,,,,,,,,,,,,,,,,,,,,,,,,,,,,,,
NECB-C-Service Water Heating,Service Water Heating,FRACTION,Sat,41640,42004,Hourly,0.05,0.05,0.05,0.05,0.05,0.05,0.05,0.05,0.1,0.2,0.3,0.5,0.9,0.9,0.9,0.9,0.7,0.5,0.3,0.2,0.2,0.05,0.05,0.05,,,,,,,,,,,,,,,,,,,,,,,,,,,,,,,,,,,,,,,,,,,,,,,,,,,,,,,,,,,,,,,,,,,,
NECB-C-Service Water Heating,Service Water Heating,FRACTION,Sun|Hol,41640,42004,Hourly,0.05,0.05,0.05,0.05,0.05,0.05,0.05,0.05,0.05,0.05,0.1,0.2,0.4,0.8,0.8,0.6,0.4,0.3,0.2,0.05,0.05,0.05,0.05,0.05,,,,,,,,,,,,,,,,,,,,,,,,,,,,,,,,,,,,,,,,,,,,,,,,,,,,,,,,,,,,,,,,,,,,
NECB-C-Thermostat Setpoint-Cooling,Thermostat Setpoint,TEMPERATURE,Default|Wkdy,41640,42004,Hourly,35,35,35,35,35,35,35,24,24,24,24,24,24,24,24,24,24,24,24,24,24,35,35,35,,,,,,,,,,,,,,,,,,,,,,,,,,,,,,,,,,,,,,,,,,,,,,,,,,,,,,,,,,,,,,,,,,,,
NECB-C-Thermostat Setpoint-Cooling,Thermostat Setpoint,TEMPERATURE,Sat,41640,42004,Hourly,35,35,35,35,35,35,35,24,24,24,24,24,24,24,24,24,24,24,24,24,24,35,35,35,,,,,,,,,,,,,,,,,,,,,,,,,,,,,,,,,,,,,,,,,,,,,,,,,,,,,,,,,,,,,,,,,,,,
NECB-C-Thermostat Setpoint-Cooling,Thermostat Setpoint,TEMPERATURE,Sun|Hol,41640,42004,Hourly,35,35,35,35,35,35,35,35,35,24,24,24,24,24,24,24,24,24,24,35,35,35,35,35,,,,,,,,,,,,,,,,,,,,,,,,,,,,,,,,,,,,,,,,,,,,,,,,,,,,,,,,,,,,,,,,,,,,
NECB-C-Thermostat Setpoint-Heating,Thermostat Setpoint,TEMPERATURE,Default|Wkdy,41640,42004,Hourly,18,18,18,18,18,18,18,20,22,22,22,22,22,22,22,22,22,22,22,22,22,18,18,18,,,,,,,,,,,,,,,,,,,,,,,,,,,,,,,,,,,,,,,,,,,,,,,,,,,,,,,,,,,,,,,,,,,,
NECB-C-Thermostat Setpoint-Heating,Thermostat Setpoint,TEMPERATURE,Sat,41640,42004,Hourly,18,18,18,18,18,18,18,20,22,22,22,22,22,22,22,22,22,22,22,22,22,18,18,18,,,,,,,,,,,,,,,,,,,,,,,,,,,,,,,,,,,,,,,,,,,,,,,,,,,,,,,,,,,,,,,,,,,,
NECB-C-Thermostat Setpoint-Heating,Thermostat Setpoint,TEMPERATURE,Sun|Hol,41640,42004,Hourly,18,18,18,18,18,18,18,18,18,20,22,22,22,22,22,22,22,22,22,18,18,18,18,18,,,,,,,,,,,,,,,,,,,,,,,,,,,,,,,,,,,,,,,,,,,,,,,,,,,,,,,,,,,,,,,,,,,,
NECB-D-Electric-Equipment,Equipment,FRACTION,Default|Wkdy,41640,42004,Hourly,0.05,0.05,0.05,0.05,0.05,0.05,0.05,0.05,0.3,0.9,0.9,0.9,0.9,0.9,0.9,0.9,0.7,0.5,0.5,0.7,0.7,0.7,0.3,0.05,,,,,,,,,,,,,,,,,,,,,,,,,,,,,,,,,,,,,,,,,,,,,,,,,,,,,,,,,,,,,,,,,,,,
NECB-D-Electric-Equipment,Equipment,FRACTION,Sat,41640,42004,Hourly,0.05,0.05,0.05,0.05,0.05,0.05,0.05,0.05,0.05,0.05,0.05,0.05,0.05,0.05,0.05,0.05,0.05,0.05,0.05,0.05,0.05,0.05,0.05,0.05,,,,,,,,,,,,,,,,,,,,,,,,,,,,,,,,,,,,,,,,,,,,,,,,,,,,,,,,,,,,,,,,,,,,
NECB-D-Electric-Equipment,Equipment,FRACTION,Sun|Hol,41640,42004,Hourly,0.05,0.05,0.05,0.05,0.05,0.05,0.05,0.05,0.05,0.05,0.05,0.05,0.05,0.05,0.05,0.05,0.05,0.05,0.05,0.05,0.05,0.05,0.05,0.05,,,,,,,,,,,,,,,,,,,,,,,,,,,,,,,,,,,,,,,,,,,,,,,,,,,,,,,,,,,,,,,,,,,,
NECB-D-Fan,Fan,ON_OFF,Default|Wkdy,41640,42004,Hourly,0,0,0,0,0,0,0,1,1,1,1,1,1,1,1,1,1,1,1,1,1,1,1,0,,,,,,,,,,,,,,,,,,,,,,,,,,,,,,,,,,,,,,,,,,,,,,,,,,,,,,,,,,,,,,,,,,,,
NECB-D-Fan,Fan,ON_OFF,Sat,41640,42004,Hourly,0,0,0,0,0,0,0,0,0,0,0,0,0,0,0,0,0,0,0,0,0,0,0,0,,,,,,,,,,,,,,,,,,,,,,,,,,,,,,,,,,,,,,,,,,,,,,,,,,,,,,,,,,,,,,,,,,,,
NECB-D-Fan,Fan,ON_OFF,Sun|Hol,41640,42004,Hourly,0,0,0,0,0,0,0,0,0,0,0,0,0,0,0,0,0,0,0,0,0,0,0,0,,,,,,,,,,,,,,,,,,,,,,,,,,,,,,,,,,,,,,,,,,,,,,,,,,,,,,,,,,,,,,,,,,,,
NECB-D-Lighting,Lighting,FRACTION,Default|Wkdy,41640,42004,Hourly,0.05,0.05,0.05,0.05,0.05,0.05,0.05,0.05,0.3,0.9,0.9,0.9,0.9,0.9,0.9,0.9,0.7,0.5,0.5,0.7,0.7,0.7,0.3,0.05,,,,,,,,,,,,,,,,,,,,,,,,,,,,,,,,,,,,,,,,,,,,,,,,,,,,,,,,,,,,,,,,,,,,
NECB-D-Lighting,Lighting,FRACTION,Sat,41640,42004,Hourly,0.05,0.05,0.05,0.05,0.05,0.05,0.05,0.05,0.05,0.05,0.05,0.05,0.05,0.05,0.05,0.05,0.05,0.05,0.05,0.05,0.05,0.05,0.05,0.05,,,,,,,,,,,,,,,,,,,,,,,,,,,,,,,,,,,,,,,,,,,,,,,,,,,,,,,,,,,,,,,,,,,,
NECB-D-Lighting,Lighting,FRACTION,Sun|Hol,41640,42004,Hourly,0.05,0.05,0.05,0.05,0.05,0.05,0.05,0.05,0.05,0.05,0.05,0.05,0.05,0.05,0.05,0.05,0.05,0.05,0.05,0.05,0.05,0.05,0.05,0.05,,,,,,,,,,,,,,,,,,,,,,,,,,,,,,,,,,,,,,,,,,,,,,,,,,,,,,,,,,,,,,,,,,,,
NECB-D-Occupancy,Occupancy,FRACTION,Default|Wkdy,41640,42004,Hourly,0,0,0,0,0,0,0,0,0.1,0.9,0.9,0.9,0.8,0.8,0.8,0.8,0.5,0.2,0.1,0.3,0.3,0.3,0.1,0,,,,,,,,,,,,,,,,,,,,,,,,,,,,,,,,,,,,,,,,,,,,,,,,,,,,,,,,,,,,,,,,,,,,
NECB-D-Occupancy,Occupancy,FRACTION,Sat,41640,42004,Hourly,0,0,0,0,0,0,0,0,0,0,0,0,0,0,0,0,0,0,0,0,0,0,0,0,,,,,,,,,,,,,,,,,,,,,,,,,,,,,,,,,,,,,,,,,,,,,,,,,,,,,,,,,,,,,,,,,,,,
NECB-D-Occupancy,Occupancy,FRACTION,Sun|Hol,41640,42004,Hourly,0,0,0,0,0,0,0,0,0,0,0,0,0,0,0,0,0,0,0,0,0,0,0,0,,,,,,,,,,,,,,,,,,,,,,,,,,,,,,,,,,,,,,,,,,,,,,,,,,,,,,,,,,,,,,,,,,,,
NECB-D-Processes,Processes,FRACTION,Default|Wkdy,41640,42004,Hourly,0.05,0.05,0.05,0.05,0.05,0.05,0.05,0.05,0.3,0.9,0.9,0.9,0.9,0.9,0.9,0.9,0.7,0.5,0.5,0.7,0.7,0.7,0.3,0.05,,,,,,,,,,,,,,,,,,,,,,,,,,,,,,,,,,,,,,,,,,,,,,,,,,,,,,,,,,,,,,,,,,,,
NECB-D-Processes,Processes,FRACTION,Sat,41640,42004,Hourly,0.05,0.05,0.05,0.05,0.05,0.05,0.05,0.05,0.05,0.05,0.05,0.05,0.05,0.05,0.05,0.05,0.05,0.05,0.05,0.05,0.05,0.05,0.05,0.05,,,,,,,,,,,,,,,,,,,,,,,,,,,,,,,,,,,,,,,,,,,,,,,,,,,,,,,,,,,,,,,,,,,,
NECB-D-Processes,Processes,FRACTION,Sun|Hol,41640,42004,Hourly,0.05,0.05,0.05,0.05,0.05,0.05,0.05,0.05,0.05,0.05,0.05,0.05,0.05,0.05,0.05,0.05,0.05,0.05,0.05,0.05,0.05,0.05,0.05,0.05,,,,,,,,,,,,,,,,,,,,,,,,,,,,,,,,,,,,,,,,,,,,,,,,,,,,,,,,,,,,,,,,,,,,
NECB-D-Service Water Heating,Service Water Heating,FRACTION,Default|Wkdy,41640,42004,Hourly,0.05,0.05,0.05,0.05,0.05,0.05,0.05,0.05,0.5,0.5,0.9,0.9,0.9,0.9,0.9,0.9,0.7,0.3,0.5,0.5,0.5,0.3,0.05,0.05,,,,,,,,,,,,,,,,,,,,,,,,,,,,,,,,,,,,,,,,,,,,,,,,,,,,,,,,,,,,,,,,,,,,
NECB-D-Service Water Heating,Service Water Heating,FRACTION,Sat,41640,42004,Hourly,0.05,0.05,0.05,0.05,0.05,0.05,0.05,0.05,0.05,0.05,0.05,0.05,0.05,0.05,0.05,0.05,0.05,0.05,0.05,0.05,0.05,0.05,0.05,0.05,,,,,,,,,,,,,,,,,,,,,,,,,,,,,,,,,,,,,,,,,,,,,,,,,,,,,,,,,,,,,,,,,,,,
NECB-D-Service Water Heating,Service Water Heating,FRACTION,Sun|Hol,41640,42004,Hourly,0.05,0.05,0.05,0.05,0.05,0.05,0.05,0.05,0.05,0.05,0.05,0.05,0.05,0.05,0.05,0.05,0.05,0.05,0.05,0.05,0.05,0.05,0.05,0.05,,,,,,,,,,,,,,,,,,,,,,,,,,,,,,,,,,,,,,,,,,,,,,,,,,,,,,,,,,,,,,,,,,,,
NECB-D-Thermostat Setpoint-Cooling,Thermostat Setpoint,TEMPERATURE,Default|Wkdy,41640,42004,Hourly,35,35,35,35,35,35,35,24,24,24,24,24,24,24,24,24,24,24,24,24,24,24,24,35,,,,,,,,,,,,,,,,,,,,,,,,,,,,,,,,,,,,,,,,,,,,,,,,,,,,,,,,,,,,,,,,,,,,
NECB-D-Thermostat Setpoint-Cooling,Thermostat Setpoint,TEMPERATURE,Sat,41640,42004,Hourly,35,35,35,35,35,35,35,35,35,35,35,35,35,35,35,35,35,35,35,35,35,35,35,35,,,,,,,,,,,,,,,,,,,,,,,,,,,,,,,,,,,,,,,,,,,,,,,,,,,,,,,,,,,,,,,,,,,,
NECB-D-Thermostat Setpoint-Cooling,Thermostat Setpoint,TEMPERATURE,Sun|Hol,41640,42004,Hourly,35,35,35,35,35,35,35,35,35,35,35,35,35,35,35,35,35,35,35,35,35,35,35,35,,,,,,,,,,,,,,,,,,,,,,,,,,,,,,,,,,,,,,,,,,,,,,,,,,,,,,,,,,,,,,,,,,,,
NECB-D-Thermostat Setpoint-Heating,Thermostat Setpoint,TEMPERATURE,Default|Wkdy,41640,42004,Hourly,18,18,18,18,18,18,18,20,22,22,22,22,22,22,22,22,22,22,22,22,22,22,22,18,,,,,,,,,,,,,,,,,,,,,,,,,,,,,,,,,,,,,,,,,,,,,,,,,,,,,,,,,,,,,,,,,,,,
NECB-D-Thermostat Setpoint-Heating,Thermostat Setpoint,TEMPERATURE,Sat,41640,42004,Hourly,18,18,18,18,18,18,18,18,18,18,18,18,18,18,18,18,18,18,18,18,18,18,18,18,,,,,,,,,,,,,,,,,,,,,,,,,,,,,,,,,,,,,,,,,,,,,,,,,,,,,,,,,,,,,,,,,,,,
NECB-D-Thermostat Setpoint-Heating,Thermostat Setpoint,TEMPERATURE,Sun|Hol,41640,42004,Hourly,18,18,18,18,18,18,18,18,18,18,18,18,18,18,18,18,18,18,18,18,18,18,18,18,,,,,,,,,,,,,,,,,,,,,,,,,,,,,,,,,,,,,,,,,,,,,,,,,,,,,,,,,,,,,,,,,,,,
NECB-E-Electric-Equipment,Equipment,FRACTION,Default|Wkdy,41640,42004,Hourly,0.05,0.05,0.05,0.05,0.05,0.05,0.05,0.05,0.4,0.7,0.9,0.9,0.9,0.9,0.9,0.9,0.9,0.9,0.4,0.05,0.05,0.05,0.05,0.05,,,,,,,,,,,,,,,,,,,,,,,,,,,,,,,,,,,,,,,,,,,,,,,,,,,,,,,,,,,,,,,,,,,,
NECB-E-Electric-Equipment,Equipment,FRACTION,Sat,41640,42004,Hourly,0.05,0.05,0.05,0.05,0.05,0.05,0.05,0.05,0.05,0.5,0.9,0.9,0.9,0.9,0.9,0.7,0.5,0.05,0.05,0.05,0.05,0.05,0.05,0.05,,,,,,,,,,,,,,,,,,,,,,,,,,,,,,,,,,,,,,,,,,,,,,,,,,,,,,,,,,,,,,,,,,,,
NECB-E-Electric-Equipment,Equipment,FRACTION,Sun|Hol,41640,42004,Hourly,0.05,0.05,0.05,0.05,0.05,0.05,0.05,0.05,0.05,0.05,0.05,0.05,0.05,0.05,0.05,0.05,0.05,0.05,0.05,0.05,0.05,0.05,0.05,0.05,,,,,,,,,,,,,,,,,,,,,,,,,,,,,,,,,,,,,,,,,,,,,,,,,,,,,,,,,,,,,,,,,,,,
NECB-E-Fan,Fan,ON_OFF,Default|Wkdy,41640,42004,Hourly,0,0,0,0,0,0,0,1,1,1,1,1,1,1,1,1,1,1,1,0,0,0,0,0,,,,,,,,,,,,,,,,,,,,,,,,,,,,,,,,,,,,,,,,,,,,,,,,,,,,,,,,,,,,,,,,,,,,
NECB-E-Fan,Fan,ON_OFF,Sat,41640,42004,Hourly,0,0,0,0,0,0,0,0,1,1,1,1,1,1,1,1,1,0,0,0,0,0,0,0,,,,,,,,,,,,,,,,,,,,,,,,,,,,,,,,,,,,,,,,,,,,,,,,,,,,,,,,,,,,,,,,,,,,
NECB-E-Fan,Fan,ON_OFF,Sun|Hol,41640,42004,Hourly,0,0,0,0,0,0,0,0,0,0,0,0,0,0,0,0,0,0,0,0,0,0,0,0,,,,,,,,,,,,,,,,,,,,,,,,,,,,,,,,,,,,,,,,,,,,,,,,,,,,,,,,,,,,,,,,,,,,
NECB-E-Lighting,Lighting,FRACTION,Default|Wkdy,41640,42004,Hourly,0.05,0.05,0.05,0.05,0.05,0.05,0.05,0.05,0.4,0.7,0.9,0.9,0.9,0.9,0.9,0.9,0.9,0.9,0.4,0.05,0.05,0.05,0.05,0.05,,,,,,,,,,,,,,,,,,,,,,,,,,,,,,,,,,,,,,,,,,,,,,,,,,,,,,,,,,,,,,,,,,,,
NECB-E-Lighting,Lighting,FRACTION,Sat,41640,42004,Hourly,0.05,0.05,0.05,0.05,0.05,0.05,0.05,0.05,0.05,0.5,0.9,0.9,0.9,0.9,0.9,0.7,0.5,0.05,0.05,0.05,0.05,0.05,0.05,0.05,,,,,,,,,,,,,,,,,,,,,,,,,,,,,,,,,,,,,,,,,,,,,,,,,,,,,,,,,,,,,,,,,,,,
NECB-E-Lighting,Lighting,FRACTION,Sun|Hol,41640,42004,Hourly,0.05,0.05,0.05,0.05,0.05,0.05,0.05,0.05,0.05,0.05,0.05,0.05,0.05,0.05,0.05,0.05,0.05,0.05,0.05,0.05,0.05,0.05,0.05,0.05,,,,,,,,,,,,,,,,,,,,,,,,,,,,,,,,,,,,,,,,,,,,,,,,,,,,,,,,,,,,,,,,,,,,
NECB-E-Occupancy,Occupancy,FRACTION,Default|Wkdy,41640,42004,Hourly,0,0,0,0,0,0,0,0,0.2,0.7,0.9,0.9,0.9,0.9,0.5,0.9,0.8,0.8,0.2,0,0,0,0,0,,,,,,,,,,,,,,,,,,,,,,,,,,,,,,,,,,,,,,,,,,,,,,,,,,,,,,,,,,,,,,,,,,,,
NECB-E-Occupancy,Occupancy,FRACTION,Sat,41640,42004,Hourly,0,0,0,0,0,0,0,0,0,0.2,0.2,0.2,0.2,0.1,0.1,0.1,0.1,0,0,0,0,0,0,0,,,,,,,,,,,,,,,,,,,,,,,,,,,,,,,,,,,,,,,,,,,,,,,,,,,,,,,,,,,,,,,,,,,,
NECB-E-Occupancy,Occupancy,FRACTION,Sun|Hol,41640,42004,Hourly,0,0,0,0,0,0,0,0,0,0,0,0,0,0,0,0,0,0,0,0,0,0,0,0,,,,,,,,,,,,,,,,,,,,,,,,,,,,,,,,,,,,,,,,,,,,,,,,,,,,,,,,,,,,,,,,,,,,
NECB-E-Processes,Processes,FRACTION,Default|Wkdy,41640,42004,Hourly,0.05,0.05,0.05,0.05,0.05,0.05,0.05,0.05,0.4,0.7,0.9,0.9,0.9,0.9,0.9,0.9,0.9,0.9,0.4,0.05,0.05,0.05,0.05,0.05,,,,,,,,,,,,,,,,,,,,,,,,,,,,,,,,,,,,,,,,,,,,,,,,,,,,,,,,,,,,,,,,,,,,
NECB-E-Processes,Processes,FRACTION,Sat,41640,42004,Hourly,0.05,0.05,0.05,0.05,0.05,0.05,0.05,0.05,0.05,0.5,0.9,0.9,0.9,0.9,0.9,0.7,0.5,0.05,0.05,0.05,0.05,0.05,0.05,0.05,,,,,,,,,,,,,,,,,,,,,,,,,,,,,,,,,,,,,,,,,,,,,,,,,,,,,,,,,,,,,,,,,,,,
NECB-E-Processes,Processes,FRACTION,Sun|Hol,41640,42004,Hourly,0.05,0.05,0.05,0.05,0.05,0.05,0.05,0.05,0.05,0.05,0.05,0.05,0.05,0.05,0.05,0.05,0.05,0.05,0.05,0.05,0.05,0.05,0.05,0.05,,,,,,,,,,,,,,,,,,,,,,,,,,,,,,,,,,,,,,,,,,,,,,,,,,,,,,,,,,,,,,,,,,,,
NECB-E-Service Water Heating,Service Water Heating,FRACTION,Default|Wkdy,41640,42004,Hourly,0.05,0.05,0.05,0.05,0.05,0.05,0.05,0.05,0.1,0.4,0.5,0.5,0.7,0.9,0.8,0.7,0.8,0.3,0.05,0.05,0.05,0.05,0.05,0.05,,,,,,,,,,,,,,,,,,,,,,,,,,,,,,,,,,,,,,,,,,,,,,,,,,,,,,,,,,,,,,,,,,,,
NECB-E-Service Water Heating,Service Water Heating,FRACTION,Sat,41640,42004,Hourly,0.05,0.05,0.05,0.05,0.05,0.05,0.05,0.05,0.05,0.05,0.2,0.2,0.4,0.2,0.2,0.2,0.05,0.05,0.05,0.05,0.05,0.05,0.05,0.05,,,,,,,,,,,,,,,,,,,,,,,,,,,,,,,,,,,,,,,,,,,,,,,,,,,,,,,,,,,,,,,,,,,,
NECB-E-Service Water Heating,Service Water Heating,FRACTION,Sun|Hol,41640,42004,Hourly,0.05,0.05,0.05,0.05,0.05,0.05,0.05,0.05,0.05,0.05,0.05,0.05,0.05,0.05,0.05,0.05,0.05,0.05,0.05,0.05,0.05,0.05,0.05,0.05,,,,,,,,,,,,,,,,,,,,,,,,,,,,,,,,,,,,,,,,,,,,,,,,,,,,,,,,,,,,,,,,,,,,
NECB-E-Thermostat Setpoint-Cooling,Thermostat Setpoint,TEMPERATURE,Default|Wkdy,41640,42004,Hourly,35,35,35,35,35,35,35,24,24,24,24,24,24,24,24,24,24,24,24,35,35,35,35,35,,,,,,,,,,,,,,,,,,,,,,,,,,,,,,,,,,,,,,,,,,,,,,,,,,,,,,,,,,,,,,,,,,,,
NECB-E-Thermostat Setpoint-Cooling,Thermostat Setpoint,TEMPERATURE,Sat,41640,42004,Hourly,35,35,35,35,35,35,35,35,24,24,24,24,24,24,24,24,24,35,35,35,35,35,35,35,,,,,,,,,,,,,,,,,,,,,,,,,,,,,,,,,,,,,,,,,,,,,,,,,,,,,,,,,,,,,,,,,,,,
NECB-E-Thermostat Setpoint-Cooling,Thermostat Setpoint,TEMPERATURE,Sun|Hol,41640,42004,Hourly,35,35,35,35,35,35,35,35,35,35,35,35,35,35,35,35,35,35,35,35,35,35,35,35,,,,,,,,,,,,,,,,,,,,,,,,,,,,,,,,,,,,,,,,,,,,,,,,,,,,,,,,,,,,,,,,,,,,
NECB-E-Thermostat Setpoint-Heating,Thermostat Setpoint,TEMPERATURE,Default|Wkdy,41640,42004,Hourly,18,18,18,18,18,18,18,20,22,22,22,22,22,22,22,22,22,22,22,18,18,18,18,18,,,,,,,,,,,,,,,,,,,,,,,,,,,,,,,,,,,,,,,,,,,,,,,,,,,,,,,,,,,,,,,,,,,,
NECB-E-Thermostat Setpoint-Heating,Thermostat Setpoint,TEMPERATURE,Sat,41640,42004,Hourly,18,18,18,18,18,18,18,18,20,22,22,22,22,22,22,22,22,18,18,18,18,18,18,18,,,,,,,,,,,,,,,,,,,,,,,,,,,,,,,,,,,,,,,,,,,,,,,,,,,,,,,,,,,,,,,,,,,,
NECB-E-Thermostat Setpoint-Heating,Thermostat Setpoint,TEMPERATURE,Sun|Hol,41640,42004,Hourly,18,18,18,18,18,18,18,18,18,18,18,18,18,18,18,18,18,18,18,18,18,18,18,18,,,,,,,,,,,,,,,,,,,,,,,,,,,,,,,,,,,,,,,,,,,,,,,,,,,,,,,,,,,,,,,,,,,,
NECB-F-Electric-Equipment,Equipment,FRACTION,Default|Wkdy,41640,42004,Hourly,0.3,0.2,0.2,0.1,0.1,0.1,0.2,0.4,0.5,0.4,0.4,0.3,0.2,0.2,0.2,0.2,0.2,0.2,0.2,0.6,0.8,0.9,0.8,0.6,,,,,,,,,,,,,,,,,,,,,,,,,,,,,,,,,,,,,,,,,,,,,,,,,,,,,,,,,,,,,,,,,,,,
NECB-F-Electric-Equipment,Equipment,FRACTION,Sat,41640,42004,Hourly,0.3,0.2,0.2,0.1,0.1,0.1,0.1,0.3,0.3,0.4,0.4,0.3,0.2,0.2,0.2,0.2,0.2,0.2,0.2,0.6,0.7,0.7,0.7,0.6,,,,,,,,,,,,,,,,,,,,,,,,,,,,,,,,,,,,,,,,,,,,,,,,,,,,,,,,,,,,,,,,,,,,
NECB-F-Electric-Equipment,Equipment,FRACTION,Sun|Hol,41640,42004,Hourly,0.3,0.3,0.3,0.2,0.2,0.2,0.2,0.3,0.4,0.4,0.3,0.3,0.3,0.3,0.2,0.2,0.2,0.2,0.2,0.5,0.7,0.8,0.6,0.5,,,,,,,,,,,,,,,,,,,,,,,,,,,,,,,,,,,,,,,,,,,,,,,,,,,,,,,,,,,,,,,,,,,,
NECB-F-Fan,Fan,ON_OFF,Default|Wkdy,41640,42004,Hourly,1,1,1,1,1,1,1,1,1,1,1,1,1,1,1,1,1,1,1,1,1,1,1,1,,,,,,,,,,,,,,,,,,,,,,,,,,,,,,,,,,,,,,,,,,,,,,,,,,,,,,,,,,,,,,,,,,,,
NECB-F-Fan,Fan,ON_OFF,Sat,41640,42004,Hourly,1,1,1,1,1,1,1,1,1,1,1,1,1,1,1,1,1,1,1,1,1,1,1,1,,,,,,,,,,,,,,,,,,,,,,,,,,,,,,,,,,,,,,,,,,,,,,,,,,,,,,,,,,,,,,,,,,,,
NECB-F-Fan,Fan,ON_OFF,Sun|Hol,41640,42004,Hourly,1,1,1,1,1,1,1,1,1,1,1,1,1,1,1,1,1,1,1,1,1,1,1,1,,,,,,,,,,,,,,,,,,,,,,,,,,,,,,,,,,,,,,,,,,,,,,,,,,,,,,,,,,,,,,,,,,,,
NECB-F-Lighting,Lighting,FRACTION,Default|Wkdy,41640,42004,Hourly,0.3,0.2,0.2,0.1,0.1,0.1,0.2,0.4,0.5,0.4,0.4,0.3,0.2,0.2,0.2,0.2,0.2,0.2,0.2,0.6,0.8,0.9,0.8,0.6,,,,,,,,,,,,,,,,,,,,,,,,,,,,,,,,,,,,,,,,,,,,,,,,,,,,,,,,,,,,,,,,,,,,
NECB-F-Lighting,Lighting,FRACTION,Sat,41640,42004,Hourly,0.3,0.2,0.2,0.1,0.1,0.1,0.1,0.3,0.3,0.4,0.4,0.3,0.2,0.2,0.2,0.2,0.2,0.2,0.2,0.6,0.7,0.7,0.7,0.6,,,,,,,,,,,,,,,,,,,,,,,,,,,,,,,,,,,,,,,,,,,,,,,,,,,,,,,,,,,,,,,,,,,,
NECB-F-Lighting,Lighting,FRACTION,Sun|Hol,41640,42004,Hourly,0.3,0.3,0.3,0.2,0.2,0.2,0.2,0.3,0.4,0.4,0.3,0.3,0.3,0.3,0.2,0.2,0.2,0.2,0.2,0.5,0.7,0.8,0.6,0.5,,,,,,,,,,,,,,,,,,,,,,,,,,,,,,,,,,,,,,,,,,,,,,,,,,,,,,,,,,,,,,,,,,,,
NECB-F-Occupancy,Occupancy,FRACTION,Default|Wkdy,41640,42004,Hourly,0.9,0.9,0.9,0.9,0.9,0.9,0.9,0.7,0.4,0.4,0.2,0.2,0.2,0.2,0.2,0.2,0.3,0.5,0.5,0.5,0.7,0.7,0.8,0.9,,,,,,,,,,,,,,,,,,,,,,,,,,,,,,,,,,,,,,,,,,,,,,,,,,,,,,,,,,,,,,,,,,,,
NECB-F-Occupancy,Occupancy,FRACTION,Sat,41640,42004,Hourly,0.7,0.9,0.9,0.9,0.9,0.9,0.9,0.7,0.5,0.5,0.3,0.3,0.3,0.3,0.3,0.3,0.3,0.3,0.5,0.6,0.6,0.6,0.7,0.7,,,,,,,,,,,,,,,,,,,,,,,,,,,,,,,,,,,,,,,,,,,,,,,,,,,,,,,,,,,,,,,,,,,,
NECB-F-Occupancy,Occupancy,FRACTION,Sun|Hol,41640,42004,Hourly,0.8,0.7,0.7,0.7,0.7,0.7,0.7,0.7,0.7,0.5,0.5,0.5,0.3,0.3,0.2,0.2,0.2,0.3,0.4,0.4,0.6,0.6,0.8,0.8,,,,,,,,,,,,,,,,,,,,,,,,,,,,,,,,,,,,,,,,,,,,,,,,,,,,,,,,,,,,,,,,,,,,
NECB-F-Processes,Processes,FRACTION,Default|Wkdy,41640,42004,Hourly,0.3,0.2,0.2,0.1,0.1,0.1,0.2,0.4,0.5,0.4,0.4,0.3,0.2,0.2,0.2,0.2,0.2,0.2,0.2,0.6,0.8,0.9,0.8,0.6,,,,,,,,,,,,,,,,,,,,,,,,,,,,,,,,,,,,,,,,,,,,,,,,,,,,,,,,,,,,,,,,,,,,
NECB-F-Processes,Processes,FRACTION,Sat,41640,42004,Hourly,0.3,0.2,0.2,0.1,0.1,0.1,0.1,0.3,0.3,0.4,0.4,0.3,0.2,0.2,0.2,0.2,0.2,0.2,0.2,0.6,0.7,0.7,0.7,0.6,,,,,,,,,,,,,,,,,,,,,,,,,,,,,,,,,,,,,,,,,,,,,,,,,,,,,,,,,,,,,,,,,,,,
NECB-F-Processes,Processes,FRACTION,Sun|Hol,41640,42004,Hourly,0.3,0.3,0.3,0.2,0.2,0.2,0.2,0.3,0.4,0.4,0.3,0.3,0.3,0.3,0.2,0.2,0.2,0.2,0.2,0.5,0.7,0.8,0.6,0.5,,,,,,,,,,,,,,,,,,,,,,,,,,,,,,,,,,,,,,,,,,,,,,,,,,,,,,,,,,,,,,,,,,,,
NECB-F-Service Water Heating,Service Water Heating,FRACTION,Default|Wkdy,41640,42004,Hourly,0.5,0.3,0.2,0.1,0.1,0.2,0.4,0.6,0.9,0.7,0.5,0.5,0.4,0.5,0.4,0.3,0.3,0.3,0.3,0.5,0.7,0.7,0.7,0.7,,,,,,,,,,,,,,,,,,,,,,,,,,,,,,,,,,,,,,,,,,,,,,,,,,,,,,,,,,,,,,,,,,,,
NECB-F-Service Water Heating,Service Water Heating,FRACTION,Sat,41640,42004,Hourly,0.5,0.3,0.2,0.1,0.1,0.2,0.4,0.5,0.8,0.6,0.5,0.5,0.5,0.5,0.5,0.4,0.3,0.3,0.3,0.5,0.7,0.7,0.7,0.7,,,,,,,,,,,,,,,,,,,,,,,,,,,,,,,,,,,,,,,,,,,,,,,,,,,,,,,,,,,,,,,,,,,,
NECB-F-Service Water Heating,Service Water Heating,FRACTION,Sun|Hol,41640,42004,Hourly,0.5,0.3,0.2,0.1,0.1,0.2,0.4,0.4,0.6,0.9,0.7,0.5,0.5,0.5,0.4,0.3,0.3,0.3,0.3,0.4,0.6,0.6,0.6,0.6,,,,,,,,,,,,,,,,,,,,,,,,,,,,,,,,,,,,,,,,,,,,,,,,,,,,,,,,,,,,,,,,,,,,
NECB-F-Thermostat Setpoint-Cooling,Thermostat Setpoint,TEMPERATURE,Default|Wkdy,41640,42004,Hourly,24,24,24,24,24,24,24,24,24,24,24,24,24,24,24,24,24,24,24,24,24,24,24,24,,,,,,,,,,,,,,,,,,,,,,,,,,,,,,,,,,,,,,,,,,,,,,,,,,,,,,,,,,,,,,,,,,,,
NECB-F-Thermostat Setpoint-Cooling,Thermostat Setpoint,TEMPERATURE,Sat,41640,42004,Hourly,24,24,24,24,24,24,24,24,24,24,24,24,24,24,24,24,24,24,24,24,24,24,24,24,,,,,,,,,,,,,,,,,,,,,,,,,,,,,,,,,,,,,,,,,,,,,,,,,,,,,,,,,,,,,,,,,,,,
NECB-F-Thermostat Setpoint-Cooling,Thermostat Setpoint,TEMPERATURE,Sun|Hol,41640,42004,Hourly,24,24,24,24,24,24,24,24,24,24,24,24,24,24,24,24,24,24,24,24,24,24,24,24,,,,,,,,,,,,,,,,,,,,,,,,,,,,,,,,,,,,,,,,,,,,,,,,,,,,,,,,,,,,,,,,,,,,
NECB-F-Thermostat Setpoint-Heating,Thermostat Setpoint,TEMPERATURE,Default|Wkdy,41640,42004,Hourly,22,18,18,18,18,18,18,20,22,22,22,22,22,22,22,22,22,22,22,22,22,22,22,22,,,,,,,,,,,,,,,,,,,,,,,,,,,,,,,,,,,,,,,,,,,,,,,,,,,,,,,,,,,,,,,,,,,,
NECB-F-Thermostat Setpoint-Heating,Thermostat Setpoint,TEMPERATURE,Sat,41640,42004,Hourly,22,18,18,18,18,18,18,20,22,22,22,22,22,22,22,22,22,22,22,22,22,22,22,22,,,,,,,,,,,,,,,,,,,,,,,,,,,,,,,,,,,,,,,,,,,,,,,,,,,,,,,,,,,,,,,,,,,,
NECB-F-Thermostat Setpoint-Heating,Thermostat Setpoint,TEMPERATURE,Sun|Hol,41640,42004,Hourly,22,18,18,18,18,18,18,20,22,22,22,22,22,22,22,22,22,22,22,22,22,22,22,22,,,,,,,,,,,,,,,,,,,,,,,,,,,,,,,,,,,,,,,,,,,,,,,,,,,,,,,,,,,,,,,,,,,,
NECB-G-Electric-Equipment,Equipment,FRACTION,Default|Wkdy,41640,42004,Hourly,0.3,0.2,0.2,0.2,0.2,0.2,0.2,0.8,0.8,0.4,0.4,0.4,0.4,0.4,0.4,0.4,0.5,0.2,0.9,0.9,0.7,0.5,0.5,0.5,,,,,,,,,,,,,,,,,,,,,,,,,,,,,,,,,,,,,,,,,,,,,,,,,,,,,,,,,,,,,,,,,,,,
NECB-G-Electric-Equipment,Equipment,FRACTION,Sat,41640,42004,Hourly,0.3,0.2,0.2,0.2,0.2,0.2,0.2,0.8,0.8,0.4,0.4,0.4,0.4,0.4,0.4,0.4,0.5,0.2,0.9,0.9,0.7,0.5,0.5,0.5,,,,,,,,,,,,,,,,,,,,,,,,,,,,,,,,,,,,,,,,,,,,,,,,,,,,,,,,,,,,,,,,,,,,
NECB-G-Electric-Equipment,Equipment,FRACTION,Sun|Hol,41640,42004,Hourly,0.3,0.2,0.2,0.2,0.2,0.2,0.2,0.8,0.8,0.4,0.4,0.4,0.4,0.4,0.4,0.4,0.5,0.2,0.9,0.9,0.7,0.5,0.5,0.5,,,,,,,,,,,,,,,,,,,,,,,,,,,,,,,,,,,,,,,,,,,,,,,,,,,,,,,,,,,,,,,,,,,,
NECB-G-Fan,Fan,ON_OFF,Default|Wkdy,41640,42004,Hourly,1,1,1,1,1,1,1,1,1,1,1,1,1,1,1,1,1,1,1,1,1,1,1,1,,,,,,,,,,,,,,,,,,,,,,,,,,,,,,,,,,,,,,,,,,,,,,,,,,,,,,,,,,,,,,,,,,,,
NECB-G-Fan,Fan,ON_OFF,Sat,41640,42004,Hourly,1,1,1,1,1,1,1,1,1,1,1,1,1,1,1,1,1,1,1,1,1,1,1,1,,,,,,,,,,,,,,,,,,,,,,,,,,,,,,,,,,,,,,,,,,,,,,,,,,,,,,,,,,,,,,,,,,,,
NECB-G-Fan,Fan,ON_OFF,Sun|Hol,41640,42004,Hourly,1,1,1,1,1,1,1,1,1,1,1,1,1,1,1,1,1,1,1,1,1,1,1,1,,,,,,,,,,,,,,,,,,,,,,,,,,,,,,,,,,,,,,,,,,,,,,,,,,,,,,,,,,,,,,,,,,,,
NECB-G-Lighting,Lighting,FRACTION,Default|Wkdy,41640,42004,Hourly,0.3,0,0,0,0,0,0.2,0.5,0.5,0,0,0,0,0,0,0,0,0,0,0.9,0.9,0.9,0.8,0.6,,,,,,,,,,,,,,,,,,,,,,,,,,,,,,,,,,,,,,,,,,,,,,,,,,,,,,,,,,,,,,,,,,,,
NECB-G-Lighting,Lighting,FRACTION,Sat,41640,42004,Hourly,0.3,0,0,0,0,0,0.2,0.5,0.5,0,0,0,0,0,0,0,0,0,0,0.9,0.9,0.9,0.8,0.6,,,,,,,,,,,,,,,,,,,,,,,,,,,,,,,,,,,,,,,,,,,,,,,,,,,,,,,,,,,,,,,,,,,,
NECB-G-Lighting,Lighting,FRACTION,Sun|Hol,41640,42004,Hourly,0.3,0,0,0,0,0,0.2,0.5,0.5,0,0,0,0,0,0,0,0,0,0,0.9,0.9,0.9,0.8,0.6,,,,,,,,,,,,,,,,,,,,,,,,,,,,,,,,,,,,,,,,,,,,,,,,,,,,,,,,,,,,,,,,,,,,
NECB-G-Occupancy,Occupancy,FRACTION,Default|Wkdy,41640,42004,Hourly,0.9,0.9,0.9,0.9,0.9,0.9,0.9,0.7,0.4,0.3,0.3,0.3,0.3,0.3,0.3,0.3,0.3,0.5,0.9,0.9,0.9,0.9,0.9,0.9,,,,,,,,,,,,,,,,,,,,,,,,,,,,,,,,,,,,,,,,,,,,,,,,,,,,,,,,,,,,,,,,,,,,
NECB-G-Occupancy,Occupancy,FRACTION,Sat,41640,42004,Hourly,0.9,0.9,0.9,0.9,0.9,0.9,0.9,0.7,0.5,0.5,0.5,0.5,0.5,0.5,0.5,0.5,0.5,0.7,0.9,0.9,0.9,0.9,0.9,0.9,,,,,,,,,,,,,,,,,,,,,,,,,,,,,,,,,,,,,,,,,,,,,,,,,,,,,,,,,,,,,,,,,,,,
NECB-G-Occupancy,Occupancy,FRACTION,Sun|Hol,41640,42004,Hourly,0.9,0.9,0.9,0.9,0.9,0.9,0.9,0.7,0.5,0.5,0.5,0.5,0.5,0.5,0.5,0.5,0.5,0.7,0.9,0.9,0.9,0.9,0.9,0.9,,,,,,,,,,,,,,,,,,,,,,,,,,,,,,,,,,,,,,,,,,,,,,,,,,,,,,,,,,,,,,,,,,,,
NECB-G-Processes,Processes,FRACTION,Default|Wkdy,41640,42004,Hourly,0.3,0.2,0.2,0.2,0.2,0.2,0.2,0.8,0.8,0.4,0.4,0.4,0.4,0.4,0.4,0.4,0.5,0.2,0.9,0.9,0.7,0.5,0.5,0.5,,,,,,,,,,,,,,,,,,,,,,,,,,,,,,,,,,,,,,,,,,,,,,,,,,,,,,,,,,,,,,,,,,,,
NECB-G-Processes,Processes,FRACTION,Sat,41640,42004,Hourly,0.3,0.2,0.2,0.2,0.2,0.2,0.2,0.8,0.8,0.4,0.4,0.4,0.4,0.4,0.4,0.4,0.5,0.2,0.9,0.9,0.7,0.5,0.5,0.5,,,,,,,,,,,,,,,,,,,,,,,,,,,,,,,,,,,,,,,,,,,,,,,,,,,,,,,,,,,,,,,,,,,,
NECB-G-Processes,Processes,FRACTION,Sun|Hol,41640,42004,Hourly,0.3,0.2,0.2,0.2,0.2,0.2,0.2,0.8,0.8,0.4,0.4,0.4,0.4,0.4,0.4,0.4,0.5,0.2,0.9,0.9,0.7,0.5,0.5,0.5,,,,,,,,,,,,,,,,,,,,,,,,,,,,,,,,,,,,,,,,,,,,,,,,,,,,,,,,,,,,,,,,,,,,
NECB-G-Service Water Heating,Service Water Heating,FRACTION,Default|Wkdy,41640,42004,Hourly,0.1,0.05,0.05,0.05,0.05,0.05,0.2,0.8,0.7,0.5,0.4,0.2,0.2,0.2,0.3,0.5,0.5,0.7,0.7,0.4,0.4,0.2,0.2,0.1,,,,,,,,,,,,,,,,,,,,,,,,,,,,,,,,,,,,,,,,,,,,,,,,,,,,,,,,,,,,,,,,,,,,
NECB-G-Service Water Heating,Service Water Heating,FRACTION,Sat,41640,42004,Hourly,0.1,0.05,0.05,0.05,0.05,0.05,0.05,0.2,0.5,0.5,0.5,0.3,0.3,0.3,0.3,0.7,0.9,0.7,0.7,0.6,0.5,0.4,0.3,0.2,,,,,,,,,,,,,,,,,,,,,,,,,,,,,,,,,,,,,,,,,,,,,,,,,,,,,,,,,,,,,,,,,,,,
NECB-G-Service Water Heating,Service Water Heating,FRACTION,Sun|Hol,41640,42004,Hourly,0.1,0.05,0.05,0.05,0.05,0.05,0.05,0.05,0.2,0.3,0.3,0.2,0.2,0.3,0.4,0.5,0.6,0.7,0.4,0.3,0.2,0.2,0.2,0.2,,,,,,,,,,,,,,,,,,,,,,,,,,,,,,,,,,,,,,,,,,,,,,,,,,,,,,,,,,,,,,,,,,,,
NECB-G-Thermostat Setpoint-Cooling,Thermostat Setpoint,TEMPERATURE,Default|Wkdy,41640,42004,Hourly,24,24,24,24,24,24,24,24,24,24,24,24,24,24,24,24,24,24,24,24,24,24,24,24,,,,,,,,,,,,,,,,,,,,,,,,,,,,,,,,,,,,,,,,,,,,,,,,,,,,,,,,,,,,,,,,,,,,
NECB-G-Thermostat Setpoint-Cooling,Thermostat Setpoint,TEMPERATURE,Sat,41640,42004,Hourly,24,24,24,24,24,24,24,24,24,24,24,24,24,24,24,24,24,24,24,24,24,24,24,24,,,,,,,,,,,,,,,,,,,,,,,,,,,,,,,,,,,,,,,,,,,,,,,,,,,,,,,,,,,,,,,,,,,,
NECB-G-Thermostat Setpoint-Cooling,Thermostat Setpoint,TEMPERATURE,Sun|Hol,41640,42004,Hourly,24,24,24,24,24,24,24,24,24,24,24,24,24,24,24,24,24,24,24,24,24,24,24,24,,,,,,,,,,,,,,,,,,,,,,,,,,,,,,,,,,,,,,,,,,,,,,,,,,,,,,,,,,,,,,,,,,,,
NECB-G-Thermostat Setpoint-Heating,Thermostat Setpoint,TEMPERATURE,Default|Wkdy,41640,42004,Hourly,22,18,18,18,18,18,18,20,22,22,22,22,22,22,22,22,22,22,22,22,22,22,22,22,,,,,,,,,,,,,,,,,,,,,,,,,,,,,,,,,,,,,,,,,,,,,,,,,,,,,,,,,,,,,,,,,,,,
NECB-G-Thermostat Setpoint-Heating,Thermostat Setpoint,TEMPERATURE,Sat,41640,42004,Hourly,22,18,18,18,18,18,18,20,22,22,22,22,22,22,22,22,22,22,22,22,22,22,22,22,,,,,,,,,,,,,,,,,,,,,,,,,,,,,,,,,,,,,,,,,,,,,,,,,,,,,,,,,,,,,,,,,,,,
NECB-G-Thermostat Setpoint-Heating,Thermostat Setpoint,TEMPERATURE,Sun|Hol,41640,42004,Hourly,22,18,18,18,18,18,18,20,22,22,22,22,22,22,22,22,22,22,22,22,22,22,22,22,,,,,,,,,,,,,,,,,,,,,,,,,,,,,,,,,,,,,,,,,,,,,,,,,,,,,,,,,,,,,,,,,,,,
NECB-H-Electric-Equipment,Equipment,FRACTION,Default|Wkdy,41640,42004,Hourly,0.9,0.9,0.9,0.9,0.9,0.9,0.9,0.9,0.9,0.9,0.9,0.9,0.9,0.9,0.9,0.9,0.9,0.9,0.9,0.9,0.9,0.9,0.9,0.9,,,,,,,,,,,,,,,,,,,,,,,,,,,,,,,,,,,,,,,,,,,,,,,,,,,,,,,,,,,,,,,,,,,,
NECB-H-Electric-Equipment,Equipment,FRACTION,Sat,41640,42004,Hourly,0.9,0.9,0.9,0.9,0.9,0.9,0.9,0.9,0.9,0.9,0.9,0.9,0.9,0.9,0.9,0.9,0.9,0.9,0.9,0.9,0.9,0.9,0.9,0.9,,,,,,,,,,,,,,,,,,,,,,,,,,,,,,,,,,,,,,,,,,,,,,,,,,,,,,,,,,,,,,,,,,,,
NECB-H-Electric-Equipment,Equipment,FRACTION,Sun|Hol,41640,42004,Hourly,0.9,0.9,0.9,0.9,0.9,0.9,0.9,0.9,0.9,0.9,0.9,0.9,0.9,0.9,0.9,0.9,0.9,0.9,0.9,0.9,0.9,0.9,0.9,0.9,,,,,,,,,,,,,,,,,,,,,,,,,,,,,,,,,,,,,,,,,,,,,,,,,,,,,,,,,,,,,,,,,,,,
NECB-H-Fan,Fan,ON_OFF,Default|Wkdy,41640,42004,Hourly,1,1,1,1,1,1,1,1,1,1,1,1,1,1,1,1,1,1,1,1,1,1,1,1,,,,,,,,,,,,,,,,,,,,,,,,,,,,,,,,,,,,,,,,,,,,,,,,,,,,,,,,,,,,,,,,,,,,
NECB-H-Fan,Fan,ON_OFF,Sat,41640,42004,Hourly,1,1,1,1,1,1,1,1,1,1,1,1,1,1,1,1,1,1,1,1,1,1,1,1,,,,,,,,,,,,,,,,,,,,,,,,,,,,,,,,,,,,,,,,,,,,,,,,,,,,,,,,,,,,,,,,,,,,
NECB-H-Fan,Fan,ON_OFF,Sun|Hol,41640,42004,Hourly,1,1,1,1,1,1,1,1,1,1,1,1,1,1,1,1,1,1,1,1,1,1,1,1,,,,,,,,,,,,,,,,,,,,,,,,,,,,,,,,,,,,,,,,,,,,,,,,,,,,,,,,,,,,,,,,,,,,
NECB-H-Lighting,Lighting,FRACTION,Default|Wkdy,41640,42004,Hourly,0.9,0.9,0.9,0.9,0.9,0.9,0.9,0.9,0.9,0.9,0.9,0.9,0.9,0.9,0.9,0.9,0.9,0.9,0.9,0.9,0.9,0.9,0.9,0.9,,,,,,,,,,,,,,,,,,,,,,,,,,,,,,,,,,,,,,,,,,,,,,,,,,,,,,,,,,,,,,,,,,,,
NECB-H-Lighting,Lighting,FRACTION,Sat,41640,42004,Hourly,0.9,0.9,0.9,0.9,0.9,0.9,0.9,0.9,0.9,0.9,0.9,0.9,0.9,0.9,0.9,0.9,0.9,0.9,0.9,0.9,0.9,0.9,0.9,0.9,,,,,,,,,,,,,,,,,,,,,,,,,,,,,,,,,,,,,,,,,,,,,,,,,,,,,,,,,,,,,,,,,,,,
NECB-H-Lighting,Lighting,FRACTION,Sun|Hol,41640,42004,Hourly,0.9,0.9,0.9,0.9,0.9,0.9,0.9,0.9,0.9,0.9,0.9,0.9,0.9,0.9,0.9,0.9,0.9,0.9,0.9,0.9,0.9,0.9,0.9,0.9,,,,,,,,,,,,,,,,,,,,,,,,,,,,,,,,,,,,,,,,,,,,,,,,,,,,,,,,,,,,,,,,,,,,
NECB-H-Occupancy,Occupancy,FRACTION,Default|Wkdy,41640,42004,Hourly,0.9,0.9,0.9,0.9,0.9,0.9,0.9,0.9,0.9,0.9,0.9,0.9,0.9,0.9,0.9,0.9,0.9,0.9,0.9,0.9,0.9,0.9,0.9,0.9,,,,,,,,,,,,,,,,,,,,,,,,,,,,,,,,,,,,,,,,,,,,,,,,,,,,,,,,,,,,,,,,,,,,
NECB-H-Occupancy,Occupancy,FRACTION,Sat,41640,42004,Hourly,0.9,0.9,0.9,0.9,0.9,0.9,0.9,0.9,0.9,0.9,0.9,0.9,0.9,0.9,0.9,0.9,0.9,0.9,0.9,0.9,0.9,0.9,0.9,0.9,,,,,,,,,,,,,,,,,,,,,,,,,,,,,,,,,,,,,,,,,,,,,,,,,,,,,,,,,,,,,,,,,,,,
NECB-H-Occupancy,Occupancy,FRACTION,Sun|Hol,41640,42004,Hourly,0.9,0.9,0.9,0.9,0.9,0.9,0.9,0.9,0.9,0.9,0.9,0.9,0.9,0.9,0.9,0.9,0.9,0.9,0.9,0.9,0.9,0.9,0.9,0.9,,,,,,,,,,,,,,,,,,,,,,,,,,,,,,,,,,,,,,,,,,,,,,,,,,,,,,,,,,,,,,,,,,,,
NECB-H-Processes,Processes,FRACTION,Default|Wkdy,41640,42004,Hourly,0.9,0.9,0.9,0.9,0.9,0.9,0.9,0.9,0.9,0.9,0.9,0.9,0.9,0.9,0.9,0.9,0.9,0.9,0.9,0.9,0.9,0.9,0.9,0.9,,,,,,,,,,,,,,,,,,,,,,,,,,,,,,,,,,,,,,,,,,,,,,,,,,,,,,,,,,,,,,,,,,,,
NECB-H-Processes,Processes,FRACTION,Sat,41640,42004,Hourly,0.9,0.9,0.9,0.9,0.9,0.9,0.9,0.9,0.9,0.9,0.9,0.9,0.9,0.9,0.9,0.9,0.9,0.9,0.9,0.9,0.9,0.9,0.9,0.9,,,,,,,,,,,,,,,,,,,,,,,,,,,,,,,,,,,,,,,,,,,,,,,,,,,,,,,,,,,,,,,,,,,,
NECB-H-Processes,Processes,FRACTION,Sun|Hol,41640,42004,Hourly,0.9,0.9,0.9,0.9,0.9,0.9,0.9,0.9,0.9,0.9,0.9,0.9,0.9,0.9,0.9,0.9,0.9,0.9,0.9,0.9,0.9,0.9,0.9,0.9,,,,,,,,,,,,,,,,,,,,,,,,,,,,,,,,,,,,,,,,,,,,,,,,,,,,,,,,,,,,,,,,,,,,
NECB-H-Service Water Heating,Service Water Heating,FRACTION,Default|Wkdy,41640,42004,Hourly,0.9,0.9,0.9,0.9,0.9,0.9,0.9,0.9,0.9,0.9,0.9,0.9,0.9,0.9,0.9,0.9,0.9,0.9,0.9,0.9,0.9,0.9,0.9,0.9,,,,,,,,,,,,,,,,,,,,,,,,,,,,,,,,,,,,,,,,,,,,,,,,,,,,,,,,,,,,,,,,,,,,
NECB-H-Service Water Heating,Service Water Heating,FRACTION,Sat,41640,42004,Hourly,0.9,0.9,0.9,0.9,0.9,0.9,0.9,0.9,0.9,0.9,0.9,0.9,0.9,0.9,0.9,0.9,0.9,0.9,0.9,0.9,0.9,0.9,0.9,0.9,,,,,,,,,,,,,,,,,,,,,,,,,,,,,,,,,,,,,,,,,,,,,,,,,,,,,,,,,,,,,,,,,,,,
NECB-H-Service Water Heating,Service Water Heating,FRACTION,Sun|Hol,41640,42004,Hourly,0.9,0.9,0.9,0.9,0.9,0.9,0.9,0.9,0.9,0.9,0.9,0.9,0.9,0.9,0.9,0.9,0.9,0.9,0.9,0.9,0.9,0.9,0.9,0.9,,,,,,,,,,,,,,,,,,,,,,,,,,,,,,,,,,,,,,,,,,,,,,,,,,,,,,,,,,,,,,,,,,,,
NECB-H-Thermostat Setpoint-Cooling,Thermostat Setpoint,TEMPERATURE,Default|Wkdy,41640,42004,Hourly,24,24,24,24,24,24,24,24,24,24,24,24,24,24,24,24,24,24,24,24,24,24,24,24,,,,,,,,,,,,,,,,,,,,,,,,,,,,,,,,,,,,,,,,,,,,,,,,,,,,,,,,,,,,,,,,,,,,
NECB-H-Thermostat Setpoint-Cooling,Thermostat Setpoint,TEMPERATURE,Sat,41640,42004,Hourly,24,24,24,24,24,24,24,24,24,24,24,24,24,24,24,24,24,24,24,24,24,24,24,24,,,,,,,,,,,,,,,,,,,,,,,,,,,,,,,,,,,,,,,,,,,,,,,,,,,,,,,,,,,,,,,,,,,,
NECB-H-Thermostat Setpoint-Cooling,Thermostat Setpoint,TEMPERATURE,Sun|Hol,41640,42004,Hourly,24,24,24,24,24,24,24,24,24,24,24,24,24,24,24,24,24,24,24,24,24,24,24,24,,,,,,,,,,,,,,,,,,,,,,,,,,,,,,,,,,,,,,,,,,,,,,,,,,,,,,,,,,,,,,,,,,,,
NECB-H-Thermostat Setpoint-Heating,Thermostat Setpoint,TEMPERATURE,Default|Wkdy,41640,42004,Hourly,22,18,18,18,18,18,18,20,22,22,22,22,22,22,22,22,22,22,22,22,22,22,22,22,,,,,,,,,,,,,,,,,,,,,,,,,,,,,,,,,,,,,,,,,,,,,,,,,,,,,,,,,,,,,,,,,,,,
NECB-H-Thermostat Setpoint-Heating,Thermostat Setpoint,TEMPERATURE,Sat,41640,42004,Hourly,22,18,18,18,18,18,18,20,22,22,22,22,22,22,22,22,22,22,22,22,22,22,22,22,,,,,,,,,,,,,,,,,,,,,,,,,,,,,,,,,,,,,,,,,,,,,,,,,,,,,,,,,,,,,,,,,,,,
NECB-H-Thermostat Setpoint-Heating,Thermostat Setpoint,TEMPERATURE,Sun|Hol,41640,42004,Hourly,22,18,18,18,18,18,18,20,22,22,22,22,22,22,22,22,22,22,22,22,22,22,22,22,,,,,,,,,,,,,,,,,,,,,,,,,,,,,,,,,,,,,,,,,,,,,,,,,,,,,,,,,,,,,,,,,,,,
NECB-I-Electric-Equipment,Equipment,FRACTION,Default|Wkdy,41640,42004,Hourly,0.1,0.1,0.1,0.1,0.1,0.1,0.1,0.1,0.1,0.1,0.1,0.1,0.1,0.1,0.1,0.2,0.2,0.2,0.8,0.8,0.8,0.8,0.8,0.8,,,,,,,,,,,,,,,,,,,,,,,,,,,,,,,,,,,,,,,,,,,,,,,,,,,,,,,,,,,,,,,,,,,,
NECB-I-Electric-Equipment,Equipment,FRACTION,Sat,41640,42004,Hourly,0.1,0.1,0.1,0.1,0.1,0.1,0.1,0.1,0.1,0.1,0.2,0.2,0.2,0.8,0.8,0.8,0.8,0.8,0.8,0.8,0.8,0.8,0.8,0.8,,,,,,,,,,,,,,,,,,,,,,,,,,,,,,,,,,,,,,,,,,,,,,,,,,,,,,,,,,,,,,,,,,,,
NECB-I-Electric-Equipment,Equipment,FRACTION,Sun|Hol,41640,42004,Hourly,0.1,0.1,0.1,0.1,0.1,0.1,0.1,0.1,0.8,0.8,0.8,0.8,0.8,0.2,0.1,0.1,0.1,0.1,0.1,0.1,0.1,0.1,0.1,0.1,,,,,,,,,,,,,,,,,,,,,,,,,,,,,,,,,,,,,,,,,,,,,,,,,,,,,,,,,,,,,,,,,,,,
NECB-I-Fan,Fan,ON_OFF,Default|Wkdy,41640,42004,Hourly,1,0,0,0,0,0,0,0,0,0,0,0,0,0,1,1,1,1,1,1,1,1,1,1,,,,,,,,,,,,,,,,,,,,,,,,,,,,,,,,,,,,,,,,,,,,,,,,,,,,,,,,,,,,,,,,,,,,
NECB-I-Fan,Fan,ON_OFF,Sat,41640,42004,Hourly,1,0,0,0,0,0,0,0,0,0,1,1,1,1,1,1,1,1,1,1,1,1,1,1,,,,,,,,,,,,,,,,,,,,,,,,,,,,,,,,,,,,,,,,,,,,,,,,,,,,,,,,,,,,,,,,,,,,
NECB-I-Fan,Fan,ON_OFF,Sun|Hol,41640,42004,Hourly,0,0,0,0,0,0,0,1,1,1,1,1,1,1,0,0,0,0,0,0,0,0,0,0,,,,,,,,,,,,,,,,,,,,,,,,,,,,,,,,,,,,,,,,,,,,,,,,,,,,,,,,,,,,,,,,,,,,
NECB-I-Lighting,Lighting,FRACTION,Default|Wkdy,41640,42004,Hourly,0.5,0.05,0.05,0.05,0.05,0.05,0.05,0.05,0.05,0.05,0.05,0.05,0.05,0.05,0.05,0.5,0.5,0.5,0.8,0.9,0.9,0.9,0.9,0.9,,,,,,,,,,,,,,,,,,,,,,,,,,,,,,,,,,,,,,,,,,,,,,,,,,,,,,,,,,,,,,,,,,,,
NECB-I-Lighting,Lighting,FRACTION,Sat,41640,42004,Hourly,0.5,0.05,0.05,0.05,0.05,0.05,0.05,0.05,0.05,0.05,0.5,0.5,0.5,0.8,0.9,0.9,0.9,0.8,0.6,0.8,0.9,0.9,0.9,0.9,,,,,,,,,,,,,,,,,,,,,,,,,,,,,,,,,,,,,,,,,,,,,,,,,,,,,,,,,,,,,,,,,,,,
NECB-I-Lighting,Lighting,FRACTION,Sun|Hol,41640,42004,Hourly,0.05,0.05,0.05,0.05,0.05,0.05,0.05,0.05,0.5,0.9,0.9,0.9,0.9,0.5,0.05,0.05,0.05,0.05,0.05,0.05,0.05,0.05,0.05,0.05,,,,,,,,,,,,,,,,,,,,,,,,,,,,,,,,,,,,,,,,,,,,,,,,,,,,,,,,,,,,,,,,,,,,
NECB-I-Occupancy,Occupancy,FRACTION,Default|Wkdy,41640,42004,Hourly,0.1,0,0,0,0,0,0,0,0,0,0,0,0,0,0,0.1,0.1,0.1,0.4,0.8,0.8,0.8,0.6,0.4,,,,,,,,,,,,,,,,,,,,,,,,,,,,,,,,,,,,,,,,,,,,,,,,,,,,,,,,,,,,,,,,,,,,
NECB-I-Occupancy,Occupancy,FRACTION,Sat,41640,42004,Hourly,0.1,0,0,0,0,0,0,0,0,0,0.1,0.1,0.1,0.4,0.6,0.8,0.6,0.4,0.2,0.4,0.8,0.8,0.6,0.4,,,,,,,,,,,,,,,,,,,,,,,,,,,,,,,,,,,,,,,,,,,,,,,,,,,,,,,,,,,,,,,,,,,,
NECB-I-Occupancy,Occupancy,FRACTION,Sun|Hol,41640,42004,Hourly,0,0,0,0,0,0,0,0,0.2,0.4,0.8,0.8,0.4,0.2,0,0,0,0,0,0,0,0,0,0,,,,,,,,,,,,,,,,,,,,,,,,,,,,,,,,,,,,,,,,,,,,,,,,,,,,,,,,,,,,,,,,,,,,
NECB-I-Processes,Processes,FRACTION,Default|Wkdy,41640,42004,Hourly,0.1,0.1,0.1,0.1,0.1,0.1,0.1,0.1,0.1,0.1,0.1,0.1,0.1,0.1,0.1,0.2,0.2,0.2,0.8,0.8,0.8,0.8,0.8,0.8,,,,,,,,,,,,,,,,,,,,,,,,,,,,,,,,,,,,,,,,,,,,,,,,,,,,,,,,,,,,,,,,,,,,
NECB-I-Processes,Processes,FRACTION,Sat,41640,42004,Hourly,0.1,0.1,0.1,0.1,0.1,0.1,0.1,0.1,0.1,0.1,0.2,0.2,0.2,0.8,0.8,0.8,0.8,0.8,0.8,0.8,0.8,0.8,0.8,0.8,,,,,,,,,,,,,,,,,,,,,,,,,,,,,,,,,,,,,,,,,,,,,,,,,,,,,,,,,,,,,,,,,,,,
NECB-I-Processes,Processes,FRACTION,Sun|Hol,41640,42004,Hourly,0.1,0.1,0.1,0.1,0.1,0.1,0.1,0.1,0.8,0.8,0.8,0.8,0.8,0.2,0.1,0.1,0.1,0.1,0.1,0.1,0.1,0.1,0.1,0.1,,,,,,,,,,,,,,,,,,,,,,,,,,,,,,,,,,,,,,,,,,,,,,,,,,,,,,,,,,,,,,,,,,,,
NECB-I-Service Water Heating,Service Water Heating,FRACTION,Default|Wkdy,41640,42004,Hourly,0.2,0.05,0.05,0.05,0.05,0.05,0.05,0.05,0.05,0.05,0.05,0.05,0.05,0.05,0.05,0.2,0.2,0.2,0.4,0.9,0.9,0.9,0.8,0.6,,,,,,,,,,,,,,,,,,,,,,,,,,,,,,,,,,,,,,,,,,,,,,,,,,,,,,,,,,,,,,,,,,,,
NECB-I-Service Water Heating,Service Water Heating,FRACTION,Sat,41640,42004,Hourly,0.2,0.05,0.05,0.05,0.05,0.05,0.05,0.05,0.05,0.05,0.2,0.2,0.2,0.4,0.8,0.9,0.8,0.6,0.4,0.4,0.9,0.9,0.8,0.6,,,,,,,,,,,,,,,,,,,,,,,,,,,,,,,,,,,,,,,,,,,,,,,,,,,,,,,,,,,,,,,,,,,,
NECB-I-Service Water Heating,Service Water Heating,FRACTION,Sun|Hol,41640,42004,Hourly,0.05,0.05,0.05,0.05,0.05,0.05,0.05,0.1,0.2,0.4,0.4,0.2,0.1,0.05,0.05,0.05,0.05,0.05,0.05,0.05,0.05,0.05,0.05,0.05,,,,,,,,,,,,,,,,,,,,,,,,,,,,,,,,,,,,,,,,,,,,,,,,,,,,,,,,,,,,,,,,,,,,
NECB-I-Thermostat Setpoint-Cooling,Thermostat Setpoint,TEMPERATURE,Default|Wkdy,41640,42004,Hourly,35,35,35,35,35,35,35,35,35,35,35,35,35,35,24,24,24,24,24,24,24,24,24,24,,,,,,,,,,,,,,,,,,,,,,,,,,,,,,,,,,,,,,,,,,,,,,,,,,,,,,,,,,,,,,,,,,,,
NECB-I-Thermostat Setpoint-Cooling,Thermostat Setpoint,TEMPERATURE,Sat,41640,42004,Hourly,35,35,35,35,35,35,35,35,35,35,24,24,24,24,24,24,24,24,24,24,24,24,24,24,,,,,,,,,,,,,,,,,,,,,,,,,,,,,,,,,,,,,,,,,,,,,,,,,,,,,,,,,,,,,,,,,,,,
NECB-I-Thermostat Setpoint-Cooling,Thermostat Setpoint,TEMPERATURE,Sun|Hol,41640,42004,Hourly,35,35,35,35,35,35,35,24,24,24,24,24,24,24,35,35,35,35,35,35,35,35,35,35,,,,,,,,,,,,,,,,,,,,,,,,,,,,,,,,,,,,,,,,,,,,,,,,,,,,,,,,,,,,,,,,,,,,
NECB-I-Thermostat Setpoint-Heating,Thermostat Setpoint,TEMPERATURE,Default|Wkdy,41640,42004,Hourly,18,18,18,18,18,18,18,18,18,18,18,18,18,18,20,22,22,22,22,22,22,22,22,22,,,,,,,,,,,,,,,,,,,,,,,,,,,,,,,,,,,,,,,,,,,,,,,,,,,,,,,,,,,,,,,,,,,,
NECB-I-Thermostat Setpoint-Heating,Thermostat Setpoint,TEMPERATURE,Sat,41640,42004,Hourly,18,18,18,18,18,18,18,18,18,18,20,22,22,22,22,22,22,22,22,22,22,22,22,22,,,,,,,,,,,,,,,,,,,,,,,,,,,,,,,,,,,,,,,,,,,,,,,,,,,,,,,,,,,,,,,,,,,,
NECB-I-Thermostat Setpoint-Heating,Thermostat Setpoint,TEMPERATURE,Sun|Hol,41640,42004,Hourly,18,18,18,18,18,18,18,20,22,22,22,22,22,22,18,18,18,18,18,18,18,18,18,18,,,,,,,,,,,,,,,,,,,,,,,,,,,,,,,,,,,,,,,,,,,,,,,,,,,,,,,,,,,,,,,,,,,,
Office Bldg Equip,Equipment,,Default,41640,42004,Hourly,0.4,0.4,0.4,0.4,0.4,0.4,0.4,0.4,0.9,0.9,0.9,0.9,0.8,0.9,0.9,0.9,0.9,0.8,0.6,0.6,0.5,0.5,0.4,0.4,From DOE Reference Buildings ,,,,,,,,,,,,,,,,,,,,,,,,,,,,,,,,,,,,,,,,,,,,,,,,,,,,,,,,,,,,,,,,,,,
Office Bldg Equip,Equipment,,Sat,41640,42004,Hourly,0.3,0.3,0.3,0.3,0.3,0.3,0.4,0.4,0.5,0.5,0.5,0.5,0.5,0.5,0.35,0.35,0.35,0.3,0.3,0.3,0.3,0.3,0.3,0.3,From DOE Reference Buildings ,,,,,,,,,,,,,,,,,,,,,,,,,,,,,,,,,,,,,,,,,,,,,,,,,,,,,,,,,,,,,,,,,,,
Office Bldg Equip,Equipment,,SmrDsn,41640,42004,Constant,1,,,,,,,,,,,,,,,,,,,,,,,,From DOE Reference Buildings ,,,,,,,,,,,,,,,,,,,,,,,,,,,,,,,,,,,,,,,,,,,,,,,,,,,,,,,,,,,,,,,,,,,
Office Bldg Equip,Equipment,,Sun,41640,42004,Constant,0.3,,,,,,,,,,,,,,,,,,,,,,,,From DOE Reference Buildings ,,,,,,,,,,,,,,,,,,,,,,,,,,,,,,,,,,,,,,,,,,,,,,,,,,,,,,,,,,,,,,,,,,,
Office Bldg Equip,Equipment,,WntrDsn,41640,42004,Constant,0,,,,,,,,,,,,,,,,,,,,,,,,From DOE Reference Buildings ,,,,,,,,,,,,,,,,,,,,,,,,,,,,,,,,,,,,,,,,,,,,,,,,,,,,,,,,,,,,,,,,,,,
Office Bldg Light,Lighting,,Default,41640,42004,Hourly,0.05,0.05,0.05,0.05,0.05,0.1,0.1,0.3,0.9,0.9,0.9,0.9,0.9,0.9,0.9,0.9,0.9,0.5,0.3,0.3,0.2,0.2,0.1,0.05,From DOE Reference Buildings ,,,,,,,,,,,,,,,,,,,,,,,,,,,,,,,,,,,,,,,,,,,,,,,,,,,,,,,,,,,,,,,,,,,
Office Bldg Light,Lighting,,Sat,41640,42004,Hourly,0.05,0.05,0.05,0.05,0.05,0.05,0.1,0.1,0.3,0.3,0.3,0.3,0.15,0.15,0.15,0.15,0.15,0.05,0.05,0.05,0.05,0.05,0.05,0.05,From DOE Reference Buildings ,,,,,,,,,,,,,,,,,,,,,,,,,,,,,,,,,,,,,,,,,,,,,,,,,,,,,,,,,,,,,,,,,,,
Office Bldg Light,Lighting,,SmrDsn,41640,42004,Constant,1,,,,,,,,,,,,,,,,,,,,,,,,From DOE Reference Buildings ,,,,,,,,,,,,,,,,,,,,,,,,,,,,,,,,,,,,,,,,,,,,,,,,,,,,,,,,,,,,,,,,,,,
Office Bldg Light,Lighting,,Sun,41640,42004,Constant,0.05,,,,,,,,,,,,,,,,,,,,,,,,From DOE Reference Buildings ,,,,,,,,,,,,,,,,,,,,,,,,,,,,,,,,,,,,,,,,,,,,,,,,,,,,,,,,,,,,,,,,,,,
Office Bldg Light,Lighting,,WntrDsn,41640,42004,Constant,0,,,,,,,,,,,,,,,,,,,,,,,,From DOE Reference Buildings ,,,,,,,,,,,,,,,,,,,,,,,,,,,,,,,,,,,,,,,,,,,,,,,,,,,,,,,,,,,,,,,,,,,
Office Infil Quarter On,Infiltration,,Default|SmrDsn,41640,42004,Hourly,1,1,1,1,1,1,0.25,0.25,0.25,0.25,0.25,0.25,0.25,0.25,0.25,0.25,0.25,0.25,0.25,0.25,0.25,0.25,1,1,From DOE Reference Buildings ,,,,,,,,,,,,,,,,,,,,,,,,,,,,,,,,,,,,,,,,,,,,,,,,,,,,,,,,,,,,,,,,,,,
Office Infil Quarter On,Infiltration,,Sun,41640,42004,Constant,1,,,,,,,,,,,,,,,,,,,,,,,,From DOE Reference Buildings ,,,,,,,,,,,,,,,,,,,,,,,,,,,,,,,,,,,,,,,,,,,,,,,,,,,,,,,,,,,,,,,,,,,
Office Infil Quarter On,Infiltration,,WntrDsn|Sat,41640,42004,Hourly,1,1,1,1,1,1,0.25,0.25,0.25,0.25,0.25,0.25,0.25,0.25,0.25,0.25,0.25,0.25,1,1,1,1,1,1,From DOE Reference Buildings ,,,,,,,,,,,,,,,,,,,,,,,,,,,,,,,,,,,,,,,,,,,,,,,,,,,,,,,,,,,,,,,,,,,
Office Misc Occ,Occupancy,,Default,41640,42004,Hourly,0,0,0,0,0,0,0.100000001,0.200000003,0.400000006,0.400000006,0.400000006,0.400000006,0.400000006,0.400000006,0.400000006,0.400000006,0.400000006,0.400000006,0.400000006,0.400000006,0.100000001,0.100000001,0.050000001,0.050000001,From DOE Reference Buildings ,,,,,,,,,,,,,,,,,,,,,,,,,,,,,,,,,,,,,,,,,,,,,,,,,,,,,,,,,,,,,,,,,,,
Office Misc Occ,Occupancy,,Sat,41640,42004,Hourly,0,0,0,0,0,0,0.100000001,0.100000001,0.25,0.25,0.25,0.25,0.25,0.25,0.100000001,0.100000001,0.100000001,0,0,0,0,0,0,0,From DOE Reference Buildings ,,,,,,,,,,,,,,,,,,,,,,,,,,,,,,,,,,,,,,,,,,,,,,,,,,,,,,,,,,,,,,,,,,,
Office Misc Occ,Occupancy,,SmrDsn,41640,42004,Hourly,0,0,0,0,0,0,1,1,1,1,1,1,1,1,1,1,1,1,1,1,1,1,0.05,0.05,From DOE Reference Buildings ,,,,,,,,,,,,,,,,,,,,,,,,,,,,,,,,,,,,,,,,,,,,,,,,,,,,,,,,,,,,,,,,,,,
Office Misc Occ,Occupancy,,WntrDsn|Sun,41640,42004,Constant,0,,,,,,,,,,,,,,,,,,,,,,,,From DOE Reference Buildings ,,,,,,,,,,,,,,,,,,,,,,,,,,,,,,,,,,,,,,,,,,,,,,,,,,,,,,,,,,,,,,,,,,,
Office Work Occ,Occupancy,,Default,41640,42004,Hourly,0,0,0,0,0,0,0.100000001,0.200000003,0.850000024,0.850000024,0.850000024,0.850000024,0.5,0.850000024,0.850000024,0.850000024,0.850000024,0.699999988,0.400000006,0.400000006,0.100000001,0.100000001,0.050000001,0.050000001,From DOE Reference Buildings ,,,,,,,,,,,,,,,,,,,,,,,,,,,,,,,,,,,,,,,,,,,,,,,,,,,,,,,,,,,,,,,,,,,
Office Work Occ,Occupancy,,Sat,41640,42004,Hourly,0,0,0,0,0,0,0.100000001,0.100000001,0.400000006,0.400000006,0.400000006,0.400000006,0.400000006,0.400000006,0.100000001,0.100000001,0.100000001,0,0,0,0,0,0,0,From DOE Reference Buildings ,,,,,,,,,,,,,,,,,,,,,,,,,,,,,,,,,,,,,,,,,,,,,,,,,,,,,,,,,,,,,,,,,,,
Office Work Occ,Occupancy,,SmrDsn,41640,42004,Hourly,0,0,0,0,0,0,1,1,1,1,1,1,1,1,1,1,1,1,1,1,1,1,0.05,0.05,From DOE Reference Buildings ,,,,,,,,,,,,,,,,,,,,,,,,,,,,,,,,,,,,,,,,,,,,,,,,,,,,,,,,,,,,,,,,,,,
Office Work Occ,Occupancy,,WntrDsn|Sun,41640,42004,Constant,0,,,,,,,,,,,,,,,,,,,,,,,,From DOE Reference Buildings ,,,,,,,,,,,,,,,,,,,,,,,,,,,,,,,,,,,,,,,,,,,,,,,,,,,,,,,,,,,,,,,,,,,
OfficeLarge AIR_VELO_SCH,Unknown,W,Default|WntrDsn|SmrDsn,41640,42004,Constant,0.2,,,,,,,,,,,,,,,,,,,,,,,,From DOE Prototype Buildings,,,,,,,,,,,,,,,,,,,,,,,,,,,,,,,,,,,,,,,,,,,,,,,,,,,,,,,,,,,,,,,,,,,
OfficeLarge ALWAYS_OFF,Unknown,,Default|WntrDsn|SmrDsn,41640,42004,Constant,0,,,,,,,,,,,,,,,,,,,,,,,,From DOE Prototype Buildings,,,,,,,,,,,,,,,,,,,,,,,,,,,,,,,,,,,,,,,,,,,,,,,,,,,,,,,,,,,,,,,,,,,
OfficeLarge ALWAYS_ON,Unknown,,Default|WntrDsn|SmrDsn,41640,42004,Constant,1,,,,,,,,,,,,,,,,,,,,,,,,From DOE Prototype Buildings,,,,,,,,,,,,,,,,,,,,,,,,,,,,,,,,,,,,,,,,,,,,,,,,,,,,,,,,,,,,,,,,,,,
OfficeLarge BLDG_ELEVATORS,Elevator,,Default,41640,42004,Hourly,0.05,0.05,0.05,0.05,0.1,0.2,0.4,0.5,0.5,0.35,0.15,0.15,0.15,0.15,0.15,0.15,0.35,0.5,0.5,0.4,0.4,0.3,0.2,0.1,From DOE Prototype Buildings,,,,,,,,,,,,,,,,,,,,,,,,,,,,,,,,,,,,,,,,,,,,,,,,,,,,,,,,,,,,,,,,,,,
OfficeLarge BLDG_ELEVATORS,Elevator,,SmrDsn,41640,42004,Constant,0.5,,,,,,,,,,,,,,,,,,,,,,,,From DOE Prototype Buildings,,,,,,,,,,,,,,,,,,,,,,,,,,,,,,,,,,,,,,,,,,,,,,,,,,,,,,,,,,,,,,,,,,,
OfficeLarge BLDG_ELEVATORS,Elevator,,WntrDsn,41640,42004,Constant,0.05,,,,,,,,,,,,,,,,,,,,,,,,From DOE Prototype Buildings,,,,,,,,,,,,,,,,,,,,,,,,,,,,,,,,,,,,,,,,,,,,,,,,,,,,,,,,,,,,,,,,,,,
OfficeLarge BLDG_EQUIP_SCH,Equipment,,Default,41640,42004,Constant,0.3,,,,,,,,,,,,,,,,,,,,,,,,From DOE Prototype Buildings,,,,,,,,,,,,,,,,,,,,,,,,,,,,,,,,,,,,,,,,,,,,,,,,,,,,,,,,,,,,,,,,,,,
OfficeLarge BLDG_EQUIP_SCH,Equipment,,Sat,41640,42004,Hourly,0.3,0.3,0.3,0.3,0.3,0.3,0.4,0.4,0.5,0.5,0.5,0.5,0.35,0.35,0.35,0.35,0.35,0.3,0.3,0.3,0.3,0.3,0.3,0.3,From DOE Prototype Buildings,,,,,,,,,,,,,,,,,,,,,,,,,,,,,,,,,,,,,,,,,,,,,,,,,,,,,,,,,,,,,,,,,,,
OfficeLarge BLDG_EQUIP_SCH,Equipment,,SmrDsn,41640,42004,Constant,1,,,,,,,,,,,,,,,,,,,,,,,,From DOE Prototype Buildings,,,,,,,,,,,,,,,,,,,,,,,,,,,,,,,,,,,,,,,,,,,,,,,,,,,,,,,,,,,,,,,,,,,
OfficeLarge BLDG_EQUIP_SCH,Equipment,,Wkdy,41640,42004,Hourly,0.4,0.4,0.4,0.4,0.4,0.4,0.4,0.4,0.9,0.9,0.9,0.9,0.8,0.9,0.9,0.9,0.9,0.5,0.4,0.4,0.4,0.4,0.4,0.4,From DOE Prototype Buildings,,,,,,,,,,,,,,,,,,,,,,,,,,,,,,,,,,,,,,,,,,,,,,,,,,,,,,,,,,,,,,,,,,,
OfficeLarge BLDG_EQUIP_SCH,Equipment,,WntrDsn,41640,42004,Constant,0,,,,,,,,,,,,,,,,,,,,,,,,From DOE Prototype Buildings,,,,,,,,,,,,,,,,,,,,,,,,,,,,,,,,,,,,,,,,,,,,,,,,,,,,,,,,,,,,,,,,,,,
OfficeLarge BLDG_LIGHT_SCH,Lighting,,Default,41640,42004,Constant,0.05,,,,,,,,,,,,,,,,,,,,,,,,From DOE Prototype Buildings,,,,,,,,,,,,,,,,,,,,,,,,,,,,,,,,,,,,,,,,,,,,,,,,,,,,,,,,,,,,,,,,,,,
OfficeLarge BLDG_LIGHT_SCH,Lighting,,Sat,41640,42004,Hourly,0.05,0.05,0.05,0.05,0.05,0.05,0.1,0.1,0.3,0.3,0.3,0.3,0.15,0.15,0.15,0.15,0.15,0.05,0.05,0.05,0.05,0.05,0.05,0.05,From DOE Prototype Buildings,,,,,,,,,,,,,,,,,,,,,,,,,,,,,,,,,,,,,,,,,,,,,,,,,,,,,,,,,,,,,,,,,,,
OfficeLarge BLDG_LIGHT_SCH,Lighting,,SmrDsn,41640,42004,Constant,1,,,,,,,,,,,,,,,,,,,,,,,,From DOE Prototype Buildings,,,,,,,,,,,,,,,,,,,,,,,,,,,,,,,,,,,,,,,,,,,,,,,,,,,,,,,,,,,,,,,,,,,
OfficeLarge BLDG_LIGHT_SCH,Lighting,,Wkdy,41640,42004,Hourly,0.05,0.05,0.05,0.05,0.05,0.1,0.1,0.3,0.9,0.9,0.9,0.9,0.9,0.9,0.9,0.9,0.9,0.5,0.3,0.3,0.2,0.2,0.1,0.05,From DOE Prototype Buildings,,,,,,,,,,,,,,,,,,,,,,,,,,,,,,,,,,,,,,,,,,,,,,,,,,,,,,,,,,,,,,,,,,,
OfficeLarge BLDG_LIGHT_SCH,Lighting,,WntrDsn,41640,42004,Constant,0,,,,,,,,,,,,,,,,,,,,,,,,From DOE Prototype Buildings,,,,,,,,,,,,,,,,,,,,,,,,,,,,,,,,,,,,,,,,,,,,,,,,,,,,,,,,,,,,,,,,,,,
OfficeLarge BLDG_OCC_SCH,Occupancy,,Default,41640,42004,Hourly,0,0,0,0,0,0,0.05,0.05,0.05,0.05,0.05,0.05,0.05,0.05,0.05,0.05,0.05,0.05,0,0,0,0,0,0,From DOE Prototype Buildings,,,,,,,,,,,,,,,,,,,,,,,,,,,,,,,,,,,,,,,,,,,,,,,,,,,,,,,,,,,,,,,,,,,
OfficeLarge BLDG_OCC_SCH,Occupancy,,Sat,41640,42004,Hourly,0,0,0,0,0,0,0.1,0.1,0.3,0.3,0.3,0.3,0.1,0.1,0.1,0.1,0.1,0.05,0.05,0,0,0,0,0,From DOE Prototype Buildings,,,,,,,,,,,,,,,,,,,,,,,,,,,,,,,,,,,,,,,,,,,,,,,,,,,,,,,,,,,,,,,,,,,
OfficeLarge BLDG_OCC_SCH,Occupancy,,SmrDsn,41640,42004,Hourly,0,0,0,0,0,0,1,1,1,1,1,1,1,1,1,1,1,1,1,1,1,1,0.05,0.05,From DOE Prototype Buildings,,,,,,,,,,,,,,,,,,,,,,,,,,,,,,,,,,,,,,,,,,,,,,,,,,,,,,,,,,,,,,,,,,,
OfficeLarge BLDG_OCC_SCH,Occupancy,,Wkdy,41640,42004,Hourly,0,0,0,0,0,0,0.1,0.2,0.95,0.95,0.95,0.95,0.5,0.95,0.95,0.95,0.95,0.3,0.1,0.1,0.1,0.1,0.05,0.05,From DOE Prototype Buildings,,,,,,,,,,,,,,,,,,,,,,,,,,,,,,,,,,,,,,,,,,,,,,,,,,,,,,,,,,,,,,,,,,,
OfficeLarge BLDG_OCC_SCH,Occupancy,,WntrDsn,41640,42004,Constant,0,,,,,,,,,,,,,,,,,,,,,,,,From DOE Prototype Buildings,,,,,,,,,,,,,,,,,,,,,,,,,,,,,,,,,,,,,,,,,,,,,,,,,,,,,,,,,,,,,,,,,,,
OfficeLarge BLDG_SWH_SCH,Service Water Heating,,Default,41640,42004,Hourly,0,0,0,0,0,0,0.07,0.04,0.04,0.04,0.04,0.06,0.06,0.09,0.06,0.04,0.04,0.04,0.04,0.04,0.04,0.07,0.04,0.04,From DOE Prototype Buildings,,,,,,,,,,,,,,,,,,,,,,,,,,,,,,,,,,,,,,,,,,,,,,,,,,,,,,,,,,,,,,,,,,,
OfficeLarge BLDG_SWH_SCH,Service Water Heating,,SmrDsn|Wkdy,41640,42004,Hourly,0,0,0,0,0,0,0.07,0.19,0.35,0.38,0.39,0.47,0.57,0.54,0.34,0.33,0.44,0.26,0.21,0.15,0.17,0.08,0.05,0.05,From DOE Prototype Buildings,,,,,,,,,,,,,,,,,,,,,,,,,,,,,,,,,,,,,,,,,,,,,,,,,,,,,,,,,,,,,,,,,,,
OfficeLarge BLDG_SWH_SCH,Service Water Heating,,WntrDsn|Sat,41640,42004,Hourly,0,0,0,0,0,0,0.07,0.11,0.15,0.21,0.19,0.23,0.2,0.19,0.15,0.13,0.14,0.07,0.07,0.07,0.07,0.09,0.05,0.05,From DOE Prototype Buildings,,,,,,,,,,,,,,,,,,,,,,,,,,,,,,,,,,,,,,,,,,,,,,,,,,,,,,,,,,,,,,,,,,,
OfficeLarge CLGSETP_DC_SCH,Thermostat Setpoint,C,Default,41640,42004,Constant,0,,,,,,,,,,,,,,,,,,,,,,,,From DOE Prototype Buildings,,,,,,,,,,,,,,,,,,,,,,,,,,,,,,,,,,,,,,,,,,,,,,,,,,,,,,,,,,,,,,,,,,,
OfficeLarge CLGSETP_DC_SCH,Thermostat Setpoint,C,WntrDsn|SmrDsn,41640,42004,Constant,27,,,,,,,,,,,,,,,,,,,,,,,,From DOE Prototype Buildings,,,,,,,,,,,,,,,,,,,,,,,,,,,,,,,,,,,,,,,,,,,,,,,,,,,,,,,,,,,,,,,,,,,
OfficeLarge CLGSETP_SCH_CAV_bas,Thermostat Setpoint,C,Default|WntrDsn,41640,42004,Constant,26.7,,,,,,,,,,,,,,,,,,,,,,,,From DOE Prototype Buildings,,,,,,,,,,,,,,,,,,,,,,,,,,,,,,,,,,,,,,,,,,,,,,,,,,,,,,,,,,,,,,,,,,,
OfficeLarge CLGSETP_SCH_CAV_bas,Thermostat Setpoint,C,Sat,41640,42004,Hourly,26.7,26.7,26.7,26.7,24,24,24,24,24,24,24,24,24,24,24,24,24,26.7,26.7,26.7,26.7,26.7,26.7,26.7,From DOE Prototype Buildings,,,,,,,,,,,,,,,,,,,,,,,,,,,,,,,,,,,,,,,,,,,,,,,,,,,,,,,,,,,,,,,,,,,
OfficeLarge CLGSETP_SCH_CAV_bas,Thermostat Setpoint,C,SmrDsn,41640,42004,Hourly,26.7,26.7,26.7,26.7,26.7,25.7,25,24,24,24,24,24,24,24,24,24,24,24,24,24,24,24,26.7,26.7,From DOE Prototype Buildings,,,,,,,,,,,,,,,,,,,,,,,,,,,,,,,,,,,,,,,,,,,,,,,,,,,,,,,,,,,,,,,,,,,
OfficeLarge CLGSETP_SCH_CAV_bas,Thermostat Setpoint,C,Wkdy,41640,42004,Hourly,26.7,26.7,26.7,26.7,24,24,24,24,24,24,24,24,24,24,24,24,24,24,24,24,24,24,26.7,26.7,From DOE Prototype Buildings,,,,,,,,,,,,,,,,,,,,,,,,,,,,,,,,,,,,,,,,,,,,,,,,,,,,,,,,,,,,,,,,,,,
OfficeLarge CLGSETP_SCH_NO_OPTIMUM,Thermostat Setpoint,C,Default|WntrDsn,41640,42004,Constant,26.7,,,,,,,,,,,,,,,,,,,,,,,,From DOE Prototype Buildings,,,,,,,,,,,,,,,,,,,,,,,,,,,,,,,,,,,,,,,,,,,,,,,,,,,,,,,,,,,,,,,,,,,
OfficeLarge CLGSETP_SCH_NO_OPTIMUM,Thermostat Setpoint,C,Sat,41640,42004,Hourly,26.7,26.7,26.7,26.7,24,24,24,24,24,24,24,24,24,24,24,24,24,26.7,26.7,26.7,26.7,26.7,26.7,26.7,From DOE Prototype Buildings,,,,,,,,,,,,,,,,,,,,,,,,,,,,,,,,,,,,,,,,,,,,,,,,,,,,,,,,,,,,,,,,,,,
OfficeLarge CLGSETP_SCH_NO_OPTIMUM,Thermostat Setpoint,C,SmrDsn,41640,42004,Hourly,26.7,26.7,26.7,26.7,26.7,25.7,25,24,24,24,24,24,24,24,24,24,24,24,24,24,24,24,26.7,26.7,From DOE Prototype Buildings,,,,,,,,,,,,,,,,,,,,,,,,,,,,,,,,,,,,,,,,,,,,,,,,,,,,,,,,,,,,,,,,,,,
OfficeLarge CLGSETP_SCH_NO_OPTIMUM,Thermostat Setpoint,C,Wkdy,41640,42004,Hourly,26.7,26.7,26.7,26.7,24,24,24,24,24,24,24,24,24,24,24,24,24,24,24,24,24,24,26.7,26.7,From DOE Prototype Buildings,,,,,,,,,,,,,,,,,,,,,,,,,,,,,,,,,,,,,,,,,,,,,,,,,,,,,,,,,,,,,,,,,,,
OfficeLarge CLGSETP_SCH_NO_SETBACK,Thermostat Setpoint,C,Default|WntrDsn|Sat|Wkdy,41640,42004,Constant,24,,,,,,,,,,,,,,,,,,,,,,,,From DOE Prototype Buildings,,,,,,,,,,,,,,,,,,,,,,,,,,,,,,,,,,,,,,,,,,,,,,,,,,,,,,,,,,,,,,,,,,,
OfficeLarge CLGSETP_SCH_NO_SETBACK,Thermostat Setpoint,C,SmrDsn,41640,42004,Hourly,26.7,26.7,26.7,26.7,26.7,25.7,25,24,24,24,24,24,24,24,24,24,24,24,24,24,24,24,26.7,26.7,From DOE Prototype Buildings,,,,,,,,,,,,,,,,,,,,,,,,,,,,,,,,,,,,,,,,,,,,,,,,,,,,,,,,,,,,,,,,,,,
OfficeLarge CLGSETP_SCH_YES_OPTIMUM,Thermostat Setpoint,C,Default|WntrDsn,41640,42004,Constant,26.7,,,,,,,,,,,,,,,,,,,,,,,,From DOE Prototype Buildings,,,,,,,,,,,,,,,,,,,,,,,,,,,,,,,,,,,,,,,,,,,,,,,,,,,,,,,,,,,,,,,,,,,
OfficeLarge CLGSETP_SCH_YES_OPTIMUM,Thermostat Setpoint,C,Sat,41640,42004,Hourly,26.7,26.7,26.7,26.7,25.6,25,24,24,24,24,24,24,24,24,24,24,24,26.7,26.7,26.7,26.7,26.7,26.7,26.7,From DOE Prototype Buildings,,,,,,,,,,,,,,,,,,,,,,,,,,,,,,,,,,,,,,,,,,,,,,,,,,,,,,,,,,,,,,,,,,,
OfficeLarge CLGSETP_SCH_YES_OPTIMUM,Thermostat Setpoint,C,SmrDsn,41640,42004,Hourly,26.7,26.7,26.7,26.7,26.7,25.7,25,24,24,24,24,24,24,24,24,24,24,24,24,24,24,24,26.7,26.7,From DOE Prototype Buildings,,,,,,,,,,,,,,,,,,,,,,,,,,,,,,,,,,,,,,,,,,,,,,,,,,,,,,,,,,,,,,,,,,,
OfficeLarge CLGSETP_SCH_YES_OPTIMUM,Thermostat Setpoint,C,Wkdy,41640,42004,Hourly,26.7,26.7,26.7,26.7,25.6,25,24,24,24,24,24,24,24,24,24,24,24,24,24,24,24,24,26.7,26.7,From DOE Prototype Buildings,,,,,,,,,,,,,,,,,,,,,,,,,,,,,,,,,,,,,,,,,,,,,,,,,,,,,,,,,,,,,,,,,,,
OfficeLarge CLGSETP_SCH_YES_OPTIMUM_original,Thermostat Setpoint,C,Default|WntrDsn,41640,42004,Constant,26.7,,,,,,,,,,,,,,,,,,,,,,,,From DOE Prototype Buildings,,,,,,,,,,,,,,,,,,,,,,,,,,,,,,,,,,,,,,,,,,,,,,,,,,,,,,,,,,,,,,,,,,,
OfficeLarge CLGSETP_SCH_YES_OPTIMUM_original,Thermostat Setpoint,C,Sat,41640,42004,Hourly,26.7,26.7,26.7,26.7,25.6,25,24,24,24,24,24,24,24,24,24,24,24,26.7,26.7,26.7,26.7,26.7,26.7,26.7,From DOE Prototype Buildings,,,,,,,,,,,,,,,,,,,,,,,,,,,,,,,,,,,,,,,,,,,,,,,,,,,,,,,,,,,,,,,,,,,
OfficeLarge CLGSETP_SCH_YES_OPTIMUM_original,Thermostat Setpoint,C,SmrDsn,41640,42004,Hourly,26.7,26.7,26.7,26.7,26.7,25.7,25,24,24,24,24,24,24,24,24,24,24,24,24,24,24,24,26.7,26.7,From DOE Prototype Buildings,,,,,,,,,,,,,,,,,,,,,,,,,,,,,,,,,,,,,,,,,,,,,,,,,,,,,,,,,,,,,,,,,,,
OfficeLarge CLGSETP_SCH_YES_OPTIMUM_original,Thermostat Setpoint,C,Wkdy,41640,42004,Hourly,26.7,26.7,26.7,26.7,25.6,25,24,24,24,24,24,24,24,24,24,24,24,24,24,24,24,24,26.7,26.7,From DOE Prototype Buildings,,,,,,,,,,,,,,,,,,,,,,,,,,,,,,,,,,,,,,,,,,,,,,,,,,,,,,,,,,,,,,,,,,,
OfficeLarge CLOTHING_SCH,Clothing,W,Default|SmrDsn,41640,42004,Constant,0.5,,,,,,,,,,,,,,,,,,,,,,,,From DOE Prototype Buildings,,,,,,,,,,,,,,,,,,,,,,,,,,,,,,,,,,,,,,,,,,,,,,,,,,,,,,,,,,,,,,,,,,,
OfficeLarge CLOTHING_SCH,Clothing,W,Wknd|Wkdy,41913,42004,Constant,1,,,,,,,,,,,,,,,,,,,,,,,,From DOE Prototype Buildings,,,,,,,,,,,,,,,,,,,,,,,,,,,,,,,,,,,,,,,,,,,,,,,,,,,,,,,,,,,,,,,,,,,
OfficeLarge CLOTHING_SCH,Clothing,W,Wknd|Wkdy,41640,41759,Constant,1,,,,,,,,,,,,,,,,,,,,,,,,From DOE Prototype Buildings,,,,,,,,,,,,,,,,,,,,,,,,,,,,,,,,,,,,,,,,,,,,,,,,,,,,,,,,,,,,,,,,,,,
OfficeLarge CLOTHING_SCH,Clothing,W,WntrDsn,41640,42004,Constant,1,,,,,,,,,,,,,,,,,,,,,,,,From DOE Prototype Buildings,,,,,,,,,,,,,,,,,,,,,,,,,,,,,,,,,,,,,,,,,,,,,,,,,,,,,,,,,,,,,,,,,,,
OfficeLarge CoolingCoilAvailSched,Unknown,,Default|WntrDsn|SmrDsn,41640,42004,Constant,1,,,,,,,,,,,,,,,,,,,,,,,,From DOE Prototype Buildings,,,,,,,,,,,,,,,,,,,,,,,,,,,,,,,,,,,,,,,,,,,,,,,,,,,,,,,,,,,,,,,,,,,
OfficeLarge Cool-Supply-Air-Temp-Sch,Unknown,C,Default|WntrDsn|SmrDsn,41640,42004,Constant,12.8,,,,,,,,,,,,,,,,,,,,,,,,From DOE Prototype Buildings,,,,,,,,,,,,,,,,,,,,,,,,,,,,,,,,,,,,,,,,,,,,,,,,,,,,,,,,,,,,,,,,,,,
OfficeLarge Core_bottom sub cat Latent fract sched,Unknown,,Default|WntrDsn|SmrDsn,41640,42004,Constant,0.05,,,,,,,,,,,,,,,,,,,,,,,,From DOE Prototype Buildings,,,,,,,,,,,,,,,,,,,,,,,,,,,,,,,,,,,,,,,,,,,,,,,,,,,,,,,,,,,,,,,,,,,
OfficeLarge Core_bottom sub cat Sensible fract sched,Unknown,,Default|WntrDsn|SmrDsn,41640,42004,Constant,0.2,,,,,,,,,,,,,,,,,,,,,,,,From DOE Prototype Buildings,,,,,,,,,,,,,,,,,,,,,,,,,,,,,,,,,,,,,,,,,,,,,,,,,,,,,,,,,,,,,,,,,,,
OfficeLarge Core_bottom sub cat Temp Sched,Unknown,C,Default|WntrDsn|SmrDsn,41640,42004,Constant,60,,,,,,,,,,,,,,,,,,,,,,,,From DOE Prototype Buildings,,,,,,,,,,,,,,,,,,,,,,,,,,,,,,,,,,,,,,,,,,,,,,,,,,,,,,,,,,,,,,,,,,,
OfficeLarge Core_bottom sub catHot Supply Temp Sched,Unknown,C,Default|WntrDsn|SmrDsn,41640,42004,Constant,55,,,,,,,,,,,,,,,,,,,,,,,,From DOE Prototype Buildings,,,,,,,,,,,,,,,,,,,,,,,,,,,,,,,,,,,,,,,,,,,,,,,,,,,,,,,,,,,,,,,,,,,
OfficeLarge Core_mid sub cat Latent fract sched,Unknown,,Default|WntrDsn|SmrDsn,41640,42004,Constant,0.05,,,,,,,,,,,,,,,,,,,,,,,,From DOE Prototype Buildings,,,,,,,,,,,,,,,,,,,,,,,,,,,,,,,,,,,,,,,,,,,,,,,,,,,,,,,,,,,,,,,,,,,
OfficeLarge Core_mid sub cat Sensible fract sched,Unknown,,Default|WntrDsn|SmrDsn,41640,42004,Constant,0.2,,,,,,,,,,,,,,,,,,,,,,,,From DOE Prototype Buildings,,,,,,,,,,,,,,,,,,,,,,,,,,,,,,,,,,,,,,,,,,,,,,,,,,,,,,,,,,,,,,,,,,,
OfficeLarge Core_mid sub cat Temp Sched,Unknown,C,Default|WntrDsn|SmrDsn,41640,42004,Constant,60,,,,,,,,,,,,,,,,,,,,,,,,From DOE Prototype Buildings,,,,,,,,,,,,,,,,,,,,,,,,,,,,,,,,,,,,,,,,,,,,,,,,,,,,,,,,,,,,,,,,,,,
OfficeLarge Core_mid sub catHot Supply Temp Sched,Unknown,C,Default|WntrDsn|SmrDsn,41640,42004,Constant,55,,,,,,,,,,,,,,,,,,,,,,,,From DOE Prototype Buildings,,,,,,,,,,,,,,,,,,,,,,,,,,,,,,,,,,,,,,,,,,,,,,,,,,,,,,,,,,,,,,,,,,,
OfficeLarge Core_top sub cat Latent fract sched,Unknown,,Default|WntrDsn|SmrDsn,41640,42004,Constant,0.05,,,,,,,,,,,,,,,,,,,,,,,,From DOE Prototype Buildings,,,,,,,,,,,,,,,,,,,,,,,,,,,,,,,,,,,,,,,,,,,,,,,,,,,,,,,,,,,,,,,,,,,
OfficeLarge Core_top sub cat Sensible fract sched,Unknown,,Default|WntrDsn|SmrDsn,41640,42004,Constant,0.2,,,,,,,,,,,,,,,,,,,,,,,,From DOE Prototype Buildings,,,,,,,,,,,,,,,,,,,,,,,,,,,,,,,,,,,,,,,,,,,,,,,,,,,,,,,,,,,,,,,,,,,
OfficeLarge Core_top sub cat Temp Sched,Unknown,C,Default|WntrDsn|SmrDsn,41640,42004,Constant,60,,,,,,,,,,,,,,,,,,,,,,,,From DOE Prototype Buildings,,,,,,,,,,,,,,,,,,,,,,,,,,,,,,,,,,,,,,,,,,,,,,,,,,,,,,,,,,,,,,,,,,,
OfficeLarge Core_top sub catHot Supply Temp Sched,Unknown,C,Default|WntrDsn|SmrDsn,41640,42004,Constant,55,,,,,,,,,,,,,,,,,,,,,,,,From DOE Prototype Buildings,,,,,,,,,,,,,,,,,,,,,,,,,,,,,,,,,,,,,,,,,,,,,,,,,,,,,,,,,,,,,,,,,,,
OfficeLarge CW-Loop-Temp-Schedule,Unknown,C,Default|WntrDsn|SmrDsn,41640,42004,Constant,6.7,,,,,,,,,,,,,,,,,,,,,,,,From DOE Prototype Buildings,,,,,,,,,,,,,,,,,,,,,,,,,,,,,,,,,,,,,,,,,,,,,,,,,,,,,,,,,,,,,,,,,,,
OfficeLarge DataCenter_ExtraElecHeatC_Sch,Unknown,,Default|WntrDsn|SmrDsn,41640,42004,Constant,1,,,,,,,,,,,,,,,,,,,,,,,,From DOE Prototype Buildings,,,,,,,,,,,,,,,,,,,,,,,,,,,,,,,,,,,,,,,,,,,,,,,,,,,,,,,,,,,,,,,,,,,
OfficeLarge DataCenter_ExtraWaterHeatC_Sch,Unknown,,Default|WntrDsn|SmrDsn,41640,42004,Constant,1,,,,,,,,,,,,,,,,,,,,,,,,From DOE Prototype Buildings,,,,,,,,,,,,,,,,,,,,,,,,,,,,,,,,,,,,,,,,,,,,,,,,,,,,,,,,,,,,,,,,,,,
OfficeLarge DC_MinRelHumSetSch,Unknown,,Default|WntrDsn|SmrDsn,41640,42004,Constant,30,,,,,,,,,,,,,,,,,,,,,,,,From DOE Prototype Buildings,,,,,,,,,,,,,,,,,,,,,,,,,,,,,,,,,,,,,,,,,,,,,,,,,,,,,,,,,,,,,,,,,,,
OfficeLarge Dual Zone Control Type Sched,Unknown,,Default|WntrDsn|SmrDsn,41640,42004,Constant,4,,,,,,,,,,,,,,,,,,,,,,,,From DOE Prototype Buildings,,,,,,,,,,,,,,,,,,,,,,,,,,,,,,,,,,,,,,,,,,,,,,,,,,,,,,,,,,,,,,,,,,,
OfficeLarge ELEV_LIGHT_FAN_SCH_24_7,Lighting,,Default|WntrDsn|SmrDsn,41640,42004,Constant,1,,,,,,,,,,,,,,,,,,,,,,,,From DOE Prototype Buildings,,,,,,,,,,,,,,,,,,,,,,,,,,,,,,,,,,,,,,,,,,,,,,,,,,,,,,,,,,,,,,,,,,,
OfficeLarge ELEV_LIGHT_FAN_SCH_ADD_DF,Lighting,,Default,41640,42004,Hourly,0.05,0.05,0.05,0.05,0.1,0.2,0.4,0.5,0.5,0.35,0.15,0.15,0.15,0.15,0.15,0.15,0.35,0.5,0.5,0.4,0.4,0.3,0.2,0.1,From DOE Prototype Buildings,,,,,,,,,,,,,,,,,,,,,,,,,,,,,,,,,,,,,,,,,,,,,,,,,,,,,,,,,,,,,,,,,,,
OfficeLarge ELEV_LIGHT_FAN_SCH_ADD_DF,Lighting,,SmrDsn,41640,42004,Constant,0.5,,,,,,,,,,,,,,,,,,,,,,,,From DOE Prototype Buildings,,,,,,,,,,,,,,,,,,,,,,,,,,,,,,,,,,,,,,,,,,,,,,,,,,,,,,,,,,,,,,,,,,,
OfficeLarge ELEV_LIGHT_FAN_SCH_ADD_DF,Lighting,,WntrDsn,41640,42004,Constant,0.05,,,,,,,,,,,,,,,,,,,,,,,,From DOE Prototype Buildings,,,,,,,,,,,,,,,,,,,,,,,,,,,,,,,,,,,,,,,,,,,,,,,,,,,,,,,,,,,,,,,,,,,
OfficeLarge Exterior_Lgt_189_1,Unknown,,Default|WntrDsn|SmrDsn,41640,42004,Hourly,0.5,0.5,0.5,0.5,0.5,0.5,0.5,0.5,0.5,1,1,1,1,1,1,1,1,1,0.5,0.5,0.5,0.5,0.5,0.5,From DOE Prototype Buildings,,,,,,,,,,,,,,,,,,,,,,,,,,,,,,,,,,,,,,,,,,,,,,,,,,,,,,,,,,,,,,,,,,,
OfficeLarge Exterior_Lgt_ALWAYS_ON,Unknown,,Default|WntrDsn|SmrDsn,41640,42004,Constant,1,,,,,,,,,,,,,,,,,,,,,,,,From DOE Prototype Buildings,,,,,,,,,,,,,,,,,,,,,,,,,,,,,,,,,,,,,,,,,,,,,,,,,,,,,,,,,,,,,,,,,,,
OfficeLarge EXTERIOR_LIGHT_SCH,Lighting,,Default|WntrDsn|SmrDsn,41640,42004,Hourly,1,1,1,1,1,1,1,0,0,0,0,0,0,0,0,0,0,0,0,1,1,1,1,1,From DOE Prototype Buildings,,,,,,,,,,,,,,,,,,,,,,,,,,,,,,,,,,,,,,,,,,,,,,,,,,,,,,,,,,,,,,,,,,,
OfficeLarge Exterior_lighting_schedule_a,Lighting,,Default|WntrDsn|SmrDsn,41640,42004,Hourly,0,0,0,0,0,0,1,1,1,1,1,1,1,1,1,1,1,1,1,1,1,1,1,1,From DOE Prototype Buildings,,,,,,,,,,,,,,,,,,,,,,,,,,,,,,,,,,,,,,,,,,,,,,,,,,,,,,,,,,,,,,,,,,,
OfficeLarge Exterior_lighting_schedule_b,Lighting,,Default|WntrDsn|SmrDsn,41640,42004,Hourly,0,0,0,0,0,0,0.7,0.7,0.7,0.7,0.7,0.7,0.7,0.7,0.7,0.7,0.7,0.7,0.7,0.7,0.7,0.7,0.7,0.7,From DOE Prototype Buildings,,,,,,,,,,,,,,,,,,,,,,,,,,,,,,,,,,,,,,,,,,,,,,,,,,,,,,,,,,,,,,,,,,,
OfficeLarge FAN_SCH,Unknown,,Default|WntrDsn|SmrDsn,41640,42004,Constant,1,,,,,,,,,,,,,,,,,,,,,,,,From DOE Prototype Buildings,,,,,,,,,,,,,,,,,,,,,,,,,,,,,,,,,,,,,,,,,,,,,,,,,,,,,,,,,,,,,,,,,,,
OfficeLarge Heat-Supply-Air-Temp-Sch,Unknown,C,Default|WntrDsn|SmrDsn,41640,42004,Constant,12.8,,,,,,,,,,,,,,,,,,,,,,,,From DOE Prototype Buildings,,,,,,,,,,,,,,,,,,,,,,,,,,,,,,,,,,,,,,,,,,,,,,,,,,,,,,,,,,,,,,,,,,,
OfficeLarge Hours_of_operation,Operation,,Default,41640,42004,Constant,0,,,,,,,,,,,,,,,,,,,,,,,,From DOE Prototype Buildings,,,,,,,,,,,,,,,,,,,,,,,,,,,,,,,,,,,,,,,,,,,,,,,,,,,,,,,,,,,,,,,,,,,
OfficeLarge Hours_of_operation,Operation,,SmrDsn|Wkdy,41640,42004,Hourly,0,0,0,0,0,0,1,1,1,1,1,1,1,1,1,1,1,1,1,1,1,1,0,0,From DOE Prototype Buildings,,,,,,,,,,,,,,,,,,,,,,,,,,,,,,,,,,,,,,,,,,,,,,,,,,,,,,,,,,,,,,,,,,,
OfficeLarge Hours_of_operation,Operation,,WntrDsn|Sat,41640,42004,Hourly,0,0,0,0,0,0,1,1,1,1,1,1,1,1,1,1,1,1,0,0,0,0,0,0,From DOE Prototype Buildings,,,,,,,,,,,,,,,,,,,,,,,,,,,,,,,,,,,,,,,,,,,,,,,,,,,,,,,,,,,,,,,,,,,
OfficeLarge HTGSETP_DC_SCH,Thermostat Setpoint,C,Default|WntrDsn|SmrDsn,41640,42004,Constant,0,,,,,,,,,,,,,,,,,,,,,,,,From DOE Prototype Buildings,,,,,,,,,,,,,,,,,,,,,,,,,,,,,,,,,,,,,,,,,,,,,,,,,,,,,,,,,,,,,,,,,,,
OfficeLarge HTGSETP_SCH_CAV_bas,Thermostat Setpoint,C,Default|SmrDsn,41640,42004,Constant,15.6,,,,,,,,,,,,,,,,,,,,,,,,From DOE Prototype Buildings,,,,,,,,,,,,,,,,,,,,,,,,,,,,,,,,,,,,,,,,,,,,,,,,,,,,,,,,,,,,,,,,,,,
OfficeLarge HTGSETP_SCH_CAV_bas,Thermostat Setpoint,C,Sat,41640,42004,Hourly,15.6,15.6,15.6,15.6,21,21,21,21,21,21,21,21,21,21,21,21,21,15.6,15.6,15.6,15.6,15.6,15.6,15.6,From DOE Prototype Buildings,,,,,,,,,,,,,,,,,,,,,,,,,,,,,,,,,,,,,,,,,,,,,,,,,,,,,,,,,,,,,,,,,,,
OfficeLarge HTGSETP_SCH_CAV_bas,Thermostat Setpoint,C,Wkdy,41640,42004,Hourly,15.6,15.6,15.6,15.6,21,21,21,21,21,21,21,21,21,21,21,21,21,21,21,21,21,21,15.6,15.6,From DOE Prototype Buildings,,,,,,,,,,,,,,,,,,,,,,,,,,,,,,,,,,,,,,,,,,,,,,,,,,,,,,,,,,,,,,,,,,,
OfficeLarge HTGSETP_SCH_CAV_bas,Thermostat Setpoint,C,WntrDsn,41640,42004,Hourly,15.6,15.6,15.6,15.6,15.6,17.6,19.6,21,21,21,21,21,21,21,21,21,21,21,21,21,21,21,15.6,15.6,From DOE Prototype Buildings,,,,,,,,,,,,,,,,,,,,,,,,,,,,,,,,,,,,,,,,,,,,,,,,,,,,,,,,,,,,,,,,,,,
OfficeLarge HTGSETP_SCH_NO_OPTIMUM,Thermostat Setpoint,C,Default|SmrDsn,41640,42004,Constant,15.6,,,,,,,,,,,,,,,,,,,,,,,,From DOE Prototype Buildings,,,,,,,,,,,,,,,,,,,,,,,,,,,,,,,,,,,,,,,,,,,,,,,,,,,,,,,,,,,,,,,,,,,
OfficeLarge HTGSETP_SCH_NO_OPTIMUM,Thermostat Setpoint,C,Sat,41640,42004,Hourly,15.6,15.6,15.6,15.6,21,21,21,21,21,21,21,21,21,21,21,21,21,15.6,15.6,15.6,15.6,15.6,15.6,15.6,From DOE Prototype Buildings,,,,,,,,,,,,,,,,,,,,,,,,,,,,,,,,,,,,,,,,,,,,,,,,,,,,,,,,,,,,,,,,,,,
OfficeLarge HTGSETP_SCH_NO_OPTIMUM,Thermostat Setpoint,C,Wkdy,41640,42004,Hourly,15.6,15.6,15.6,15.6,21,21,21,21,21,21,21,21,21,21,21,21,21,21,21,21,21,21,15.6,15.6,From DOE Prototype Buildings,,,,,,,,,,,,,,,,,,,,,,,,,,,,,,,,,,,,,,,,,,,,,,,,,,,,,,,,,,,,,,,,,,,
OfficeLarge HTGSETP_SCH_NO_OPTIMUM,Thermostat Setpoint,C,WntrDsn,41640,42004,Hourly,15.6,15.6,15.6,15.6,15.6,17.6,19.6,21,21,21,21,21,21,21,21,21,21,21,21,21,21,21,15.6,15.6,From DOE Prototype Buildings,,,,,,,,,,,,,,,,,,,,,,,,,,,,,,,,,,,,,,,,,,,,,,,,,,,,,,,,,,,,,,,,,,,
OfficeLarge HTGSETP_SCH_YES_OPTIMUM,Thermostat Setpoint,C,Default|SmrDsn,41640,42004,Constant,15.6,,,,,,,,,,,,,,,,,,,,,,,,From DOE Prototype Buildings,,,,,,,,,,,,,,,,,,,,,,,,,,,,,,,,,,,,,,,,,,,,,,,,,,,,,,,,,,,,,,,,,,,
OfficeLarge HTGSETP_SCH_YES_OPTIMUM,Thermostat Setpoint,C,Sat,41640,42004,Hourly,15.6,15.6,15.6,15.6,17.8,20,21,21,21,21,21,21,21,21,21,21,21,15.6,15.6,15.6,15.6,15.6,15.6,15.6,From DOE Prototype Buildings,,,,,,,,,,,,,,,,,,,,,,,,,,,,,,,,,,,,,,,,,,,,,,,,,,,,,,,,,,,,,,,,,,,
OfficeLarge HTGSETP_SCH_YES_OPTIMUM,Thermostat Setpoint,C,Wkdy,41640,42004,Hourly,15.6,15.6,15.6,15.6,17.8,20,21,21,21,21,21,21,21,21,21,21,21,21,21,21,21,21,15.6,15.6,From DOE Prototype Buildings,,,,,,,,,,,,,,,,,,,,,,,,,,,,,,,,,,,,,,,,,,,,,,,,,,,,,,,,,,,,,,,,,,,
OfficeLarge HTGSETP_SCH_YES_OPTIMUM,Thermostat Setpoint,C,WntrDsn,41640,42004,Hourly,15.6,15.6,15.6,15.6,15.6,17.6,19.6,21,21,21,21,21,21,21,21,21,21,21,21,21,21,21,15.6,15.6,From DOE Prototype Buildings,,,,,,,,,,,,,,,,,,,,,,,,,,,,,,,,,,,,,,,,,,,,,,,,,,,,,,,,,,,,,,,,,,,
OfficeLarge HTGSETP_SCH_YES_OPTIMUM_original,Thermostat Setpoint,C,Default|SmrDsn,41640,42004,Constant,15.6,,,,,,,,,,,,,,,,,,,,,,,,From DOE Prototype Buildings,,,,,,,,,,,,,,,,,,,,,,,,,,,,,,,,,,,,,,,,,,,,,,,,,,,,,,,,,,,,,,,,,,,
OfficeLarge HTGSETP_SCH_YES_OPTIMUM_original,Thermostat Setpoint,C,Sat,41640,42004,Hourly,15.6,15.6,15.6,15.6,17.8,20,21,21,21,21,21,21,21,21,21,21,21,15.6,15.6,15.6,15.6,15.6,15.6,15.6,From DOE Prototype Buildings,,,,,,,,,,,,,,,,,,,,,,,,,,,,,,,,,,,,,,,,,,,,,,,,,,,,,,,,,,,,,,,,,,,
OfficeLarge HTGSETP_SCH_YES_OPTIMUM_original,Thermostat Setpoint,C,Wkdy,41640,42004,Hourly,15.6,15.6,15.6,15.6,17.8,20,21,21,21,21,21,21,21,21,21,21,21,21,21,21,21,21,15.6,15.6,From DOE Prototype Buildings,,,,,,,,,,,,,,,,,,,,,,,,,,,,,,,,,,,,,,,,,,,,,,,,,,,,,,,,,,,,,,,,,,,
OfficeLarge HTGSETP_SCH_YES_OPTIMUM_original,Thermostat Setpoint,C,WntrDsn,41640,42004,Hourly,15.6,15.6,15.6,15.6,15.6,17.6,19.6,21,21,21,21,21,21,21,21,21,21,21,21,21,21,21,15.6,15.6,From DOE Prototype Buildings,,,,,,,,,,,,,,,,,,,,,,,,,,,,,,,,,,,,,,,,,,,,,,,,,,,,,,,,,,,,,,,,,,,
OfficeLarge HVACOperationSchd,Operation,,Default,41640,42004,Constant,0,,,,,,,,,,,,,,,,,,,,,,,,From DOE Prototype Buildings,,,,,,,,,,,,,,,,,,,,,,,,,,,,,,,,,,,,,,,,,,,,,,,,,,,,,,,,,,,,,,,,,,,
OfficeLarge HVACOperationSchd,Operation,,SmrDsn|Wkdy,41640,42004,Hourly,0,0,0,0,0,0,1,1,1,1,1,1,1,1,1,1,1,1,1,1,1,1,0,0,From DOE Prototype Buildings,,,,,,,,,,,,,,,,,,,,,,,,,,,,,,,,,,,,,,,,,,,,,,,,,,,,,,,,,,,,,,,,,,,
OfficeLarge HVACOperationSchd,Operation,,WntrDsn|Sat,41640,42004,Hourly,0,0,0,0,0,0,1,1,1,1,1,1,1,1,1,1,1,1,0,0,0,0,0,0,From DOE Prototype Buildings,,,,,,,,,,,,,,,,,,,,,,,,,,,,,,,,,,,,,,,,,,,,,,,,,,,,,,,,,,,,,,,,,,,
OfficeLarge HW-Loop-Temp-Schedule,Unknown,C,Default|WntrDsn|SmrDsn,41640,42004,Constant,82,,,,,,,,,,,,,,,,,,,,,,,,From DOE Prototype Buildings,,,,,,,,,,,,,,,,,,,,,,,,,,,,,,,,,,,,,,,,,,,,,,,,,,,,,,,,,,,,,,,,,,,
OfficeLarge INFIL_HALF_ON_SCH,Infiltration,,Default,41640,42004,Constant,1,,,,,,,,,,,,,,,,,,,,,,,,From DOE Prototype Buildings,,,,,,,,,,,,,,,,,,,,,,,,,,,,,,,,,,,,,,,,,,,,,,,,,,,,,,,,,,,,,,,,,,,
OfficeLarge INFIL_HALF_ON_SCH,Infiltration,,SmrDsn|Wkdy,41640,42004,Hourly,1,1,1,1,1,1,0.5,0.5,0.5,0.5,0.5,0.5,0.5,0.5,0.5,0.5,0.5,0.5,0.5,0.5,0.5,0.5,1,1,From DOE Prototype Buildings,,,,,,,,,,,,,,,,,,,,,,,,,,,,,,,,,,,,,,,,,,,,,,,,,,,,,,,,,,,,,,,,,,,
OfficeLarge INFIL_HALF_ON_SCH,Infiltration,,WntrDsn|Sat,41640,42004,Hourly,1,1,1,1,1,1,0.5,0.5,0.5,0.5,0.5,0.5,0.5,0.5,0.5,0.5,0.5,0.5,1,1,1,1,1,1,From DOE Prototype Buildings,,,,,,,,,,,,,,,,,,,,,,,,,,,,,,,,,,,,,,,,,,,,,,,,,,,,,,,,,,,,,,,,,,,
OfficeLarge INFIL_SCH,Infiltration,,Default,41640,42004,Constant,1,,,,,,,,,,,,,,,,,,,,,,,,From DOE Prototype Buildings,,,,,,,,,,,,,,,,,,,,,,,,,,,,,,,,,,,,,,,,,,,,,,,,,,,,,,,,,,,,,,,,,,,
OfficeLarge INFIL_SCH,Infiltration,,SmrDsn|Wkdy,41640,42004,Hourly,1,1,1,1,1,1,0,0,0,0,0,0,0,0,0,0,0,0,0,0,0,0,1,1,From DOE Prototype Buildings,,,,,,,,,,,,,,,,,,,,,,,,,,,,,,,,,,,,,,,,,,,,,,,,,,,,,,,,,,,,,,,,,,,
OfficeLarge INFIL_SCH,Infiltration,,WntrDsn|Sat,41640,42004,Hourly,1,1,1,1,1,1,0,0,0,0,0,0,0,0,0,0,0,0,1,1,1,1,1,1,From DOE Prototype Buildings,,,,,,,,,,,,,,,,,,,,,,,,,,,,,,,,,,,,,,,,,,,,,,,,,,,,,,,,,,,,,,,,,,,
OfficeLarge INFIL_SCH_PNNL,Infiltration,,Default,41640,42004,Constant,1,,,,,,,,,,,,,,,,,,,,,,,,From DOE Prototype Buildings,,,,,,,,,,,,,,,,,,,,,,,,,,,,,,,,,,,,,,,,,,,,,,,,,,,,,,,,,,,,,,,,,,,
OfficeLarge INFIL_SCH_PNNL,Infiltration,,SmrDsn|Wkdy,41640,42004,Hourly,1,1,1,1,1,1,0.25,0.25,0.25,0.25,0.25,0.25,0.25,0.25,0.25,0.25,0.25,0.25,0.25,0.25,0.25,0.25,1,1,From DOE Prototype Buildings,,,,,,,,,,,,,,,,,,,,,,,,,,,,,,,,,,,,,,,,,,,,,,,,,,,,,,,,,,,,,,,,,,,
OfficeLarge INFIL_SCH_PNNL,Infiltration,,WntrDsn|Sat,41640,42004,Hourly,1,1,1,1,1,1,0.25,0.25,0.25,0.25,0.25,0.25,0.25,0.25,0.25,0.25,0.25,0.25,1,1,1,1,1,1,From DOE Prototype Buildings,,,,,,,,,,,,,,,,,,,,,,,,,,,,,,,,,,,,,,,,,,,,,,,,,,,,,,,,,,,,,,,,,,,
OfficeLarge MinOA_MotorizedDamper_Sched,OA Air,,Default,41640,42004,Constant,0,,,,,,,,,,,,,,,,,,,,,,,,From DOE Prototype Buildings,,,,,,,,,,,,,,,,,,,,,,,,,,,,,,,,,,,,,,,,,,,,,,,,,,,,,,,,,,,,,,,,,,,
OfficeLarge MinOA_MotorizedDamper_Sched,OA Air,,SmrDsn|Wkdy,41640,42004,Hourly,0,0,0,0,0,0,0,1,1,1,1,1,1,1,1,1,1,1,1,1,1,1,0,0,From DOE Prototype Buildings,,,,,,,,,,,,,,,,,,,,,,,,,,,,,,,,,,,,,,,,,,,,,,,,,,,,,,,,,,,,,,,,,,,
OfficeLarge MinOA_MotorizedDamper_Sched,OA Air,,WntrDsn|Sat,41640,42004,Hourly,0,0,0,0,0,0,0,1,1,1,1,1,1,1,1,1,1,1,0,0,0,0,0,0,From DOE Prototype Buildings,,,,,,,,,,,,,,,,,,,,,,,,,,,,,,,,,,,,,,,,,,,,,,,,,,,,,,,,,,,,,,,,,,,
OfficeLarge MinOA_Sched,OA Air,,Default|WntrDsn|SmrDsn,41640,42004,Constant,1,,,,,,,,,,,,,,,,,,,,,,,,From DOE Prototype Buildings,,,,,,,,,,,,,,,,,,,,,,,,,,,,,,,,,,,,,,,,,,,,,,,,,,,,,,,,,,,,,,,,,,,
OfficeLarge PLANT LOOP HIGH TEMP SCHEDULE,Unknown,C,Default|WntrDsn|SmrDsn,41640,42004,Constant,18.33,,,,,,,,,,,,,,,,,,,,,,,,From DOE Prototype Buildings,,,,,,,,,,,,,,,,,,,,,,,,,,,,,,,,,,,,,,,,,,,,,,,,,,,,,,,,,,,,,,,,,,,
OfficeLarge PLANT LOOP LOW TEMP SCHEDULE,Unknown,C,Default|WntrDsn|SmrDsn,41640,42004,Constant,5,,,,,,,,,,,,,,,,,,,,,,,,From DOE Prototype Buildings,,,,,,,,,,,,,,,,,,,,,,,,,,,,,,,,,,,,,,,,,,,,,,,,,,,,,,,,,,,,,,,,,,,
OfficeLarge PlantOnSched,Unknown,,Default|WntrDsn|SmrDsn,41640,42004,Constant,1,,,,,,,,,,,,,,,,,,,,,,,,From DOE Prototype Buildings,,,,,,,,,,,,,,,,,,,,,,,,,,,,,,,,,,,,,,,,,,,,,,,,,,,,,,,,,,,,,,,,,,,
OfficeLarge ReheatCoilAvailSched,Unknown,,Default|WntrDsn|SmrDsn,41640,42004,Constant,1,,,,,,,,,,,,,,,,,,,,,,,,From DOE Prototype Buildings,,,,,,,,,,,,,,,,,,,,,,,,,,,,,,,,,,,,,,,,,,,,,,,,,,,,,,,,,,,,,,,,,,,
OfficeLarge scheduleOSCBasementFloorTemp,Unknown,C,Default|WntrDsn|SmrDsn,41640,42004,Constant,0,,,,,,,,,,,,,,,,,,,,,,,,From DOE Prototype Buildings,,,,,,,,,,,,,,,,,,,,,,,,,,,,,,,,,,,,,,,,,,,,,,,,,,,,,,,,,,,,,,,,,,,
OfficeLarge scheduleOSCBasementLowerWallTemp,Unknown,C,Default|WntrDsn|SmrDsn,41640,42004,Constant,0,,,,,,,,,,,,,,,,,,,,,,,,From DOE Prototype Buildings,,,,,,,,,,,,,,,,,,,,,,,,,,,,,,,,,,,,,,,,,,,,,,,,,,,,,,,,,,,,,,,,,,,
OfficeLarge scheduleOSCBasementUpperWallTemp,Unknown,C,Default|WntrDsn|SmrDsn,41640,42004,Constant,0,,,,,,,,,,,,,,,,,,,,,,,,From DOE Prototype Buildings,,,,,,,,,,,,,,,,,,,,,,,,,,,,,,,,,,,,,,,,,,,,,,,,,,,,,,,,,,,,,,,,,,,
OfficeLarge scheduleOSCBasementWallSurfaceTemp,Unknown,C,Default|WntrDsn|SmrDsn,41640,42004,Constant,0,,,,,,,,,,,,,,,,,,,,,,,,From DOE Prototype Buildings,,,,,,,,,,,,,,,,,,,,,,,,,,,,,,,,,,,,,,,,,,,,,,,,,,,,,,,,,,,,,,,,,,,
OfficeLarge SHADING_SCH,Unknown,W,Default|WntrDsn|SmrDsn,41640,42004,Constant,0,,,,,,,,,,,,,,,,,,,,,,,,From DOE Prototype Buildings,,,,,,,,,,,,,,,,,,,,,,,,,,,,,,,,,,,,,,,,,,,,,,,,,,,,,,,,,,,,,,,,,,,
OfficeLarge SHWSys1 Water Heater Ambient Temperature Schedule,Service Water Heating,C,Default|WntrDsn|SmrDsn,41640,42004,Constant,22,,,,,,,,,,,,,,,,,,,,,,,,From DOE Prototype Buildings,,,,,,,,,,,,,,,,,,,,,,,,,,,,,,,,,,,,,,,,,,,,,,,,,,,,,,,,,,,,,,,,,,,
OfficeLarge SHWSys1 Water Heater Setpoint Temperature Schedule,Service Water Heating,C,Default|WntrDsn|SmrDsn,41640,42004,Constant,60,,,,,,,,,,,,,,,,,,,,,,,,From DOE Prototype Buildings,,,,,,,,,,,,,,,,,,,,,,,,,,,,,,,,,,,,,,,,,,,,,,,,,,,,,,,,,,,,,,,,,,,
OfficeLarge SHWSys1-Loop-Temp-Schedule,Service Water Heating,C,Default|WntrDsn|SmrDsn,41640,42004,Constant,60,,,,,,,,,,,,,,,,,,,,,,,,From DOE Prototype Buildings,,,,,,,,,,,,,,,,,,,,,,,,,,,,,,,,,,,,,,,,,,,,,,,,,,,,,,,,,,,,,,,,,,,
OfficeLarge SupplyFanSch,Unknown,,Default|WntrDsn|SmrDsn,41640,42004,Constant,1,,,,,,,,,,,,,,,,,,,,,,,,From DOE Prototype Buildings,,,,,,,,,,,,,,,,,,,,,,,,,,,,,,,,,,,,,,,,,,,,,,,,,,,,,,,,,,,,,,,,,,,
OfficeLarge Tower-Loop-Temp-Schedule,Unknown,C,Default|WntrDsn|SmrDsn,41640,42004,Constant,21.1,,,,,,,,,,,,,,,,,,,,,,,,From DOE Prototype Buildings,,,,,,,,,,,,,,,,,,,,,,,,,,,,,,,,,,,,,,,,,,,,,,,,,,,,,,,,,,,,,,,,,,,
OfficeLarge WORK_EFF_SCH,Unknown,,Default|WntrDsn|SmrDsn,41640,42004,Constant,0,,,,,,,,,,,,,,,,,,,,,,,,From DOE Prototype Buildings,,,,,,,,,,,,,,,,,,,,,,,,,,,,,,,,,,,,,,,,,,,,,,,,,,,,,,,,,,,,,,,,,,,
OfficeMedium AIR_VELO_SCH,Unknown,W,Default|WntrDsn|SmrDsn,41640,42004,Constant,0.2,,,,,,,,,,,,,,,,,,,,,,,,From DOE Prototype Buildings,,,,,,,,,,,,,,,,,,,,,,,,,,,,,,,,,,,,,,,,,,,,,,,,,,,,,,,,,,,,,,,,,,,
OfficeMedium ALWAYS_OFF,Unknown,,Default|WntrDsn|SmrDsn,41640,42004,Constant,0,,,,,,,,,,,,,,,,,,,,,,,,From DOE Prototype Buildings,,,,,,,,,,,,,,,,,,,,,,,,,,,,,,,,,,,,,,,,,,,,,,,,,,,,,,,,,,,,,,,,,,,
OfficeMedium ALWAYS_ON,Unknown,,Default|WntrDsn|SmrDsn,41640,42004,Constant,1,,,,,,,,,,,,,,,,,,,,,,,,From DOE Prototype Buildings,,,,,,,,,,,,,,,,,,,,,,,,,,,,,,,,,,,,,,,,,,,,,,,,,,,,,,,,,,,,,,,,,,,
OfficeMedium BLDG_ELEVATORS,Elevator,,Sat,41640,42004,Hourly,0,0,0,0,0,0,0,0.16,0.14,0.21,0.18,0.25,0.21,0.13,0.08,0.04,0.05,0.06,0,0,0,0,0,0,From DOE Prototype Buildings,,,,,,,,,,,,,,,,,,,,,,,,,,,,,,,,,,,,,,,,,,,,,,,,,,,,,,,,,,,,,,,,,,,
OfficeMedium BLDG_ELEVATORS,Elevator,,SmrDsn,41640,42004,Constant,0.69,,,,,,,,,,,,,,,,,,,,,,,,From DOE Prototype Buildings,,,,,,,,,,,,,,,,,,,,,,,,,,,,,,,,,,,,,,,,,,,,,,,,,,,,,,,,,,,,,,,,,,,
OfficeMedium BLDG_ELEVATORS,Elevator,,Sun|WntrDsn,41640,42004,Constant,0,,,,,,,,,,,,,,,,,,,,,,,,From DOE Prototype Buildings,,,,,,,,,,,,,,,,,,,,,,,,,,,,,,,,,,,,,,,,,,,,,,,,,,,,,,,,,,,,,,,,,,,
OfficeMedium BLDG_ELEVATORS,Elevator,,Wkdy,41640,42004,Hourly,0,0,0,0,0,0,0,0.35,0.69,0.43,0.37,0.43,0.58,0.48,0.37,0.37,0.46,0.62,0.12,0.04,0.04,0,0,0,From DOE Prototype Buildings,,,,,,,,,,,,,,,,,,,,,,,,,,,,,,,,,,,,,,,,,,,,,,,,,,,,,,,,,,,,,,,,,,,
OfficeMedium BLDG_EQUIP_SCH,Equipment,,Default,41640,42004,Hourly,0.23813625,0.23813625,0.23813625,0.23813625,0.23813625,0.23813625,0.288107175,0.288107175,0.288107175,0.288107175,0.288107175,0.288107175,0.288107175,0.288107175,0.288107175,0.288107175,0.288107175,0.288107175,0.23813625,0.23813625,0.23813625,0.23813625,0.23813625,0.23813625,From DOE Prototype Buildings,,,,,,,,,,,,,,,,,,,,,,,,,,,,,,,,,,,,,,,,,,,,,,,,,,,,,,,,,,,,,,,,,,,
OfficeMedium BLDG_EQUIP_SCH_2004,Equipment,,Sat,41640,42004,Hourly,0.3,0.3,0.3,0.3,0.3,0.3,0.4,0.4,0.5,0.5,0.5,0.5,0.35,0.35,0.35,0.35,0.35,0.3,0.3,0.3,0.3,0.3,0.3,0.3,From DOE Prototype Buildings,,,,,,,,,,,,,,,,,,,,,,,,,,,,,,,,,,,,,,,,,,,,,,,,,,,,,,,,,,,,,,,,,,,
OfficeMedium BLDG_EQUIP_SCH_2004,Equipment,,SmrDsn,41640,42004,Constant,1,,,,,,,,,,,,,,,,,,,,,,,,From DOE Prototype Buildings,,,,,,,,,,,,,,,,,,,,,,,,,,,,,,,,,,,,,,,,,,,,,,,,,,,,,,,,,,,,,,,,,,,
OfficeMedium BLDG_EQUIP_SCH_2004,Equipment,,Sun,41640,42004,Constant,0.3,,,,,,,,,,,,,,,,,,,,,,,,From DOE Prototype Buildings,,,,,,,,,,,,,,,,,,,,,,,,,,,,,,,,,,,,,,,,,,,,,,,,,,,,,,,,,,,,,,,,,,,
OfficeMedium BLDG_EQUIP_SCH_2004,Equipment,,Wkdy,41640,42004,Hourly,0.4,0.4,0.4,0.4,0.4,0.4,0.4,0.4,0.9,0.9,0.9,0.9,0.8,0.9,0.9,0.9,0.9,0.5,0.4,0.4,0.4,0.4,0.4,0.4,From DOE Prototype Buildings,,,,,,,,,,,,,,,,,,,,,,,,,,,,,,,,,,,,,,,,,,,,,,,,,,,,,,,,,,,,,,,,,,,
OfficeMedium BLDG_EQUIP_SCH_2004,Equipment,,WntrDsn,41640,42004,Constant,0,,,,,,,,,,,,,,,,,,,,,,,,From DOE Prototype Buildings,,,,,,,,,,,,,,,,,,,,,,,,,,,,,,,,,,,,,,,,,,,,,,,,,,,,,,,,,,,,,,,,,,,
OfficeMedium BLDG_EQUIP_SCH_2010,Equipment,,Sat,41640,42004,Hourly,0.23813625,0.23813625,0.23813625,0.23813625,0.23813625,0.23813625,0.3841429,0.3841429,0.480178625,0.480178625,0.480178625,0.480178625,0.336125038,0.336125038,0.336125038,0.336125038,0.336125038,0.288107175,0.288107175,0.23813625,0.23813625,0.23813625,0.23813625,0.23813625,From DOE Prototype Buildings,,,,,,,,,,,,,,,,,,,,,,,,,,,,,,,,,,,,,,,,,,,,,,,,,,,,,,,,,,,,,,,,,,,
OfficeMedium BLDG_EQUIP_SCH_2010,Equipment,,SmrDsn,41640,42004,Constant,1,,,,,,,,,,,,,,,,,,,,,,,,From DOE Prototype Buildings,,,,,,,,,,,,,,,,,,,,,,,,,,,,,,,,,,,,,,,,,,,,,,,,,,,,,,,,,,,,,,,,,,,
OfficeMedium BLDG_EQUIP_SCH_2010,Equipment,,Sun,41640,42004,Hourly,0.23813625,0.23813625,0.23813625,0.23813625,0.23813625,0.23813625,0.288107175,0.288107175,0.288107175,0.288107175,0.288107175,0.288107175,0.288107175,0.288107175,0.288107175,0.288107175,0.288107175,0.288107175,0.23813625,0.23813625,0.23813625,0.23813625,0.23813625,0.23813625,From DOE Prototype Buildings,,,,,,,,,,,,,,,,,,,,,,,,,,,,,,,,,,,,,,,,,,,,,,,,,,,,,,,,,,,,,,,,,,,
OfficeMedium BLDG_EQUIP_SCH_2010,Equipment,,Wkdy,41640,42004,Hourly,0.317515,0.317515,0.317515,0.317515,0.317515,0.317515,0.3841429,0.3841429,0.864321525,0.864321525,0.864321525,0.864321525,0.7682858,0.864321525,0.864321525,0.864321525,0.864321525,0.480178625,0.3841429,0.3841429,0.3841429,0.3841429,0.3841429,0.3841429,From DOE Prototype Buildings,,,,,,,,,,,,,,,,,,,,,,,,,,,,,,,,,,,,,,,,,,,,,,,,,,,,,,,,,,,,,,,,,,,
OfficeMedium BLDG_EQUIP_SCH_2010,Equipment,,WntrDsn,41640,42004,Constant,0,,,,,,,,,,,,,,,,,,,,,,,,From DOE Prototype Buildings,,,,,,,,,,,,,,,,,,,,,,,,,,,,,,,,,,,,,,,,,,,,,,,,,,,,,,,,,,,,,,,,,,,
OfficeMedium BLDG_EQUIP_SCH_2013,Equipment,,Sat,41640,42004,Hourly,0.230755381,0.230755381,0.230755381,0.230755381,0.230755381,0.230755381,0.381234796,0.381234796,0.476543495,0.476543495,0.476543495,0.476543495,0.333580447,0.333580447,0.333580447,0.333580447,0.333580447,0.285926097,0.285926097,0.230755381,0.230755381,0.230755381,0.230755381,0.230755381,From DOE Prototype Buildings,,,,,,,,,,,,,,,,,,,,,,,,,,,,,,,,,,,,,,,,,,,,,,,,,,,,,,,,,,,,,,,,,,,
OfficeMedium BLDG_EQUIP_SCH_2013,Equipment,,SmrDsn,41640,42004,Constant,1,,,,,,,,,,,,,,,,,,,,,,,,From DOE Prototype Buildings,,,,,,,,,,,,,,,,,,,,,,,,,,,,,,,,,,,,,,,,,,,,,,,,,,,,,,,,,,,,,,,,,,,
OfficeMedium BLDG_EQUIP_SCH_2013,Equipment,,Sun,41640,42004,Hourly,0.230755381,0.230755381,0.230755381,0.230755381,0.230755381,0.230755381,0.288107175,0.288107175,0.288107175,0.288107175,0.288107175,0.288107175,0.288107175,0.288107175,0.288107175,0.288107175,0.288107175,0.288107175,0.23813625,0.23813625,0.23813625,0.23813625,0.23813625,0.23813625,From DOE Prototype Buildings,,,,,,,,,,,,,,,,,,,,,,,,,,,,,,,,,,,,,,,,,,,,,,,,,,,,,,,,,,,,,,,,,,,
OfficeMedium BLDG_EQUIP_SCH_2013,Equipment,,Wkdy,41640,42004,Hourly,0.307673841,0.307673841,0.307673841,0.307673841,0.307673841,0.307673841,0.381234796,0.381234796,0.857778291,0.857778291,0.857778291,0.857778291,0.762469592,0.857778291,0.857778291,0.857778291,0.857778291,0.476543495,0.381234796,0.381234796,0.381234796,0.381234796,0.381234796,0.381234796,From DOE Prototype Buildings,,,,,,,,,,,,,,,,,,,,,,,,,,,,,,,,,,,,,,,,,,,,,,,,,,,,,,,,,,,,,,,,,,,
OfficeMedium BLDG_EQUIP_SCH_2013,Equipment,,WntrDsn,41640,42004,Constant,0,,,,,,,,,,,,,,,,,,,,,,,,From DOE Prototype Buildings,,,,,,,,,,,,,,,,,,,,,,,,,,,,,,,,,,,,,,,,,,,,,,,,,,,,,,,,,,,,,,,,,,,
OfficeMedium BLDG_LIGHT_SCH_2004,Lighting,,Sat,41640,42004,Hourly,0.05,0.05,0.05,0.05,0.05,0.05,0.1,0.1,0.3,0.3,0.3,0.3,0.15,0.15,0.15,0.15,0.15,0.05,0.05,0.05,0.05,0.05,0.05,0.05,From DOE Prototype Buildings,,,,,,,,,,,,,,,,,,,,,,,,,,,,,,,,,,,,,,,,,,,,,,,,,,,,,,,,,,,,,,,,,,,
OfficeMedium BLDG_LIGHT_SCH_2004,Lighting,,SmrDsn,41640,42004,Constant,1,,,,,,,,,,,,,,,,,,,,,,,,From DOE Prototype Buildings,,,,,,,,,,,,,,,,,,,,,,,,,,,,,,,,,,,,,,,,,,,,,,,,,,,,,,,,,,,,,,,,,,,
OfficeMedium BLDG_LIGHT_SCH_2004,Lighting,,Sun,41640,42004,Constant,0.05,,,,,,,,,,,,,,,,,,,,,,,,From DOE Prototype Buildings,,,,,,,,,,,,,,,,,,,,,,,,,,,,,,,,,,,,,,,,,,,,,,,,,,,,,,,,,,,,,,,,,,,
OfficeMedium BLDG_LIGHT_SCH_2004,Lighting,,Wkdy,41640,42004,Hourly,0.05,0.05,0.05,0.05,0.05,0.1,0.3,0.9,0.9,0.9,0.9,0.9,0.9,0.9,0.9,0.9,0.9,0.5,0.3,0.3,0.2,0.2,0.1,0.05,From DOE Prototype Buildings,,,,,,,,,,,,,,,,,,,,,,,,,,,,,,,,,,,,,,,,,,,,,,,,,,,,,,,,,,,,,,,,,,,
OfficeMedium BLDG_LIGHT_SCH_2004,Lighting,,WntrDsn,41640,42004,Constant,0,,,,,,,,,,,,,,,,,,,,,,,,From DOE Prototype Buildings,,,,,,,,,,,,,,,,,,,,,,,,,,,,,,,,,,,,,,,,,,,,,,,,,,,,,,,,,,,,,,,,,,,
OfficeMedium BLDG_LIGHT_SCH_2010,Lighting,,Sat,41640,42004,Hourly,0.05,0.05,0.05,0.05,0.05,0.05,0.0904,0.0904,0.2712,0.2712,0.2712,0.2712,0.1356,0.1356,0.1356,0.1356,0.1356,0.0452,0.0452,0.05,0.05,0.05,0.05,0.05,From DOE Prototype Buildings,,,,,,,,,,,,,,,,,,,,,,,,,,,,,,,,,,,,,,,,,,,,,,,,,,,,,,,,,,,,,,,,,,,
OfficeMedium BLDG_LIGHT_SCH_2010,Lighting,,SmrDsn,41640,42004,Constant,1,,,,,,,,,,,,,,,,,,,,,,,,From DOE Prototype Buildings,,,,,,,,,,,,,,,,,,,,,,,,,,,,,,,,,,,,,,,,,,,,,,,,,,,,,,,,,,,,,,,,,,,
OfficeMedium BLDG_LIGHT_SCH_2010,Lighting,,Sun,41640,42004,Hourly,0.05,0.05,0.05,0.05,0.05,0.05,0.0452,0.0452,0.0452,0.0452,0.0452,0.0452,0.0452,0.0452,0.0452,0.0452,0.0452,0.0452,0.05,0.05,0.05,0.05,0.05,0.05,From DOE Prototype Buildings,,,,,,,,,,,,,,,,,,,,,,,,,,,,,,,,,,,,,,,,,,,,,,,,,,,,,,,,,,,,,,,,,,,
OfficeMedium BLDG_LIGHT_SCH_2010,Lighting,,Wkdy,41640,42004,Hourly,0.05,0.05,0.05,0.05,0.05,0.1,0.0904,0.2712,0.8136,0.8136,0.8136,0.8136,0.8136,0.8136,0.8136,0.8136,0.8136,0.452,0.2712,0.2712,0.1808,0.1808,0.0904,0.0452,From DOE Prototype Buildings,,,,,,,,,,,,,,,,,,,,,,,,,,,,,,,,,,,,,,,,,,,,,,,,,,,,,,,,,,,,,,,,,,,
OfficeMedium BLDG_LIGHT_SCH_2010,Lighting,,WntrDsn,41640,42004,Constant,0,,,,,,,,,,,,,,,,,,,,,,,,From DOE Prototype Buildings,,,,,,,,,,,,,,,,,,,,,,,,,,,,,,,,,,,,,,,,,,,,,,,,,,,,,,,,,,,,,,,,,,,
OfficeMedium BLDG_LIGHT_SCH_2013,Lighting,,Sat,41640,42004,Hourly,0.05,0.05,0.05,0.05,0.05,0.05,0.08623256,0.08623256,0.25869768,0.25869768,0.25869768,0.25869768,0.12934884,0.12934884,0.12934884,0.12934884,0.12934884,0.04311628,0.04311628,0.05,0.05,0.05,0.05,0.05,From DOE Prototype Buildings,,,,,,,,,,,,,,,,,,,,,,,,,,,,,,,,,,,,,,,,,,,,,,,,,,,,,,,,,,,,,,,,,,,
OfficeMedium BLDG_LIGHT_SCH_2013,Lighting,,SmrDsn,41640,42004,Constant,1,,,,,,,,,,,,,,,,,,,,,,,,From DOE Prototype Buildings,,,,,,,,,,,,,,,,,,,,,,,,,,,,,,,,,,,,,,,,,,,,,,,,,,,,,,,,,,,,,,,,,,,
OfficeMedium BLDG_LIGHT_SCH_2013,Lighting,,Sun,41640,42004,Hourly,0.05,0.05,0.05,0.05,0.05,0.05,0.04311628,0.04311628,0.04311628,0.04311628,0.04311628,0.04311628,0.04311628,0.04311628,0.04311628,0.04311628,0.04311628,0.04311628,0.05,0.05,0.05,0.05,0.05,0.05,From DOE Prototype Buildings,,,,,,,,,,,,,,,,,,,,,,,,,,,,,,,,,,,,,,,,,,,,,,,,,,,,,,,,,,,,,,,,,,,
OfficeMedium BLDG_LIGHT_SCH_2013,Lighting,,Wkdy,41640,42004,Hourly,0.05,0.05,0.05,0.05,0.05,0.1,0.08623256,0.25869768,0.77609304,0.77609304,0.77609304,0.77609304,0.77609304,0.77609304,0.77609304,0.77609304,0.77609304,0.4311628,0.25869768,0.25869768,0.17246512,0.17246512,0.08623256,0.04311628,From DOE Prototype Buildings,,,,,,,,,,,,,,,,,,,,,,,,,,,,,,,,,,,,,,,,,,,,,,,,,,,,,,,,,,,,,,,,,,,
OfficeMedium BLDG_LIGHT_SCH_2013,Lighting,,WntrDsn,41640,42004,Constant,0,,,,,,,,,,,,,,,,,,,,,,,,From DOE Prototype Buildings,,,,,,,,,,,,,,,,,,,,,,,,,,,,,,,,,,,,,,,,,,,,,,,,,,,,,,,,,,,,,,,,,,,
OfficeMedium BLDG_OCC_SCH,Occupancy,,Default,41640,42004,Hourly,0,0,0,0,0,0,0.05,0.05,0.05,0.05,0.05,0.05,0.05,0.05,0.05,0.05,0.05,0.05,0,0,0,0,0,0,From DOE Prototype Buildings,,,,,,,,,,,,,,,,,,,,,,,,,,,,,,,,,,,,,,,,,,,,,,,,,,,,,,,,,,,,,,,,,,,
OfficeMedium BLDG_OCC_SCH,Occupancy,,Sat,41640,42004,Hourly,0,0,0,0,0,0,0.1,0.1,0.3,0.3,0.3,0.3,0.1,0.1,0.1,0.1,0.1,0.05,0.05,0,0,0,0,0,From DOE Prototype Buildings,,,,,,,,,,,,,,,,,,,,,,,,,,,,,,,,,,,,,,,,,,,,,,,,,,,,,,,,,,,,,,,,,,,
OfficeMedium BLDG_OCC_SCH,Occupancy,,SmrDsn,41640,42004,Hourly,0,0,0,0,0,0,1,1,1,1,1,1,1,1,1,1,1,1,1,1,1,1,0.05,0.05,From DOE Prototype Buildings,,,,,,,,,,,,,,,,,,,,,,,,,,,,,,,,,,,,,,,,,,,,,,,,,,,,,,,,,,,,,,,,,,,
OfficeMedium BLDG_OCC_SCH,Occupancy,,Wkdy,41640,42004,Hourly,0,0,0,0,0,0,0.1,0.2,0.95,0.95,0.95,0.95,0.5,0.95,0.95,0.95,0.95,0.3,0.1,0.1,0.1,0.1,0.05,0.05,From DOE Prototype Buildings,,,,,,,,,,,,,,,,,,,,,,,,,,,,,,,,,,,,,,,,,,,,,,,,,,,,,,,,,,,,,,,,,,,
OfficeMedium BLDG_OCC_SCH,Occupancy,,WntrDsn,41640,42004,Constant,0,,,,,,,,,,,,,,,,,,,,,,,,From DOE Prototype Buildings,,,,,,,,,,,,,,,,,,,,,,,,,,,,,,,,,,,,,,,,,,,,,,,,,,,,,,,,,,,,,,,,,,,
OfficeMedium BLDG_SWH_SCH,Service Water Heating,,Default,41640,42004,Hourly,0,0,0,0,0,0,0.04,0.04,0.04,0.04,0.04,0.06,0.06,0.09,0.06,0.04,0.04,0.04,0,0,0,0,0,0,From DOE Prototype Buildings,,,,,,,,,,,,,,,,,,,,,,,,,,,,,,,,,,,,,,,,,,,,,,,,,,,,,,,,,,,,,,,,,,,
OfficeMedium BLDG_SWH_SCH,Service Water Heating,,SmrDsn|Wkdy,41640,42004,Hourly,0,0,0,0,0,0,0.07,0.19,0.35,0.38,0.39,0.47,0.57,0.54,0.34,0.33,0.44,0.26,0.21,0.15,0.17,0.08,0.05,0.05,From DOE Prototype Buildings,,,,,,,,,,,,,,,,,,,,,,,,,,,,,,,,,,,,,,,,,,,,,,,,,,,,,,,,,,,,,,,,,,,
OfficeMedium BLDG_SWH_SCH,Service Water Heating,,WntrDsn|Sat,41640,42004,Hourly,0,0,0,0,0,0,0.07,0.11,0.15,0.21,0.19,0.23,0.2,0.19,0.15,0.13,0.14,0.07,0.07,0,0,0,0,0,From DOE Prototype Buildings,,,,,,,,,,,,,,,,,,,,,,,,,,,,,,,,,,,,,,,,,,,,,,,,,,,,,,,,,,,,,,,,,,,
OfficeMedium CLGSETP_SCH_NO_OPTIMUM,Thermostat Setpoint,C,Default|WntrDsn,41640,42004,Constant,26.7,,,,,,,,,,,,,,,,,,,,,,,,From DOE Prototype Buildings,,,,,,,,,,,,,,,,,,,,,,,,,,,,,,,,,,,,,,,,,,,,,,,,,,,,,,,,,,,,,,,,,,,
OfficeMedium CLGSETP_SCH_NO_OPTIMUM,Thermostat Setpoint,C,Sat,41640,42004,Hourly,26.7,26.7,26.7,26.7,26.7,24,24,24,24,24,24,24,24,24,24,24,24,26.7,26.7,26.7,26.7,26.7,26.7,26.7,From DOE Prototype Buildings,,,,,,,,,,,,,,,,,,,,,,,,,,,,,,,,,,,,,,,,,,,,,,,,,,,,,,,,,,,,,,,,,,,
OfficeMedium CLGSETP_SCH_NO_OPTIMUM,Thermostat Setpoint,C,SmrDsn,41640,42004,Hourly,26.7,26.7,26.7,26.7,26.7,25.7,25,24,24,24,24,24,24,24,24,24,24,24,24,24,24,24,26.7,26.7,From DOE Prototype Buildings,,,,,,,,,,,,,,,,,,,,,,,,,,,,,,,,,,,,,,,,,,,,,,,,,,,,,,,,,,,,,,,,,,,
OfficeMedium CLGSETP_SCH_NO_OPTIMUM,Thermostat Setpoint,C,Wkdy,41640,42004,Hourly,26.7,26.7,26.7,26.7,26.7,24,24,24,24,24,24,24,24,24,24,24,24,24,24,24,24,24,26.7,26.7,From DOE Prototype Buildings,,,,,,,,,,,,,,,,,,,,,,,,,,,,,,,,,,,,,,,,,,,,,,,,,,,,,,,,,,,,,,,,,,,
OfficeMedium CLGSETP_SCH_NO_SETBACK,Thermostat Setpoint,C,Default|WntrDsn|Sat|Wkdy,41640,42004,Constant,24,,,,,,,,,,,,,,,,,,,,,,,,From DOE Prototype Buildings,,,,,,,,,,,,,,,,,,,,,,,,,,,,,,,,,,,,,,,,,,,,,,,,,,,,,,,,,,,,,,,,,,,
OfficeMedium CLGSETP_SCH_NO_SETBACK,Thermostat Setpoint,C,SmrDsn,41640,42004,Hourly,26.7,26.7,26.7,26.7,26.7,25.7,25,24,24,24,24,24,24,24,24,24,24,24,24,24,24,24,26.7,26.7,From DOE Prototype Buildings,,,,,,,,,,,,,,,,,,,,,,,,,,,,,,,,,,,,,,,,,,,,,,,,,,,,,,,,,,,,,,,,,,,
OfficeMedium CLGSETP_SCH_PACU_VAV_bot,Thermostat Setpoint,C,Default|WntrDsn,41640,42004,Constant,26.7,,,,,,,,,,,,,,,,,,,,,,,,From DOE Prototype Buildings,,,,,,,,,,,,,,,,,,,,,,,,,,,,,,,,,,,,,,,,,,,,,,,,,,,,,,,,,,,,,,,,,,,
OfficeMedium CLGSETP_SCH_PACU_VAV_bot,Thermostat Setpoint,C,Sat,41640,42004,Hourly,26.7,26.7,26.7,26.7,26.7,24,24,24,24,24,24,24,24,24,24,24,24,26.7,26.7,26.7,26.7,26.7,26.7,26.7,From DOE Prototype Buildings,,,,,,,,,,,,,,,,,,,,,,,,,,,,,,,,,,,,,,,,,,,,,,,,,,,,,,,,,,,,,,,,,,,
OfficeMedium CLGSETP_SCH_PACU_VAV_bot,Thermostat Setpoint,C,SmrDsn,41640,42004,Hourly,26.7,26.7,26.7,26.7,26.7,25.7,25,24,24,24,24,24,24,24,24,24,24,24,24,24,24,24,26.7,26.7,From DOE Prototype Buildings,,,,,,,,,,,,,,,,,,,,,,,,,,,,,,,,,,,,,,,,,,,,,,,,,,,,,,,,,,,,,,,,,,,
OfficeMedium CLGSETP_SCH_PACU_VAV_bot,Thermostat Setpoint,C,Wkdy,41640,42004,Hourly,26.7,26.7,26.7,26.7,26.7,24,24,24,24,24,24,24,24,24,24,24,24,24,24,24,24,24,26.7,26.7,From DOE Prototype Buildings,,,,,,,,,,,,,,,,,,,,,,,,,,,,,,,,,,,,,,,,,,,,,,,,,,,,,,,,,,,,,,,,,,,
OfficeMedium CLGSETP_SCH_PACU_VAV_mid,Thermostat Setpoint,C,Default|WntrDsn,41640,42004,Constant,26.7,,,,,,,,,,,,,,,,,,,,,,,,From DOE Prototype Buildings,,,,,,,,,,,,,,,,,,,,,,,,,,,,,,,,,,,,,,,,,,,,,,,,,,,,,,,,,,,,,,,,,,,
OfficeMedium CLGSETP_SCH_PACU_VAV_mid,Thermostat Setpoint,C,Sat,41640,42004,Hourly,26.7,26.7,26.7,26.7,26.7,24,24,24,24,24,24,24,24,24,24,24,24,26.7,26.7,26.7,26.7,26.7,26.7,26.7,From DOE Prototype Buildings,,,,,,,,,,,,,,,,,,,,,,,,,,,,,,,,,,,,,,,,,,,,,,,,,,,,,,,,,,,,,,,,,,,
OfficeMedium CLGSETP_SCH_PACU_VAV_mid,Thermostat Setpoint,C,SmrDsn,41640,42004,Hourly,26.7,26.7,26.7,26.7,26.7,25.7,25,24,24,24,24,24,24,24,24,24,24,24,24,24,24,24,26.7,26.7,From DOE Prototype Buildings,,,,,,,,,,,,,,,,,,,,,,,,,,,,,,,,,,,,,,,,,,,,,,,,,,,,,,,,,,,,,,,,,,,
OfficeMedium CLGSETP_SCH_PACU_VAV_mid,Thermostat Setpoint,C,Wkdy,41640,42004,Hourly,26.7,26.7,26.7,26.7,26.7,24,24,24,24,24,24,24,24,24,24,24,24,24,24,24,24,24,26.7,26.7,From DOE Prototype Buildings,,,,,,,,,,,,,,,,,,,,,,,,,,,,,,,,,,,,,,,,,,,,,,,,,,,,,,,,,,,,,,,,,,,
OfficeMedium CLGSETP_SCH_PACU_VAV_top,Thermostat Setpoint,C,Default|WntrDsn,41640,42004,Constant,26.7,,,,,,,,,,,,,,,,,,,,,,,,From DOE Prototype Buildings,,,,,,,,,,,,,,,,,,,,,,,,,,,,,,,,,,,,,,,,,,,,,,,,,,,,,,,,,,,,,,,,,,,
OfficeMedium CLGSETP_SCH_PACU_VAV_top,Thermostat Setpoint,C,Sat,41640,42004,Hourly,26.7,26.7,26.7,26.7,26.7,24,24,24,24,24,24,24,24,24,24,24,24,26.7,26.7,26.7,26.7,26.7,26.7,26.7,From DOE Prototype Buildings,,,,,,,,,,,,,,,,,,,,,,,,,,,,,,,,,,,,,,,,,,,,,,,,,,,,,,,,,,,,,,,,,,,
OfficeMedium CLGSETP_SCH_PACU_VAV_top,Thermostat Setpoint,C,SmrDsn,41640,42004,Hourly,26.7,26.7,26.7,26.7,26.7,25.7,25,24,24,24,24,24,24,24,24,24,24,24,24,24,24,24,26.7,26.7,From DOE Prototype Buildings,,,,,,,,,,,,,,,,,,,,,,,,,,,,,,,,,,,,,,,,,,,,,,,,,,,,,,,,,,,,,,,,,,,
OfficeMedium CLGSETP_SCH_PACU_VAV_top,Thermostat Setpoint,C,Wkdy,41640,42004,Hourly,26.7,26.7,26.7,26.7,26.7,24,24,24,24,24,24,24,24,24,24,24,24,24,24,24,24,24,26.7,26.7,From DOE Prototype Buildings,,,,,,,,,,,,,,,,,,,,,,,,,,,,,,,,,,,,,,,,,,,,,,,,,,,,,,,,,,,,,,,,,,,
OfficeMedium CLGSETP_SCH_YES_OPTIMUM,Thermostat Setpoint,C,Default|WntrDsn,41640,42004,Constant,26.7,,,,,,,,,,,,,,,,,,,,,,,,From DOE Prototype Buildings,,,,,,,,,,,,,,,,,,,,,,,,,,,,,,,,,,,,,,,,,,,,,,,,,,,,,,,,,,,,,,,,,,,
OfficeMedium CLGSETP_SCH_YES_OPTIMUM,Thermostat Setpoint,C,Sat,41640,42004,Hourly,26.7,26.7,26.7,26.7,26.7,25.7,25,24,24,24,24,24,24,24,24,24,24,26.7,26.7,26.7,26.7,26.7,26.7,26.7,From DOE Prototype Buildings,,,,,,,,,,,,,,,,,,,,,,,,,,,,,,,,,,,,,,,,,,,,,,,,,,,,,,,,,,,,,,,,,,,
OfficeMedium CLGSETP_SCH_YES_OPTIMUM,Thermostat Setpoint,C,SmrDsn,41640,42004,Hourly,26.7,26.7,26.7,26.7,26.7,25.7,25,24,24,24,24,24,24,24,24,24,24,24,24,24,24,24,26.7,26.7,From DOE Prototype Buildings,,,,,,,,,,,,,,,,,,,,,,,,,,,,,,,,,,,,,,,,,,,,,,,,,,,,,,,,,,,,,,,,,,,
OfficeMedium CLGSETP_SCH_YES_OPTIMUM,Thermostat Setpoint,C,Wkdy,41640,42004,Hourly,26.7,26.7,26.7,26.7,26.7,25.6,25,24,24,24,24,24,24,24,24,24,24,24,24,24,24,24,26.7,26.7,From DOE Prototype Buildings,,,,,,,,,,,,,,,,,,,,,,,,,,,,,,,,,,,,,,,,,,,,,,,,,,,,,,,,,,,,,,,,,,,
OfficeMedium CLGSETP_SCH_YES_OPTIMUM_ORIGINAL,Thermostat Setpoint,C,Default|WntrDsn,41640,42004,Constant,26.7,,,,,,,,,,,,,,,,,,,,,,,,From DOE Prototype Buildings,,,,,,,,,,,,,,,,,,,,,,,,,,,,,,,,,,,,,,,,,,,,,,,,,,,,,,,,,,,,,,,,,,,
OfficeMedium CLGSETP_SCH_YES_OPTIMUM_ORIGINAL,Thermostat Setpoint,C,Sat,41640,42004,Hourly,26.7,26.7,26.7,26.7,26.7,25.7,25,24,24,24,24,24,24,24,24,24,24,26.7,26.7,26.7,26.7,26.7,26.7,26.7,From DOE Prototype Buildings,,,,,,,,,,,,,,,,,,,,,,,,,,,,,,,,,,,,,,,,,,,,,,,,,,,,,,,,,,,,,,,,,,,
OfficeMedium CLGSETP_SCH_YES_OPTIMUM_ORIGINAL,Thermostat Setpoint,C,SmrDsn,41640,42004,Hourly,26.7,26.7,26.7,26.7,26.7,25.7,25,24,24,24,24,24,24,24,24,24,24,24,24,24,24,24,26.7,26.7,From DOE Prototype Buildings,,,,,,,,,,,,,,,,,,,,,,,,,,,,,,,,,,,,,,,,,,,,,,,,,,,,,,,,,,,,,,,,,,,
OfficeMedium CLGSETP_SCH_YES_OPTIMUM_ORIGINAL,Thermostat Setpoint,C,Wkdy,41640,42004,Hourly,26.7,26.7,26.7,26.7,26.7,25.6,25,24,24,24,24,24,24,24,24,24,24,24,24,24,24,24,26.7,26.7,From DOE Prototype Buildings,,,,,,,,,,,,,,,,,,,,,,,,,,,,,,,,,,,,,,,,,,,,,,,,,,,,,,,,,,,,,,,,,,,
OfficeMedium CLOTHING_SCH,Clothing,W,Default|SmrDsn,41640,42004,Constant,0.5,,,,,,,,,,,,,,,,,,,,,,,,From DOE Prototype Buildings,,,,,,,,,,,,,,,,,,,,,,,,,,,,,,,,,,,,,,,,,,,,,,,,,,,,,,,,,,,,,,,,,,,
OfficeMedium CLOTHING_SCH,Clothing,W,Wknd|Wkdy,41913,42004,Constant,1,,,,,,,,,,,,,,,,,,,,,,,,From DOE Prototype Buildings,,,,,,,,,,,,,,,,,,,,,,,,,,,,,,,,,,,,,,,,,,,,,,,,,,,,,,,,,,,,,,,,,,,
OfficeMedium CLOTHING_SCH,Clothing,W,Wknd|Wkdy,41640,41759,Constant,1,,,,,,,,,,,,,,,,,,,,,,,,From DOE Prototype Buildings,,,,,,,,,,,,,,,,,,,,,,,,,,,,,,,,,,,,,,,,,,,,,,,,,,,,,,,,,,,,,,,,,,,
OfficeMedium CLOTHING_SCH,Clothing,W,WntrDsn,41640,42004,Constant,1,,,,,,,,,,,,,,,,,,,,,,,,From DOE Prototype Buildings,,,,,,,,,,,,,,,,,,,,,,,,,,,,,,,,,,,,,,,,,,,,,,,,,,,,,,,,,,,,,,,,,,,
OfficeMedium CoolingCoilAvailSched,Unknown,,Default|WntrDsn|SmrDsn,41640,42004,Constant,1,,,,,,,,,,,,,,,,,,,,,,,,From DOE Prototype Buildings,,,,,,,,,,,,,,,,,,,,,,,,,,,,,,,,,,,,,,,,,,,,,,,,,,,,,,,,,,,,,,,,,,,
OfficeMedium Cool-Supply-Air-Temp-Sch,Unknown,C,Default|WntrDsn|SmrDsn,41640,42004,Constant,12.8,,,,,,,,,,,,,,,,,,,,,,,,From DOE Prototype Buildings,,,,,,,,,,,,,,,,,,,,,,,,,,,,,,,,,,,,,,,,,,,,,,,,,,,,,,,,,,,,,,,,,,,
OfficeMedium Core_bottom sub cat Latent fract sched,Unknown,,Default|WntrDsn|SmrDsn,41640,42004,Constant,0.05,,,,,,,,,,,,,,,,,,,,,,,,From DOE Prototype Buildings,,,,,,,,,,,,,,,,,,,,,,,,,,,,,,,,,,,,,,,,,,,,,,,,,,,,,,,,,,,,,,,,,,,
OfficeMedium Core_bottom sub cat Sensible fract sched,Unknown,,Default|WntrDsn|SmrDsn,41640,42004,Constant,0.2,,,,,,,,,,,,,,,,,,,,,,,,From DOE Prototype Buildings,,,,,,,,,,,,,,,,,,,,,,,,,,,,,,,,,,,,,,,,,,,,,,,,,,,,,,,,,,,,,,,,,,,
OfficeMedium Core_bottom sub cat Temp Sched,Unknown,C,Default|WntrDsn|SmrDsn,41640,42004,Constant,60,,,,,,,,,,,,,,,,,,,,,,,,From DOE Prototype Buildings,,,,,,,,,,,,,,,,,,,,,,,,,,,,,,,,,,,,,,,,,,,,,,,,,,,,,,,,,,,,,,,,,,,
OfficeMedium Core_bottom sub catHot Supply Temp Sched,Unknown,C,Default|WntrDsn|SmrDsn,41640,42004,Constant,55,,,,,,,,,,,,,,,,,,,,,,,,From DOE Prototype Buildings,,,,,,,,,,,,,,,,,,,,,,,,,,,,,,,,,,,,,,,,,,,,,,,,,,,,,,,,,,,,,,,,,,,
OfficeMedium Core_mid sub cat Latent fract sched,Unknown,,Default|WntrDsn|SmrDsn,41640,42004,Constant,0.05,,,,,,,,,,,,,,,,,,,,,,,,From DOE Prototype Buildings,,,,,,,,,,,,,,,,,,,,,,,,,,,,,,,,,,,,,,,,,,,,,,,,,,,,,,,,,,,,,,,,,,,
OfficeMedium Core_mid sub cat Sensible fract sched,Unknown,,Default|WntrDsn|SmrDsn,41640,42004,Constant,0.2,,,,,,,,,,,,,,,,,,,,,,,,From DOE Prototype Buildings,,,,,,,,,,,,,,,,,,,,,,,,,,,,,,,,,,,,,,,,,,,,,,,,,,,,,,,,,,,,,,,,,,,
OfficeMedium Core_mid sub cat Temp Sched,Unknown,C,Default|WntrDsn|SmrDsn,41640,42004,Constant,60,,,,,,,,,,,,,,,,,,,,,,,,From DOE Prototype Buildings,,,,,,,,,,,,,,,,,,,,,,,,,,,,,,,,,,,,,,,,,,,,,,,,,,,,,,,,,,,,,,,,,,,
OfficeMedium Core_mid sub catHot Supply Temp Sched,Unknown,C,Default|WntrDsn|SmrDsn,41640,42004,Constant,55,,,,,,,,,,,,,,,,,,,,,,,,From DOE Prototype Buildings,,,,,,,,,,,,,,,,,,,,,,,,,,,,,,,,,,,,,,,,,,,,,,,,,,,,,,,,,,,,,,,,,,,
OfficeMedium Core_top sub cat Latent fract sched,Unknown,,Default|WntrDsn|SmrDsn,41640,42004,Constant,0.05,,,,,,,,,,,,,,,,,,,,,,,,From DOE Prototype Buildings,,,,,,,,,,,,,,,,,,,,,,,,,,,,,,,,,,,,,,,,,,,,,,,,,,,,,,,,,,,,,,,,,,,
OfficeMedium Core_top sub cat Sensible fract sched,Unknown,,Default|WntrDsn|SmrDsn,41640,42004,Constant,0.2,,,,,,,,,,,,,,,,,,,,,,,,From DOE Prototype Buildings,,,,,,,,,,,,,,,,,,,,,,,,,,,,,,,,,,,,,,,,,,,,,,,,,,,,,,,,,,,,,,,,,,,
OfficeMedium Core_top sub cat Temp Sched,Unknown,C,Default|WntrDsn|SmrDsn,41640,42004,Constant,60,,,,,,,,,,,,,,,,,,,,,,,,From DOE Prototype Buildings,,,,,,,,,,,,,,,,,,,,,,,,,,,,,,,,,,,,,,,,,,,,,,,,,,,,,,,,,,,,,,,,,,,
OfficeMedium Core_top sub catHot Supply Temp Sched,Unknown,C,Default|WntrDsn|SmrDsn,41640,42004,Constant,55,,,,,,,,,,,,,,,,,,,,,,,,From DOE Prototype Buildings,,,,,,,,,,,,,,,,,,,,,,,,,,,,,,,,,,,,,,,,,,,,,,,,,,,,,,,,,,,,,,,,,,,
OfficeMedium CW-Loop-Temp-Schedule,Unknown,C,Default|WntrDsn|SmrDsn,41640,42004,Constant,6.7,,,,,,,,,,,,,,,,,,,,,,,,From DOE Prototype Buildings,,,,,,,,,,,,,,,,,,,,,,,,,,,,,,,,,,,,,,,,,,,,,,,,,,,,,,,,,,,,,,,,,,,
OfficeMedium Dual Zone Control Type Sched,Unknown,,Default|WntrDsn|SmrDsn,41640,42004,Constant,4,,,,,,,,,,,,,,,,,,,,,,,,From DOE Prototype Buildings,,,,,,,,,,,,,,,,,,,,,,,,,,,,,,,,,,,,,,,,,,,,,,,,,,,,,,,,,,,,,,,,,,,
OfficeMedium ELEV_LIGHT_FAN_SCH_24_7,Lighting,,Default|WntrDsn|SmrDsn,41640,42004,Constant,1,,,,,,,,,,,,,,,,,,,,,,,,From DOE Prototype Buildings,,,,,,,,,,,,,,,,,,,,,,,,,,,,,,,,,,,,,,,,,,,,,,,,,,,,,,,,,,,,,,,,,,,
OfficeMedium ELEV_LIGHT_FAN_SCH_ADD_DF,Lighting,,Default|WntrDsn,41640,42004,Constant,0,,,,,,,,,,,,,,,,,,,,,,,,From DOE Prototype Buildings,,,,,,,,,,,,,,,,,,,,,,,,,,,,,,,,,,,,,,,,,,,,,,,,,,,,,,,,,,,,,,,,,,,
OfficeMedium ELEV_LIGHT_FAN_SCH_ADD_DF,Lighting,,Sat,41640,42004,Hourly,0,0,0,0,0,0,0,0.16,0.14,0.21,0.18,0.25,0.21,0.13,0.08,0.04,0.05,0.06,0,0,0,0,0,0,From DOE Prototype Buildings,,,,,,,,,,,,,,,,,,,,,,,,,,,,,,,,,,,,,,,,,,,,,,,,,,,,,,,,,,,,,,,,,,,
OfficeMedium ELEV_LIGHT_FAN_SCH_ADD_DF,Lighting,,SmrDsn,41640,42004,Constant,0.69,,,,,,,,,,,,,,,,,,,,,,,,From DOE Prototype Buildings,,,,,,,,,,,,,,,,,,,,,,,,,,,,,,,,,,,,,,,,,,,,,,,,,,,,,,,,,,,,,,,,,,,
OfficeMedium ELEV_LIGHT_FAN_SCH_ADD_DF,Lighting,,Wkdy,41640,42004,Hourly,0,0,0,0,0,0,0,0.35,0.69,0.43,0.37,0.43,0.58,0.48,0.37,0.37,0.46,0.62,0.12,0.04,0.04,0,0,0,From DOE Prototype Buildings,,,,,,,,,,,,,,,,,,,,,,,,,,,,,,,,,,,,,,,,,,,,,,,,,,,,,,,,,,,,,,,,,,,
OfficeMedium Exterior_Lgt_189_1,Lighting,,Default|WntrDsn|SmrDsn,41640,42004,Hourly,0.5,0.5,0.5,0.5,0.5,0.5,0.5,0.5,0.5,1,1,1,1,1,1,1,1,1,0.5,0.5,0.5,0.5,0.5,0.5,From DOE Prototype Buildings,,,,,,,,,,,,,,,,,,,,,,,,,,,,,,,,,,,,,,,,,,,,,,,,,,,,,,,,,,,,,,,,,,,
OfficeMedium Exterior_Lgt_ALWAYS_ON,Lighting,,Default|WntrDsn|SmrDsn,41640,42004,Constant,1,,,,,,,,,,,,,,,,,,,,,,,,From DOE Prototype Buildings,,,,,,,,,,,,,,,,,,,,,,,,,,,,,,,,,,,,,,,,,,,,,,,,,,,,,,,,,,,,,,,,,,,
OfficeMedium Exterior_lighting_schedule_a,Lighting,,Default|WntrDsn|SmrDsn,41640,42004,Hourly,0,0,0,0,0,0,1,1,1,1,1,1,1,1,1,1,1,1,1,1,1,1,1,1,From DOE Prototype Buildings,,,,,,,,,,,,,,,,,,,,,,,,,,,,,,,,,,,,,,,,,,,,,,,,,,,,,,,,,,,,,,,,,,,
OfficeMedium Exterior_lighting_schedule_b,Lighting,,Default|WntrDsn|SmrDsn,41640,42004,Hourly,0.7,0.7,0.7,0.7,0.7,0.7,1,1,1,1,1,1,1,1,1,1,1,1,1,1,1,1,1,1,From DOE Prototype Buildings,,,,,,,,,,,,,,,,,,,,,,,,,,,,,,,,,,,,,,,,,,,,,,,,,,,,,,,,,,,,,,,,,,,
OfficeMedium FAN_SCH,Unknown,,Default|WntrDsn|SmrDsn,41640,42004,Constant,1,,,,,,,,,,,,,,,,,,,,,,,,From DOE Prototype Buildings,,,,,,,,,,,,,,,,,,,,,,,,,,,,,,,,,,,,,,,,,,,,,,,,,,,,,,,,,,,,,,,,,,,
OfficeMedium Heat-Supply-Air-Temp-Sch,Unknown,C,Default|WntrDsn|SmrDsn,41640,42004,Constant,12.8,,,,,,,,,,,,,,,,,,,,,,,,From DOE Prototype Buildings,,,,,,,,,,,,,,,,,,,,,,,,,,,,,,,,,,,,,,,,,,,,,,,,,,,,,,,,,,,,,,,,,,,
OfficeMedium Hours_of_operation,Operation,,Default,41640,42004,Constant,0,,,,,,,,,,,,,,,,,,,,,,,,From DOE Prototype Buildings,,,,,,,,,,,,,,,,,,,,,,,,,,,,,,,,,,,,,,,,,,,,,,,,,,,,,,,,,,,,,,,,,,,
OfficeMedium Hours_of_operation,Operation,,SmrDsn|Wkdy,41640,42004,Hourly,0,0,0,0,0,0,1,1,1,1,1,1,1,1,1,1,1,1,1,1,1,1,0,0,From DOE Prototype Buildings,,,,,,,,,,,,,,,,,,,,,,,,,,,,,,,,,,,,,,,,,,,,,,,,,,,,,,,,,,,,,,,,,,,
OfficeMedium Hours_of_operation,Operation,,WntrDsn|Sat,41640,42004,Hourly,0,0,0,0,0,0,1,1,1,1,1,1,1,1,1,1,1,1,0,0,0,0,0,0,From DOE Prototype Buildings,,,,,,,,,,,,,,,,,,,,,,,,,,,,,,,,,,,,,,,,,,,,,,,,,,,,,,,,,,,,,,,,,,,
OfficeMedium HTGSETP_SCH_NO_OPTIMUM,Thermostat Setpoint,C,Default|SmrDsn,41640,42004,Constant,15.6,,,,,,,,,,,,,,,,,,,,,,,,From DOE Prototype Buildings,,,,,,,,,,,,,,,,,,,,,,,,,,,,,,,,,,,,,,,,,,,,,,,,,,,,,,,,,,,,,,,,,,,
OfficeMedium HTGSETP_SCH_NO_OPTIMUM,Thermostat Setpoint,C,Sat,41640,42004,Hourly,15.6,15.6,15.6,15.6,15.6,21,21,21,21,21,21,21,21,21,21,21,21,15.6,15.6,15.6,15.6,15.6,15.6,15.6,From DOE Prototype Buildings,,,,,,,,,,,,,,,,,,,,,,,,,,,,,,,,,,,,,,,,,,,,,,,,,,,,,,,,,,,,,,,,,,,
OfficeMedium HTGSETP_SCH_NO_OPTIMUM,Thermostat Setpoint,C,Wkdy,41640,42004,Hourly,15.6,15.6,15.6,15.6,15.6,21,21,21,21,21,21,21,21,21,21,21,21,21,21,21,21,21,15.6,15.6,From DOE Prototype Buildings,,,,,,,,,,,,,,,,,,,,,,,,,,,,,,,,,,,,,,,,,,,,,,,,,,,,,,,,,,,,,,,,,,,
OfficeMedium HTGSETP_SCH_NO_OPTIMUM,Thermostat Setpoint,C,WntrDsn,41640,42004,Hourly,15.6,15.6,15.6,15.6,15.6,17.6,19.6,21,21,21,21,21,21,21,21,21,21,21,21,21,21,21,15.6,15.6,From DOE Prototype Buildings,,,,,,,,,,,,,,,,,,,,,,,,,,,,,,,,,,,,,,,,,,,,,,,,,,,,,,,,,,,,,,,,,,,
OfficeMedium HTGSETP_SCH_PACU_VAV_bot,Thermostat Setpoint,C,Default|SmrDsn,41640,42004,Constant,15.6,,,,,,,,,,,,,,,,,,,,,,,,From DOE Prototype Buildings,,,,,,,,,,,,,,,,,,,,,,,,,,,,,,,,,,,,,,,,,,,,,,,,,,,,,,,,,,,,,,,,,,,
OfficeMedium HTGSETP_SCH_PACU_VAV_bot,Thermostat Setpoint,C,Sat,41640,42004,Hourly,15.6,15.6,15.6,15.6,15.6,21,21,21,21,21,21,21,21,21,21,21,21,15.6,15.6,15.6,15.6,15.6,15.6,15.6,From DOE Prototype Buildings,,,,,,,,,,,,,,,,,,,,,,,,,,,,,,,,,,,,,,,,,,,,,,,,,,,,,,,,,,,,,,,,,,,
OfficeMedium HTGSETP_SCH_PACU_VAV_bot,Thermostat Setpoint,C,Wkdy,41640,42004,Hourly,15.6,15.6,15.6,15.6,15.6,21,21,21,21,21,21,21,21,21,21,21,21,21,21,21,21,21,15.6,15.6,From DOE Prototype Buildings,,,,,,,,,,,,,,,,,,,,,,,,,,,,,,,,,,,,,,,,,,,,,,,,,,,,,,,,,,,,,,,,,,,
OfficeMedium HTGSETP_SCH_PACU_VAV_bot,Thermostat Setpoint,C,WntrDsn,41640,42004,Hourly,15.6,15.6,15.6,15.6,15.6,17.6,19.6,21,21,21,21,21,21,21,21,21,21,21,21,21,21,21,15.6,15.6,From DOE Prototype Buildings,,,,,,,,,,,,,,,,,,,,,,,,,,,,,,,,,,,,,,,,,,,,,,,,,,,,,,,,,,,,,,,,,,,
OfficeMedium HTGSETP_SCH_PACU_VAV_mid,Thermostat Setpoint,C,Default|SmrDsn,41640,42004,Constant,15.6,,,,,,,,,,,,,,,,,,,,,,,,From DOE Prototype Buildings,,,,,,,,,,,,,,,,,,,,,,,,,,,,,,,,,,,,,,,,,,,,,,,,,,,,,,,,,,,,,,,,,,,
OfficeMedium HTGSETP_SCH_PACU_VAV_mid,Thermostat Setpoint,C,Sat,41640,42004,Hourly,15.6,15.6,15.6,15.6,15.6,21,21,21,21,21,21,21,21,21,21,21,21,15.6,15.6,15.6,15.6,15.6,15.6,15.6,From DOE Prototype Buildings,,,,,,,,,,,,,,,,,,,,,,,,,,,,,,,,,,,,,,,,,,,,,,,,,,,,,,,,,,,,,,,,,,,
OfficeMedium HTGSETP_SCH_PACU_VAV_mid,Thermostat Setpoint,C,Wkdy,41640,42004,Hourly,15.6,15.6,15.6,15.6,15.6,21,21,21,21,21,21,21,21,21,21,21,21,21,21,21,21,21,15.6,15.6,From DOE Prototype Buildings,,,,,,,,,,,,,,,,,,,,,,,,,,,,,,,,,,,,,,,,,,,,,,,,,,,,,,,,,,,,,,,,,,,
OfficeMedium HTGSETP_SCH_PACU_VAV_mid,Thermostat Setpoint,C,WntrDsn,41640,42004,Hourly,15.6,15.6,15.6,15.6,15.6,17.6,19.6,21,21,21,21,21,21,21,21,21,21,21,21,21,21,21,15.6,15.6,From DOE Prototype Buildings,,,,,,,,,,,,,,,,,,,,,,,,,,,,,,,,,,,,,,,,,,,,,,,,,,,,,,,,,,,,,,,,,,,
OfficeMedium HTGSETP_SCH_PACU_VAV_top,Thermostat Setpoint,C,Default|SmrDsn,41640,42004,Constant,15.6,,,,,,,,,,,,,,,,,,,,,,,,From DOE Prototype Buildings,,,,,,,,,,,,,,,,,,,,,,,,,,,,,,,,,,,,,,,,,,,,,,,,,,,,,,,,,,,,,,,,,,,
OfficeMedium HTGSETP_SCH_PACU_VAV_top,Thermostat Setpoint,C,Sat,41640,42004,Hourly,15.6,15.6,15.6,15.6,15.6,21,21,21,21,21,21,21,21,21,21,21,21,15.6,15.6,15.6,15.6,15.6,15.6,15.6,From DOE Prototype Buildings,,,,,,,,,,,,,,,,,,,,,,,,,,,,,,,,,,,,,,,,,,,,,,,,,,,,,,,,,,,,,,,,,,,
OfficeMedium HTGSETP_SCH_PACU_VAV_top,Thermostat Setpoint,C,Wkdy,41640,42004,Hourly,15.6,15.6,15.6,15.6,15.6,21,21,21,21,21,21,21,21,21,21,21,21,21,21,21,21,21,15.6,15.6,From DOE Prototype Buildings,,,,,,,,,,,,,,,,,,,,,,,,,,,,,,,,,,,,,,,,,,,,,,,,,,,,,,,,,,,,,,,,,,,
OfficeMedium HTGSETP_SCH_PACU_VAV_top,Thermostat Setpoint,C,WntrDsn,41640,42004,Hourly,15.6,15.6,15.6,15.6,15.6,17.6,19.6,21,21,21,21,21,21,21,21,21,21,21,21,21,21,21,15.6,15.6,From DOE Prototype Buildings,,,,,,,,,,,,,,,,,,,,,,,,,,,,,,,,,,,,,,,,,,,,,,,,,,,,,,,,,,,,,,,,,,,
OfficeMedium HTGSETP_SCH_YES_OPTIMUM,Thermostat Setpoint,C,Default|SmrDsn,41640,42004,Constant,15.6,,,,,,,,,,,,,,,,,,,,,,,,From DOE Prototype Buildings,,,,,,,,,,,,,,,,,,,,,,,,,,,,,,,,,,,,,,,,,,,,,,,,,,,,,,,,,,,,,,,,,,,
OfficeMedium HTGSETP_SCH_YES_OPTIMUM,Thermostat Setpoint,C,Sat,41640,42004,Hourly,15.6,15.6,15.6,15.6,15.6,17.8,20,21,21,21,21,21,21,21,21,21,21,15.6,15.6,15.6,15.6,15.6,15.6,15.6,From DOE Prototype Buildings,,,,,,,,,,,,,,,,,,,,,,,,,,,,,,,,,,,,,,,,,,,,,,,,,,,,,,,,,,,,,,,,,,,
OfficeMedium HTGSETP_SCH_YES_OPTIMUM,Thermostat Setpoint,C,Wkdy,41640,42004,Hourly,15.6,15.6,15.6,15.6,15.6,17.8,20,21,21,21,21,21,21,21,21,21,21,21,21,21,21,21,15.6,15.6,From DOE Prototype Buildings,,,,,,,,,,,,,,,,,,,,,,,,,,,,,,,,,,,,,,,,,,,,,,,,,,,,,,,,,,,,,,,,,,,
OfficeMedium HTGSETP_SCH_YES_OPTIMUM,Thermostat Setpoint,C,WntrDsn,41640,42004,Hourly,15.6,15.6,15.6,15.6,15.6,17.6,19.6,21,21,21,21,21,21,21,21,21,21,21,21,21,21,21,15.6,15.6,From DOE Prototype Buildings,,,,,,,,,,,,,,,,,,,,,,,,,,,,,,,,,,,,,,,,,,,,,,,,,,,,,,,,,,,,,,,,,,,
OfficeMedium HTGSETP_SCH_YES_OPTIMUM_ORIGINAL,Thermostat Setpoint,C,Default|SmrDsn,41640,42004,Constant,15.6,,,,,,,,,,,,,,,,,,,,,,,,From DOE Prototype Buildings,,,,,,,,,,,,,,,,,,,,,,,,,,,,,,,,,,,,,,,,,,,,,,,,,,,,,,,,,,,,,,,,,,,
OfficeMedium HTGSETP_SCH_YES_OPTIMUM_ORIGINAL,Thermostat Setpoint,C,Sat,41640,42004,Hourly,15.6,15.6,15.6,15.6,15.6,17.8,20,21,21,21,21,21,21,21,21,21,21,15.6,15.6,15.6,15.6,15.6,15.6,15.6,From DOE Prototype Buildings,,,,,,,,,,,,,,,,,,,,,,,,,,,,,,,,,,,,,,,,,,,,,,,,,,,,,,,,,,,,,,,,,,,
OfficeMedium HTGSETP_SCH_YES_OPTIMUM_ORIGINAL,Thermostat Setpoint,C,Wkdy,41640,42004,Hourly,15.6,15.6,15.6,15.6,15.6,17.8,20,21,21,21,21,21,21,21,21,21,21,21,21,21,21,21,15.6,15.6,From DOE Prototype Buildings,,,,,,,,,,,,,,,,,,,,,,,,,,,,,,,,,,,,,,,,,,,,,,,,,,,,,,,,,,,,,,,,,,,
OfficeMedium HTGSETP_SCH_YES_OPTIMUM_ORIGINAL,Thermostat Setpoint,C,WntrDsn,41640,42004,Hourly,15.6,15.6,15.6,15.6,15.6,17.6,19.6,21,21,21,21,21,21,21,21,21,21,21,21,21,21,21,15.6,15.6,From DOE Prototype Buildings,,,,,,,,,,,,,,,,,,,,,,,,,,,,,,,,,,,,,,,,,,,,,,,,,,,,,,,,,,,,,,,,,,,
OfficeMedium Humidity Setpoint Schedule,Unknown,,Default|WntrDsn|SmrDsn|Sat|Wkdy,41640,42004,Constant,50,,,,,,,,,,,,,,,,,,,,,,,,From DOE Prototype Buildings,,,,,,,,,,,,,,,,,,,,,,,,,,,,,,,,,,,,,,,,,,,,,,,,,,,,,,,,,,,,,,,,,,,
OfficeMedium HVACOperationSchd,Operation,,Default,41640,42004,Constant,0,,,,,,,,,,,,,,,,,,,,,,,,From DOE Prototype Buildings,,,,,,,,,,,,,,,,,,,,,,,,,,,,,,,,,,,,,,,,,,,,,,,,,,,,,,,,,,,,,,,,,,,
OfficeMedium HVACOperationSchd,Operation,,SmrDsn|Wkdy,41640,42004,Hourly,0,0,0,0,0,0,1,1,1,1,1,1,1,1,1,1,1,1,1,1,1,1,0,0,From DOE Prototype Buildings,,,,,,,,,,,,,,,,,,,,,,,,,,,,,,,,,,,,,,,,,,,,,,,,,,,,,,,,,,,,,,,,,,,
OfficeMedium HVACOperationSchd,Operation,,WntrDsn|Sat,41640,42004,Hourly,0,0,0,0,0,0,1,1,1,1,1,1,1,1,1,1,1,1,0,0,0,0,0,0,From DOE Prototype Buildings,,,,,,,,,,,,,,,,,,,,,,,,,,,,,,,,,,,,,,,,,,,,,,,,,,,,,,,,,,,,,,,,,,,
OfficeMedium HW-Loop-Temp-Schedule,Unknown,C,Default|WntrDsn|SmrDsn,41640,42004,Constant,60,,,,,,,,,,,,,,,,,,,,,,,,From DOE Prototype Buildings,,,,,,,,,,,,,,,,,,,,,,,,,,,,,,,,,,,,,,,,,,,,,,,,,,,,,,,,,,,,,,,,,,,
OfficeMedium INFIL_Door_Opening_SCH,Infiltration,,Default|WntrDsn|SmrDsn,41640,42004,Constant,0,,,,,,,,,,,,,,,,,,,,,,,,From DOE Prototype Buildings,,,,,,,,,,,,,,,,,,,,,,,,,,,,,,,,,,,,,,,,,,,,,,,,,,,,,,,,,,,,,,,,,,,
OfficeMedium INFIL_Door_Opening_SCH,Infiltration,,Wkdy,41640,42004,Hourly,0,0,0,0,0,0,0.144,1,0.144,0.144,0.144,0.144,1,0.144,0.144,0.144,0.144,1,0.144,0,0,0,0,0,From DOE Prototype Buildings,,,,,,,,,,,,,,,,,,,,,,,,,,,,,,,,,,,,,,,,,,,,,,,,,,,,,,,,,,,,,,,,,,,
OfficeMedium INFIL_SCH_PNNL,Infiltration,,Default,41640,42004,Constant,1,,,,,,,,,,,,,,,,,,,,,,,,From DOE Prototype Buildings,,,,,,,,,,,,,,,,,,,,,,,,,,,,,,,,,,,,,,,,,,,,,,,,,,,,,,,,,,,,,,,,,,,
OfficeMedium INFIL_SCH_PNNL,Infiltration,,SmrDsn|Wkdy,41640,42004,Hourly,1,1,1,1,1,1,0.25,0.25,0.25,0.25,0.25,0.25,0.25,0.25,0.25,0.25,0.25,0.25,0.25,0.25,0.25,0.25,1,1,From DOE Prototype Buildings,,,,,,,,,,,,,,,,,,,,,,,,,,,,,,,,,,,,,,,,,,,,,,,,,,,,,,,,,,,,,,,,,,,
OfficeMedium INFIL_SCH_PNNL,Infiltration,,WntrDsn|Sat,41640,42004,Hourly,1,1,1,1,1,1,0.25,0.25,0.25,0.25,0.25,0.25,0.25,0.25,0.25,0.25,0.25,0.25,1,1,1,1,1,1,From DOE Prototype Buildings,,,,,,,,,,,,,,,,,,,,,,,,,,,,,,,,,,,,,,,,,,,,,,,,,,,,,,,,,,,,,,,,,,,
OfficeMedium MinOA_MotorizedDamper_Sched,OA Air,,Default,41640,42004,Constant,0,,,,,,,,,,,,,,,,,,,,,,,,From DOE Prototype Buildings,,,,,,,,,,,,,,,,,,,,,,,,,,,,,,,,,,,,,,,,,,,,,,,,,,,,,,,,,,,,,,,,,,,
OfficeMedium MinOA_MotorizedDamper_Sched,OA Air,,SmrDsn|Wkdy,41640,42004,Hourly,0,0,0,0,0,0,0,1,1,1,1,1,1,1,1,1,1,1,1,1,1,1,0,0,From DOE Prototype Buildings,,,,,,,,,,,,,,,,,,,,,,,,,,,,,,,,,,,,,,,,,,,,,,,,,,,,,,,,,,,,,,,,,,,
OfficeMedium MinOA_MotorizedDamper_Sched,OA Air,,WntrDsn|Sat,41640,42004,Hourly,0,0,0,0,0,0,0,1,1,1,1,1,1,1,1,1,1,1,0,0,0,0,0,0,From DOE Prototype Buildings,,,,,,,,,,,,,,,,,,,,,,,,,,,,,,,,,,,,,,,,,,,,,,,,,,,,,,,,,,,,,,,,,,,
OfficeMedium MinOA_Sched,OA Air,,Default|WntrDsn|SmrDsn,41640,42004,Constant,1,,,,,,,,,,,,,,,,,,,,,,,,From DOE Prototype Buildings,,,,,,,,,,,,,,,,,,,,,,,,,,,,,,,,,,,,,,,,,,,,,,,,,,,,,,,,,,,,,,,,,,,
OfficeMedium Perimeter_bot_ZN_1 sub cat Latent fract sched,Unknown,,Default|WntrDsn|SmrDsn,41640,42004,Constant,0.05,,,,,,,,,,,,,,,,,,,,,,,,From DOE Prototype Buildings,,,,,,,,,,,,,,,,,,,,,,,,,,,,,,,,,,,,,,,,,,,,,,,,,,,,,,,,,,,,,,,,,,,
OfficeMedium Perimeter_bot_ZN_1 sub cat Sensible fract sched,Unknown,,Default|WntrDsn|SmrDsn,41640,42004,Constant,0.2,,,,,,,,,,,,,,,,,,,,,,,,From DOE Prototype Buildings,,,,,,,,,,,,,,,,,,,,,,,,,,,,,,,,,,,,,,,,,,,,,,,,,,,,,,,,,,,,,,,,,,,
OfficeMedium Perimeter_bot_ZN_1 sub cat Temp Sched,Unknown,C,Default|WntrDsn|SmrDsn,41640,42004,Constant,60,,,,,,,,,,,,,,,,,,,,,,,,From DOE Prototype Buildings,,,,,,,,,,,,,,,,,,,,,,,,,,,,,,,,,,,,,,,,,,,,,,,,,,,,,,,,,,,,,,,,,,,
OfficeMedium Perimeter_bot_ZN_1 sub catHot Supply Temp Sched,Unknown,C,Default|WntrDsn|SmrDsn,41640,42004,Constant,55,,,,,,,,,,,,,,,,,,,,,,,,From DOE Prototype Buildings,,,,,,,,,,,,,,,,,,,,,,,,,,,,,,,,,,,,,,,,,,,,,,,,,,,,,,,,,,,,,,,,,,,
OfficeMedium Perimeter_bot_ZN_2 sub cat Latent fract sched,Unknown,,Default|WntrDsn|SmrDsn,41640,42004,Constant,0.05,,,,,,,,,,,,,,,,,,,,,,,,From DOE Prototype Buildings,,,,,,,,,,,,,,,,,,,,,,,,,,,,,,,,,,,,,,,,,,,,,,,,,,,,,,,,,,,,,,,,,,,
OfficeMedium Perimeter_bot_ZN_2 sub cat Sensible fract sched,Unknown,,Default|WntrDsn|SmrDsn,41640,42004,Constant,0.2,,,,,,,,,,,,,,,,,,,,,,,,From DOE Prototype Buildings,,,,,,,,,,,,,,,,,,,,,,,,,,,,,,,,,,,,,,,,,,,,,,,,,,,,,,,,,,,,,,,,,,,
OfficeMedium Perimeter_bot_ZN_2 sub cat Temp Sched,Unknown,C,Default|WntrDsn|SmrDsn,41640,42004,Constant,60,,,,,,,,,,,,,,,,,,,,,,,,From DOE Prototype Buildings,,,,,,,,,,,,,,,,,,,,,,,,,,,,,,,,,,,,,,,,,,,,,,,,,,,,,,,,,,,,,,,,,,,
OfficeMedium Perimeter_bot_ZN_2 sub catHot Supply Temp Sched,Unknown,C,Default|WntrDsn|SmrDsn,41640,42004,Constant,55,,,,,,,,,,,,,,,,,,,,,,,,From DOE Prototype Buildings,,,,,,,,,,,,,,,,,,,,,,,,,,,,,,,,,,,,,,,,,,,,,,,,,,,,,,,,,,,,,,,,,,,
OfficeMedium Perimeter_bot_ZN_3 sub cat Latent fract sched,Unknown,,Default|WntrDsn|SmrDsn,41640,42004,Constant,0.05,,,,,,,,,,,,,,,,,,,,,,,,From DOE Prototype Buildings,,,,,,,,,,,,,,,,,,,,,,,,,,,,,,,,,,,,,,,,,,,,,,,,,,,,,,,,,,,,,,,,,,,
OfficeMedium Perimeter_bot_ZN_3 sub cat Sensible fract sched,Unknown,,Default|WntrDsn|SmrDsn,41640,42004,Constant,0.2,,,,,,,,,,,,,,,,,,,,,,,,From DOE Prototype Buildings,,,,,,,,,,,,,,,,,,,,,,,,,,,,,,,,,,,,,,,,,,,,,,,,,,,,,,,,,,,,,,,,,,,
OfficeMedium Perimeter_bot_ZN_3 sub cat Temp Sched,Unknown,C,Default|WntrDsn|SmrDsn,41640,42004,Constant,60,,,,,,,,,,,,,,,,,,,,,,,,From DOE Prototype Buildings,,,,,,,,,,,,,,,,,,,,,,,,,,,,,,,,,,,,,,,,,,,,,,,,,,,,,,,,,,,,,,,,,,,
OfficeMedium Perimeter_bot_ZN_3 sub catHot Supply Temp Sched,Unknown,C,Default|WntrDsn|SmrDsn,41640,42004,Constant,55,,,,,,,,,,,,,,,,,,,,,,,,From DOE Prototype Buildings,,,,,,,,,,,,,,,,,,,,,,,,,,,,,,,,,,,,,,,,,,,,,,,,,,,,,,,,,,,,,,,,,,,
OfficeMedium Perimeter_bot_ZN_4 sub cat Latent fract sched,Unknown,,Default|WntrDsn|SmrDsn,41640,42004,Constant,0.05,,,,,,,,,,,,,,,,,,,,,,,,From DOE Prototype Buildings,,,,,,,,,,,,,,,,,,,,,,,,,,,,,,,,,,,,,,,,,,,,,,,,,,,,,,,,,,,,,,,,,,,
OfficeMedium Perimeter_bot_ZN_4 sub cat Sensible fract sched,Unknown,,Default|WntrDsn|SmrDsn,41640,42004,Constant,0.2,,,,,,,,,,,,,,,,,,,,,,,,From DOE Prototype Buildings,,,,,,,,,,,,,,,,,,,,,,,,,,,,,,,,,,,,,,,,,,,,,,,,,,,,,,,,,,,,,,,,,,,
OfficeMedium Perimeter_bot_ZN_4 sub cat Temp Sched,Unknown,C,Default|WntrDsn|SmrDsn,41640,42004,Constant,60,,,,,,,,,,,,,,,,,,,,,,,,From DOE Prototype Buildings,,,,,,,,,,,,,,,,,,,,,,,,,,,,,,,,,,,,,,,,,,,,,,,,,,,,,,,,,,,,,,,,,,,
OfficeMedium Perimeter_bot_ZN_4 sub catHot Supply Temp Sched,Unknown,C,Default|WntrDsn|SmrDsn,41640,42004,Constant,55,,,,,,,,,,,,,,,,,,,,,,,,From DOE Prototype Buildings,,,,,,,,,,,,,,,,,,,,,,,,,,,,,,,,,,,,,,,,,,,,,,,,,,,,,,,,,,,,,,,,,,,
OfficeMedium Perimeter_mid_ZN_1 sub cat Latent fract sched,Unknown,,Default|WntrDsn|SmrDsn,41640,42004,Constant,0.05,,,,,,,,,,,,,,,,,,,,,,,,From DOE Prototype Buildings,,,,,,,,,,,,,,,,,,,,,,,,,,,,,,,,,,,,,,,,,,,,,,,,,,,,,,,,,,,,,,,,,,,
OfficeMedium Perimeter_mid_ZN_1 sub cat Sensible fract sched,Unknown,,Default|WntrDsn|SmrDsn,41640,42004,Constant,0.2,,,,,,,,,,,,,,,,,,,,,,,,From DOE Prototype Buildings,,,,,,,,,,,,,,,,,,,,,,,,,,,,,,,,,,,,,,,,,,,,,,,,,,,,,,,,,,,,,,,,,,,
OfficeMedium Perimeter_mid_ZN_1 sub cat Temp Sched,Unknown,C,Default|WntrDsn|SmrDsn,41640,42004,Constant,60,,,,,,,,,,,,,,,,,,,,,,,,From DOE Prototype Buildings,,,,,,,,,,,,,,,,,,,,,,,,,,,,,,,,,,,,,,,,,,,,,,,,,,,,,,,,,,,,,,,,,,,
OfficeMedium Perimeter_mid_ZN_1 sub catHot Supply Temp Sched,Unknown,C,Default|WntrDsn|SmrDsn,41640,42004,Constant,55,,,,,,,,,,,,,,,,,,,,,,,,From DOE Prototype Buildings,,,,,,,,,,,,,,,,,,,,,,,,,,,,,,,,,,,,,,,,,,,,,,,,,,,,,,,,,,,,,,,,,,,
OfficeMedium Perimeter_mid_ZN_2 sub cat Latent fract sched,Unknown,,Default|WntrDsn|SmrDsn,41640,42004,Constant,0.05,,,,,,,,,,,,,,,,,,,,,,,,From DOE Prototype Buildings,,,,,,,,,,,,,,,,,,,,,,,,,,,,,,,,,,,,,,,,,,,,,,,,,,,,,,,,,,,,,,,,,,,
OfficeMedium Perimeter_mid_ZN_2 sub cat Sensible fract sched,Unknown,,Default|WntrDsn|SmrDsn,41640,42004,Constant,0.2,,,,,,,,,,,,,,,,,,,,,,,,From DOE Prototype Buildings,,,,,,,,,,,,,,,,,,,,,,,,,,,,,,,,,,,,,,,,,,,,,,,,,,,,,,,,,,,,,,,,,,,
OfficeMedium Perimeter_mid_ZN_2 sub cat Temp Sched,Unknown,C,Default|WntrDsn|SmrDsn,41640,42004,Constant,60,,,,,,,,,,,,,,,,,,,,,,,,From DOE Prototype Buildings,,,,,,,,,,,,,,,,,,,,,,,,,,,,,,,,,,,,,,,,,,,,,,,,,,,,,,,,,,,,,,,,,,,
OfficeMedium Perimeter_mid_ZN_2 sub catHot Supply Temp Sched,Unknown,C,Default|WntrDsn|SmrDsn,41640,42004,Constant,55,,,,,,,,,,,,,,,,,,,,,,,,From DOE Prototype Buildings,,,,,,,,,,,,,,,,,,,,,,,,,,,,,,,,,,,,,,,,,,,,,,,,,,,,,,,,,,,,,,,,,,,
OfficeMedium Perimeter_mid_ZN_3 sub cat Latent fract sched,Unknown,,Default|WntrDsn|SmrDsn,41640,42004,Constant,0.05,,,,,,,,,,,,,,,,,,,,,,,,From DOE Prototype Buildings,,,,,,,,,,,,,,,,,,,,,,,,,,,,,,,,,,,,,,,,,,,,,,,,,,,,,,,,,,,,,,,,,,,
OfficeMedium Perimeter_mid_ZN_3 sub cat Sensible fract sched,Unknown,,Default|WntrDsn|SmrDsn,41640,42004,Constant,0.2,,,,,,,,,,,,,,,,,,,,,,,,From DOE Prototype Buildings,,,,,,,,,,,,,,,,,,,,,,,,,,,,,,,,,,,,,,,,,,,,,,,,,,,,,,,,,,,,,,,,,,,
OfficeMedium Perimeter_mid_ZN_3 sub cat Temp Sched,Unknown,C,Default|WntrDsn|SmrDsn,41640,42004,Constant,60,,,,,,,,,,,,,,,,,,,,,,,,From DOE Prototype Buildings,,,,,,,,,,,,,,,,,,,,,,,,,,,,,,,,,,,,,,,,,,,,,,,,,,,,,,,,,,,,,,,,,,,
OfficeMedium Perimeter_mid_ZN_3 sub catHot Supply Temp Sched,Unknown,C,Default|WntrDsn|SmrDsn,41640,42004,Constant,55,,,,,,,,,,,,,,,,,,,,,,,,From DOE Prototype Buildings,,,,,,,,,,,,,,,,,,,,,,,,,,,,,,,,,,,,,,,,,,,,,,,,,,,,,,,,,,,,,,,,,,,
OfficeMedium Perimeter_mid_ZN_4 sub cat Latent fract sched,Unknown,,Default|WntrDsn|SmrDsn,41640,42004,Constant,0.05,,,,,,,,,,,,,,,,,,,,,,,,From DOE Prototype Buildings,,,,,,,,,,,,,,,,,,,,,,,,,,,,,,,,,,,,,,,,,,,,,,,,,,,,,,,,,,,,,,,,,,,
OfficeMedium Perimeter_mid_ZN_4 sub cat Sensible fract sched,Unknown,,Default|WntrDsn|SmrDsn,41640,42004,Constant,0.2,,,,,,,,,,,,,,,,,,,,,,,,From DOE Prototype Buildings,,,,,,,,,,,,,,,,,,,,,,,,,,,,,,,,,,,,,,,,,,,,,,,,,,,,,,,,,,,,,,,,,,,
OfficeMedium Perimeter_mid_ZN_4 sub cat Temp Sched,Unknown,C,Default|WntrDsn|SmrDsn,41640,42004,Constant,60,,,,,,,,,,,,,,,,,,,,,,,,From DOE Prototype Buildings,,,,,,,,,,,,,,,,,,,,,,,,,,,,,,,,,,,,,,,,,,,,,,,,,,,,,,,,,,,,,,,,,,,
OfficeMedium Perimeter_mid_ZN_4 sub catHot Supply Temp Sched,Unknown,C,Default|WntrDsn|SmrDsn,41640,42004,Constant,55,,,,,,,,,,,,,,,,,,,,,,,,From DOE Prototype Buildings,,,,,,,,,,,,,,,,,,,,,,,,,,,,,,,,,,,,,,,,,,,,,,,,,,,,,,,,,,,,,,,,,,,
OfficeMedium Perimeter_top_ZN_1 sub cat Latent fract sched,Unknown,,Default|WntrDsn|SmrDsn,41640,42004,Constant,0.05,,,,,,,,,,,,,,,,,,,,,,,,From DOE Prototype Buildings,,,,,,,,,,,,,,,,,,,,,,,,,,,,,,,,,,,,,,,,,,,,,,,,,,,,,,,,,,,,,,,,,,,
OfficeMedium Perimeter_top_ZN_1 sub cat Sensible fract sched,Unknown,,Default|WntrDsn|SmrDsn,41640,42004,Constant,0.2,,,,,,,,,,,,,,,,,,,,,,,,From DOE Prototype Buildings,,,,,,,,,,,,,,,,,,,,,,,,,,,,,,,,,,,,,,,,,,,,,,,,,,,,,,,,,,,,,,,,,,,
OfficeMedium Perimeter_top_ZN_1 sub cat Temp Sched,Unknown,C,Default|WntrDsn|SmrDsn,41640,42004,Constant,60,,,,,,,,,,,,,,,,,,,,,,,,From DOE Prototype Buildings,,,,,,,,,,,,,,,,,,,,,,,,,,,,,,,,,,,,,,,,,,,,,,,,,,,,,,,,,,,,,,,,,,,
OfficeMedium Perimeter_top_ZN_1 sub catHot Supply Temp Sched,Unknown,C,Default|WntrDsn|SmrDsn,41640,42004,Constant,55,,,,,,,,,,,,,,,,,,,,,,,,From DOE Prototype Buildings,,,,,,,,,,,,,,,,,,,,,,,,,,,,,,,,,,,,,,,,,,,,,,,,,,,,,,,,,,,,,,,,,,,
OfficeMedium Perimeter_top_ZN_2 sub cat Latent fract sched,Unknown,,Default|WntrDsn|SmrDsn,41640,42004,Constant,0.05,,,,,,,,,,,,,,,,,,,,,,,,From DOE Prototype Buildings,,,,,,,,,,,,,,,,,,,,,,,,,,,,,,,,,,,,,,,,,,,,,,,,,,,,,,,,,,,,,,,,,,,
OfficeMedium Perimeter_top_ZN_2 sub cat Sensible fract sched,Unknown,,Default|WntrDsn|SmrDsn,41640,42004,Constant,0.2,,,,,,,,,,,,,,,,,,,,,,,,From DOE Prototype Buildings,,,,,,,,,,,,,,,,,,,,,,,,,,,,,,,,,,,,,,,,,,,,,,,,,,,,,,,,,,,,,,,,,,,
OfficeMedium Perimeter_top_ZN_2 sub cat Temp Sched,Unknown,C,Default|WntrDsn|SmrDsn,41640,42004,Constant,60,,,,,,,,,,,,,,,,,,,,,,,,From DOE Prototype Buildings,,,,,,,,,,,,,,,,,,,,,,,,,,,,,,,,,,,,,,,,,,,,,,,,,,,,,,,,,,,,,,,,,,,
OfficeMedium Perimeter_top_ZN_2 sub catHot Supply Temp Sched,Unknown,C,Default|WntrDsn|SmrDsn,41640,42004,Constant,55,,,,,,,,,,,,,,,,,,,,,,,,From DOE Prototype Buildings,,,,,,,,,,,,,,,,,,,,,,,,,,,,,,,,,,,,,,,,,,,,,,,,,,,,,,,,,,,,,,,,,,,
OfficeMedium Perimeter_top_ZN_3 sub cat Latent fract sched,Unknown,,Default|WntrDsn|SmrDsn,41640,42004,Constant,0.05,,,,,,,,,,,,,,,,,,,,,,,,From DOE Prototype Buildings,,,,,,,,,,,,,,,,,,,,,,,,,,,,,,,,,,,,,,,,,,,,,,,,,,,,,,,,,,,,,,,,,,,
OfficeMedium Perimeter_top_ZN_3 sub cat Sensible fract sched,Unknown,,Default|WntrDsn|SmrDsn,41640,42004,Constant,0.2,,,,,,,,,,,,,,,,,,,,,,,,From DOE Prototype Buildings,,,,,,,,,,,,,,,,,,,,,,,,,,,,,,,,,,,,,,,,,,,,,,,,,,,,,,,,,,,,,,,,,,,
OfficeMedium Perimeter_top_ZN_3 sub cat Temp Sched,Unknown,C,Default|WntrDsn|SmrDsn,41640,42004,Constant,60,,,,,,,,,,,,,,,,,,,,,,,,From DOE Prototype Buildings,,,,,,,,,,,,,,,,,,,,,,,,,,,,,,,,,,,,,,,,,,,,,,,,,,,,,,,,,,,,,,,,,,,
OfficeMedium Perimeter_top_ZN_3 sub catHot Supply Temp Sched,Unknown,C,Default|WntrDsn|SmrDsn,41640,42004,Constant,55,,,,,,,,,,,,,,,,,,,,,,,,From DOE Prototype Buildings,,,,,,,,,,,,,,,,,,,,,,,,,,,,,,,,,,,,,,,,,,,,,,,,,,,,,,,,,,,,,,,,,,,
OfficeMedium Perimeter_top_ZN_4 sub cat Latent fract sched,Unknown,,Default|WntrDsn|SmrDsn,41640,42004,Constant,0.05,,,,,,,,,,,,,,,,,,,,,,,,From DOE Prototype Buildings,,,,,,,,,,,,,,,,,,,,,,,,,,,,,,,,,,,,,,,,,,,,,,,,,,,,,,,,,,,,,,,,,,,
OfficeMedium Perimeter_top_ZN_4 sub cat Sensible fract sched,Unknown,,Default|WntrDsn|SmrDsn,41640,42004,Constant,0.2,,,,,,,,,,,,,,,,,,,,,,,,From DOE Prototype Buildings,,,,,,,,,,,,,,,,,,,,,,,,,,,,,,,,,,,,,,,,,,,,,,,,,,,,,,,,,,,,,,,,,,,
OfficeMedium Perimeter_top_ZN_4 sub cat Temp Sched,Unknown,C,Default|WntrDsn|SmrDsn,41640,42004,Constant,60,,,,,,,,,,,,,,,,,,,,,,,,From DOE Prototype Buildings,,,,,,,,,,,,,,,,,,,,,,,,,,,,,,,,,,,,,,,,,,,,,,,,,,,,,,,,,,,,,,,,,,,
OfficeMedium Perimeter_top_ZN_4 sub catHot Supply Temp Sched,Unknown,C,Default|WntrDsn|SmrDsn,41640,42004,Constant,55,,,,,,,,,,,,,,,,,,,,,,,,From DOE Prototype Buildings,,,,,,,,,,,,,,,,,,,,,,,,,,,,,,,,,,,,,,,,,,,,,,,,,,,,,,,,,,,,,,,,,,,
OfficeMedium PlantOnSched,Unknown,,Default|WntrDsn|SmrDsn,41640,42004,Constant,1,,,,,,,,,,,,,,,,,,,,,,,,From DOE Prototype Buildings,,,,,,,,,,,,,,,,,,,,,,,,,,,,,,,,,,,,,,,,,,,,,,,,,,,,,,,,,,,,,,,,,,,
OfficeMedium ReheatCoilAvailSched,Unknown,,Default|WntrDsn|SmrDsn,41640,42004,Constant,1,,,,,,,,,,,,,,,,,,,,,,,,From DOE Prototype Buildings,,,,,,,,,,,,,,,,,,,,,,,,,,,,,,,,,,,,,,,,,,,,,,,,,,,,,,,,,,,,,,,,,,,
OfficeMedium SHADING_SCH,Unknown,W,Default|WntrDsn|SmrDsn,41640,42004,Constant,0,,,,,,,,,,,,,,,,,,,,,,,,From DOE Prototype Buildings,,,,,,,,,,,,,,,,,,,,,,,,,,,,,,,,,,,,,,,,,,,,,,,,,,,,,,,,,,,,,,,,,,,
OfficeMedium SHWSys1 Water Heater Ambient Temperature Schedule,Service Water Heating,C,Default|WntrDsn|SmrDsn,41640,42004,Constant,22,,,,,,,,,,,,,,,,,,,,,,,,From DOE Prototype Buildings,,,,,,,,,,,,,,,,,,,,,,,,,,,,,,,,,,,,,,,,,,,,,,,,,,,,,,,,,,,,,,,,,,,
OfficeMedium SHWSys1 Water Heater Setpoint Temperature Schedule,Service Water Heating,C,Default|WntrDsn|SmrDsn,41640,42004,Constant,60,,,,,,,,,,,,,,,,,,,,,,,,From DOE Prototype Buildings,,,,,,,,,,,,,,,,,,,,,,,,,,,,,,,,,,,,,,,,,,,,,,,,,,,,,,,,,,,,,,,,,,,
OfficeMedium SHWSys1-Loop-Temp-Schedule,Service Water Heating,C,Default|WntrDsn|SmrDsn,41640,42004,Constant,60,,,,,,,,,,,,,,,,,,,,,,,,From DOE Prototype Buildings,,,,,,,,,,,,,,,,,,,,,,,,,,,,,,,,,,,,,,,,,,,,,,,,,,,,,,,,,,,,,,,,,,,
OfficeMedium VAV OA Damper,Operation,Dimensionless,Default|SmrDsn,41640,42004,Hourly,0,0,0,0,0,0,1,1,1,1,1,1,1,1,1,1,1,1,1,1,0,0,0,0,,,,,,,,,,,,,,,,,,,,,,,,,,,,,,,,,,,,,,,,,,,,,,,,,,,,,,,,,,,,,,,,,,,,
OfficeMedium VAV OA Damper,Operation,Dimensionless,Sat|Sun|WntrDsn,41640,42004,Constant,0,,,,,,,,,,,,,,,,,,,,,,,,,,,,,,,,,,,,,,,,,,,,,,,,,,,,,,,,,,,,,,,,,,,,,,,,,,,,,,,,,,,,,,,,,,,
OfficeMedium VAV Operation,Operation,Dimensionless,Default|SmrDsn,41640,42004,Hourly,0,0,0,0,0,0,1,1,1,1,1,1,1,1,1,1,1,1,1,1,0,0,0,0,,,,,,,,,,,,,,,,,,,,,,,,,,,,,,,,,,,,,,,,,,,,,,,,,,,,,,,,,,,,,,,,,,,,
OfficeMedium VAV Operation,Operation,Dimensionless,Sat|Sun|WntrDsn,41640,42004,Constant,0,,,,,,,,,,,,,,,,,,,,,,,,,,,,,,,,,,,,,,,,,,,,,,,,,,,,,,,,,,,,,,,,,,,,,,,,,,,,,,,,,,,,,,,,,,,
OfficeMedium WORK_EFF_SCH,Unknown,,Default|WntrDsn|SmrDsn,41640,42004,Constant,0,,,,,,,,,,,,,,,,,,,,,,,,From DOE Prototype Buildings,,,,,,,,,,,,,,,,,,,,,,,,,,,,,,,,,,,,,,,,,,,,,,,,,,,,,,,,,,,,,,,,,,,
OfficeSmall AIR_VELO_SCH,Unknown,W,Default|WntrDsn|SmrDsn,41640,42004,Constant,0.2,,,,,,,,,,,,,,,,,,,,,,,,From DOE Prototype Buildings,,,,,,,,,,,,,,,,,,,,,,,,,,,,,,,,,,,,,,,,,,,,,,,,,,,,,,,,,,,,,,,,,,,
OfficeSmall ALWAYS_OFF,Unknown,,Default|WntrDsn|SmrDsn,41640,42004,Constant,0,,,,,,,,,,,,,,,,,,,,,,,,From DOE Prototype Buildings,,,,,,,,,,,,,,,,,,,,,,,,,,,,,,,,,,,,,,,,,,,,,,,,,,,,,,,,,,,,,,,,,,,
OfficeSmall ALWAYS_ON,Unknown,,Default|WntrDsn|SmrDsn,41640,42004,Constant,1,,,,,,,,,,,,,,,,,,,,,,,,From DOE Prototype Buildings,,,,,,,,,,,,,,,,,,,,,,,,,,,,,,,,,,,,,,,,,,,,,,,,,,,,,,,,,,,,,,,,,,,
OfficeSmall BLDG_EQUIP_SCH,Equipment,,Default|WntrDsn,41640,42004,Constant,0,,,,,,,,,,,,,,,,,,,,,,,,From DOE Prototype Buildings,,,,,,,,,,,,,,,,,,,,,,,,,,,,,,,,,,,,,,,,,,,,,,,,,,,,,,,,,,,,,,,,,,,
OfficeSmall BLDG_EQUIP_SCH,Equipment,,SmrDsn,41640,42004,Constant,1,,,,,,,,,,,,,,,,,,,,,,,,From DOE Prototype Buildings,,,,,,,,,,,,,,,,,,,,,,,,,,,,,,,,,,,,,,,,,,,,,,,,,,,,,,,,,,,,,,,,,,,
OfficeSmall BLDG_EQUIP_SCH,Equipment,,Wkdy,41640,42004,Hourly,0.5,0.5,0.5,0.5,0.5,0.5,0.5,0.5,1,1,1,1,0.94,1,1,1,1,0.5,0.2,0.2,0.2,0.2,0.2,0.2,From DOE Prototype Buildings,,,,,,,,,,,,,,,,,,,,,,,,,,,,,,,,,,,,,,,,,,,,,,,,,,,,,,,,,,,,,,,,,,,
OfficeSmall BLDG_LIGHT_SCH,Lighting,,Default|WntrDsn,41640,42004,Constant,0,,,,,,,,,,,,,,,,,,,,,,,,From DOE Prototype Buildings,,,,,,,,,,,,,,,,,,,,,,,,,,,,,,,,,,,,,,,,,,,,,,,,,,,,,,,,,,,,,,,,,,,
OfficeSmall BLDG_LIGHT_SCH,Lighting,,SmrDsn,41640,42004,Constant,1,,,,,,,,,,,,,,,,,,,,,,,,From DOE Prototype Buildings,,,,,,,,,,,,,,,,,,,,,,,,,,,,,,,,,,,,,,,,,,,,,,,,,,,,,,,,,,,,,,,,,,,
OfficeSmall BLDG_LIGHT_SCH,Lighting,,Wkdy,41640,42004,Hourly,0.18,0.18,0.18,0.18,0.18,0.23,0.23,0.42,0.9,0.9,0.9,0.9,0.8,0.9,0.9,0.9,0.9,0.61,0.42,0.42,0.32,0.32,0.23,0.18,From DOE Prototype Buildings,,,,,,,,,,,,,,,,,,,,,,,,,,,,,,,,,,,,,,,,,,,,,,,,,,,,,,,,,,,,,,,,,,,
OfficeSmall BLDG_OCC_SCH,Occupancy,,Default|WntrDsn,41640,42004,Constant,0,,,,,,,,,,,,,,,,,,,,,,,,From DOE Prototype Buildings,,,,,,,,,,,,,,,,,,,,,,,,,,,,,,,,,,,,,,,,,,,,,,,,,,,,,,,,,,,,,,,,,,,
OfficeSmall BLDG_OCC_SCH,Occupancy,,SmrDsn,41640,42004,Constant,1,,,,,,,,,,,,,,,,,,,,,,,,From DOE Prototype Buildings,,,,,,,,,,,,,,,,,,,,,,,,,,,,,,,,,,,,,,,,,,,,,,,,,,,,,,,,,,,,,,,,,,,
OfficeSmall BLDG_OCC_SCH,Occupancy,,Wkdy,41640,42004,Hourly,0,0,0,0,0,0,0.11,0.21,1,1,1,1,0.53,1,1,1,1,0.32,0.11,0.11,0.11,0.11,0.05,0,From DOE Prototype Buildings,,,,,,,,,,,,,,,,,,,,,,,,,,,,,,,,,,,,,,,,,,,,,,,,,,,,,,,,,,,,,,,,,,,
OfficeSmall BLDG_SWH_SCH,Service Water Heating,,Default,41640,42004,Constant,0,,,,,,,,,,,,,,,,,,,,,,,,From DOE Prototype Buildings,,,,,,,,,,,,,,,,,,,,,,,,,,,,,,,,,,,,,,,,,,,,,,,,,,,,,,,,,,,,,,,,,,,
OfficeSmall BLDG_SWH_SCH,Service Water Heating,,WntrDsn|SmrDsn|Wkdy,41640,42004,Hourly,0,0,0,0,0,0,0,0.27,0.55,0.64,0.64,0.82,1,0.91,0.55,0.55,0.73,0.37,0.37,0.18,0.27,0.09,0,0,From DOE Prototype Buildings,,,,,,,,,,,,,,,,,,,,,,,,,,,,,,,,,,,,,,,,,,,,,,,,,,,,,,,,,,,,,,,,,,,
OfficeSmall CLGSETP_SCH_NO_OPTIMUM,Thermostat Setpoint,C,Default,41640,42004,Constant,29.44,,,,,,,,,,,,,,,,,,,,,,,,From DOE Prototype Buildings,,,,,,,,,,,,,,,,,,,,,,,,,,,,,,,,,,,,,,,,,,,,,,,,,,,,,,,,,,,,,,,,,,,
OfficeSmall CLGSETP_SCH_NO_OPTIMUM,Thermostat Setpoint,C,SmrDsn,41640,42004,Constant,23.89,,,,,,,,,,,,,,,,,,,,,,,,From DOE Prototype Buildings,,,,,,,,,,,,,,,,,,,,,,,,,,,,,,,,,,,,,,,,,,,,,,,,,,,,,,,,,,,,,,,,,,,
OfficeSmall CLGSETP_SCH_NO_OPTIMUM,Thermostat Setpoint,C,Wkdy,41640,42004,Hourly,29.44,29.44,29.44,29.44,29.44,29.44,23.89,23.89,23.89,23.89,23.89,23.89,23.89,23.89,23.89,23.89,23.89,23.89,29.44,29.44,29.44,29.44,29.44,29.44,From DOE Prototype Buildings,,,,,,,,,,,,,,,,,,,,,,,,,,,,,,,,,,,,,,,,,,,,,,,,,,,,,,,,,,,,,,,,,,,
OfficeSmall CLGSETP_SCH_NO_OPTIMUM,Thermostat Setpoint,C,WntrDsn,41640,42004,Constant,29.44,,,,,,,,,,,,,,,,,,,,,,,,From DOE Prototype Buildings,,,,,,,,,,,,,,,,,,,,,,,,,,,,,,,,,,,,,,,,,,,,,,,,,,,,,,,,,,,,,,,,,,,
OfficeSmall CLGSETP_SCH_NO_SETBACK,Thermostat Setpoint,C,Default,41640,42004,Constant,23.89,,,,,,,,,,,,,,,,,,,,,,,,From DOE Prototype Buildings,,,,,,,,,,,,,,,,,,,,,,,,,,,,,,,,,,,,,,,,,,,,,,,,,,,,,,,,,,,,,,,,,,,
OfficeSmall CLGSETP_SCH_NO_SETBACK,Thermostat Setpoint,C,SmrDsn|Wkdy,41640,42004,Constant,23.89,,,,,,,,,,,,,,,,,,,,,,,,From DOE Prototype Buildings,,,,,,,,,,,,,,,,,,,,,,,,,,,,,,,,,,,,,,,,,,,,,,,,,,,,,,,,,,,,,,,,,,,
OfficeSmall CLGSETP_SCH_NO_SETBACK,Thermostat Setpoint,C,WntrDsn,41640,42004,Constant,29.44,,,,,,,,,,,,,,,,,,,,,,,,From DOE Prototype Buildings,,,,,,,,,,,,,,,,,,,,,,,,,,,,,,,,,,,,,,,,,,,,,,,,,,,,,,,,,,,,,,,,,,,
OfficeSmall CLGSETP_SCH_YES_OPTIMUM,Thermostat Setpoint,C,Default,41640,42004,Constant,23.89,,,,,,,,,,,,,,,,,,,,,,,,From DOE Prototype Buildings,,,,,,,,,,,,,,,,,,,,,,,,,,,,,,,,,,,,,,,,,,,,,,,,,,,,,,,,,,,,,,,,,,,
OfficeSmall CLGSETP_SCH_YES_OPTIMUM,Thermostat Setpoint,C,SmrDsn,41640,42004,Constant,23.89,,,,,,,,,,,,,,,,,,,,,,,,From DOE Prototype Buildings,,,,,,,,,,,,,,,,,,,,,,,,,,,,,,,,,,,,,,,,,,,,,,,,,,,,,,,,,,,,,,,,,,,
OfficeSmall CLGSETP_SCH_YES_OPTIMUM,Thermostat Setpoint,C,Wkdy,41640,42004,Hourly,29.44,29.44,29.44,29.44,29.44,29.44,27.8,25.6,23.89,23.89,23.89,23.89,23.89,23.89,23.89,23.89,23.89,23.89,29.44,29.44,29.44,29.44,29.44,29.44,From DOE Prototype Buildings,,,,,,,,,,,,,,,,,,,,,,,,,,,,,,,,,,,,,,,,,,,,,,,,,,,,,,,,,,,,,,,,,,,
OfficeSmall CLGSETP_SCH_YES_OPTIMUM,Thermostat Setpoint,C,WntrDsn,41640,42004,Constant,29.44,,,,,,,,,,,,,,,,,,,,,,,,From DOE Prototype Buildings,,,,,,,,,,,,,,,,,,,,,,,,,,,,,,,,,,,,,,,,,,,,,,,,,,,,,,,,,,,,,,,,,,,
OfficeSmall CLOTHING_SCH,Clothing,W,Default|SmrDsn,41640,42004,Constant,0.5,,,,,,,,,,,,,,,,,,,,,,,,From DOE Prototype Buildings,,,,,,,,,,,,,,,,,,,,,,,,,,,,,,,,,,,,,,,,,,,,,,,,,,,,,,,,,,,,,,,,,,,
OfficeSmall CLOTHING_SCH,Clothing,W,Wknd|Wkdy,41913,42004,Constant,1,,,,,,,,,,,,,,,,,,,,,,,,From DOE Prototype Buildings,,,,,,,,,,,,,,,,,,,,,,,,,,,,,,,,,,,,,,,,,,,,,,,,,,,,,,,,,,,,,,,,,,,
OfficeSmall CLOTHING_SCH,Clothing,W,Wknd|Wkdy,41640,41759,Constant,1,,,,,,,,,,,,,,,,,,,,,,,,From DOE Prototype Buildings,,,,,,,,,,,,,,,,,,,,,,,,,,,,,,,,,,,,,,,,,,,,,,,,,,,,,,,,,,,,,,,,,,,
OfficeSmall CLOTHING_SCH,Clothing,W,WntrDsn,41640,42004,Constant,1,,,,,,,,,,,,,,,,,,,,,,,,From DOE Prototype Buildings,,,,,,,,,,,,,,,,,,,,,,,,,,,,,,,,,,,,,,,,,,,,,,,,,,,,,,,,,,,,,,,,,,,
OfficeSmall CoolingCoilAvailSched,Unknown,,Default|WntrDsn|SmrDsn,41640,42004,Constant,1,,,,,,,,,,,,,,,,,,,,,,,,From DOE Prototype Buildings,,,,,,,,,,,,,,,,,,,,,,,,,,,,,,,,,,,,,,,,,,,,,,,,,,,,,,,,,,,,,,,,,,,
OfficeSmall Core_ZN Water Equipment Hot Supply Temp Sched,Equipment,C,Default|WntrDsn|SmrDsn,41640,42004,Constant,55,,,,,,,,,,,,,,,,,,,,,,,,From DOE Prototype Buildings,,,,,,,,,,,,,,,,,,,,,,,,,,,,,,,,,,,,,,,,,,,,,,,,,,,,,,,,,,,,,,,,,,,
OfficeSmall Core_ZN Water Equipment Latent fract sched,Equipment,,Default|WntrDsn|SmrDsn,41640,42004,Constant,0.05,,,,,,,,,,,,,,,,,,,,,,,,From DOE Prototype Buildings,,,,,,,,,,,,,,,,,,,,,,,,,,,,,,,,,,,,,,,,,,,,,,,,,,,,,,,,,,,,,,,,,,,
OfficeSmall Core_ZN Water Equipment Sensible fract sched,Equipment,,Default|WntrDsn|SmrDsn,41640,42004,Constant,0.2,,,,,,,,,,,,,,,,,,,,,,,,From DOE Prototype Buildings,,,,,,,,,,,,,,,,,,,,,,,,,,,,,,,,,,,,,,,,,,,,,,,,,,,,,,,,,,,,,,,,,,,
OfficeSmall Core_ZN Water Equipment Temp Sched,Equipment,C,Default|WntrDsn|SmrDsn,41640,42004,Constant,48.8,,,,,,,,,,,,,,,,,,,,,,,,From DOE Prototype Buildings,,,,,,,,,,,,,,,,,,,,,,,,,,,,,,,,,,,,,,,,,,,,,,,,,,,,,,,,,,,,,,,,,,,
OfficeSmall CW-Loop-Temp-Schedule,Unknown,C,Default|WntrDsn|SmrDsn,41640,42004,Constant,6.7,,,,,,,,,,,,,,,,,,,,,,,,From DOE Prototype Buildings,,,,,,,,,,,,,,,,,,,,,,,,,,,,,,,,,,,,,,,,,,,,,,,,,,,,,,,,,,,,,,,,,,,
OfficeSmall Dual Zone Control Type Sched,Unknown,,Default|WntrDsn|SmrDsn,41640,42004,Constant,4,,,,,,,,,,,,,,,,,,,,,,,,From DOE Prototype Buildings,,,,,,,,,,,,,,,,,,,,,,,,,,,,,,,,,,,,,,,,,,,,,,,,,,,,,,,,,,,,,,,,,,,
OfficeSmall Exterior_Lgt_189_1,Unknown,,Default|WntrDsn|SmrDsn,41640,42004,Constant,0.5,,,,,,,,,,,,,,,,,,,,,,,,From DOE Prototype Buildings,,,,,,,,,,,,,,,,,,,,,,,,,,,,,,,,,,,,,,,,,,,,,,,,,,,,,,,,,,,,,,,,,,,
OfficeSmall Exterior_Lgt_ALWAYS_ON,Unknown,,Default|WntrDsn|SmrDsn,41640,42004,Constant,1,,,,,,,,,,,,,,,,,,,,,,,,From DOE Prototype Buildings,,,,,,,,,,,,,,,,,,,,,,,,,,,,,,,,,,,,,,,,,,,,,,,,,,,,,,,,,,,,,,,,,,,
OfficeSmall Exterior_lighting_schedule_a,Lighting,,Default|WntrDsn|SmrDsn,41640,42004,Hourly,0,0,0,0,0,0,1,1,1,1,1,1,1,1,1,1,1,1,1,1,1,1,1,1,From DOE Prototype Buildings,,,,,,,,,,,,,,,,,,,,,,,,,,,,,,,,,,,,,,,,,,,,,,,,,,,,,,,,,,,,,,,,,,,
OfficeSmall Exterior_lighting_schedule_b,Lighting,,Default|WntrDsn|SmrDsn,41640,42004,Hourly,0.7,0.7,0.7,0.7,0.7,0.7,1,1,1,1,1,1,1,1,1,1,1,1,1,1,1,1,1,1,From DOE Prototype Buildings,,,,,,,,,,,,,,,,,,,,,,,,,,,,,,,,,,,,,,,,,,,,,,,,,,,,,,,,,,,,,,,,,,,
OfficeSmall Heating-Supply-Air-Temp-Sch,Unknown,C,Default|WntrDsn|SmrDsn,41640,42004,Constant,16,,,,,,,,,,,,,,,,,,,,,,,,From DOE Prototype Buildings,,,,,,,,,,,,,,,,,,,,,,,,,,,,,,,,,,,,,,,,,,,,,,,,,,,,,,,,,,,,,,,,,,,
OfficeSmall HTGSETP_SCH_NO_OPTIMUM,Thermostat Setpoint,C,Default,41640,42004,Constant,15.56,,,,,,,,,,,,,,,,,,,,,,,,From DOE Prototype Buildings,,,,,,,,,,,,,,,,,,,,,,,,,,,,,,,,,,,,,,,,,,,,,,,,,,,,,,,,,,,,,,,,,,,
OfficeSmall HTGSETP_SCH_NO_OPTIMUM,Thermostat Setpoint,C,SmrDsn,41640,42004,Constant,15.56,,,,,,,,,,,,,,,,,,,,,,,,From DOE Prototype Buildings,,,,,,,,,,,,,,,,,,,,,,,,,,,,,,,,,,,,,,,,,,,,,,,,,,,,,,,,,,,,,,,,,,,
OfficeSmall HTGSETP_SCH_NO_OPTIMUM,Thermostat Setpoint,C,Wkdy,41640,42004,Hourly,15.56,15.56,15.56,15.56,15.56,15.56,21.11,21.11,21.11,21.11,21.11,21.11,21.11,21.11,21.11,21.11,21.11,21.11,21.11,15.56,15.56,15.56,15.56,15.56,From DOE Prototype Buildings,,,,,,,,,,,,,,,,,,,,,,,,,,,,,,,,,,,,,,,,,,,,,,,,,,,,,,,,,,,,,,,,,,,
OfficeSmall HTGSETP_SCH_NO_OPTIMUM,Thermostat Setpoint,C,WntrDsn,41640,42004,Constant,21.11,,,,,,,,,,,,,,,,,,,,,,,,From DOE Prototype Buildings,,,,,,,,,,,,,,,,,,,,,,,,,,,,,,,,,,,,,,,,,,,,,,,,,,,,,,,,,,,,,,,,,,,
OfficeSmall HTGSETP_SCH_YES_OPTIMUM,Thermostat Setpoint,C,Default,41640,42004,Constant,15.56,,,,,,,,,,,,,,,,,,,,,,,,From DOE Prototype Buildings,,,,,,,,,,,,,,,,,,,,,,,,,,,,,,,,,,,,,,,,,,,,,,,,,,,,,,,,,,,,,,,,,,,
OfficeSmall HTGSETP_SCH_YES_OPTIMUM,Thermostat Setpoint,C,SmrDsn,41640,42004,Constant,15.56,,,,,,,,,,,,,,,,,,,,,,,,From DOE Prototype Buildings,,,,,,,,,,,,,,,,,,,,,,,,,,,,,,,,,,,,,,,,,,,,,,,,,,,,,,,,,,,,,,,,,,,
OfficeSmall HTGSETP_SCH_YES_OPTIMUM,Thermostat Setpoint,C,Wkdy,41640,42004,Hourly,15.56,15.56,15.56,15.56,15.56,15.56,17.8,20,21.11,21.11,21.11,21.11,21.11,21.11,21.11,21.11,21.11,21.11,21.11,15.56,15.56,15.56,15.56,15.56,From DOE Prototype Buildings,,,,,,,,,,,,,,,,,,,,,,,,,,,,,,,,,,,,,,,,,,,,,,,,,,,,,,,,,,,,,,,,,,,
OfficeSmall HTGSETP_SCH_YES_OPTIMUM,Thermostat Setpoint,C,WntrDsn,41640,42004,Constant,21.11,,,,,,,,,,,,,,,,,,,,,,,,From DOE Prototype Buildings,,,,,,,,,,,,,,,,,,,,,,,,,,,,,,,,,,,,,,,,,,,,,,,,,,,,,,,,,,,,,,,,,,,
OfficeSmall Humidity Setpoint Schedule,Unknown,,Default|WntrDsn|SmrDsn|Sat|Wkdy,41640,42004,Constant,50,,,,,,,,,,,,,,,,,,,,,,,,From DOE Prototype Buildings,,,,,,,,,,,,,,,,,,,,,,,,,,,,,,,,,,,,,,,,,,,,,,,,,,,,,,,,,,,,,,,,,,,
OfficeSmall HVACOperationSchd,Operation,,Default|WntrDsn,41640,42004,Constant,0,,,,,,,,,,,,,,,,,,,,,,,,From DOE Prototype Buildings,,,,,,,,,,,,,,,,,,,,,,,,,,,,,,,,,,,,,,,,,,,,,,,,,,,,,,,,,,,,,,,,,,,
OfficeSmall HVACOperationSchd,Operation,,SmrDsn|Wkdy,41640,42004,Hourly,0,0,0,0,0,0,1,1,1,1,1,1,1,1,1,1,1,1,1,0,0,0,0,0,From DOE Prototype Buildings,,,,,,,,,,,,,,,,,,,,,,,,,,,,,,,,,,,,,,,,,,,,,,,,,,,,,,,,,,,,,,,,,,,
OfficeSmall HW-Loop-Temp-Schedule,Unknown,C,Default|WntrDsn|SmrDsn,41640,42004,Constant,60,,,,,,,,,,,,,,,,,,,,,,,,From DOE Prototype Buildings,,,,,,,,,,,,,,,,,,,,,,,,,,,,,,,,,,,,,,,,,,,,,,,,,,,,,,,,,,,,,,,,,,,
OfficeSmall INFIL_Door_Opening_SCH,Infiltration,,Default|WntrDsn|SmrDsn,41640,42004,Constant,0,,,,,,,,,,,,,,,,,,,,,,,,From DOE Prototype Buildings,,,,,,,,,,,,,,,,,,,,,,,,,,,,,,,,,,,,,,,,,,,,,,,,,,,,,,,,,,,,,,,,,,,
OfficeSmall INFIL_Door_Opening_SCH,Infiltration,,Wkdy,41640,42004,Hourly,0,0,0,0,0,0,0.144,1,0.144,0.144,0.144,0.144,1,0.144,0.144,0.144,0.144,1,0.144,0,0,0,0,0,From DOE Prototype Buildings,,,,,,,,,,,,,,,,,,,,,,,,,,,,,,,,,,,,,,,,,,,,,,,,,,,,,,,,,,,,,,,,,,,
OfficeSmall INFIL_QUARTER_ON_SCH,Infiltration,,Default,41640,42004,Constant,1,,,,,,,,,,,,,,,,,,,,,,,,From DOE Prototype Buildings,,,,,,,,,,,,,,,,,,,,,,,,,,,,,,,,,,,,,,,,,,,,,,,,,,,,,,,,,,,,,,,,,,,
OfficeSmall INFIL_QUARTER_ON_SCH,Infiltration,,SmrDsn|Wkdy,41640,42004,Hourly,1,1,1,1,1,1,1,0.25,0.25,0.25,0.25,0.25,0.25,0.25,0.25,0.25,0.25,0.25,0.25,1,1,1,1,1,From DOE Prototype Buildings,,,,,,,,,,,,,,,,,,,,,,,,,,,,,,,,,,,,,,,,,,,,,,,,,,,,,,,,,,,,,,,,,,,
OfficeSmall INFIL_QUARTER_ON_SCH,Infiltration,,WntrDsn|Sat,41640,42004,Hourly,1,1,1,1,1,1,1,0.25,0.25,0.25,0.25,0.25,0.25,0.25,0.25,0.25,0.25,0.25,1,1,1,1,1,1,From DOE Prototype Buildings,,,,,,,,,,,,,,,,,,,,,,,,,,,,,,,,,,,,,,,,,,,,,,,,,,,,,,,,,,,,,,,,,,,
OfficeSmall MinOA_MotorizedDamper_Sched,OA Air,,Default|WntrDsn,41640,42004,Constant,0,,,,,,,,,,,,,,,,,,,,,,,,From DOE Prototype Buildings,,,,,,,,,,,,,,,,,,,,,,,,,,,,,,,,,,,,,,,,,,,,,,,,,,,,,,,,,,,,,,,,,,,
OfficeSmall MinOA_MotorizedDamper_Sched,OA Air,,SmrDsn|Wkdy,41640,42004,Hourly,0,0,0,0,0,0,0,1,1,1,1,1,1,1,1,1,1,1,1,0,0,0,0,0,From DOE Prototype Buildings,,,,,,,,,,,,,,,,,,,,,,,,,,,,,,,,,,,,,,,,,,,,,,,,,,,,,,,,,,,,,,,,,,,
OfficeSmall MinOA_Sched,OA Air,,Default|WntrDsn|SmrDsn,41640,42004,Constant,1,,,,,,,,,,,,,,,,,,,,,,,,From DOE Prototype Buildings,,,,,,,,,,,,,,,,,,,,,,,,,,,,,,,,,,,,,,,,,,,,,,,,,,,,,,,,,,,,,,,,,,,
OfficeSmall PlantOnSched,Unknown,,Default|WntrDsn|SmrDsn,41640,42004,Constant,1,,,,,,,,,,,,,,,,,,,,,,,,From DOE Prototype Buildings,,,,,,,,,,,,,,,,,,,,,,,,,,,,,,,,,,,,,,,,,,,,,,,,,,,,,,,,,,,,,,,,,,,
OfficeSmall ReheatCoilAvailSched,Unknown,,Default|WntrDsn|SmrDsn,41640,42004,Constant,1,,,,,,,,,,,,,,,,,,,,,,,,From DOE Prototype Buildings,,,,,,,,,,,,,,,,,,,,,,,,,,,,,,,,,,,,,,,,,,,,,,,,,,,,,,,,,,,,,,,,,,,
OfficeSmall Seasonal-Reset-Supply-Air-Temp-Sch,Unknown,C,Default|WntrDsn|SmrDsn,41640,42004,Constant,13,,,,,,,,,,,,,,,,,,,,,,,,From DOE Prototype Buildings,,,,,,,,,,,,,,,,,,,,,,,,,,,,,,,,,,,,,,,,,,,,,,,,,,,,,,,,,,,,,,,,,,,
OfficeSmall Seasonal-Reset-Supply-Air-Temp-Sch,Unknown,C,Wknd|Wkdy,41913,42004,Constant,13,,,,,,,,,,,,,,,,,,,,,,,,From DOE Prototype Buildings,,,,,,,,,,,,,,,,,,,,,,,,,,,,,,,,,,,,,,,,,,,,,,,,,,,,,,,,,,,,,,,,,,,
OfficeSmall Seasonal-Reset-Supply-Air-Temp-Sch,Unknown,C,Wknd|Wkdy,41640,41729,Constant,13,,,,,,,,,,,,,,,,,,,,,,,,From DOE Prototype Buildings,,,,,,,,,,,,,,,,,,,,,,,,,,,,,,,,,,,,,,,,,,,,,,,,,,,,,,,,,,,,,,,,,,,
OfficeSmall SHADING_SCH,Unknown,W,Default|WntrDsn|SmrDsn,41640,42004,Constant,0,,,,,,,,,,,,,,,,,,,,,,,,From DOE Prototype Buildings,,,,,,,,,,,,,,,,,,,,,,,,,,,,,,,,,,,,,,,,,,,,,,,,,,,,,,,,,,,,,,,,,,,
OfficeSmall SHWSys1 Water Heater Ambient Temperature Schedule,Service Water Heating,C,Default|WntrDsn|SmrDsn,41640,42004,Constant,22,,,,,,,,,,,,,,,,,,,,,,,,From DOE Prototype Buildings,,,,,,,,,,,,,,,,,,,,,,,,,,,,,,,,,,,,,,,,,,,,,,,,,,,,,,,,,,,,,,,,,,,
OfficeSmall SHWSys1 Water Heater Setpoint Temperature Schedule,Service Water Heating,C,Default|WntrDsn|SmrDsn,41640,42004,Constant,60,,,,,,,,,,,,,,,,,,,,,,,,From DOE Prototype Buildings,,,,,,,,,,,,,,,,,,,,,,,,,,,,,,,,,,,,,,,,,,,,,,,,,,,,,,,,,,,,,,,,,,,
OfficeSmall SHWSys1-Loop-Temp-Schedule,Service Water Heating,C,Default|WntrDsn|SmrDsn,41640,42004,Constant,60,,,,,,,,,,,,,,,,,,,,,,,,From DOE Prototype Buildings,,,,,,,,,,,,,,,,,,,,,,,,,,,,,,,,,,,,,,,,,,,,,,,,,,,,,,,,,,,,,,,,,,,
OfficeSmall WORK_EFF_SCH,Unknown,,Default|WntrDsn|SmrDsn,41640,42004,Constant,0,,,,,,,,,,,,,,,,,,,,,,,,From DOE Prototype Buildings,,,,,,,,,,,,,,,,,,,,,,,,,,,,,,,,,,,,,,,,,,,,,,,,,,,,,,,,,,,,,,,,,,,
Outpatient BLDG ELEVATORS,Elevator,,Default|SmrDsn,41640,42004,Hourly,0.05,0.05,0.05,0.05,0.05,0.05,0.05,0.5,0.75,1,1,1,0.75,1,1,1,1,1,0.52,0.52,0.52,0.28,0.05,0.05,From DOE Reference Buildings ,,,,,,,,,,,,,,,,,,,,,,,,,,,,,,,,,,,,,,,,,,,,,,,,,,,,,,,,,,,,,,,,,,,
Outpatient BLDG ELEVATORS,Elevator,,Sat,41640,42004,Hourly,0.05,0.05,0.05,0.05,0.05,0.05,0.05,0.4,0.46,0.7,0.7,0.7,0.51,0.51,0.51,0.51,0.51,0.25,0.05,0.05,0.05,0.05,0.05,0.05,From DOE Reference Buildings ,,,,,,,,,,,,,,,,,,,,,,,,,,,,,,,,,,,,,,,,,,,,,,,,,,,,,,,,,,,,,,,,,,,
Outpatient BLDG ELEVATORS,Elevator,,WntrDsn|Sun,41640,42004,Hourly,0.05,0.05,0.05,0.05,0.05,0.05,0.05,0.05,0.4,0.4,0.4,0.4,0.4,0.4,0.4,0.4,0.05,0.05,0.05,0.05,0.05,0.05,0.05,0.05,From DOE Reference Buildings ,,,,,,,,,,,,,,,,,,,,,,,,,,,,,,,,,,,,,,,,,,,,,,,,,,,,,,,,,,,,,,,,,,,
Outpatient Bldg Equip,Equipment,,Default|SmrDsn,41640,42004,Hourly,0.3,0.3,0.3,0.3,0.5,0.5,1,1,1,1,1,1,1,1,1,1,1,1,0.5,0.5,0.3,0.3,0.3,0.3,From DOE Reference Buildings ,,,,,,,,,,,,,,,,,,,,,,,,,,,,,,,,,,,,,,,,,,,,,,,,,,,,,,,,,,,,,,,,,,,
Outpatient Bldg Equip,Equipment,,Sat,41640,42004,Hourly,0.3,0.3,0.3,0.3,0.3,0.3,0.3,0.5,0.5,0.8,0.8,0.8,0.8,0.8,0.8,0.5,0.5,0.5,0.5,0.5,0.3,0.3,0.3,0.3,From DOE Reference Buildings ,,,,,,,,,,,,,,,,,,,,,,,,,,,,,,,,,,,,,,,,,,,,,,,,,,,,,,,,,,,,,,,,,,,
Outpatient Bldg Equip,Equipment,,WntrDsn|Sun,41640,42004,Hourly,0.3,0.3,0.3,0.3,0.3,0.3,0.3,0.3,0.5,0.5,0.5,0.5,0.5,0.5,0.5,0.5,0.5,0.3,0.3,0.3,0.3,0.3,0.3,0.3,From DOE Reference Buildings ,,,,,,,,,,,,,,,,,,,,,,,,,,,,,,,,,,,,,,,,,,,,,,,,,,,,,,,,,,,,,,,,,,,
Outpatient Bldg Light,Lighting,,Default|SmrDsn,41640,42004,Hourly,0.1,0.1,0.1,0.1,0.3,0.3,0.6,0.9,0.9,0.9,0.9,0.9,0.9,0.9,0.9,0.9,0.9,0.9,0.6,0.6,0.3,0.3,0.1,0.1,From DOE Reference Buildings ,,,,,,,,,,,,,,,,,,,,,,,,,,,,,,,,,,,,,,,,,,,,,,,,,,,,,,,,,,,,,,,,,,,
Outpatient Bldg Light,Lighting,,Sat,41640,42004,Hourly,0.1,0.1,0.1,0.1,0.1,0.1,0.1,0.3,0.3,0.4,0.4,0.4,0.4,0.4,0.4,0.3,0.3,0.3,0.3,0.3,0.1,0.1,0.1,0.1,From DOE Reference Buildings ,,,,,,,,,,,,,,,,,,,,,,,,,,,,,,,,,,,,,,,,,,,,,,,,,,,,,,,,,,,,,,,,,,,
Outpatient Bldg Light,Lighting,,WntrDsn|Sun,41640,42004,Hourly,0.05,0.05,0.05,0.05,0.05,0.05,0.05,0.05,0.1,0.1,0.1,0.1,0.1,0.1,0.1,0.1,0.1,0.05,0.05,0.05,0.05,0.05,0.05,0.05,From DOE Reference Buildings ,,,,,,,,,,,,,,,,,,,,,,,,,,,,,,,,,,,,,,,,,,,,,,,,,,,,,,,,,,,,,,,,,,,
Outpatient Bldg Occ,Occupancy,,Default|SmrDsn,41640,42004,Hourly,0.05,0.05,0.05,0.05,0.2,0.2,0.5,0.9,0.9,0.9,0.9,0.9,0.9,0.9,0.9,0.9,0.9,0.9,0.5,0.5,0.2,0.2,0.05,0.05,From DOE Reference Buildings ,,,,,,,,,,,,,,,,,,,,,,,,,,,,,,,,,,,,,,,,,,,,,,,,,,,,,,,,,,,,,,,,,,,
Outpatient Bldg Occ,Occupancy,,Sat,41640,42004,Hourly,0.05,0.05,0.05,0.05,0.05,0.05,0.05,0.2,0.2,0.3,0.3,0.3,0.3,0.3,0.3,0.2,0.2,0.2,0.2,0.2,0.05,0.05,0.05,0.05,From DOE Reference Buildings ,,,,,,,,,,,,,,,,,,,,,,,,,,,,,,,,,,,,,,,,,,,,,,,,,,,,,,,,,,,,,,,,,,,
Outpatient Bldg Occ,Occupancy,,WntrDsn|Sun,41640,42004,Hourly,0,0,0,0,0,0,0,0,0.05,0.05,0.05,0.05,0.05,0.05,0.05,0.05,0.05,0,0,0,0,0,0,0,From DOE Reference Buildings ,,,,,,,,,,,,,,,,,,,,,,,,,,,,,,,,,,,,,,,,,,,,,,,,,,,,,,,,,,,,,,,,,,,
Outpatient ClgSetp,Thermostat Setpoint,C,Default|SmrDsn,41640,42004,Hourly,25,25,25,25,25,22.2,22.2,22.2,22.2,22.2,22.2,22.2,22.2,22.2,22.2,22.2,22.2,22.2,25,25,25,25,25,25,From DOE Reference Buildings ,,,,,,,,,,,,,,,,,,,,,,,,,,,,,,,,,,,,,,,,,,,,,,,,,,,,,,,,,,,,,,,,,,,
Outpatient ClgSetp,Thermostat Setpoint,C,Wknd,41640,42004,Constant,25,,,,,,,,,,,,,,,,,,,,,,,,From DOE Reference Buildings ,,,,,,,,,,,,,,,,,,,,,,,,,,,,,,,,,,,,,,,,,,,,,,,,,,,,,,,,,,,,,,,,,,,
Outpatient ClgSetp,Thermostat Setpoint,C,WntrDsn,41640,42004,Hourly,25,25,25,25,25,25,25,22.2,22.2,22.2,22.2,22.2,22.2,22.2,22.2,25,25,25,25,25,25,25,25,25,From DOE Reference Buildings ,,,,,,,,,,,,,,,,,,,,,,,,,,,,,,,,,,,,,,,,,,,,,,,,,,,,,,,,,,,,,,,,,,,
Outpatient Clothing,Clothing,,Default|WntrDsn,41640,42004,Constant,1,,,,,,,,,,,,,,,,,,,,,,,,From DOE Reference Buildings ,,,,,,,,,,,,,,,,,,,,,,,,,,,,,,,,,,,,,,,,,,,,,,,,,,,,,,,,,,,,,,,,,,,
Outpatient Clothing,Clothing,,SmrDsn,41640,42004,Constant,0.5,,,,,,,,,,,,,,,,,,,,,,,,From DOE Reference Buildings ,,,,,,,,,,,,,,,,,,,,,,,,,,,,,,,,,,,,,,,,,,,,,,,,,,,,,,,,,,,,,,,,,,,
Outpatient Clothing,Clothing,,Wknd|Wkdy,41913,42004,Constant,1,,,,,,,,,,,,,,,,,,,,,,,,From DOE Reference Buildings ,,,,,,,,,,,,,,,,,,,,,,,,,,,,,,,,,,,,,,,,,,,,,,,,,,,,,,,,,,,,,,,,,,,
Outpatient Clothing,Clothing,,Wknd|Wkdy,41760,41912,Constant,0.5,,,,,,,,,,,,,,,,,,,,,,,,From DOE Reference Buildings ,,,,,,,,,,,,,,,,,,,,,,,,,,,,,,,,,,,,,,,,,,,,,,,,,,,,,,,,,,,,,,,,,,,
Outpatient HtgSetp,Thermostat Setpoint,C,Default|SmrDsn,41640,42004,Hourly,18.3,18.3,18.3,18.3,18.3,21.1,21.1,21.1,21.1,21.1,21.1,21.1,21.1,21.1,21.1,21.1,21.1,21.1,18.3,18.3,18.3,18.3,18.3,18.3,From DOE Reference Buildings ,,,,,,,,,,,,,,,,,,,,,,,,,,,,,,,,,,,,,,,,,,,,,,,,,,,,,,,,,,,,,,,,,,,
Outpatient HtgSetp,Thermostat Setpoint,C,Wknd,41640,42004,Constant,18.3,,,,,,,,,,,,,,,,,,,,,,,,From DOE Reference Buildings ,,,,,,,,,,,,,,,,,,,,,,,,,,,,,,,,,,,,,,,,,,,,,,,,,,,,,,,,,,,,,,,,,,,
Outpatient HtgSetp,Thermostat Setpoint,C,WntrDsn,41640,42004,Hourly,18.3,18.3,18.3,18.3,18.3,18.3,18.3,21.1,21.1,21.1,21.1,21.1,21.1,21.1,21.1,18.3,18.3,18.3,18.3,18.3,18.3,18.3,18.3,18.3,From DOE Reference Buildings ,,,,,,,,,,,,,,,,,,,,,,,,,,,,,,,,,,,,,,,,,,,,,,,,,,,,,,,,,,,,,,,,,,,
Outpatient Infil,Infiltration,,Default,41640,42004,Constant,0.5,,,,,,,,,,,,,,,,,,,,,,,,From DOE Reference Buildings ,,,,,,,,,,,,,,,,,,,,,,,,,,,,,,,,,,,,,,,,,,,,,,,,,,,,,,,,,,,,,,,,,,,
Outpatient Infil,Infiltration,,WntrDsn|SmrDsn,41640,42004,Constant,1,,,,,,,,,,,,,,,,,,,,,,,,From DOE Reference Buildings ,,,,,,,,,,,,,,,,,,,,,,,,,,,,,,,,,,,,,,,,,,,,,,,,,,,,,,,,,,,,,,,,,,,
Outpatient OR ClgSetp,Thermostat Setpoint,C,Default|WntrDsn|SmrDsn,41640,42004,Hourly,22.2,22.2,22.2,22.2,22.2,22.2,18.3,18.3,18.3,18.3,18.3,18.3,18.3,18.3,18.3,18.3,18.3,22.2,22.2,22.2,22.2,22.2,22.2,22.2,From DOE Reference Buildings ,,,,,,,,,,,,,,,,,,,,,,,,,,,,,,,,,,,,,,,,,,,,,,,,,,,,,,,,,,,,,,,,,,,
Outpatient OR HtgSetp,Thermostat Setpoint,C,Default|WntrDsn|SmrDsn,41640,42004,Constant,18.3,,,,,,,,,,,,,,,,,,,,,,,,From DOE Reference Buildings ,,,,,,,,,,,,,,,,,,,,,,,,,,,,,,,,,,,,,,,,,,,,,,,,,,,,,,,,,,,,,,,,,,,
Outpatient Radiology Equip,Equipment,,Default|SmrDsn,41640,42004,Hourly,0.01,0.01,0.01,0.01,0.01,0.01,0.96,0.96,0.96,0.96,0.96,0.96,0.96,0.96,0.96,0.96,0.96,0.96,0.01,0.01,0.01,0.01,0.01,0.01,From DOE Reference Buildings ,,,,,,,,,,,,,,,,,,,,,,,,,,,,,,,,,,,,,,,,,,,,,,,,,,,,,,,,,,,,,,,,,,,
Outpatient Radiology Equip,Equipment,,WntrDsn|Sun,41640,42004,Constant,0.01,,,,,,,,,,,,,,,,,,,,,,,,From DOE Reference Buildings ,,,,,,,,,,,,,,,,,,,,,,,,,,,,,,,,,,,,,,,,,,,,,,,,,,,,,,,,,,,,,,,,,,,
Outpatient Work Eff,Unknown,,Default|WntrDsn|SmrDsn,41640,42004,Constant,0,,,,,,,,,,,,,,,,,,,,,,,,From DOE Reference Buildings ,,,,,,,,,,,,,,,,,,,,,,,,,,,,,,,,,,,,,,,,,,,,,,,,,,,,,,,,,,,,,,,,,,,
OutPatientHealthCare AHU-1_ExtraElecHeatC_Sch,Unknown,,Default|WntrDsn|SmrDsn,41640,42004,Constant,1,,,,,,,,,,,,,,,,,,,,,,,,From DOE Prototype Buildings,,,,,,,,,,,,,,,,,,,,,,,,,,,,,,,,,,,,,,,,,,,,,,,,,,,,,,,,,,,,,,,,,,,
OutPatientHealthCare AHU-1_ExtraWaterHeatC_Sch,Unknown,,Default|WntrDsn|SmrDsn,41640,42004,Constant,1,,,,,,,,,,,,,,,,,,,,,,,,From DOE Prototype Buildings,,,,,,,,,,,,,,,,,,,,,,,,,,,,,,,,,,,,,,,,,,,,,,,,,,,,,,,,,,,,,,,,,,,
OutPatientHealthCare AHU-1_OAminOAFracSchedule,OA Air,,Default|WntrDsn|SmrDsn,41640,42004,Constant,0.33,,,,,,,,,,,,,,,,,,,,,,,,From DOE Prototype Buildings,,,,,,,,,,,,,,,,,,,,,,,,,,,,,,,,,,,,,,,,,,,,,,,,,,,,,,,,,,,,,,,,,,,
OutPatientHealthCare AIR_VELO_SCH,Unknown,W,Default|WntrDsn|SmrDsn,41640,42004,Constant,0.2,,,,,,,,,,,,,,,,,,,,,,,,From DOE Prototype Buildings,,,,,,,,,,,,,,,,,,,,,,,,,,,,,,,,,,,,,,,,,,,,,,,,,,,,,,,,,,,,,,,,,,,
OutPatientHealthCare ALWAYS_OFF,Unknown,,Default|WntrDsn|SmrDsn,41640,42004,Constant,0,,,,,,,,,,,,,,,,,,,,,,,,From DOE Prototype Buildings,,,,,,,,,,,,,,,,,,,,,,,,,,,,,,,,,,,,,,,,,,,,,,,,,,,,,,,,,,,,,,,,,,,
OutPatientHealthCare ALWAYS_ON,Unknown,,Default|WntrDsn|SmrDsn,41640,42004,Constant,1,,,,,,,,,,,,,,,,,,,,,,,,From DOE Prototype Buildings,,,,,,,,,,,,,,,,,,,,,,,,,,,,,,,,,,,,,,,,,,,,,,,,,,,,,,,,,,,,,,,,,,,
OutPatientHealthCare BLDG_CAV_SCH,Unknown,,Default|WntrDsn|SmrDsn|Sat|Wkdy,41640,42004,Hourly,0.3,0.3,0.3,0.3,0.3,0.3,1,1,1,1,1,1,1,1,1,1,1,1,0.3,0.3,0.3,0.3,0.3,0.3,From DOE Prototype Buildings,,,,,,,,,,,,,,,,,,,,,,,,,,,,,,,,,,,,,,,,,,,,,,,,,,,,,,,,,,,,,,,,,,,
OutPatientHealthCare BLDG_CAV_SCH_HUMID,Unknown,,Default|WntrDsn|SmrDsn|Sat|Wkdy,41640,42004,Hourly,0.5,0.5,0.5,0.5,0.5,0.5,1,1,1,1,1,1,1,1,1,1,1,1,0.5,0.5,0.5,0.5,0.5,0.5,From DOE Prototype Buildings,,,,,,,,,,,,,,,,,,,,,,,,,,,,,,,,,,,,,,,,,,,,,,,,,,,,,,,,,,,,,,,,,,,
OutPatientHealthCare BLDG_ELEVATORS,Elevator,,Default,41640,42004,Hourly,0.05,0.05,0.05,0.05,0.05,0.05,0.05,0.05,0.4,0.4,0.4,0.4,0.4,0.4,0.4,0.4,0.05,0.05,0.05,0.05,0.05,0.05,0.05,0.05,From DOE Prototype Buildings,,,,,,,,,,,,,,,,,,,,,,,,,,,,,,,,,,,,,,,,,,,,,,,,,,,,,,,,,,,,,,,,,,,
OutPatientHealthCare BLDG_ELEVATORS,Elevator,,Sat,41640,42004,Hourly,0.05,0.05,0.05,0.05,0.05,0.05,0.05,0.4,0.46,0.7,0.7,0.7,0.51,0.51,0.51,0.51,0.51,0.25,0.05,0.05,0.05,0.05,0.05,0.05,From DOE Prototype Buildings,,,,,,,,,,,,,,,,,,,,,,,,,,,,,,,,,,,,,,,,,,,,,,,,,,,,,,,,,,,,,,,,,,,
OutPatientHealthCare BLDG_ELEVATORS,Elevator,,SmrDsn,41640,42004,Constant,1,,,,,,,,,,,,,,,,,,,,,,,,From DOE Prototype Buildings,,,,,,,,,,,,,,,,,,,,,,,,,,,,,,,,,,,,,,,,,,,,,,,,,,,,,,,,,,,,,,,,,,,
OutPatientHealthCare BLDG_ELEVATORS,Elevator,,Wkdy,41640,42004,Hourly,0.05,0.05,0.05,0.05,0.05,0.05,0.05,0.5,0.75,1,1,1,0.75,1,1,1,1,1,0.52,0.52,0.52,0.28,0.05,0.05,From DOE Prototype Buildings,,,,,,,,,,,,,,,,,,,,,,,,,,,,,,,,,,,,,,,,,,,,,,,,,,,,,,,,,,,,,,,,,,,
OutPatientHealthCare BLDG_ELEVATORS,Elevator,,WntrDsn,41640,42004,Constant,0.05,,,,,,,,,,,,,,,,,,,,,,,,From DOE Prototype Buildings,,,,,,,,,,,,,,,,,,,,,,,,,,,,,,,,,,,,,,,,,,,,,,,,,,,,,,,,,,,,,,,,,,,
OutPatientHealthCare BLDG_EQUIP_SCH,Equipment,,Default,41640,42004,Hourly,0.3,0.3,0.3,0.3,0.3,0.3,0.3,0.3,0.5,0.5,0.5,0.5,0.5,0.5,0.5,0.5,0.5,0.3,0.3,0.3,0.3,0.3,0.3,0.3,From DOE Prototype Buildings,,,,,,,,,,,,,,,,,,,,,,,,,,,,,,,,,,,,,,,,,,,,,,,,,,,,,,,,,,,,,,,,,,,
OutPatientHealthCare BLDG_EQUIP_SCH,Equipment,,SmrDsn|Wkdy,41640,42004,Hourly,0.3,0.3,0.3,0.3,0.5,0.5,1,1,1,1,1,1,1,1,1,1,1,1,0.5,0.5,0.3,0.3,0.3,0.3,From DOE Prototype Buildings,,,,,,,,,,,,,,,,,,,,,,,,,,,,,,,,,,,,,,,,,,,,,,,,,,,,,,,,,,,,,,,,,,,
OutPatientHealthCare BLDG_EQUIP_SCH,Equipment,,WntrDsn|Sat,41640,42004,Hourly,0.3,0.3,0.3,0.3,0.3,0.3,0.3,0.5,0.5,0.8,0.8,0.8,0.8,0.8,0.8,0.5,0.5,0.5,0.5,0.5,0.3,0.3,0.3,0.3,From DOE Prototype Buildings,,,,,,,,,,,,,,,,,,,,,,,,,,,,,,,,,,,,,,,,,,,,,,,,,,,,,,,,,,,,,,,,,,,
OutPatientHealthCare BLDG_EQUIP_SCH_BASE,Equipment,,Default,41640,42004,Hourly,0.3,0.3,0.3,0.3,0.3,0.3,0.3,0.3,0.5,0.5,0.5,0.5,0.5,0.5,0.5,0.5,0.5,0.3,0.3,0.3,0.3,0.3,0.3,0.3,From DOE Prototype Buildings,,,,,,,,,,,,,,,,,,,,,,,,,,,,,,,,,,,,,,,,,,,,,,,,,,,,,,,,,,,,,,,,,,,
OutPatientHealthCare BLDG_EQUIP_SCH_BASE,Equipment,,SmrDsn|Wkdy,41640,42004,Hourly,0.3,0.3,0.3,0.3,0.5,0.5,1,1,1,1,1,1,1,1,1,1,1,1,0.5,0.5,0.3,0.3,0.3,0.3,From DOE Prototype Buildings,,,,,,,,,,,,,,,,,,,,,,,,,,,,,,,,,,,,,,,,,,,,,,,,,,,,,,,,,,,,,,,,,,,
OutPatientHealthCare BLDG_EQUIP_SCH_BASE,Equipment,,WntrDsn|Sat,41640,42004,Hourly,0.3,0.3,0.3,0.3,0.3,0.3,0.3,0.5,0.5,0.8,0.8,0.8,0.8,0.8,0.8,0.5,0.5,0.5,0.5,0.5,0.3,0.3,0.3,0.3,From DOE Prototype Buildings,,,,,,,,,,,,,,,,,,,,,,,,,,,,,,,,,,,,,,,,,,,,,,,,,,,,,,,,,,,,,,,,,,,
OutPatientHealthCare BLDG_LIGHT_CORRIDOR_SCH,Lighting,,Default,41640,42004,Hourly,0.05,0.05,0.05,0.05,0.05,0.05,0.05,0.05,0.1,0.1,0.1,0.1,0.1,0.1,0.1,0.1,0.1,0.05,0.05,0.05,0.05,0.05,0.05,0.05,From DOE Prototype Buildings,,,,,,,,,,,,,,,,,,,,,,,,,,,,,,,,,,,,,,,,,,,,,,,,,,,,,,,,,,,,,,,,,,,
OutPatientHealthCare BLDG_LIGHT_CORRIDOR_SCH,Lighting,,SmrDsn|Wkdy,41640,42004,Hourly,0.1,0.1,0.1,0.1,0.3,0.3,0.6,0.9,0.9,0.9,0.9,0.9,0.9,0.9,0.9,0.9,0.9,0.9,0.6,0.6,0.3,0.3,0.1,0.1,From DOE Prototype Buildings,,,,,,,,,,,,,,,,,,,,,,,,,,,,,,,,,,,,,,,,,,,,,,,,,,,,,,,,,,,,,,,,,,,
OutPatientHealthCare BLDG_LIGHT_CORRIDOR_SCH,Lighting,,WntrDsn|Sat,41640,42004,Hourly,0.1,0.1,0.1,0.1,0.1,0.1,0.1,0.3,0.3,0.4,0.4,0.4,0.4,0.4,0.4,0.3,0.3,0.3,0.3,0.3,0.1,0.1,0.1,0.1,From DOE Prototype Buildings,,,,,,,,,,,,,,,,,,,,,,,,,,,,,,,,,,,,,,,,,,,,,,,,,,,,,,,,,,,,,,,,,,,
OutPatientHealthCare BLDG_LIGHT_EXAM_SCH,Lighting,,Default,41640,42004,Hourly,0.05,0.05,0.05,0.05,0.05,0.05,0.05,0.05,0.1,0.1,0.1,0.1,0.1,0.1,0.1,0.1,0.1,0.05,0.05,0.05,0.05,0.05,0.05,0.05,From DOE Prototype Buildings,,,,,,,,,,,,,,,,,,,,,,,,,,,,,,,,,,,,,,,,,,,,,,,,,,,,,,,,,,,,,,,,,,,
OutPatientHealthCare BLDG_LIGHT_EXAM_SCH,Lighting,,SmrDsn|Wkdy,41640,42004,Hourly,0.1,0.1,0.1,0.1,0.3,0.3,0.6,0.9,0.9,0.9,0.9,0.9,0.9,0.9,0.9,0.9,0.9,0.9,0.6,0.6,0.3,0.3,0.1,0.1,From DOE Prototype Buildings,,,,,,,,,,,,,,,,,,,,,,,,,,,,,,,,,,,,,,,,,,,,,,,,,,,,,,,,,,,,,,,,,,,
OutPatientHealthCare BLDG_LIGHT_EXAM_SCH,Lighting,,WntrDsn|Sat,41640,42004,Hourly,0.1,0.1,0.1,0.1,0.1,0.1,0.1,0.3,0.3,0.4,0.4,0.4,0.4,0.4,0.4,0.3,0.3,0.3,0.3,0.3,0.1,0.1,0.1,0.1,From DOE Prototype Buildings,,,,,,,,,,,,,,,,,,,,,,,,,,,,,,,,,,,,,,,,,,,,,,,,,,,,,,,,,,,,,,,,,,,
OutPatientHealthCare BLDG_LIGHT_LOBBYFLR1_SCH,Lighting,,Default,41640,42004,Hourly,0.05,0.05,0.05,0.05,0.05,0.05,0.05,0.05,0.1,0.1,0.1,0.1,0.1,0.1,0.1,0.1,0.1,0.05,0.05,0.05,0.05,0.05,0.05,0.05,From DOE Prototype Buildings,,,,,,,,,,,,,,,,,,,,,,,,,,,,,,,,,,,,,,,,,,,,,,,,,,,,,,,,,,,,,,,,,,,
OutPatientHealthCare BLDG_LIGHT_LOBBYFLR1_SCH,Lighting,,SmrDsn|Wkdy,41640,42004,Hourly,0.1,0.1,0.1,0.1,0.3,0.3,0.6,0.9,0.9,0.9,0.9,0.9,0.9,0.9,0.9,0.9,0.9,0.9,0.6,0.6,0.3,0.3,0.1,0.1,From DOE Prototype Buildings,,,,,,,,,,,,,,,,,,,,,,,,,,,,,,,,,,,,,,,,,,,,,,,,,,,,,,,,,,,,,,,,,,,
OutPatientHealthCare BLDG_LIGHT_LOBBYFLR1_SCH,Lighting,,WntrDsn|Sat,41640,42004,Hourly,0.1,0.1,0.1,0.1,0.1,0.1,0.1,0.3,0.3,0.4,0.4,0.4,0.4,0.4,0.4,0.3,0.3,0.3,0.3,0.3,0.1,0.1,0.1,0.1,From DOE Prototype Buildings,,,,,,,,,,,,,,,,,,,,,,,,,,,,,,,,,,,,,,,,,,,,,,,,,,,,,,,,,,,,,,,,,,,
OutPatientHealthCare BLDG_LIGHT_OFFICE_SCH,Lighting,,Default,41640,42004,Hourly,0.05,0.05,0.05,0.05,0.05,0.05,0.05,0.05,0.1,0.1,0.1,0.1,0.1,0.1,0.1,0.1,0.1,0.05,0.05,0.05,0.05,0.05,0.05,0.05,From DOE Prototype Buildings,,,,,,,,,,,,,,,,,,,,,,,,,,,,,,,,,,,,,,,,,,,,,,,,,,,,,,,,,,,,,,,,,,,
OutPatientHealthCare BLDG_LIGHT_OFFICE_SCH,Lighting,,SmrDsn|Wkdy,41640,42004,Hourly,0.1,0.1,0.1,0.1,0.3,0.3,0.6,0.9,0.9,0.9,0.9,0.9,0.9,0.9,0.9,0.9,0.9,0.9,0.6,0.6,0.3,0.3,0.1,0.1,From DOE Prototype Buildings,,,,,,,,,,,,,,,,,,,,,,,,,,,,,,,,,,,,,,,,,,,,,,,,,,,,,,,,,,,,,,,,,,,
OutPatientHealthCare BLDG_LIGHT_OFFICE_SCH,Lighting,,WntrDsn|Sat,41640,42004,Hourly,0.1,0.1,0.1,0.1,0.1,0.1,0.1,0.3,0.3,0.4,0.4,0.4,0.4,0.4,0.4,0.3,0.3,0.3,0.3,0.3,0.1,0.1,0.1,0.1,From DOE Prototype Buildings,,,,,,,,,,,,,,,,,,,,,,,,,,,,,,,,,,,,,,,,,,,,,,,,,,,,,,,,,,,,,,,,,,,
OutPatientHealthCare BLDG_LIGHT_SCH,Lighting,,Default,41640,42004,Hourly,0.05,0.05,0.05,0.05,0.05,0.05,0.05,0.05,0.1,0.1,0.1,0.1,0.1,0.1,0.1,0.1,0.1,0.05,0.05,0.05,0.05,0.05,0.05,0.05,From DOE Prototype Buildings,,,,,,,,,,,,,,,,,,,,,,,,,,,,,,,,,,,,,,,,,,,,,,,,,,,,,,,,,,,,,,,,,,,
OutPatientHealthCare BLDG_LIGHT_SCH,Lighting,,SmrDsn|Wkdy,41640,42004,Hourly,0.1,0.1,0.1,0.1,0.3,0.3,0.6,0.9,0.9,0.9,0.9,0.9,0.9,0.9,0.9,0.9,0.9,0.9,0.6,0.6,0.3,0.3,0.1,0.1,From DOE Prototype Buildings,,,,,,,,,,,,,,,,,,,,,,,,,,,,,,,,,,,,,,,,,,,,,,,,,,,,,,,,,,,,,,,,,,,
OutPatientHealthCare BLDG_LIGHT_SCH,Lighting,,WntrDsn|Sat,41640,42004,Hourly,0.1,0.1,0.1,0.1,0.1,0.1,0.1,0.3,0.3,0.4,0.4,0.4,0.4,0.4,0.4,0.3,0.3,0.3,0.3,0.3,0.1,0.1,0.1,0.1,From DOE Prototype Buildings,,,,,,,,,,,,,,,,,,,,,,,,,,,,,,,,,,,,,,,,,,,,,,,,,,,,,,,,,,,,,,,,,,,
OutPatientHealthCare BLDG_LIGHT_STORAGE_SCH,Lighting,,Default,41640,42004,Hourly,0.05,0.05,0.05,0.05,0.05,0.05,0.05,0.05,0.1,0.1,0.1,0.1,0.1,0.1,0.1,0.1,0.1,0.05,0.05,0.05,0.05,0.05,0.05,0.05,From DOE Prototype Buildings,,,,,,,,,,,,,,,,,,,,,,,,,,,,,,,,,,,,,,,,,,,,,,,,,,,,,,,,,,,,,,,,,,,
OutPatientHealthCare BLDG_LIGHT_STORAGE_SCH,Lighting,,SmrDsn|Wkdy,41640,42004,Hourly,0.1,0.1,0.1,0.1,0.3,0.3,0.6,0.9,0.9,0.9,0.9,0.9,0.9,0.9,0.9,0.9,0.9,0.9,0.6,0.6,0.3,0.3,0.1,0.1,From DOE Prototype Buildings,,,,,,,,,,,,,,,,,,,,,,,,,,,,,,,,,,,,,,,,,,,,,,,,,,,,,,,,,,,,,,,,,,,
OutPatientHealthCare BLDG_LIGHT_STORAGE_SCH,Lighting,,WntrDsn|Sat,41640,42004,Hourly,0.1,0.1,0.1,0.1,0.1,0.1,0.1,0.3,0.3,0.4,0.4,0.4,0.4,0.4,0.4,0.3,0.3,0.3,0.3,0.3,0.1,0.1,0.1,0.1,From DOE Prototype Buildings,,,,,,,,,,,,,,,,,,,,,,,,,,,,,,,,,,,,,,,,,,,,,,,,,,,,,,,,,,,,,,,,,,,
OutPatientHealthCare BLDG_LIGHT_TOILET_SCH,Lighting,,Default,41640,42004,Hourly,0.05,0.05,0.05,0.05,0.05,0.05,0.05,0.05,0.1,0.1,0.1,0.1,0.1,0.1,0.1,0.1,0.1,0.05,0.05,0.05,0.05,0.05,0.05,0.05,From DOE Prototype Buildings,,,,,,,,,,,,,,,,,,,,,,,,,,,,,,,,,,,,,,,,,,,,,,,,,,,,,,,,,,,,,,,,,,,
OutPatientHealthCare BLDG_LIGHT_TOILET_SCH,Lighting,,SmrDsn|Wkdy,41640,42004,Hourly,0.1,0.1,0.1,0.1,0.3,0.3,0.6,0.9,0.9,0.9,0.9,0.9,0.9,0.9,0.9,0.9,0.9,0.9,0.6,0.6,0.3,0.3,0.1,0.1,From DOE Prototype Buildings,,,,,,,,,,,,,,,,,,,,,,,,,,,,,,,,,,,,,,,,,,,,,,,,,,,,,,,,,,,,,,,,,,,
OutPatientHealthCare BLDG_LIGHT_TOILET_SCH,Lighting,,WntrDsn|Sat,41640,42004,Hourly,0.1,0.1,0.1,0.1,0.1,0.1,0.1,0.3,0.3,0.4,0.4,0.4,0.4,0.4,0.4,0.3,0.3,0.3,0.3,0.3,0.1,0.1,0.1,0.1,From DOE Prototype Buildings,,,,,,,,,,,,,,,,,,,,,,,,,,,,,,,,,,,,,,,,,,,,,,,,,,,,,,,,,,,,,,,,,,,
OutPatientHealthCare BLDG_OA_FRAC_SCH,OA Air,,Default,41640,42004,Constant,0,,,,,,,,,,,,,,,,,,,,,,,,From DOE Prototype Buildings,,,,,,,,,,,,,,,,,,,,,,,,,,,,,,,,,,,,,,,,,,,,,,,,,,,,,,,,,,,,,,,,,,,
OutPatientHealthCare BLDG_OA_FRAC_SCH,OA Air,,WntrDsn|SmrDsn|Sat|Wkdy,41640,42004,Hourly,0,0,0,0,0,0,0.25,0.25,0.25,0.25,0.25,0.25,0.25,0.25,0.25,0.25,0.25,0.25,0,0,0,0,0,0,From DOE Prototype Buildings,,,,,,,,,,,,,,,,,,,,,,,,,,,,,,,,,,,,,,,,,,,,,,,,,,,,,,,,,,,,,,,,,,,
OutPatientHealthCare BLDG_OA_SCH,OA Air,,Default,41640,42004,Constant,0,,,,,,,,,,,,,,,,,,,,,,,,From DOE Prototype Buildings,,,,,,,,,,,,,,,,,,,,,,,,,,,,,,,,,,,,,,,,,,,,,,,,,,,,,,,,,,,,,,,,,,,
OutPatientHealthCare BLDG_OA_SCH,OA Air,,WntrDsn|SmrDsn|Sat|Wkdy,41640,42004,Hourly,0,0,0,0,0,0,1,1,1,1,1,1,1,1,1,1,1,1,0,0,0,0,0,0,From DOE Prototype Buildings,,,,,,,,,,,,,,,,,,,,,,,,,,,,,,,,,,,,,,,,,,,,,,,,,,,,,,,,,,,,,,,,,,,
OutPatientHealthCare BLDG_OCC_SCH,Occupancy,,Default,41640,42004,Hourly,0,0,0,0,0,0,0,0,0.05,0.05,0.05,0.05,0.05,0.05,0.05,0.05,0.05,0,0,0,0,0,0,0,From DOE Prototype Buildings,,,,,,,,,,,,,,,,,,,,,,,,,,,,,,,,,,,,,,,,,,,,,,,,,,,,,,,,,,,,,,,,,,,
OutPatientHealthCare BLDG_OCC_SCH,Occupancy,,SmrDsn|Wkdy,41640,42004,Hourly,0.05,0.05,0.05,0.05,0.2,0.2,0.5,0.9,0.9,0.9,0.9,0.9,0.9,0.9,0.9,0.9,0.9,0.9,0.5,0.5,0.2,0.2,0.05,0.05,From DOE Prototype Buildings,,,,,,,,,,,,,,,,,,,,,,,,,,,,,,,,,,,,,,,,,,,,,,,,,,,,,,,,,,,,,,,,,,,
OutPatientHealthCare BLDG_OCC_SCH,Occupancy,,WntrDsn|Sat,41640,42004,Hourly,0.05,0.05,0.05,0.05,0.05,0.05,0.05,0.2,0.2,0.3,0.3,0.3,0.3,0.3,0.3,0.2,0.2,0.2,0.2,0.2,0.05,0.05,0.05,0.05,From DOE Prototype Buildings,,,,,,,,,,,,,,,,,,,,,,,,,,,,,,,,,,,,,,,,,,,,,,,,,,,,,,,,,,,,,,,,,,,
OutPatientHealthCare BLDG_SWH_SCH,Service Water Heating,,Default,41640,42004,Hourly,0,0,0,0,0,0,0,0,0.01,0.01,0.01,0.01,0.01,0.01,0.01,0.01,0.01,0,0,0,0,0,0,0,From DOE Prototype Buildings,,,,,,,,,,,,,,,,,,,,,,,,,,,,,,,,,,,,,,,,,,,,,,,,,,,,,,,,,,,,,,,,,,,
OutPatientHealthCare BLDG_SWH_SCH,Service Water Heating,,SmrDsn|Wkdy,41640,42004,Hourly,0.01,0.01,0.01,0.01,0.01,0.01,0.01,0.17,0.58,0.66,0.78,0.82,0.71,0.82,0.78,0.74,0.63,0.41,0.18,0.18,0.18,0.1,0.01,0.01,From DOE Prototype Buildings,,,,,,,,,,,,,,,,,,,,,,,,,,,,,,,,,,,,,,,,,,,,,,,,,,,,,,,,,,,,,,,,,,,
OutPatientHealthCare BLDG_SWH_SCH,Service Water Heating,,WntrDsn|Sat,41640,42004,Hourly,0.01,0.01,0.01,0.01,0.01,0.01,0.01,0.01,0.2,0.28,0.3,0.3,0.24,0.24,0.23,0.23,0.23,0.1,0.01,0.01,0.01,0.01,0.01,0.01,From DOE Prototype Buildings,,,,,,,,,,,,,,,,,,,,,,,,,,,,,,,,,,,,,,,,,,,,,,,,,,,,,,,,,,,,,,,,,,,
OutPatientHealthCare CAV_SAT_SCH,Unknown,C,Default|WntrDsn|SmrDsn,41640,42004,Constant,11.1,,,,,,,,,,,,,,,,,,,,,,,,From DOE Prototype Buildings,,,,,,,,,,,,,,,,,,,,,,,,,,,,,,,,,,,,,,,,,,,,,,,,,,,,,,,,,,,,,,,,,,,
OutPatientHealthCare CLGSETP_SCH_NO_OPTIMUM,Thermostat Setpoint,C,Default,41640,42004,Constant,25,,,,,,,,,,,,,,,,,,,,,,,,From DOE Prototype Buildings,,,,,,,,,,,,,,,,,,,,,,,,,,,,,,,,,,,,,,,,,,,,,,,,,,,,,,,,,,,,,,,,,,,
OutPatientHealthCare CLGSETP_SCH_NO_OPTIMUM,Thermostat Setpoint,C,SmrDsn|Wkdy,41640,42004,Hourly,25,25,25,25,25,22.2,22.2,22.2,22.2,22.2,22.2,22.2,22.2,22.2,22.2,22.2,22.2,22.2,25,25,25,25,25,25,From DOE Prototype Buildings,,,,,,,,,,,,,,,,,,,,,,,,,,,,,,,,,,,,,,,,,,,,,,,,,,,,,,,,,,,,,,,,,,,
OutPatientHealthCare CLGSETP_SCH_NO_OPTIMUM,Thermostat Setpoint,C,WntrDsn,41640,42004,Hourly,25,25,25,25,25,25,25,22.2,22.2,22.2,22.2,22.2,22.2,22.2,22.2,25,25,25,25,25,25,25,25,25,From DOE Prototype Buildings,,,,,,,,,,,,,,,,,,,,,,,,,,,,,,,,,,,,,,,,,,,,,,,,,,,,,,,,,,,,,,,,,,,
OutPatientHealthCare CLGSETP_SCH_NO_SETBACK,Thermostat Setpoint,C,Default|Wkdy,41640,42004,Constant,22.2,,,,,,,,,,,,,,,,,,,,,,,,From DOE Prototype Buildings,,,,,,,,,,,,,,,,,,,,,,,,,,,,,,,,,,,,,,,,,,,,,,,,,,,,,,,,,,,,,,,,,,,
OutPatientHealthCare CLGSETP_SCH_NO_SETBACK,Thermostat Setpoint,C,SmrDsn,41640,42004,Hourly,25,25,25,25,25,22.2,22.2,22.2,22.2,22.2,22.2,22.2,22.2,22.2,22.2,22.2,22.2,22.2,25,25,25,25,25,25,From DOE Prototype Buildings,,,,,,,,,,,,,,,,,,,,,,,,,,,,,,,,,,,,,,,,,,,,,,,,,,,,,,,,,,,,,,,,,,,
OutPatientHealthCare CLGSETP_SCH_NO_SETBACK,Thermostat Setpoint,C,WntrDsn,41640,42004,Hourly,25,25,25,25,25,25,25,22.2,22.2,22.2,22.2,22.2,22.2,22.2,22.2,25,25,25,25,25,25,25,25,25,From DOE Prototype Buildings,,,,,,,,,,,,,,,,,,,,,,,,,,,,,,,,,,,,,,,,,,,,,,,,,,,,,,,,,,,,,,,,,,,
OutPatientHealthCare CLGSETP_SCH_YES_OPTIMUM,Thermostat Setpoint,C,Default,41640,42004,Constant,25,,,,,,,,,,,,,,,,,,,,,,,,From DOE Prototype Buildings,,,,,,,,,,,,,,,,,,,,,,,,,,,,,,,,,,,,,,,,,,,,,,,,,,,,,,,,,,,,,,,,,,,
OutPatientHealthCare CLGSETP_SCH_YES_OPTIMUM,Thermostat Setpoint,C,SmrDsn,41640,42004,Hourly,25,25,25,25,25,22.2,22.2,22.2,22.2,22.2,22.2,22.2,22.2,22.2,22.2,22.2,22.2,22.2,25,25,25,25,25,25,From DOE Prototype Buildings,,,,,,,,,,,,,,,,,,,,,,,,,,,,,,,,,,,,,,,,,,,,,,,,,,,,,,,,,,,,,,,,,,,
OutPatientHealthCare CLGSETP_SCH_YES_OPTIMUM,Thermostat Setpoint,C,Wkdy,41640,42004,Hourly,25,25,25,25,25,23.9,23.3,22.2,22.2,22.2,22.2,22.2,22.2,22.2,22.2,22.2,22.2,22.2,25,25,25,25,25,25,From DOE Prototype Buildings,,,,,,,,,,,,,,,,,,,,,,,,,,,,,,,,,,,,,,,,,,,,,,,,,,,,,,,,,,,,,,,,,,,
OutPatientHealthCare CLGSETP_SCH_YES_OPTIMUM,Thermostat Setpoint,C,WntrDsn,41640,42004,Hourly,25,25,25,25,25,25,25,22.2,22.2,22.2,22.2,22.2,22.2,22.2,22.2,25,25,25,25,25,25,25,25,25,From DOE Prototype Buildings,,,,,,,,,,,,,,,,,,,,,,,,,,,,,,,,,,,,,,,,,,,,,,,,,,,,,,,,,,,,,,,,,,,
OutPatientHealthCare CLGSETP_SCH_YES_OPTIMUM_ORIGINAL,Thermostat Setpoint,C,Default,41640,42004,Constant,25,,,,,,,,,,,,,,,,,,,,,,,,From DOE Prototype Buildings,,,,,,,,,,,,,,,,,,,,,,,,,,,,,,,,,,,,,,,,,,,,,,,,,,,,,,,,,,,,,,,,,,,
OutPatientHealthCare CLGSETP_SCH_YES_OPTIMUM_ORIGINAL,Thermostat Setpoint,C,SmrDsn,41640,42004,Hourly,25,25,25,25,25,22.2,22.2,22.2,22.2,22.2,22.2,22.2,22.2,22.2,22.2,22.2,22.2,22.2,25,25,25,25,25,25,From DOE Prototype Buildings,,,,,,,,,,,,,,,,,,,,,,,,,,,,,,,,,,,,,,,,,,,,,,,,,,,,,,,,,,,,,,,,,,,
OutPatientHealthCare CLGSETP_SCH_YES_OPTIMUM_ORIGINAL,Thermostat Setpoint,C,Wkdy,41640,42004,Hourly,25,25,25,25,25,23.9,23.3,22.2,22.2,22.2,22.2,22.2,22.2,22.2,22.2,22.2,22.2,22.2,25,25,25,25,25,25,From DOE Prototype Buildings,,,,,,,,,,,,,,,,,,,,,,,,,,,,,,,,,,,,,,,,,,,,,,,,,,,,,,,,,,,,,,,,,,,
OutPatientHealthCare CLGSETP_SCH_YES_OPTIMUM_ORIGINAL,Thermostat Setpoint,C,WntrDsn,41640,42004,Hourly,25,25,25,25,25,25,25,22.2,22.2,22.2,22.2,22.2,22.2,22.2,22.2,25,25,25,25,25,25,25,25,25,From DOE Prototype Buildings,,,,,,,,,,,,,,,,,,,,,,,,,,,,,,,,,,,,,,,,,,,,,,,,,,,,,,,,,,,,,,,,,,,
OutPatientHealthCare CLOTHING_SCH,Clothing,W,Default|SmrDsn,41640,42004,Constant,0.5,,,,,,,,,,,,,,,,,,,,,,,,From DOE Prototype Buildings,,,,,,,,,,,,,,,,,,,,,,,,,,,,,,,,,,,,,,,,,,,,,,,,,,,,,,,,,,,,,,,,,,,
OutPatientHealthCare CLOTHING_SCH,Clothing,W,Wknd|Wkdy,41913,42004,Constant,1,,,,,,,,,,,,,,,,,,,,,,,,From DOE Prototype Buildings,,,,,,,,,,,,,,,,,,,,,,,,,,,,,,,,,,,,,,,,,,,,,,,,,,,,,,,,,,,,,,,,,,,
OutPatientHealthCare CLOTHING_SCH,Clothing,W,Wknd|Wkdy,41640,41759,Constant,1,,,,,,,,,,,,,,,,,,,,,,,,From DOE Prototype Buildings,,,,,,,,,,,,,,,,,,,,,,,,,,,,,,,,,,,,,,,,,,,,,,,,,,,,,,,,,,,,,,,,,,,
OutPatientHealthCare CLOTHING_SCH,Clothing,W,WntrDsn,41640,42004,Constant,1,,,,,,,,,,,,,,,,,,,,,,,,From DOE Prototype Buildings,,,,,,,,,,,,,,,,,,,,,,,,,,,,,,,,,,,,,,,,,,,,,,,,,,,,,,,,,,,,,,,,,,,
OutPatientHealthCare CoolingCoilAvailSched,Unknown,,Default|WntrDsn|SmrDsn,41640,42004,Constant,1,,,,,,,,,,,,,,,,,,,,,,,,From DOE Prototype Buildings,,,,,,,,,,,,,,,,,,,,,,,,,,,,,,,,,,,,,,,,,,,,,,,,,,,,,,,,,,,,,,,,,,,
OutPatientHealthCare CW-Loop-Temp-Schedule,Unknown,C,Default|WntrDsn|SmrDsn,41640,42004,Constant,6.7,,,,,,,,,,,,,,,,,,,,,,,,From DOE Prototype Buildings,,,,,,,,,,,,,,,,,,,,,,,,,,,,,,,,,,,,,,,,,,,,,,,,,,,,,,,,,,,,,,,,,,,
OutPatientHealthCare Dual Zone Control Type Sched,Unknown,,Default|WntrDsn|SmrDsn,41640,42004,Constant,4,,,,,,,,,,,,,,,,,,,,,,,,From DOE Prototype Buildings,,,,,,,,,,,,,,,,,,,,,,,,,,,,,,,,,,,,,,,,,,,,,,,,,,,,,,,,,,,,,,,,,,,
OutPatientHealthCare ELEV_LIGHT_FAN_SCH_24_7,Lighting,,Default|WntrDsn|SmrDsn,41640,42004,Constant,1,,,,,,,,,,,,,,,,,,,,,,,,From DOE Prototype Buildings,,,,,,,,,,,,,,,,,,,,,,,,,,,,,,,,,,,,,,,,,,,,,,,,,,,,,,,,,,,,,,,,,,,
OutPatientHealthCare ELEV_LIGHT_FAN_SCH_ADD_DF,Lighting,,Default,41640,42004,Hourly,0.05,0.05,0.05,0.05,0.05,0.05,0.05,0.05,0.4,0.4,0.4,0.4,0.4,0.4,0.4,0.4,0.05,0.05,0.05,0.05,0.05,0.05,0.05,0.05,From DOE Prototype Buildings,,,,,,,,,,,,,,,,,,,,,,,,,,,,,,,,,,,,,,,,,,,,,,,,,,,,,,,,,,,,,,,,,,,
OutPatientHealthCare ELEV_LIGHT_FAN_SCH_ADD_DF,Lighting,,Sat,41640,42004,Hourly,0.05,0.05,0.05,0.05,0.05,0.05,0.05,0.4,0.46,0.7,0.7,0.7,0.51,0.51,0.51,0.51,0.51,0.25,0.05,0.05,0.05,0.05,0.05,0.05,From DOE Prototype Buildings,,,,,,,,,,,,,,,,,,,,,,,,,,,,,,,,,,,,,,,,,,,,,,,,,,,,,,,,,,,,,,,,,,,
OutPatientHealthCare ELEV_LIGHT_FAN_SCH_ADD_DF,Lighting,,SmrDsn,41640,42004,Constant,1,,,,,,,,,,,,,,,,,,,,,,,,From DOE Prototype Buildings,,,,,,,,,,,,,,,,,,,,,,,,,,,,,,,,,,,,,,,,,,,,,,,,,,,,,,,,,,,,,,,,,,,
OutPatientHealthCare ELEV_LIGHT_FAN_SCH_ADD_DF,Lighting,,Wkdy,41640,42004,Hourly,0.05,0.05,0.05,0.05,0.05,0.05,0.05,0.5,1,1,1,1,1,1,1,1,1,1,0.52,0.52,0.52,0.28,0.05,0.05,From DOE Prototype Buildings,,,,,,,,,,,,,,,,,,,,,,,,,,,,,,,,,,,,,,,,,,,,,,,,,,,,,,,,,,,,,,,,,,,
OutPatientHealthCare ELEV_LIGHT_FAN_SCH_ADD_DF,Lighting,,WntrDsn,41640,42004,Constant,0.05,,,,,,,,,,,,,,,,,,,,,,,,From DOE Prototype Buildings,,,,,,,,,,,,,,,,,,,,,,,,,,,,,,,,,,,,,,,,,,,,,,,,,,,,,,,,,,,,,,,,,,,
OutPatientHealthCare Exterior_Lgt_189_1,Unknown,,Default|WntrDsn|SmrDsn,41640,42004,Hourly,0.5,0.5,0.5,0.5,0.5,0.5,0.5,0.5,0.5,1,1,1,1,1,1,1,1,0.5,0.5,0.5,0.5,0.5,0.5,0.5,From DOE Prototype Buildings,,,,,,,,,,,,,,,,,,,,,,,,,,,,,,,,,,,,,,,,,,,,,,,,,,,,,,,,,,,,,,,,,,,
OutPatientHealthCare Exterior_Lgt_ALWAYS_ON,Unknown,,Default|WntrDsn|SmrDsn,41640,42004,Constant,1,,,,,,,,,,,,,,,,,,,,,,,,From DOE Prototype Buildings,,,,,,,,,,,,,,,,,,,,,,,,,,,,,,,,,,,,,,,,,,,,,,,,,,,,,,,,,,,,,,,,,,,
OutPatientHealthCare Exterior_lighting_schedule_a,Lighting,,Default|WntrDsn|SmrDsn,41640,42004,Hourly,0,0,0,0,0,0,1,1,1,1,1,1,1,1,1,1,1,1,1,1,1,1,1,1,From DOE Prototype Buildings,,,,,,,,,,,,,,,,,,,,,,,,,,,,,,,,,,,,,,,,,,,,,,,,,,,,,,,,,,,,,,,,,,,
OutPatientHealthCare Exterior_lighting_schedule_b,Lighting,,Default|WntrDsn|SmrDsn,41640,42004,Hourly,0.7,0.7,0.7,0.7,0.7,0.7,1,1,1,1,1,1,1,1,1,1,1,1,1,1,1,1,1,1,From DOE Prototype Buildings,,,,,,,,,,,,,,,,,,,,,,,,,,,,,,,,,,,,,,,,,,,,,,,,,,,,,,,,,,,,,,,,,,,
OutPatientHealthCare FAN_SCH,Unknown,,Default|WntrDsn|SmrDsn,41640,42004,Constant,1,,,,,,,,,,,,,,,,,,,,,,,,From DOE Prototype Buildings,,,,,,,,,,,,,,,,,,,,,,,,,,,,,,,,,,,,,,,,,,,,,,,,,,,,,,,,,,,,,,,,,,,
OutPatientHealthCare Floor 1 Anesthesia Water Equipment Hot Supply Temp Sched,Equipment,C,Default|WntrDsn|SmrDsn,41640,42004,Constant,55,,,,,,,,,,,,,,,,,,,,,,,,From DOE Prototype Buildings,,,,,,,,,,,,,,,,,,,,,,,,,,,,,,,,,,,,,,,,,,,,,,,,,,,,,,,,,,,,,,,,,,,
OutPatientHealthCare Floor 1 Anesthesia Water Equipment Latent fract sched,Equipment,,Default|WntrDsn|SmrDsn,41640,42004,Constant,0.05,,,,,,,,,,,,,,,,,,,,,,,,From DOE Prototype Buildings,,,,,,,,,,,,,,,,,,,,,,,,,,,,,,,,,,,,,,,,,,,,,,,,,,,,,,,,,,,,,,,,,,,
OutPatientHealthCare Floor 1 Anesthesia Water Equipment Sensible fract sched,Equipment,,Default|WntrDsn|SmrDsn,41640,42004,Constant,0.2,,,,,,,,,,,,,,,,,,,,,,,,From DOE Prototype Buildings,,,,,,,,,,,,,,,,,,,,,,,,,,,,,,,,,,,,,,,,,,,,,,,,,,,,,,,,,,,,,,,,,,,
OutPatientHealthCare Floor 1 Anesthesia Water Equipment Temp Sched,Equipment,C,Default|WntrDsn|SmrDsn,41640,42004,Constant,60,,,,,,,,,,,,,,,,,,,,,,,,From DOE Prototype Buildings,,,,,,,,,,,,,,,,,,,,,,,,,,,,,,,,,,,,,,,,,,,,,,,,,,,,,,,,,,,,,,,,,,,
OutPatientHealthCare Floor 1 MRI Control Room Water Equipment Hot Supply Temp Sched,Equipment,C,Default|WntrDsn|SmrDsn,41640,42004,Constant,55,,,,,,,,,,,,,,,,,,,,,,,,From DOE Prototype Buildings,,,,,,,,,,,,,,,,,,,,,,,,,,,,,,,,,,,,,,,,,,,,,,,,,,,,,,,,,,,,,,,,,,,
OutPatientHealthCare Floor 1 MRI Control Room Water Equipment Latent fract sched,Equipment,,Default|WntrDsn|SmrDsn,41640,42004,Constant,0.05,,,,,,,,,,,,,,,,,,,,,,,,From DOE Prototype Buildings,,,,,,,,,,,,,,,,,,,,,,,,,,,,,,,,,,,,,,,,,,,,,,,,,,,,,,,,,,,,,,,,,,,
OutPatientHealthCare Floor 1 MRI Control Room Water Equipment Sensible fract sched,Equipment,,Default|WntrDsn|SmrDsn,41640,42004,Constant,0.2,,,,,,,,,,,,,,,,,,,,,,,,From DOE Prototype Buildings,,,,,,,,,,,,,,,,,,,,,,,,,,,,,,,,,,,,,,,,,,,,,,,,,,,,,,,,,,,,,,,,,,,
OutPatientHealthCare Floor 1 MRI Control Room Water Equipment Temp Sched,Equipment,C,Default|WntrDsn|SmrDsn,41640,42004,Constant,60,,,,,,,,,,,,,,,,,,,,,,,,From DOE Prototype Buildings,,,,,,,,,,,,,,,,,,,,,,,,,,,,,,,,,,,,,,,,,,,,,,,,,,,,,,,,,,,,,,,,,,,
OutPatientHealthCare Floor 1 MRI Room Water Equipment Hot Supply Temp Sched,Equipment,C,Default|WntrDsn|SmrDsn,41640,42004,Constant,55,,,,,,,,,,,,,,,,,,,,,,,,From DOE Prototype Buildings,,,,,,,,,,,,,,,,,,,,,,,,,,,,,,,,,,,,,,,,,,,,,,,,,,,,,,,,,,,,,,,,,,,
OutPatientHealthCare Floor 1 MRI Room Water Equipment Latent fract sched,Equipment,,Default|WntrDsn|SmrDsn,41640,42004,Constant,0.05,,,,,,,,,,,,,,,,,,,,,,,,From DOE Prototype Buildings,,,,,,,,,,,,,,,,,,,,,,,,,,,,,,,,,,,,,,,,,,,,,,,,,,,,,,,,,,,,,,,,,,,
OutPatientHealthCare Floor 1 MRI Room Water Equipment Sensible fract sched,Equipment,,Default|WntrDsn|SmrDsn,41640,42004,Constant,0.2,,,,,,,,,,,,,,,,,,,,,,,,From DOE Prototype Buildings,,,,,,,,,,,,,,,,,,,,,,,,,,,,,,,,,,,,,,,,,,,,,,,,,,,,,,,,,,,,,,,,,,,
OutPatientHealthCare Floor 1 MRI Room Water Equipment Temp Sched,Equipment,C,Default|WntrDsn|SmrDsn,41640,42004,Constant,60,,,,,,,,,,,,,,,,,,,,,,,,From DOE Prototype Buildings,,,,,,,,,,,,,,,,,,,,,,,,,,,,,,,,,,,,,,,,,,,,,,,,,,,,,,,,,,,,,,,,,,,
OutPatientHealthCare Floor 1 Operating Room 1 humidity sched,Unknown,W,Default|WntrDsn|SmrDsn,41640,42004,Constant,0,,,,,,,,,,,,,,,,,,,,,,,,From DOE Prototype Buildings,,,,,,,,,,,,,,,,,,,,,,,,,,,,,,,,,,,,,,,,,,,,,,,,,,,,,,,,,,,,,,,,,,,
OutPatientHealthCare Floor 1 Operating Room 1 Water Equipment Hot Supply Temp Sched,Equipment,C,Default|WntrDsn|SmrDsn,41640,42004,Constant,55,,,,,,,,,,,,,,,,,,,,,,,,From DOE Prototype Buildings,,,,,,,,,,,,,,,,,,,,,,,,,,,,,,,,,,,,,,,,,,,,,,,,,,,,,,,,,,,,,,,,,,,
OutPatientHealthCare Floor 1 Operating Room 1 Water Equipment Latent fract sched,Equipment,,Default|WntrDsn|SmrDsn,41640,42004,Constant,0.05,,,,,,,,,,,,,,,,,,,,,,,,From DOE Prototype Buildings,,,,,,,,,,,,,,,,,,,,,,,,,,,,,,,,,,,,,,,,,,,,,,,,,,,,,,,,,,,,,,,,,,,
OutPatientHealthCare Floor 1 Operating Room 1 Water Equipment Sensible fract sched,Equipment,,Default|WntrDsn|SmrDsn,41640,42004,Constant,0.2,,,,,,,,,,,,,,,,,,,,,,,,From DOE Prototype Buildings,,,,,,,,,,,,,,,,,,,,,,,,,,,,,,,,,,,,,,,,,,,,,,,,,,,,,,,,,,,,,,,,,,,
OutPatientHealthCare Floor 1 Operating Room 1 Water Equipment Temp Sched,Equipment,C,Default|WntrDsn|SmrDsn,41640,42004,Constant,60,,,,,,,,,,,,,,,,,,,,,,,,From DOE Prototype Buildings,,,,,,,,,,,,,,,,,,,,,,,,,,,,,,,,,,,,,,,,,,,,,,,,,,,,,,,,,,,,,,,,,,,
OutPatientHealthCare Floor 1 Operating Room 2 Water Equipment Hot Supply Temp Sched,Equipment,C,Default|WntrDsn|SmrDsn,41640,42004,Constant,55,,,,,,,,,,,,,,,,,,,,,,,,From DOE Prototype Buildings,,,,,,,,,,,,,,,,,,,,,,,,,,,,,,,,,,,,,,,,,,,,,,,,,,,,,,,,,,,,,,,,,,,
OutPatientHealthCare Floor 1 Operating Room 2 Water Equipment Latent fract sched,Equipment,,Default|WntrDsn|SmrDsn,41640,42004,Constant,0.05,,,,,,,,,,,,,,,,,,,,,,,,From DOE Prototype Buildings,,,,,,,,,,,,,,,,,,,,,,,,,,,,,,,,,,,,,,,,,,,,,,,,,,,,,,,,,,,,,,,,,,,
OutPatientHealthCare Floor 1 Operating Room 2 Water Equipment Sensible fract sched,Equipment,,Default|WntrDsn|SmrDsn,41640,42004,Constant,0.2,,,,,,,,,,,,,,,,,,,,,,,,From DOE Prototype Buildings,,,,,,,,,,,,,,,,,,,,,,,,,,,,,,,,,,,,,,,,,,,,,,,,,,,,,,,,,,,,,,,,,,,
OutPatientHealthCare Floor 1 Operating Room 2 Water Equipment Temp Sched,Equipment,C,Default|WntrDsn|SmrDsn,41640,42004,Constant,60,,,,,,,,,,,,,,,,,,,,,,,,From DOE Prototype Buildings,,,,,,,,,,,,,,,,,,,,,,,,,,,,,,,,,,,,,,,,,,,,,,,,,,,,,,,,,,,,,,,,,,,
OutPatientHealthCare Floor 1 Operating Room 3 Water Equipment Hot Supply Temp Sched,Equipment,C,Default|WntrDsn|SmrDsn,41640,42004,Constant,55,,,,,,,,,,,,,,,,,,,,,,,,From DOE Prototype Buildings,,,,,,,,,,,,,,,,,,,,,,,,,,,,,,,,,,,,,,,,,,,,,,,,,,,,,,,,,,,,,,,,,,,
OutPatientHealthCare Floor 1 Operating Room 3 Water Equipment Latent fract sched,Equipment,,Default|WntrDsn|SmrDsn,41640,42004,Constant,0.05,,,,,,,,,,,,,,,,,,,,,,,,From DOE Prototype Buildings,,,,,,,,,,,,,,,,,,,,,,,,,,,,,,,,,,,,,,,,,,,,,,,,,,,,,,,,,,,,,,,,,,,
OutPatientHealthCare Floor 1 Operating Room 3 Water Equipment Sensible fract sched,Equipment,,Default|WntrDsn|SmrDsn,41640,42004,Constant,0.2,,,,,,,,,,,,,,,,,,,,,,,,From DOE Prototype Buildings,,,,,,,,,,,,,,,,,,,,,,,,,,,,,,,,,,,,,,,,,,,,,,,,,,,,,,,,,,,,,,,,,,,
OutPatientHealthCare Floor 1 Operating Room 3 Water Equipment Temp Sched,Equipment,C,Default|WntrDsn|SmrDsn,41640,42004,Constant,60,,,,,,,,,,,,,,,,,,,,,,,,From DOE Prototype Buildings,,,,,,,,,,,,,,,,,,,,,,,,,,,,,,,,,,,,,,,,,,,,,,,,,,,,,,,,,,,,,,,,,,,
OutPatientHealthCare Floor 1 PACU Water Equipment Hot Supply Temp Sched,Equipment,C,Default|WntrDsn|SmrDsn,41640,42004,Constant,55,,,,,,,,,,,,,,,,,,,,,,,,From DOE Prototype Buildings,,,,,,,,,,,,,,,,,,,,,,,,,,,,,,,,,,,,,,,,,,,,,,,,,,,,,,,,,,,,,,,,,,,
OutPatientHealthCare Floor 1 PACU Water Equipment Latent fract sched,Equipment,,Default|WntrDsn|SmrDsn,41640,42004,Constant,0.05,,,,,,,,,,,,,,,,,,,,,,,,From DOE Prototype Buildings,,,,,,,,,,,,,,,,,,,,,,,,,,,,,,,,,,,,,,,,,,,,,,,,,,,,,,,,,,,,,,,,,,,
OutPatientHealthCare Floor 1 PACU Water Equipment Sensible fract sched,Equipment,,Default|WntrDsn|SmrDsn,41640,42004,Constant,0.2,,,,,,,,,,,,,,,,,,,,,,,,From DOE Prototype Buildings,,,,,,,,,,,,,,,,,,,,,,,,,,,,,,,,,,,,,,,,,,,,,,,,,,,,,,,,,,,,,,,,,,,
OutPatientHealthCare Floor 1 PACU Water Equipment Temp Sched,Equipment,C,Default|WntrDsn|SmrDsn,41640,42004,Constant,60,,,,,,,,,,,,,,,,,,,,,,,,From DOE Prototype Buildings,,,,,,,,,,,,,,,,,,,,,,,,,,,,,,,,,,,,,,,,,,,,,,,,,,,,,,,,,,,,,,,,,,,
OutPatientHealthCare Floor 1 Pre-Op Room 1 Water Equipment Hot Supply Temp Sched,Equipment,C,Default|WntrDsn|SmrDsn,41640,42004,Constant,55,,,,,,,,,,,,,,,,,,,,,,,,From DOE Prototype Buildings,,,,,,,,,,,,,,,,,,,,,,,,,,,,,,,,,,,,,,,,,,,,,,,,,,,,,,,,,,,,,,,,,,,
OutPatientHealthCare Floor 1 Pre-Op Room 1 Water Equipment Latent fract sched,Equipment,,Default|WntrDsn|SmrDsn,41640,42004,Constant,0.05,,,,,,,,,,,,,,,,,,,,,,,,From DOE Prototype Buildings,,,,,,,,,,,,,,,,,,,,,,,,,,,,,,,,,,,,,,,,,,,,,,,,,,,,,,,,,,,,,,,,,,,
OutPatientHealthCare Floor 1 Pre-Op Room 1 Water Equipment Sensible fract sched,Equipment,,Default|WntrDsn|SmrDsn,41640,42004,Constant,0.2,,,,,,,,,,,,,,,,,,,,,,,,From DOE Prototype Buildings,,,,,,,,,,,,,,,,,,,,,,,,,,,,,,,,,,,,,,,,,,,,,,,,,,,,,,,,,,,,,,,,,,,
OutPatientHealthCare Floor 1 Pre-Op Room 1 Water Equipment Temp Sched,Equipment,C,Default|WntrDsn|SmrDsn,41640,42004,Constant,60,,,,,,,,,,,,,,,,,,,,,,,,From DOE Prototype Buildings,,,,,,,,,,,,,,,,,,,,,,,,,,,,,,,,,,,,,,,,,,,,,,,,,,,,,,,,,,,,,,,,,,,
OutPatientHealthCare Floor 1 Pre-Op Room 2 Water Equipment Hot Supply Temp Sched,Equipment,C,Default|WntrDsn|SmrDsn,41640,42004,Constant,55,,,,,,,,,,,,,,,,,,,,,,,,From DOE Prototype Buildings,,,,,,,,,,,,,,,,,,,,,,,,,,,,,,,,,,,,,,,,,,,,,,,,,,,,,,,,,,,,,,,,,,,
OutPatientHealthCare Floor 1 Pre-Op Room 2 Water Equipment Latent fract sched,Equipment,,Default|WntrDsn|SmrDsn,41640,42004,Constant,0.05,,,,,,,,,,,,,,,,,,,,,,,,From DOE Prototype Buildings,,,,,,,,,,,,,,,,,,,,,,,,,,,,,,,,,,,,,,,,,,,,,,,,,,,,,,,,,,,,,,,,,,,
OutPatientHealthCare Floor 1 Pre-Op Room 2 Water Equipment Sensible fract sched,Equipment,,Default|WntrDsn|SmrDsn,41640,42004,Constant,0.2,,,,,,,,,,,,,,,,,,,,,,,,From DOE Prototype Buildings,,,,,,,,,,,,,,,,,,,,,,,,,,,,,,,,,,,,,,,,,,,,,,,,,,,,,,,,,,,,,,,,,,,
OutPatientHealthCare Floor 1 Pre-Op Room 2 Water Equipment Temp Sched,Equipment,C,Default|WntrDsn|SmrDsn,41640,42004,Constant,60,,,,,,,,,,,,,,,,,,,,,,,,From DOE Prototype Buildings,,,,,,,,,,,,,,,,,,,,,,,,,,,,,,,,,,,,,,,,,,,,,,,,,,,,,,,,,,,,,,,,,,,
OutPatientHealthCare Floor 1 Procedure Room Water Equipment Hot Supply Temp Sched,Equipment,C,Default|WntrDsn|SmrDsn,41640,42004,Constant,55,,,,,,,,,,,,,,,,,,,,,,,,From DOE Prototype Buildings,,,,,,,,,,,,,,,,,,,,,,,,,,,,,,,,,,,,,,,,,,,,,,,,,,,,,,,,,,,,,,,,,,,
OutPatientHealthCare Floor 1 Procedure Room Water Equipment Latent fract sched,Equipment,,Default|WntrDsn|SmrDsn,41640,42004,Constant,0.05,,,,,,,,,,,,,,,,,,,,,,,,From DOE Prototype Buildings,,,,,,,,,,,,,,,,,,,,,,,,,,,,,,,,,,,,,,,,,,,,,,,,,,,,,,,,,,,,,,,,,,,
OutPatientHealthCare Floor 1 Procedure Room Water Equipment Sensible fract sched,Equipment,,Default|WntrDsn|SmrDsn,41640,42004,Constant,0.2,,,,,,,,,,,,,,,,,,,,,,,,From DOE Prototype Buildings,,,,,,,,,,,,,,,,,,,,,,,,,,,,,,,,,,,,,,,,,,,,,,,,,,,,,,,,,,,,,,,,,,,
OutPatientHealthCare Floor 1 Procedure Room Water Equipment Temp Sched,Equipment,C,Default|WntrDsn|SmrDsn,41640,42004,Constant,60,,,,,,,,,,,,,,,,,,,,,,,,From DOE Prototype Buildings,,,,,,,,,,,,,,,,,,,,,,,,,,,,,,,,,,,,,,,,,,,,,,,,,,,,,,,,,,,,,,,,,,,
OutPatientHealthCare Floor 1 Recovery Room Water Equipment Hot Supply Temp Sched,Equipment,C,Default|WntrDsn|SmrDsn,41640,42004,Constant,55,,,,,,,,,,,,,,,,,,,,,,,,From DOE Prototype Buildings,,,,,,,,,,,,,,,,,,,,,,,,,,,,,,,,,,,,,,,,,,,,,,,,,,,,,,,,,,,,,,,,,,,
OutPatientHealthCare Floor 1 Recovery Room Water Equipment Latent fract sched,Equipment,,Default|WntrDsn|SmrDsn,41640,42004,Constant,0.05,,,,,,,,,,,,,,,,,,,,,,,,From DOE Prototype Buildings,,,,,,,,,,,,,,,,,,,,,,,,,,,,,,,,,,,,,,,,,,,,,,,,,,,,,,,,,,,,,,,,,,,
OutPatientHealthCare Floor 1 Recovery Room Water Equipment Sensible fract sched,Equipment,,Default|WntrDsn|SmrDsn,41640,42004,Constant,0.2,,,,,,,,,,,,,,,,,,,,,,,,From DOE Prototype Buildings,,,,,,,,,,,,,,,,,,,,,,,,,,,,,,,,,,,,,,,,,,,,,,,,,,,,,,,,,,,,,,,,,,,
OutPatientHealthCare Floor 1 Recovery Room Water Equipment Temp Sched,Equipment,C,Default|WntrDsn|SmrDsn,41640,42004,Constant,60,,,,,,,,,,,,,,,,,,,,,,,,From DOE Prototype Buildings,,,,,,,,,,,,,,,,,,,,,,,,,,,,,,,,,,,,,,,,,,,,,,,,,,,,,,,,,,,,,,,,,,,
OutPatientHealthCare Floor 1 Step Down Water Equipment Hot Supply Temp Sched,Equipment,C,Default|WntrDsn|SmrDsn,41640,42004,Constant,55,,,,,,,,,,,,,,,,,,,,,,,,From DOE Prototype Buildings,,,,,,,,,,,,,,,,,,,,,,,,,,,,,,,,,,,,,,,,,,,,,,,,,,,,,,,,,,,,,,,,,,,
OutPatientHealthCare Floor 1 Step Down Water Equipment Latent fract sched,Equipment,,Default|WntrDsn|SmrDsn,41640,42004,Constant,0.05,,,,,,,,,,,,,,,,,,,,,,,,From DOE Prototype Buildings,,,,,,,,,,,,,,,,,,,,,,,,,,,,,,,,,,,,,,,,,,,,,,,,,,,,,,,,,,,,,,,,,,,
OutPatientHealthCare Floor 1 Step Down Water Equipment Sensible fract sched,Equipment,,Default|WntrDsn|SmrDsn,41640,42004,Constant,0.2,,,,,,,,,,,,,,,,,,,,,,,,From DOE Prototype Buildings,,,,,,,,,,,,,,,,,,,,,,,,,,,,,,,,,,,,,,,,,,,,,,,,,,,,,,,,,,,,,,,,,,,
OutPatientHealthCare Floor 1 Step Down Water Equipment Temp Sched,Equipment,C,Default|WntrDsn|SmrDsn,41640,42004,Constant,60,,,,,,,,,,,,,,,,,,,,,,,,From DOE Prototype Buildings,,,,,,,,,,,,,,,,,,,,,,,,,,,,,,,,,,,,,,,,,,,,,,,,,,,,,,,,,,,,,,,,,,,
OutPatientHealthCare Floor 2 X-Ray Water Equipment Hot Supply Temp Sched,Equipment,C,Default|WntrDsn|SmrDsn,41640,42004,Constant,55,,,,,,,,,,,,,,,,,,,,,,,,From DOE Prototype Buildings,,,,,,,,,,,,,,,,,,,,,,,,,,,,,,,,,,,,,,,,,,,,,,,,,,,,,,,,,,,,,,,,,,,
OutPatientHealthCare Floor 2 X-Ray Water Equipment Latent fract sched,Equipment,,Default|WntrDsn|SmrDsn,41640,42004,Constant,0.05,,,,,,,,,,,,,,,,,,,,,,,,From DOE Prototype Buildings,,,,,,,,,,,,,,,,,,,,,,,,,,,,,,,,,,,,,,,,,,,,,,,,,,,,,,,,,,,,,,,,,,,
OutPatientHealthCare Floor 2 X-Ray Water Equipment Sensible fract sched,Equipment,,Default|WntrDsn|SmrDsn,41640,42004,Constant,0.2,,,,,,,,,,,,,,,,,,,,,,,,From DOE Prototype Buildings,,,,,,,,,,,,,,,,,,,,,,,,,,,,,,,,,,,,,,,,,,,,,,,,,,,,,,,,,,,,,,,,,,,
OutPatientHealthCare Floor 2 X-Ray Water Equipment Temp Sched,Equipment,C,Default|WntrDsn|SmrDsn,41640,42004,Constant,60,,,,,,,,,,,,,,,,,,,,,,,,From DOE Prototype Buildings,,,,,,,,,,,,,,,,,,,,,,,,,,,,,,,,,,,,,,,,,,,,,,,,,,,,,,,,,,,,,,,,,,,
OutPatientHealthCare Floor 3 Physical Therapy 1 Water Equipment Hot Supply Temp Sched,Equipment,C,Default|WntrDsn|SmrDsn,41640,42004,Constant,55,,,,,,,,,,,,,,,,,,,,,,,,From DOE Prototype Buildings,,,,,,,,,,,,,,,,,,,,,,,,,,,,,,,,,,,,,,,,,,,,,,,,,,,,,,,,,,,,,,,,,,,
OutPatientHealthCare Floor 3 Physical Therapy 1 Water Equipment Latent fract sched,Equipment,,Default|WntrDsn|SmrDsn,41640,42004,Constant,0.05,,,,,,,,,,,,,,,,,,,,,,,,From DOE Prototype Buildings,,,,,,,,,,,,,,,,,,,,,,,,,,,,,,,,,,,,,,,,,,,,,,,,,,,,,,,,,,,,,,,,,,,
OutPatientHealthCare Floor 3 Physical Therapy 1 Water Equipment Sensible fract sched,Equipment,,Default|WntrDsn|SmrDsn,41640,42004,Constant,0.2,,,,,,,,,,,,,,,,,,,,,,,,From DOE Prototype Buildings,,,,,,,,,,,,,,,,,,,,,,,,,,,,,,,,,,,,,,,,,,,,,,,,,,,,,,,,,,,,,,,,,,,
OutPatientHealthCare Floor 3 Physical Therapy 1 Water Equipment Temp Sched,Equipment,C,Default|WntrDsn|SmrDsn,41640,42004,Constant,60,,,,,,,,,,,,,,,,,,,,,,,,From DOE Prototype Buildings,,,,,,,,,,,,,,,,,,,,,,,,,,,,,,,,,,,,,,,,,,,,,,,,,,,,,,,,,,,,,,,,,,,
OutPatientHealthCare Floor 3 Physical Therapy 2 Water Equipment Hot Supply Temp Sched,Equipment,C,Default|WntrDsn|SmrDsn,41640,42004,Constant,55,,,,,,,,,,,,,,,,,,,,,,,,From DOE Prototype Buildings,,,,,,,,,,,,,,,,,,,,,,,,,,,,,,,,,,,,,,,,,,,,,,,,,,,,,,,,,,,,,,,,,,,
OutPatientHealthCare Floor 3 Physical Therapy 2 Water Equipment Latent fract sched,Equipment,,Default|WntrDsn|SmrDsn,41640,42004,Constant,0.05,,,,,,,,,,,,,,,,,,,,,,,,From DOE Prototype Buildings,,,,,,,,,,,,,,,,,,,,,,,,,,,,,,,,,,,,,,,,,,,,,,,,,,,,,,,,,,,,,,,,,,,
OutPatientHealthCare Floor 3 Physical Therapy 2 Water Equipment Sensible fract sched,Equipment,,Default|WntrDsn|SmrDsn,41640,42004,Constant,0.2,,,,,,,,,,,,,,,,,,,,,,,,From DOE Prototype Buildings,,,,,,,,,,,,,,,,,,,,,,,,,,,,,,,,,,,,,,,,,,,,,,,,,,,,,,,,,,,,,,,,,,,
OutPatientHealthCare Floor 3 Physical Therapy 2 Water Equipment Temp Sched,Equipment,C,Default|WntrDsn|SmrDsn,41640,42004,Constant,60,,,,,,,,,,,,,,,,,,,,,,,,From DOE Prototype Buildings,,,,,,,,,,,,,,,,,,,,,,,,,,,,,,,,,,,,,,,,,,,,,,,,,,,,,,,,,,,,,,,,,,,
OutPatientHealthCare Heating-Supply-Air-Temp-Sch,Unknown,C,Default|WntrDsn|SmrDsn,41640,42004,Constant,16,,,,,,,,,,,,,,,,,,,,,,,,From DOE Prototype Buildings,,,,,,,,,,,,,,,,,,,,,,,,,,,,,,,,,,,,,,,,,,,,,,,,,,,,,,,,,,,,,,,,,,,
OutPatientHealthCare HeatSys1 Loop Setpoint Sched,Unknown,C,Default|WntrDsn|SmrDsn,41640,42004,Constant,82.2,,,,,,,,,,,,,,,,,,,,,,,,From DOE Prototype Buildings,,,,,,,,,,,,,,,,,,,,,,,,,,,,,,,,,,,,,,,,,,,,,,,,,,,,,,,,,,,,,,,,,,,
OutPatientHealthCare Hours_of_operation,Operation,,Default|WntrDsn|SmrDsn,41640,42004,Constant,1,,,,,,,,,,,,,,,,,,,,,,,,From DOE Prototype Buildings,,,,,,,,,,,,,,,,,,,,,,,,,,,,,,,,,,,,,,,,,,,,,,,,,,,,,,,,,,,,,,,,,,,
OutPatientHealthCare HTGSETP_SCH_NO_OPTIMUM,Thermostat Setpoint,C,Default,41640,42004,Constant,18.3,,,,,,,,,,,,,,,,,,,,,,,,From DOE Prototype Buildings,,,,,,,,,,,,,,,,,,,,,,,,,,,,,,,,,,,,,,,,,,,,,,,,,,,,,,,,,,,,,,,,,,,
OutPatientHealthCare HTGSETP_SCH_NO_OPTIMUM,Thermostat Setpoint,C,SmrDsn|Wkdy,41640,42004,Hourly,18.3,18.3,18.3,18.3,18.3,21.1,21.1,21.1,21.1,21.1,21.1,21.1,21.1,21.1,21.1,21.1,21.1,21.1,18.3,18.3,18.3,18.3,18.3,18.3,From DOE Prototype Buildings,,,,,,,,,,,,,,,,,,,,,,,,,,,,,,,,,,,,,,,,,,,,,,,,,,,,,,,,,,,,,,,,,,,
OutPatientHealthCare HTGSETP_SCH_NO_OPTIMUM,Thermostat Setpoint,C,WntrDsn,41640,42004,Hourly,18.3,18.3,18.3,18.3,18.3,18.3,18.3,21.1,21.1,21.1,21.1,21.1,21.1,21.1,21.1,18.3,18.3,18.3,18.3,18.3,18.3,18.3,18.3,18.3,From DOE Prototype Buildings,,,,,,,,,,,,,,,,,,,,,,,,,,,,,,,,,,,,,,,,,,,,,,,,,,,,,,,,,,,,,,,,,,,
OutPatientHealthCare HTGSETP_SCH_YES_OPTIMUM,Thermostat Setpoint,C,Default,41640,42004,Constant,18.3,,,,,,,,,,,,,,,,,,,,,,,,From DOE Prototype Buildings,,,,,,,,,,,,,,,,,,,,,,,,,,,,,,,,,,,,,,,,,,,,,,,,,,,,,,,,,,,,,,,,,,,
OutPatientHealthCare HTGSETP_SCH_YES_OPTIMUM,Thermostat Setpoint,C,SmrDsn,41640,42004,Hourly,18.3,18.3,18.3,18.3,18.3,21.1,21.1,21.1,21.1,21.1,21.1,21.1,21.1,21.1,21.1,21.1,21.1,21.1,18.3,18.3,18.3,18.3,18.3,18.3,From DOE Prototype Buildings,,,,,,,,,,,,,,,,,,,,,,,,,,,,,,,,,,,,,,,,,,,,,,,,,,,,,,,,,,,,,,,,,,,
OutPatientHealthCare HTGSETP_SCH_YES_OPTIMUM,Thermostat Setpoint,C,Wkdy,41640,42004,Hourly,18.3,18.3,18.3,18.3,18.3,19.4,20,21.1,21.1,21.1,21.1,21.1,21.1,21.1,21.1,21.1,21.1,21.1,18.3,18.3,18.3,18.3,18.3,18.3,From DOE Prototype Buildings,,,,,,,,,,,,,,,,,,,,,,,,,,,,,,,,,,,,,,,,,,,,,,,,,,,,,,,,,,,,,,,,,,,
OutPatientHealthCare HTGSETP_SCH_YES_OPTIMUM,Thermostat Setpoint,C,WntrDsn,41640,42004,Hourly,18.3,18.3,18.3,18.3,18.3,18.3,18.3,21.1,21.1,21.1,21.1,21.1,21.1,21.1,21.1,18.3,18.3,18.3,18.3,18.3,18.3,18.3,18.3,18.3,From DOE Prototype Buildings,,,,,,,,,,,,,,,,,,,,,,,,,,,,,,,,,,,,,,,,,,,,,,,,,,,,,,,,,,,,,,,,,,,
OutPatientHealthCare Humidity Setpoint Schedule,Unknown,,Default|WntrDsn|SmrDsn|Sat|Wkdy,41640,42004,Constant,50,,,,,,,,,,,,,,,,,,,,,,,,From DOE Prototype Buildings,,,,,,,,,,,,,,,,,,,,,,,,,,,,,,,,,,,,,,,,,,,,,,,,,,,,,,,,,,,,,,,,,,,
OutPatientHealthCare HVACOperationSchd,Operation,,Default|WntrDsn|SmrDsn,41640,42004,Constant,1,,,,,,,,,,,,,,,,,,,,,,,,From DOE Prototype Buildings,,,,,,,,,,,,,,,,,,,,,,,,,,,,,,,,,,,,,,,,,,,,,,,,,,,,,,,,,,,,,,,,,,,
OutPatientHealthCare HW-Loop-Temp-Schedule,Unknown,C,Default|WntrDsn|SmrDsn,41640,42004,Constant,60,,,,,,,,,,,,,,,,,,,,,,,,From DOE Prototype Buildings,,,,,,,,,,,,,,,,,,,,,,,,,,,,,,,,,,,,,,,,,,,,,,,,,,,,,,,,,,,,,,,,,,,
OutPatientHealthCare INFIL_Door_Opening_SCH,Infiltration,,Default|WntrDsn|SmrDsn,41640,42004,Constant,0,,,,,,,,,,,,,,,,,,,,,,,,From DOE Prototype Buildings,,,,,,,,,,,,,,,,,,,,,,,,,,,,,,,,,,,,,,,,,,,,,,,,,,,,,,,,,,,,,,,,,,,
OutPatientHealthCare INFIL_Door_Opening_SCH,Infiltration,,Wkdy,41640,42004,Hourly,0,0,0,0,0,0,0.144,1,1,1,1,1,1,1,1,1,1,1,0.144,0,0,0,0,0,From DOE Prototype Buildings,,,,,,,,,,,,,,,,,,,,,,,,,,,,,,,,,,,,,,,,,,,,,,,,,,,,,,,,,,,,,,,,,,,
OutPatientHealthCare INFIL_HALF_ON_SCH,Infiltration,,Default|Sat|Wkdy,41640,42004,Constant,0.5,,,,,,,,,,,,,,,,,,,,,,,,From DOE Prototype Buildings,,,,,,,,,,,,,,,,,,,,,,,,,,,,,,,,,,,,,,,,,,,,,,,,,,,,,,,,,,,,,,,,,,,
OutPatientHealthCare INFIL_HALF_ON_SCH,Infiltration,,WntrDsn|SmrDsn,41640,42004,Constant,1,,,,,,,,,,,,,,,,,,,,,,,,From DOE Prototype Buildings,,,,,,,,,,,,,,,,,,,,,,,,,,,,,,,,,,,,,,,,,,,,,,,,,,,,,,,,,,,,,,,,,,,
OutPatientHealthCare INFIL_SCH,Infiltration,,Default|Sat|Wkdy,41640,42004,Constant,0.25,,,,,,,,,,,,,,,,,,,,,,,,From DOE Prototype Buildings,,,,,,,,,,,,,,,,,,,,,,,,,,,,,,,,,,,,,,,,,,,,,,,,,,,,,,,,,,,,,,,,,,,
OutPatientHealthCare INFIL_SCH,Infiltration,,WntrDsn|SmrDsn,41640,42004,Constant,1,,,,,,,,,,,,,,,,,,,,,,,,From DOE Prototype Buildings,,,,,,,,,,,,,,,,,,,,,,,,,,,,,,,,,,,,,,,,,,,,,,,,,,,,,,,,,,,,,,,,,,,
OutPatientHealthCare MaxRelHumSetSch,Unknown,,Default|WntrDsn|SmrDsn,41640,42004,Constant,60,,,,,,,,,,,,,,,,,,,,,,,,From DOE Prototype Buildings,,,,,,,,,,,,,,,,,,,,,,,,,,,,,,,,,,,,,,,,,,,,,,,,,,,,,,,,,,,,,,,,,,,
OutPatientHealthCare MinOA_MotorizedDamper_Sched,OA Air,,Default|WntrDsn|SmrDsn,41640,42004,Constant,1,,,,,,,,,,,,,,,,,,,,,,,,From DOE Prototype Buildings,,,,,,,,,,,,,,,,,,,,,,,,,,,,,,,,,,,,,,,,,,,,,,,,,,,,,,,,,,,,,,,,,,,
OutPatientHealthCare MinOA_Sched,OA Air,,Default|WntrDsn|SmrDsn,41640,42004,Constant,1,,,,,,,,,,,,,,,,,,,,,,,,From DOE Prototype Buildings,,,,,,,,,,,,,,,,,,,,,,,,,,,,,,,,,,,,,,,,,,,,,,,,,,,,,,,,,,,,,,,,,,,
OutPatientHealthCare MinRelHumSetSch,Unknown,,Default|WntrDsn|SmrDsn,41640,42004,Constant,40,,,,,,,,,,,,,,,,,,,,,,,,From DOE Prototype Buildings,,,,,,,,,,,,,,,,,,,,,,,,,,,,,,,,,,,,,,,,,,,,,,,,,,,,,,,,,,,,,,,,,,,
OutPatientHealthCare MinRelHumSetSch_addDI,Unknown,,Default|WntrDsn|SmrDsn,41640,42004,Constant,30,,,,,,,,,,,,,,,,,,,,,,,,From DOE Prototype Buildings,,,,,,,,,,,,,,,,,,,,,,,,,,,,,,,,,,,,,,,,,,,,,,,,,,,,,,,,,,,,,,,,,,,
OutPatientHealthCare OR_CLGSETP_SCH,Thermostat Setpoint,C,Default|WntrDsn|SmrDsn,41640,42004,Hourly,22.2,22.2,22.2,22.2,22.2,22.2,18.3,18.3,18.3,18.3,18.3,18.3,18.3,18.3,18.3,18.3,18.3,22.2,22.2,22.2,22.2,22.2,22.2,22.2,From DOE Prototype Buildings,,,,,,,,,,,,,,,,,,,,,,,,,,,,,,,,,,,,,,,,,,,,,,,,,,,,,,,,,,,,,,,,,,,
OutPatientHealthCare OR_HTGSETP_SCH,Thermostat Setpoint,C,Default|WntrDsn|SmrDsn,41640,42004,Constant,18.3,,,,,,,,,,,,,,,,,,,,,,,,From DOE Prototype Buildings,,,,,,,,,,,,,,,,,,,,,,,,,,,,,,,,,,,,,,,,,,,,,,,,,,,,,,,,,,,,,,,,,,,
OutPatientHealthCare OR_MinSA_Sched,Unknown,,Default|WntrDsn,41640,42004,Constant,0.2,,,,,,,,,,,,,,,,,,,,,,,,From DOE Prototype Buildings,,,,,,,,,,,,,,,,,,,,,,,,,,,,,,,,,,,,,,,,,,,,,,,,,,,,,,,,,,,,,,,,,,,
OutPatientHealthCare OR_MinSA_Sched,Unknown,,Sat|Wkdy,41640,42004,Hourly,0.2,0.2,0.2,0.2,0.2,0.2,1,1,1,1,1,1,1,1,1,1,1,1,0.2,0.2,0.2,0.2,0.2,0.2,From DOE Prototype Buildings,,,,,,,,,,,,,,,,,,,,,,,,,,,,,,,,,,,,,,,,,,,,,,,,,,,,,,,,,,,,,,,,,,,
OutPatientHealthCare OR_MinSA_Sched,Unknown,,SmrDsn,41640,42004,Constant,1,,,,,,,,,,,,,,,,,,,,,,,,From DOE Prototype Buildings,,,,,,,,,,,,,,,,,,,,,,,,,,,,,,,,,,,,,,,,,,,,,,,,,,,,,,,,,,,,,,,,,,,
OutPatientHealthCare PlantOnSched,Unknown,,Default|WntrDsn|SmrDsn,41640,42004,Constant,1,,,,,,,,,,,,,,,,,,,,,,,,From DOE Prototype Buildings,,,,,,,,,,,,,,,,,,,,,,,,,,,,,,,,,,,,,,,,,,,,,,,,,,,,,,,,,,,,,,,,,,,
OutPatientHealthCare ReheatCoilAvailSched,Unknown,,Default|WntrDsn|SmrDsn,41640,42004,Constant,1,,,,,,,,,,,,,,,,,,,,,,,,From DOE Prototype Buildings,,,,,,,,,,,,,,,,,,,,,,,,,,,,,,,,,,,,,,,,,,,,,,,,,,,,,,,,,,,,,,,,,,,
OutPatientHealthCare Seasonal-Reset-Supply-Air-Temp-Sch,Unknown,C,Default|WntrDsn|SmrDsn,41640,42004,Constant,11.1,,,,,,,,,,,,,,,,,,,,,,,,From DOE Prototype Buildings,,,,,,,,,,,,,,,,,,,,,,,,,,,,,,,,,,,,,,,,,,,,,,,,,,,,,,,,,,,,,,,,,,,
OutPatientHealthCare SHADING_SCH,Unknown,W,Default|WntrDsn|SmrDsn,41640,42004,Constant,0,,,,,,,,,,,,,,,,,,,,,,,,From DOE Prototype Buildings,,,,,,,,,,,,,,,,,,,,,,,,,,,,,,,,,,,,,,,,,,,,,,,,,,,,,,,,,,,,,,,,,,,
OutPatientHealthCare SWHSys1 Water Heater Ambient Temperature Schedule Name,Service Water Heating,C,Default|WntrDsn|SmrDsn,41640,42004,Constant,22,,,,,,,,,,,,,,,,,,,,,,,,From DOE Prototype Buildings,,,,,,,,,,,,,,,,,,,,,,,,,,,,,,,,,,,,,,,,,,,,,,,,,,,,,,,,,,,,,,,,,,,
OutPatientHealthCare SWHSys1 Water Heater Setpoint Temperature Schedule Name,Service Water Heating,C,Default|WntrDsn|SmrDsn,41640,42004,Constant,60,,,,,,,,,,,,,,,,,,,,,,,,From DOE Prototype Buildings,,,,,,,,,,,,,,,,,,,,,,,,,,,,,,,,,,,,,,,,,,,,,,,,,,,,,,,,,,,,,,,,,,,
OutPatientHealthCare SWHSys1-Loop-Temp-Schedule,Service Water Heating,C,Default|WntrDsn|SmrDsn,41640,42004,Constant,60,,,,,,,,,,,,,,,,,,,,,,,,From DOE Prototype Buildings,,,,,,,,,,,,,,,,,,,,,,,,,,,,,,,,,,,,,,,,,,,,,,,,,,,,,,,,,,,,,,,,,,,
OutPatientHealthCare VAV_SAT_SCH,Unknown,C,Default|WntrDsn|SmrDsn,41640,42004,Constant,12.8,,,,,,,,,,,,,,,,,,,,,,,,From DOE Prototype Buildings,,,,,,,,,,,,,,,,,,,,,,,,,,,,,,,,,,,,,,,,,,,,,,,,,,,,,,,,,,,,,,,,,,,
OutPatientHealthCare WORK_EFF_SCH,Unknown,,Default|WntrDsn|SmrDsn,41640,42004,Constant,0,,,,,,,,,,,,,,,,,,,,,,,,From DOE Prototype Buildings,,,,,,,,,,,,,,,,,,,,,,,,,,,,,,,,,,,,,,,,,,,,,,,,,,,,,,,,,,,,,,,,,,,
PrimarySchool BathCorrMechKitchen ClgSetp,Thermostat Setpoint,C,Default|WntrDsn,41640,42004,Constant,27,,,,,,,,,,,,,,,,,,,,,,,,From DOE Reference Buildings ,,,,,,,,,,,,,,,,,,,,,,,,,,,,,,,,,,,,,,,,,,,,,,,,,,,,,,,,,,,,,,,,,,,
PrimarySchool BathCorrMechKitchen ClgSetp,Thermostat Setpoint,C,SmrDsn,41640,42004,Hourly,27,27,27,27,27,27,24,24,24,24,24,24,24,24,24,24,24,24,24,24,24,27,27,27,From DOE Reference Buildings ,,,,,,,,,,,,,,,,,,,,,,,,,,,,,,,,,,,,,,,,,,,,,,,,,,,,,,,,,,,,,,,,,,,
PrimarySchool BathCorrMechKitchen HtgSetp,Thermostat Setpoint,C,Default|SmrDsn,41640,42004,Constant,16,,,,,,,,,,,,,,,,,,,,,,,,From DOE Reference Buildings ,,,,,,,,,,,,,,,,,,,,,,,,,,,,,,,,,,,,,,,,,,,,,,,,,,,,,,,,,,,,,,,,,,,
PrimarySchool BathCorrMechKitchen HtgSetp,Thermostat Setpoint,C,WntrDsn,41640,42004,Hourly,16,16,16,16,16,16,21,21,21,21,21,21,21,21,21,21,21,21,21,21,21,16,16,16,From DOE Reference Buildings ,,,,,,,,,,,,,,,,,,,,,,,,,,,,,,,,,,,,,,,,,,,,,,,,,,,,,,,,,,,,,,,,,,,
PrimarySchool Bldg Equip,Equipment,,Default|SmrDsn,41640,42004,Hourly,0.35,0.35,0.35,0.35,0.35,0.35,0.35,0.35,0.95,0.95,0.95,0.95,0.95,0.95,0.95,0.95,0.95,0.35,0.35,0.35,0.35,0.35,0.35,0.35,From DOE Reference Buildings ,,,,,,,,,,,,,,,,,,,,,,,,,,,,,,,,,,,,,,,,,,,,,,,,,,,,,,,,,,,,,,,,,,,
PrimarySchool Bldg Equip,Equipment,,Wkdy,41883,42004,Hourly,0.35,0.35,0.35,0.35,0.35,0.35,0.35,0.35,0.95,0.95,0.95,0.95,0.95,0.95,0.95,0.95,0.95,0.35,0.35,0.35,0.35,0.35,0.35,0.35,From DOE Reference Buildings ,,,,,,,,,,,,,,,,,,,,,,,,,,,,,,,,,,,,,,,,,,,,,,,,,,,,,,,,,,,,,,,,,,,
PrimarySchool Bldg Equip,Equipment,,Wkdy,41821,41883,Hourly,0.25,0.25,0.25,0.25,0.25,0.25,0.25,0.25,0.5,0.5,0.5,0.5,0.5,0.5,0.5,0.5,0.5,0.25,0.25,0.25,0.25,0.25,0.25,0.25,From DOE Reference Buildings ,,,,,,,,,,,,,,,,,,,,,,,,,,,,,,,,,,,,,,,,,,,,,,,,,,,,,,,,,,,,,,,,,,,
PrimarySchool Bldg Equip,Equipment,,Wknd,41883,42004,Constant,0.35,,,,,,,,,,,,,,,,,,,,,,,,From DOE Reference Buildings ,,,,,,,,,,,,,,,,,,,,,,,,,,,,,,,,,,,,,,,,,,,,,,,,,,,,,,,,,,,,,,,,,,,
PrimarySchool Bldg Equip,Equipment,,Wknd,41821,41883,Constant,0.25,,,,,,,,,,,,,,,,,,,,,,,,From DOE Reference Buildings ,,,,,,,,,,,,,,,,,,,,,,,,,,,,,,,,,,,,,,,,,,,,,,,,,,,,,,,,,,,,,,,,,,,
PrimarySchool Bldg Equip,Equipment,,Wknd,41640,41820,Constant,0.35,,,,,,,,,,,,,,,,,,,,,,,,From DOE Reference Buildings ,,,,,,,,,,,,,,,,,,,,,,,,,,,,,,,,,,,,,,,,,,,,,,,,,,,,,,,,,,,,,,,,,,,
PrimarySchool Bldg Equip,Equipment,,WntrDsn,41640,42004,Constant,0.35,,,,,,,,,,,,,,,,,,,,,,,,From DOE Reference Buildings ,,,,,,,,,,,,,,,,,,,,,,,,,,,,,,,,,,,,,,,,,,,,,,,,,,,,,,,,,,,,,,,,,,,
PrimarySchool Bldg Light,Lighting,,Default|SmrDsn,41640,42004,Hourly,0.1773,0.1773,0.1773,0.1773,0.1773,0.1773,0.1773,0.9,0.9,0.9,0.9,0.9,0.9,0.9,0.9,0.9,0.9,0.9,0.9,0.9,0.9,0.1773,0.1773,0.1773,From DOE Reference Buildings ,,,,,,,,,,,,,,,,,,,,,,,,,,,,,,,,,,,,,,,,,,,,,,,,,,,,,,,,,,,,,,,,,,,
PrimarySchool Bldg Light,Lighting,,Wkdy,41883,42004,Hourly,0.1773,0.1773,0.1773,0.1773,0.1773,0.1773,0.1773,0.9,0.9,0.9,0.9,0.9,0.9,0.9,0.9,0.9,0.9,0.9,0.9,0.9,0.9,0.1773,0.1773,0.1773,From DOE Reference Buildings ,,,,,,,,,,,,,,,,,,,,,,,,,,,,,,,,,,,,,,,,,,,,,,,,,,,,,,,,,,,,,,,,,,,
PrimarySchool Bldg Light,Lighting,,Wkdy,41821,41883,Hourly,0.1773,0.1773,0.1773,0.1773,0.1773,0.1773,0.1773,0.1773,0.5,0.5,0.5,0.5,0.5,0.5,0.5,0.5,0.5,0.5,0.5,0.5,0.1773,0.1773,0.1773,0.1773,From DOE Reference Buildings ,,,,,,,,,,,,,,,,,,,,,,,,,,,,,,,,,,,,,,,,,,,,,,,,,,,,,,,,,,,,,,,,,,,
PrimarySchool Bldg Light,Lighting,,Wknd,41883,42004,Constant,0.1773,,,,,,,,,,,,,,,,,,,,,,,,From DOE Reference Buildings ,,,,,,,,,,,,,,,,,,,,,,,,,,,,,,,,,,,,,,,,,,,,,,,,,,,,,,,,,,,,,,,,,,,
PrimarySchool Bldg Light,Lighting,,Wknd,41821,41883,Constant,0.1773,,,,,,,,,,,,,,,,,,,,,,,,From DOE Reference Buildings ,,,,,,,,,,,,,,,,,,,,,,,,,,,,,,,,,,,,,,,,,,,,,,,,,,,,,,,,,,,,,,,,,,,
PrimarySchool Bldg Light,Lighting,,Wknd,41640,41820,Constant,0.1773,,,,,,,,,,,,,,,,,,,,,,,,From DOE Reference Buildings ,,,,,,,,,,,,,,,,,,,,,,,,,,,,,,,,,,,,,,,,,,,,,,,,,,,,,,,,,,,,,,,,,,,
PrimarySchool Bldg Light,Lighting,,WntrDsn,41640,42004,Constant,0.1773,,,,,,,,,,,,,,,,,,,,,,,,From DOE Reference Buildings ,,,,,,,,,,,,,,,,,,,,,,,,,,,,,,,,,,,,,,,,,,,,,,,,,,,,,,,,,,,,,,,,,,,
PrimarySchool Bldg Occ,Occupancy,,Default|SmrDsn,41640,42004,Hourly,0,0,0,0,0,0,0,0,0.75,0.75,0.75,0.75,0.75,0.75,0.75,0.75,0.15,0.15,0.15,0.15,0.15,0,0,0,From DOE Reference Buildings ,,,,,,,,,,,,,,,,,,,,,,,,,,,,,,,,,,,,,,,,,,,,,,,,,,,,,,,,,,,,,,,,,,,
PrimarySchool Bldg Occ,Occupancy,,Wkdy,41883,42004,Hourly,0,0,0,0,0,0,0,0,0.75,0.75,0.75,0.75,0.75,0.75,0.75,0.75,0.15,0.15,0.15,0.15,0.15,0,0,0,From DOE Reference Buildings ,,,,,,,,,,,,,,,,,,,,,,,,,,,,,,,,,,,,,,,,,,,,,,,,,,,,,,,,,,,,,,,,,,,
PrimarySchool Bldg Occ,Occupancy,,Wkdy,41821,41883,Hourly,0,0,0,0,0,0,0,0,0.15,0.15,0.15,0.15,0.15,0.15,0.15,0.15,0.15,0.15,0.15,0.15,0.15,0,0,0,From DOE Reference Buildings ,,,,,,,,,,,,,,,,,,,,,,,,,,,,,,,,,,,,,,,,,,,,,,,,,,,,,,,,,,,,,,,,,,,
PrimarySchool Bldg Occ,Occupancy,,Wknd,41883,42004,Constant,0,,,,,,,,,,,,,,,,,,,,,,,,From DOE Reference Buildings ,,,,,,,,,,,,,,,,,,,,,,,,,,,,,,,,,,,,,,,,,,,,,,,,,,,,,,,,,,,,,,,,,,,
PrimarySchool Bldg Occ,Occupancy,,Wknd,41821,41883,Constant,0,,,,,,,,,,,,,,,,,,,,,,,,From DOE Reference Buildings ,,,,,,,,,,,,,,,,,,,,,,,,,,,,,,,,,,,,,,,,,,,,,,,,,,,,,,,,,,,,,,,,,,,
PrimarySchool Bldg Occ,Occupancy,,Wknd,41640,41820,Constant,0,,,,,,,,,,,,,,,,,,,,,,,,From DOE Reference Buildings ,,,,,,,,,,,,,,,,,,,,,,,,,,,,,,,,,,,,,,,,,,,,,,,,,,,,,,,,,,,,,,,,,,,
PrimarySchool Bldg Occ,Occupancy,,WntrDsn,41640,42004,Constant,0,,,,,,,,,,,,,,,,,,,,,,,,From DOE Reference Buildings ,,,,,,,,,,,,,,,,,,,,,,,,,,,,,,,,,,,,,,,,,,,,,,,,,,,,,,,,,,,,,,,,,,,
PrimarySchool Cafeteria Occ,Occupancy,,Default|SmrDsn,41640,42004,Hourly,0,0,0,0,0,0,0,0.15,0.15,0.05,0.05,0.95,0.95,0.15,0.15,0,0,0,0,0,0,0,0,0,From DOE Reference Buildings ,,,,,,,,,,,,,,,,,,,,,,,,,,,,,,,,,,,,,,,,,,,,,,,,,,,,,,,,,,,,,,,,,,,
PrimarySchool Cafeteria Occ,Occupancy,,Wkdy,41883,42004,Hourly,0,0,0,0,0,0,0,0.15,0.15,0.05,0.05,0.95,0.95,0.15,0.15,0,0,0,0,0,0,0,0,0,From DOE Reference Buildings ,,,,,,,,,,,,,,,,,,,,,,,,,,,,,,,,,,,,,,,,,,,,,,,,,,,,,,,,,,,,,,,,,,,
PrimarySchool Cafeteria Occ,Occupancy,,Wkdy,41821,41883,Hourly,0,0,0,0,0,0,0,0,0,0.25,0.25,0.25,0.25,0.25,0.25,0,0,0,0,0,0,0,0,0,From DOE Reference Buildings ,,,,,,,,,,,,,,,,,,,,,,,,,,,,,,,,,,,,,,,,,,,,,,,,,,,,,,,,,,,,,,,,,,,
PrimarySchool Cafeteria Occ,Occupancy,,Wknd,41883,42004,Constant,0,,,,,,,,,,,,,,,,,,,,,,,,From DOE Reference Buildings ,,,,,,,,,,,,,,,,,,,,,,,,,,,,,,,,,,,,,,,,,,,,,,,,,,,,,,,,,,,,,,,,,,,
PrimarySchool Cafeteria Occ,Occupancy,,Wknd,41821,41883,Constant,0,,,,,,,,,,,,,,,,,,,,,,,,From DOE Reference Buildings ,,,,,,,,,,,,,,,,,,,,,,,,,,,,,,,,,,,,,,,,,,,,,,,,,,,,,,,,,,,,,,,,,,,
PrimarySchool Cafeteria Occ,Occupancy,,Wknd,41640,41820,Constant,0,,,,,,,,,,,,,,,,,,,,,,,,From DOE Reference Buildings ,,,,,,,,,,,,,,,,,,,,,,,,,,,,,,,,,,,,,,,,,,,,,,,,,,,,,,,,,,,,,,,,,,,
PrimarySchool Cafeteria Occ,Occupancy,,WntrDsn,41640,42004,Constant,0,,,,,,,,,,,,,,,,,,,,,,,,From DOE Reference Buildings ,,,,,,,,,,,,,,,,,,,,,,,,,,,,,,,,,,,,,,,,,,,,,,,,,,,,,,,,,,,,,,,,,,,
PrimarySchool ClgSetp,Thermostat Setpoint,C,Default,41640,42004,Hourly,27,27,27,27,27,27,24,24,24,24,24,24,24,24,24,24,24,24,24,24,24,27,27,27,From DOE Reference Buildings ,,,,,,,,,,,,,,,,,,,,,,,,,,,,,,,,,,,,,,,,,,,,,,,,,,,,,,,,,,,,,,,,,,,
PrimarySchool ClgSetp,Thermostat Setpoint,C,SmrDsn,41640,42004,Constant,24,,,,,,,,,,,,,,,,,,,,,,,,From DOE Reference Buildings ,,,,,,,,,,,,,,,,,,,,,,,,,,,,,,,,,,,,,,,,,,,,,,,,,,,,,,,,,,,,,,,,,,,
PrimarySchool ClgSetp,Thermostat Setpoint,C,Wknd|Wkdy,41883,42004,Hourly,27,27,27,27,27,27,24,24,24,24,24,24,24,24,24,24,24,24,24,24,24,27,27,27,From DOE Reference Buildings ,,,,,,,,,,,,,,,,,,,,,,,,,,,,,,,,,,,,,,,,,,,,,,,,,,,,,,,,,,,,,,,,,,,
PrimarySchool ClgSetp,Thermostat Setpoint,C,Wknd|Wkdy,41821,41883,Hourly,27,27,27,27,27,27,27,24,24,24,24,24,24,24,24,24,24,24,27,27,27,27,27,27,From DOE Reference Buildings ,,,,,,,,,,,,,,,,,,,,,,,,,,,,,,,,,,,,,,,,,,,,,,,,,,,,,,,,,,,,,,,,,,,
PrimarySchool ClgSetp,Thermostat Setpoint,C,WntrDsn,41640,42004,Constant,27,,,,,,,,,,,,,,,,,,,,,,,,From DOE Reference Buildings ,,,,,,,,,,,,,,,,,,,,,,,,,,,,,,,,,,,,,,,,,,,,,,,,,,,,,,,,,,,,,,,,,,,
PrimarySchool Clothing,Clothing,,Default|WntrDsn,41640,42004,Constant,1.1,,,,,,,,,,,,,,,,,,,,,,,,From DOE Reference Buildings ,,,,,,,,,,,,,,,,,,,,,,,,,,,,,,,,,,,,,,,,,,,,,,,,,,,,,,,,,,,,,,,,,,,
PrimarySchool Clothing,Clothing,,SmrDsn,41640,42004,Constant,0.6,,,,,,,,,,,,,,,,,,,,,,,,From DOE Reference Buildings ,,,,,,,,,,,,,,,,,,,,,,,,,,,,,,,,,,,,,,,,,,,,,,,,,,,,,,,,,,,,,,,,,,,
PrimarySchool Clothing,Clothing,,Wknd|Wkdy,41913,42004,Constant,1.1,,,,,,,,,,,,,,,,,,,,,,,,From DOE Reference Buildings ,,,,,,,,,,,,,,,,,,,,,,,,,,,,,,,,,,,,,,,,,,,,,,,,,,,,,,,,,,,,,,,,,,,
PrimarySchool Clothing,Clothing,,Wknd|Wkdy,41760,41912,Constant,0.6,,,,,,,,,,,,,,,,,,,,,,,,From DOE Reference Buildings ,,,,,,,,,,,,,,,,,,,,,,,,,,,,,,,,,,,,,,,,,,,,,,,,,,,,,,,,,,,,,,,,,,,
PrimarySchool Exterior Lights,Lighting,Dimensionless,Default|WntrDsn|SmrDsn,41640,42004,Hourly,0,0,0,0,0,0,0,1,1,1,1,1,1,1,1,1,1,1,1,1,1,1,1,1,,,,,,,,,,,,,,,,,,,,,,,,,,,,,,,,,,,,,,,,,,,,,,,,,,,,,,,,,,,,,,,,,,,,
PrimarySchool Exterior Lights Always On,Lighting,Dimensionless,Default|WntrDsn|SmrDsn,41640,42004,Constant,1,,,,,,,,,,,,,,,,,,,,,,,,,,,,,,,,,,,,,,,,,,,,,,,,,,,,,,,,,,,,,,,,,,,,,,,,,,,,,,,,,,,,,,,,,,,
PrimarySchool Gym Occ,Occupancy,,Default|SmrDsn,41640,42004,Hourly,0,0,0,0,0,0,0,0,0.35,0.35,0.35,0.35,0.35,0.35,0.35,0.35,0.95,0.95,0.95,0.95,0.95,0,0,0,From DOE Reference Buildings ,,,,,,,,,,,,,,,,,,,,,,,,,,,,,,,,,,,,,,,,,,,,,,,,,,,,,,,,,,,,,,,,,,,
PrimarySchool Gym Occ,Occupancy,,Wkdy,41883,42004,Hourly,0,0,0,0,0,0,0,0,0.35,0.35,0.35,0.35,0.35,0.35,0.35,0.35,0.95,0.95,0.95,0.95,0.95,0,0,0,From DOE Reference Buildings ,,,,,,,,,,,,,,,,,,,,,,,,,,,,,,,,,,,,,,,,,,,,,,,,,,,,,,,,,,,,,,,,,,,
PrimarySchool Gym Occ,Occupancy,,Wkdy,41821,41883,Hourly,0,0,0,0,0,0,0,0,0.35,0.35,0.35,0.35,0.35,0.35,0.35,0.35,0.35,0.35,0.35,0.35,0.35,0,0,0,From DOE Reference Buildings ,,,,,,,,,,,,,,,,,,,,,,,,,,,,,,,,,,,,,,,,,,,,,,,,,,,,,,,,,,,,,,,,,,,
PrimarySchool Gym Occ,Occupancy,,Wknd,41883,42004,Constant,0,,,,,,,,,,,,,,,,,,,,,,,,From DOE Reference Buildings ,,,,,,,,,,,,,,,,,,,,,,,,,,,,,,,,,,,,,,,,,,,,,,,,,,,,,,,,,,,,,,,,,,,
PrimarySchool Gym Occ,Occupancy,,Wknd,41821,41883,Constant,0,,,,,,,,,,,,,,,,,,,,,,,,From DOE Reference Buildings ,,,,,,,,,,,,,,,,,,,,,,,,,,,,,,,,,,,,,,,,,,,,,,,,,,,,,,,,,,,,,,,,,,,
PrimarySchool Gym Occ,Occupancy,,Wknd,41640,41820,Constant,0,,,,,,,,,,,,,,,,,,,,,,,,From DOE Reference Buildings ,,,,,,,,,,,,,,,,,,,,,,,,,,,,,,,,,,,,,,,,,,,,,,,,,,,,,,,,,,,,,,,,,,,
PrimarySchool Gym Occ,Occupancy,,WntrDsn,41640,42004,Constant,0,,,,,,,,,,,,,,,,,,,,,,,,From DOE Reference Buildings ,,,,,,,,,,,,,,,,,,,,,,,,,,,,,,,,,,,,,,,,,,,,,,,,,,,,,,,,,,,,,,,,,,,
PrimarySchool HtgSetp,Thermostat Setpoint,C,Default,41640,42004,Hourly,16,16,16,16,16,16,21,21,21,21,21,21,21,21,21,21,21,21,21,21,21,16,16,16,From DOE Reference Buildings ,,,,,,,,,,,,,,,,,,,,,,,,,,,,,,,,,,,,,,,,,,,,,,,,,,,,,,,,,,,,,,,,,,,
PrimarySchool HtgSetp,Thermostat Setpoint,C,SmrDsn,41640,42004,Constant,16,,,,,,,,,,,,,,,,,,,,,,,,From DOE Reference Buildings ,,,,,,,,,,,,,,,,,,,,,,,,,,,,,,,,,,,,,,,,,,,,,,,,,,,,,,,,,,,,,,,,,,,
PrimarySchool HtgSetp,Thermostat Setpoint,C,Wknd|Wkdy,41883,42004,Hourly,16,16,16,16,16,16,21,21,21,21,21,21,21,21,21,21,21,21,21,21,21,16,16,16,From DOE Reference Buildings ,,,,,,,,,,,,,,,,,,,,,,,,,,,,,,,,,,,,,,,,,,,,,,,,,,,,,,,,,,,,,,,,,,,
PrimarySchool HtgSetp,Thermostat Setpoint,C,Wknd|Wkdy,41821,41883,Hourly,16,16,16,16,16,16,16,21,21,21,21,21,21,21,21,21,21,21,16,16,16,16,16,16,From DOE Reference Buildings ,,,,,,,,,,,,,,,,,,,,,,,,,,,,,,,,,,,,,,,,,,,,,,,,,,,,,,,,,,,,,,,,,,,
PrimarySchool HtgSetp,Thermostat Setpoint,C,WntrDsn,41640,42004,Constant,21,,,,,,,,,,,,,,,,,,,,,,,,From DOE Reference Buildings ,,,,,,,,,,,,,,,,,,,,,,,,,,,,,,,,,,,,,,,,,,,,,,,,,,,,,,,,,,,,,,,,,,,
PrimarySchool Infil,Infiltration,,Default|WntrDsn|SmrDsn,41640,42004,Hourly,1,1,1,1,1,1,1,0.5,0.5,0.5,0.5,0.5,0.5,0.5,0.5,0.5,0.5,0.5,0.5,0.5,0.5,1,1,1,From DOE Reference Buildings ,,,,,,,,,,,,,,,,,,,,,,,,,,,,,,,,,,,,,,,,,,,,,,,,,,,,,,,,,,,,,,,,,,,
PrimarySchool Kitchen Equip,Equipment,,Default|SmrDsn,41640,42004,Hourly,0.1,0.1,0.1,0.1,0.1,0.1,0.1,0.1,0.15,0.15,0.25,0.25,0.25,0.15,0.15,0.1,0.1,0.1,0.1,0.1,0.1,0.1,0.1,0.1,From DOE Reference Buildings ,,,,,,,,,,,,,,,,,,,,,,,,,,,,,,,,,,,,,,,,,,,,,,,,,,,,,,,,,,,,,,,,,,,
PrimarySchool Kitchen Equip,Equipment,,Wkdy,41883,42004,Hourly,0.1,0.1,0.1,0.1,0.1,0.1,0.1,0.1,0.15,0.15,0.25,0.25,0.25,0.15,0.15,0.1,0.1,0.1,0.1,0.1,0.1,0.1,0.1,0.1,From DOE Reference Buildings ,,,,,,,,,,,,,,,,,,,,,,,,,,,,,,,,,,,,,,,,,,,,,,,,,,,,,,,,,,,,,,,,,,,
PrimarySchool Kitchen Equip,Equipment,,Wkdy,41821,41883,Hourly,0.1,0.1,0.1,0.1,0.1,0.1,0.1,0.1,0.13,0.13,0.2,0.2,0.2,0.13,0.13,0.1,0.1,0.1,0.1,0.1,0.1,0.1,0.1,0.1,From DOE Reference Buildings ,,,,,,,,,,,,,,,,,,,,,,,,,,,,,,,,,,,,,,,,,,,,,,,,,,,,,,,,,,,,,,,,,,,
PrimarySchool Kitchen Equip,Equipment,,Wknd,41883,42004,Constant,0.1,,,,,,,,,,,,,,,,,,,,,,,,From DOE Reference Buildings ,,,,,,,,,,,,,,,,,,,,,,,,,,,,,,,,,,,,,,,,,,,,,,,,,,,,,,,,,,,,,,,,,,,
PrimarySchool Kitchen Equip,Equipment,,Wknd,41821,41883,Constant,0.1,,,,,,,,,,,,,,,,,,,,,,,,From DOE Reference Buildings ,,,,,,,,,,,,,,,,,,,,,,,,,,,,,,,,,,,,,,,,,,,,,,,,,,,,,,,,,,,,,,,,,,,
PrimarySchool Kitchen Equip,Equipment,,Wknd,41640,41820,Constant,0.1,,,,,,,,,,,,,,,,,,,,,,,,From DOE Reference Buildings ,,,,,,,,,,,,,,,,,,,,,,,,,,,,,,,,,,,,,,,,,,,,,,,,,,,,,,,,,,,,,,,,,,,
PrimarySchool Kitchen Equip,Equipment,,WntrDsn,41640,42004,Constant,0.1,,,,,,,,,,,,,,,,,,,,,,,,From DOE Reference Buildings ,,,,,,,,,,,,,,,,,,,,,,,,,,,,,,,,,,,,,,,,,,,,,,,,,,,,,,,,,,,,,,,,,,,
PrimarySchool Kitchen Exhaust,Equipment,,Default|SmrDsn,41640,42004,Hourly,0,0,0,0,0,0,1,1,1,1,1,1,1,1,1,1,1,1,1,1,1,0,0,0,From DOE Reference Buildings ,,,,,,,,,,,,,,,,,,,,,,,,,,,,,,,,,,,,,,,,,,,,,,,,,,,,,,,,,,,,,,,,,,,
PrimarySchool Kitchen Exhaust,Equipment,,WntrDsn|Wknd,41640,42004,Constant,0,,,,,,,,,,,,,,,,,,,,,,,,From DOE Reference Buildings ,,,,,,,,,,,,,,,,,,,,,,,,,,,,,,,,,,,,,,,,,,,,,,,,,,,,,,,,,,,,,,,,,,,
PrimarySchool Kitchen Gas,Equipment,,Default|SmrDsn,41640,42004,Hourly,0.02,0.02,0.02,0.02,0.02,0.02,0.02,0.02,0.15,0.15,0.2,0.2,0.2,0.1,0.1,0.02,0.02,0.02,0.02,0.02,0.02,0.02,0.02,0.02,From DOE Reference Buildings ,,,,,,,,,,,,,,,,,,,,,,,,,,,,,,,,,,,,,,,,,,,,,,,,,,,,,,,,,,,,,,,,,,,
PrimarySchool Kitchen Gas,Equipment,,Wkdy,41883,42004,Hourly,0.02,0.02,0.02,0.02,0.02,0.02,0.02,0.02,0.15,0.15,0.2,0.2,0.2,0.1,0.1,0.02,0.02,0.02,0.02,0.02,0.02,0.02,0.02,0.02,From DOE Reference Buildings ,,,,,,,,,,,,,,,,,,,,,,,,,,,,,,,,,,,,,,,,,,,,,,,,,,,,,,,,,,,,,,,,,,,
PrimarySchool Kitchen Gas,Equipment,,Wkdy,41821,41883,Hourly,0.02,0.02,0.02,0.02,0.02,0.02,0.02,0.02,0.1,0.1,0.15,0.15,0.15,0.1,0.1,0.02,0.02,0.02,0.02,0.02,0.02,0.02,0.02,0.02,From DOE Reference Buildings ,,,,,,,,,,,,,,,,,,,,,,,,,,,,,,,,,,,,,,,,,,,,,,,,,,,,,,,,,,,,,,,,,,,
PrimarySchool Kitchen Gas,Equipment,,Wknd,41883,42004,Constant,0.02,,,,,,,,,,,,,,,,,,,,,,,,From DOE Reference Buildings ,,,,,,,,,,,,,,,,,,,,,,,,,,,,,,,,,,,,,,,,,,,,,,,,,,,,,,,,,,,,,,,,,,,
PrimarySchool Kitchen Gas,Equipment,,Wknd,41821,41883,Constant,0.02,,,,,,,,,,,,,,,,,,,,,,,,From DOE Reference Buildings ,,,,,,,,,,,,,,,,,,,,,,,,,,,,,,,,,,,,,,,,,,,,,,,,,,,,,,,,,,,,,,,,,,,
PrimarySchool Kitchen Gas,Equipment,,Wknd,41640,41820,Constant,0.02,,,,,,,,,,,,,,,,,,,,,,,,From DOE Reference Buildings ,,,,,,,,,,,,,,,,,,,,,,,,,,,,,,,,,,,,,,,,,,,,,,,,,,,,,,,,,,,,,,,,,,,
PrimarySchool Kitchen Gas,Equipment,,WntrDsn,41640,42004,Constant,0.02,,,,,,,,,,,,,,,,,,,,,,,,From DOE Reference Buildings ,,,,,,,,,,,,,,,,,,,,,,,,,,,,,,,,,,,,,,,,,,,,,,,,,,,,,,,,,,,,,,,,,,,
PrimarySchool Offices Occ,Occupancy,,Default|SmrDsn,41640,42004,Hourly,0,0,0,0,0,0,0,0,0.95,0.95,0.95,0.95,0.95,0.95,0.95,0.95,0.95,0.15,0.15,0.15,0.15,0,0,0,From DOE Reference Buildings ,,,,,,,,,,,,,,,,,,,,,,,,,,,,,,,,,,,,,,,,,,,,,,,,,,,,,,,,,,,,,,,,,,,
PrimarySchool Offices Occ,Occupancy,,Wkdy,41883,42004,Hourly,0,0,0,0,0,0,0,0,0.95,0.95,0.95,0.95,0.95,0.95,0.95,0.95,0.95,0.15,0.15,0.15,0.15,0,0,0,From DOE Reference Buildings ,,,,,,,,,,,,,,,,,,,,,,,,,,,,,,,,,,,,,,,,,,,,,,,,,,,,,,,,,,,,,,,,,,,
PrimarySchool Offices Occ,Occupancy,,Wkdy,41821,41883,Hourly,0,0,0,0,0,0,0,0,0.5,0.5,0.5,0.5,0.5,0.5,0.5,0.5,0.5,0,0,0,0,0,0,0,From DOE Reference Buildings ,,,,,,,,,,,,,,,,,,,,,,,,,,,,,,,,,,,,,,,,,,,,,,,,,,,,,,,,,,,,,,,,,,,
PrimarySchool Offices Occ,Occupancy,,Wknd,41883,42004,Constant,0,,,,,,,,,,,,,,,,,,,,,,,,From DOE Reference Buildings ,,,,,,,,,,,,,,,,,,,,,,,,,,,,,,,,,,,,,,,,,,,,,,,,,,,,,,,,,,,,,,,,,,,
PrimarySchool Offices Occ,Occupancy,,Wknd,41821,41883,Constant,0,,,,,,,,,,,,,,,,,,,,,,,,From DOE Reference Buildings ,,,,,,,,,,,,,,,,,,,,,,,,,,,,,,,,,,,,,,,,,,,,,,,,,,,,,,,,,,,,,,,,,,,
PrimarySchool Offices Occ,Occupancy,,Wknd,41640,41820,Constant,0,,,,,,,,,,,,,,,,,,,,,,,,From DOE Reference Buildings ,,,,,,,,,,,,,,,,,,,,,,,,,,,,,,,,,,,,,,,,,,,,,,,,,,,,,,,,,,,,,,,,,,,
PrimarySchool Offices Occ,Occupancy,,WntrDsn,41640,42004,Constant,0,,,,,,,,,,,,,,,,,,,,,,,,From DOE Reference Buildings ,,,,,,,,,,,,,,,,,,,,,,,,,,,,,,,,,,,,,,,,,,,,,,,,,,,,,,,,,,,,,,,,,,,
PrimarySchool PSZ-AC OA Damper,Operation,Dimensionless,Default|SmrDsn,41640,42004,Hourly,0,0,0,0,0,0,1,1,1,1,1,1,1,1,1,1,1,1,1,1,0,0,0,0,,,,,,,,,,,,,,,,,,,,,,,,,,,,,,,,,,,,,,,,,,,,,,,,,,,,,,,,,,,,,,,,,,,,
PrimarySchool PSZ-AC OA Damper,Operation,Dimensionless,Sat|Sun|WntrDsn,41640,42004,Constant,0,,,,,,,,,,,,,,,,,,,,,,,,,,,,,,,,,,,,,,,,,,,,,,,,,,,,,,,,,,,,,,,,,,,,,,,,,,,,,,,,,,,,,,,,,,,
PrimarySchool PSZ-AC Operation,Operation,Dimensionless,Default|SmrDsn,41640,42004,Hourly,0,0,0,0,0,0,1,1,1,1,1,1,1,1,1,1,1,1,1,1,0,0,0,0,,,,,,,,,,,,,,,,,,,,,,,,,,,,,,,,,,,,,,,,,,,,,,,,,,,,,,,,,,,,,,,,,,,,
PrimarySchool PSZ-AC Operation,Operation,Dimensionless,Sat|Sun|WntrDsn,41640,42004,Constant,0,,,,,,,,,,,,,,,,,,,,,,,,,,,,,,,,,,,,,,,,,,,,,,,,,,,,,,,,,,,,,,,,,,,,,,,,,,,,,,,,,,,,,,,,,,,
PrimarySchool VAV OA Damper,Operation,Dimensionless,Default|SmrDsn,41640,42004,Hourly,0,0,0,0,0,0,1,1,1,1,1,1,1,1,1,1,1,1,1,1,0,0,0,0,,,,,,,,,,,,,,,,,,,,,,,,,,,,,,,,,,,,,,,,,,,,,,,,,,,,,,,,,,,,,,,,,,,,
PrimarySchool VAV OA Damper,Operation,Dimensionless,Sat|Sun|WntrDsn,41640,42004,Constant,0,,,,,,,,,,,,,,,,,,,,,,,,,,,,,,,,,,,,,,,,,,,,,,,,,,,,,,,,,,,,,,,,,,,,,,,,,,,,,,,,,,,,,,,,,,,
PrimarySchool VAV Operation,Operation,Dimensionless,Default|SmrDsn,41640,42004,Hourly,0,0,0,0,0,0,1,1,1,1,1,1,1,1,1,1,1,1,1,1,0,0,0,0,,,,,,,,,,,,,,,,,,,,,,,,,,,,,,,,,,,,,,,,,,,,,,,,,,,,,,,,,,,,,,,,,,,,
PrimarySchool VAV Operation,Operation,Dimensionless,Sat|Sun|WntrDsn,41640,42004,Constant,0,,,,,,,,,,,,,,,,,,,,,,,,,,,,,,,,,,,,,,,,,,,,,,,,,,,,,,,,,,,,,,,,,,,,,,,,,,,,,,,,,,,,,,,,,,,
PrimarySchool Work Eff,Unknown,,Default|WntrDsn|SmrDsn,41640,42004,Constant,0,,,,,,,,,,,,,,,,,,,,,,,,From DOE Reference Buildings ,,,,,,,,,,,,,,,,,,,,,,,,,,,,,,,,,,,,,,,,,,,,,,,,,,,,,,,,,,,,,,,,,,,
QuickServiceRestaurant Bldg Equip,Equipment,,Default|Sun|Wkdy,41640,42004,Hourly,0.1,0.1,0.1,0.1,0.1,0.1,0.35,0.35,0.25,0.25,0.35,0.35,0.35,0.35,0.25,0.25,0.25,0.35,0.35,0.35,0.25,0.25,0.25,0.25,From DOE Reference Buildings ,,,,,,,,,,,,,,,,,,,,,,,,,,,,,,,,,,,,,,,,,,,,,,,,,,,,,,,,,,,,,,,,,,,
QuickServiceRestaurant Bldg Equip,Equipment,,SmrDsn,41640,42004,Constant,0.35,,,,,,,,,,,,,,,,,,,,,,,,From DOE Reference Buildings ,,,,,,,,,,,,,,,,,,,,,,,,,,,,,,,,,,,,,,,,,,,,,,,,,,,,,,,,,,,,,,,,,,,
QuickServiceRestaurant Bldg Equip,Equipment,,WntrDsn,41640,42004,Constant,0,,,,,,,,,,,,,,,,,,,,,,,,From DOE Reference Buildings ,,,,,,,,,,,,,,,,,,,,,,,,,,,,,,,,,,,,,,,,,,,,,,,,,,,,,,,,,,,,,,,,,,,
QuickServiceRestaurant Bldg Light,Lighting,,Default,41640,42004,Hourly,0.45,0.15,0.15,0.15,0.15,0.45,0.9,0.9,0.9,0.9,0.9,0.9,0.9,0.9,0.9,0.9,0.9,0.9,0.9,0.9,0.9,0.9,0.9,0.9,From DOE Reference Buildings ,,,,,,,,,,,,,,,,,,,,,,,,,,,,,,,,,,,,,,,,,,,,,,,,,,,,,,,,,,,,,,,,,,,
QuickServiceRestaurant Bldg Light,Lighting,,SmrDsn,41640,42004,Constant,1,,,,,,,,,,,,,,,,,,,,,,,,From DOE Reference Buildings ,,,,,,,,,,,,,,,,,,,,,,,,,,,,,,,,,,,,,,,,,,,,,,,,,,,,,,,,,,,,,,,,,,,
QuickServiceRestaurant Bldg Light,Lighting,,WntrDsn,41640,42004,Constant,0,,,,,,,,,,,,,,,,,,,,,,,,From DOE Reference Buildings ,,,,,,,,,,,,,,,,,,,,,,,,,,,,,,,,,,,,,,,,,,,,,,,,,,,,,,,,,,,,,,,,,,,
QuickServiceRestaurant Bldg Occ,Occupancy,,Default,41640,42004,Hourly,0.05,0,0,0,0,0.05,0.1,0.4,0.4,0.3,0.2,0.5,0.8,0.7,0.4,0.2,0.25,0.5,0.55,0.55,0.55,0.5,0.35,0.2,From DOE Reference Buildings ,,,,,,,,,,,,,,,,,,,,,,,,,,,,,,,,,,,,,,,,,,,,,,,,,,,,,,,,,,,,,,,,,,,
QuickServiceRestaurant Bldg Occ,Occupancy,,SmrDsn,41640,42004,Constant,1,,,,,,,,,,,,,,,,,,,,,,,,From DOE Reference Buildings ,,,,,,,,,,,,,,,,,,,,,,,,,,,,,,,,,,,,,,,,,,,,,,,,,,,,,,,,,,,,,,,,,,,
QuickServiceRestaurant Bldg Occ,Occupancy,,Wknd,41640,42004,Hourly,0.05,0,0,0,0,0.05,0.05,0.3,0.3,0.3,0.2,0.45,0.6,0.5,0.35,0.3,0.3,0.3,0.55,0.55,0.55,0.5,0.35,0.2,From DOE Reference Buildings ,,,,,,,,,,,,,,,,,,,,,,,,,,,,,,,,,,,,,,,,,,,,,,,,,,,,,,,,,,,,,,,,,,,
QuickServiceRestaurant Bldg Occ,Occupancy,,WntrDsn,41640,42004,Constant,0,,,,,,,,,,,,,,,,,,,,,,,,From DOE Reference Buildings ,,,,,,,,,,,,,,,,,,,,,,,,,,,,,,,,,,,,,,,,,,,,,,,,,,,,,,,,,,,,,,,,,,,
QuickServiceRestaurant Bldg Swh,Service Water Heating,,Default|SmrDsn,41640,42004,Hourly,0.2,0,0,0,0,0,0.15,0.6,0.55,0.45,0.4,0.45,0.4,0.35,0.3,0.3,0.3,0.4,0.55,0.6,0.5,0.55,0.45,0.25,From DOE Reference Buildings ,,,,,,,,,,,,,,,,,,,,,,,,,,,,,,,,,,,,,,,,,,,,,,,,,,,,,,,,,,,,,,,,,,,
QuickServiceRestaurant Bldg Swh,Service Water Heating,,Sun,41640,42004,Hourly,0.25,0,0,0,0,0,0.15,0.15,0.15,0.15,0.5,0.5,0.4,0.4,0.3,0.3,0.3,0.4,0.5,0.5,0.4,0.5,0.4,0.2,From DOE Reference Buildings ,,,,,,,,,,,,,,,,,,,,,,,,,,,,,,,,,,,,,,,,,,,,,,,,,,,,,,,,,,,,,,,,,,,
QuickServiceRestaurant Bldg Swh,Service Water Heating,,WntrDsn|Sat,41640,42004,Hourly,0.2,0,0,0,0,0,0.15,0.15,0.15,0.5,0.45,0.5,0.5,0.45,0.4,0.4,0.35,0.4,0.55,0.55,0.5,0.55,0.4,0.3,From DOE Reference Buildings ,,,,,,,,,,,,,,,,,,,,,,,,,,,,,,,,,,,,,,,,,,,,,,,,,,,,,,,,,,,,,,,,,,,
QuickServiceRestaurant ClgSetp,Thermostat Setpoint,C,Default|SmrDsn,41640,42004,Hourly,24,30,30,30,30,24,24,24,24,24,24,24,24,24,24,24,24,24,24,24,24,24,24,24,From DOE Reference Buildings ,,,,,,,,,,,,,,,,,,,,,,,,,,,,,,,,,,,,,,,,,,,,,,,,,,,,,,,,,,,,,,,,,,,
QuickServiceRestaurant ClgSetp,Thermostat Setpoint,C,WntrDsn,41640,42004,Constant,30,,,,,,,,,,,,,,,,,,,,,,,,From DOE Reference Buildings ,,,,,,,,,,,,,,,,,,,,,,,,,,,,,,,,,,,,,,,,,,,,,,,,,,,,,,,,,,,,,,,,,,,
QuickServiceRestaurant ClgSetp Kitchen,Thermostat Setpoint,C,Default|SmrDsn,41640,42004,Hourly,26,30,30,30,30,26,26,26,26,26,26,26,26,26,26,26,26,26,26,26,26,26,26,26,From DOE Reference Buildings ,,,,,,,,,,,,,,,,,,,,,,,,,,,,,,,,,,,,,,,,,,,,,,,,,,,,,,,,,,,,,,,,,,,
QuickServiceRestaurant ClgSetp Kitchen,Thermostat Setpoint,C,WntrDsn,41640,42004,Constant,30,,,,,,,,,,,,,,,,,,,,,,,,From DOE Reference Buildings ,,,,,,,,,,,,,,,,,,,,,,,,,,,,,,,,,,,,,,,,,,,,,,,,,,,,,,,,,,,,,,,,,,,
QuickServiceRestaurant Clothing,Clothing,,Default|WntrDsn,41640,42004,Constant,1,,,,,,,,,,,,,,,,,,,,,,,,From DOE Reference Buildings ,,,,,,,,,,,,,,,,,,,,,,,,,,,,,,,,,,,,,,,,,,,,,,,,,,,,,,,,,,,,,,,,,,,
QuickServiceRestaurant Clothing,Clothing,,SmrDsn,41640,42004,Constant,0.5,,,,,,,,,,,,,,,,,,,,,,,,From DOE Reference Buildings ,,,,,,,,,,,,,,,,,,,,,,,,,,,,,,,,,,,,,,,,,,,,,,,,,,,,,,,,,,,,,,,,,,,
QuickServiceRestaurant Clothing,Clothing,,Wknd|Wkdy,41913,42004,Constant,1,,,,,,,,,,,,,,,,,,,,,,,,From DOE Reference Buildings ,,,,,,,,,,,,,,,,,,,,,,,,,,,,,,,,,,,,,,,,,,,,,,,,,,,,,,,,,,,,,,,,,,,
QuickServiceRestaurant Clothing,Clothing,,Wknd|Wkdy,41760,41912,Constant,0.5,,,,,,,,,,,,,,,,,,,,,,,,From DOE Reference Buildings ,,,,,,,,,,,,,,,,,,,,,,,,,,,,,,,,,,,,,,,,,,,,,,,,,,,,,,,,,,,,,,,,,,,
QuickServiceRestaurant Gas Equip,Equipment,,Default,41640,42004,Hourly,0.02,0.02,0.02,0.02,0.02,0.03,0.09,0.14,0.1,0.1,0.22,0.27,0.24,0.21,0.14,0.13,0.15,0.17,0.17,0.17,0.15,0.14,0.12,0.02,From DOE Reference Buildings ,,,,,,,,,,,,,,,,,,,,,,,,,,,,,,,,,,,,,,,,,,,,,,,,,,,,,,,,,,,,,,,,,,,
QuickServiceRestaurant Gas Equip,Equipment,,SmrDsn,41640,42004,Constant,0.25,,,,,,,,,,,,,,,,,,,,,,,,From DOE Reference Buildings ,,,,,,,,,,,,,,,,,,,,,,,,,,,,,,,,,,,,,,,,,,,,,,,,,,,,,,,,,,,,,,,,,,,
QuickServiceRestaurant Gas Equip,Equipment,,WntrDsn,41640,42004,Constant,0,,,,,,,,,,,,,,,,,,,,,,,,From DOE Reference Buildings ,,,,,,,,,,,,,,,,,,,,,,,,,,,,,,,,,,,,,,,,,,,,,,,,,,,,,,,,,,,,,,,,,,,
QuickServiceRestaurant HtgSetp,Thermostat Setpoint,C,Default,41640,42004,Hourly,21,15.6,15.6,15.6,15.6,21,21,21,21,21,21,21,21,21,21,21,21,21,21,21,21,21,21,21,From DOE Reference Buildings ,,,,,,,,,,,,,,,,,,,,,,,,,,,,,,,,,,,,,,,,,,,,,,,,,,,,,,,,,,,,,,,,,,,
QuickServiceRestaurant HtgSetp,Thermostat Setpoint,C,SmrDsn,41640,42004,Constant,15.6,,,,,,,,,,,,,,,,,,,,,,,,From DOE Reference Buildings ,,,,,,,,,,,,,,,,,,,,,,,,,,,,,,,,,,,,,,,,,,,,,,,,,,,,,,,,,,,,,,,,,,,
QuickServiceRestaurant HtgSetp,Thermostat Setpoint,C,WntrDsn,41640,42004,Constant,21,,,,,,,,,,,,,,,,,,,,,,,,From DOE Reference Buildings ,,,,,,,,,,,,,,,,,,,,,,,,,,,,,,,,,,,,,,,,,,,,,,,,,,,,,,,,,,,,,,,,,,,
QuickServiceRestaurant HtgSetp Kitchen,Thermostat Setpoint,C,Default,41640,42004,Hourly,19,15.6,15.6,15.6,15.6,19,19,19,19,19,19,19,19,19,19,19,19,19,19,19,19,19,19,19,From DOE Reference Buildings ,,,,,,,,,,,,,,,,,,,,,,,,,,,,,,,,,,,,,,,,,,,,,,,,,,,,,,,,,,,,,,,,,,,
QuickServiceRestaurant HtgSetp Kitchen,Thermostat Setpoint,C,SmrDsn,41640,42004,Constant,15.6,,,,,,,,,,,,,,,,,,,,,,,,From DOE Reference Buildings ,,,,,,,,,,,,,,,,,,,,,,,,,,,,,,,,,,,,,,,,,,,,,,,,,,,,,,,,,,,,,,,,,,,
QuickServiceRestaurant HtgSetp Kitchen,Thermostat Setpoint,C,WntrDsn,41640,42004,Constant,19,,,,,,,,,,,,,,,,,,,,,,,,From DOE Reference Buildings ,,,,,,,,,,,,,,,,,,,,,,,,,,,,,,,,,,,,,,,,,,,,,,,,,,,,,,,,,,,,,,,,,,,
QuickServiceRestaurant Infil Half On,Infiltration,,Default|WntrDsn|SmrDsn|Sun|Sat,41640,42004,Hourly,1,1,1,1,1,0.5,0.5,0.5,0.5,0.5,0.5,0.5,0.5,0.5,0.5,0.5,0.5,0.5,0.5,0.5,0.5,0.5,0.5,0.5,From DOE Reference Buildings ,,,,,,,,,,,,,,,,,,,,,,,,,,,,,,,,,,,,,,,,,,,,,,,,,,,,,,,,,,,,,,,,,,,
QuickServiceRestaurant Kitchen Exhaust,Equipment,,Default|WntrDsn|SmrDsn,41640,42004,Hourly,1,0,0,0,0,1,1,1,1,1,1,1,1,1,1,1,1,1,1,1,1,1,1,1,From DOE Reference Buildings ,,,,,,,,,,,,,,,,,,,,,,,,,,,,,,,,,,,,,,,,,,,,,,,,,,,,,,,,,,,,,,,,,,,
QuickServiceRestaurant Work Eff,Unknown,,Default|WntrDsn|SmrDsn,41640,42004,Constant,0,,,,,,,,,,,,,,,,,,,,,,,,From DOE Reference Buildings ,,,,,,,,,,,,,,,,,,,,,,,,,,,,,,,,,,,,,,,,,,,,,,,,,,,,,,,,,,,,,,,,,,,
RestaurantFastFood AIR_VELO_SCH,Unknown,W,Default|WntrDsn|SmrDsn,41640,42004,Constant,0.2,,,,,,,,,,,,,,,,,,,,,,,,From DOE Prototype Buildings,,,,,,,,,,,,,,,,,,,,,,,,,,,,,,,,,,,,,,,,,,,,,,,,,,,,,,,,,,,,,,,,,,,
RestaurantFastFood ALWAYS_OFF,Unknown,,Default|WntrDsn|SmrDsn,41640,42004,Constant,0,,,,,,,,,,,,,,,,,,,,,,,,From DOE Prototype Buildings,,,,,,,,,,,,,,,,,,,,,,,,,,,,,,,,,,,,,,,,,,,,,,,,,,,,,,,,,,,,,,,,,,,
RestaurantFastFood ALWAYS_ON,Unknown,,Default|WntrDsn|SmrDsn,41640,42004,Constant,1,,,,,,,,,,,,,,,,,,,,,,,,From DOE Prototype Buildings,,,,,,,,,,,,,,,,,,,,,,,,,,,,,,,,,,,,,,,,,,,,,,,,,,,,,,,,,,,,,,,,,,,
RestaurantFastFood BLDG_EQUIP_SCH,Equipment,,Default|Sat|Wkdy,41640,42004,Hourly,0.03,0.02,0.03,0.02,0.05,0.12,0.13,0.15,0.18,0.21,0.26,0.29,0.27,0.25,0.23,0.23,0.26,0.26,0.24,0.22,0.2,0.18,0.09,0.03,From DOE Prototype Buildings,,,,,,,,,,,,,,,,,,,,,,,,,,,,,,,,,,,,,,,,,,,,,,,,,,,,,,,,,,,,,,,,,,,
RestaurantFastFood BLDG_EQUIP_SCH,Equipment,,SmrDsn,41640,42004,Constant,0.29,,,,,,,,,,,,,,,,,,,,,,,,From DOE Prototype Buildings,,,,,,,,,,,,,,,,,,,,,,,,,,,,,,,,,,,,,,,,,,,,,,,,,,,,,,,,,,,,,,,,,,,
RestaurantFastFood BLDG_EQUIP_SCH,Equipment,,WntrDsn,41640,42004,Constant,0,,,,,,,,,,,,,,,,,,,,,,,,From DOE Prototype Buildings,,,,,,,,,,,,,,,,,,,,,,,,,,,,,,,,,,,,,,,,,,,,,,,,,,,,,,,,,,,,,,,,,,,
RestaurantFastFood BLDG_LIGHT_DINING_SCH_2004_2007,Lighting,,Default,41640,42004,Hourly,0.2,0.15,0.15,0.15,0.15,0.15,0.3,0.3,0.5,0.5,0.7,0.7,0.7,0.7,0.7,0.7,0.6,0.6,0.6,0.6,0.6,0.6,0.5,0.3,From DOE Prototype Buildings,,,,,,,,,,,,,,,,,,,,,,,,,,,,,,,,,,,,,,,,,,,,,,,,,,,,,,,,,,,,,,,,,,,
RestaurantFastFood BLDG_LIGHT_DINING_SCH_2004_2007,Lighting,,Sat,41640,42004,Hourly,0.2,0.15,0.15,0.15,0.15,0.15,0.3,0.3,0.6,0.6,0.8,0.8,0.8,0.8,0.8,0.8,0.8,0.9,0.9,0.9,0.9,0.9,0.5,0.3,From DOE Prototype Buildings,,,,,,,,,,,,,,,,,,,,,,,,,,,,,,,,,,,,,,,,,,,,,,,,,,,,,,,,,,,,,,,,,,,
RestaurantFastFood BLDG_LIGHT_DINING_SCH_2004_2007,Lighting,,SmrDsn,41640,42004,Constant,1,,,,,,,,,,,,,,,,,,,,,,,,From DOE Prototype Buildings,,,,,,,,,,,,,,,,,,,,,,,,,,,,,,,,,,,,,,,,,,,,,,,,,,,,,,,,,,,,,,,,,,,
RestaurantFastFood BLDG_LIGHT_DINING_SCH_2004_2007,Lighting,,Wkdy,41640,42004,Hourly,0.15,0.15,0.15,0.15,0.15,0.2,0.4,0.4,0.6,0.6,0.9,0.9,0.9,0.9,0.9,0.9,0.9,0.9,0.9,0.9,0.9,0.9,0.5,0.3,From DOE Prototype Buildings,,,,,,,,,,,,,,,,,,,,,,,,,,,,,,,,,,,,,,,,,,,,,,,,,,,,,,,,,,,,,,,,,,,
RestaurantFastFood BLDG_LIGHT_DINING_SCH_2004_2007,Lighting,,WntrDsn,41640,42004,Constant,0,,,,,,,,,,,,,,,,,,,,,,,,From DOE Prototype Buildings,,,,,,,,,,,,,,,,,,,,,,,,,,,,,,,,,,,,,,,,,,,,,,,,,,,,,,,,,,,,,,,,,,,
RestaurantFastFood BLDG_LIGHT_DINING_SCH_2010,Lighting,,Default,41640,42004,Hourly,0.19034,0.15,0.15,0.15,0.15,0.15,0.28551,0.28551,0.47585,0.47585,0.66619,0.66619,0.66619,0.66619,0.66619,0.66619,0.57102,0.57102,0.57102,0.57102,0.57102,0.57102,0.47585,0.28551,From DOE Prototype Buildings,,,,,,,,,,,,,,,,,,,,,,,,,,,,,,,,,,,,,,,,,,,,,,,,,,,,,,,,,,,,,,,,,,,
RestaurantFastFood BLDG_LIGHT_DINING_SCH_2010,Lighting,,Sat,41640,42004,Hourly,0.19034,0.15,0.15,0.15,0.15,0.15,0.28551,0.28551,0.57102,0.57102,0.76136,0.76136,0.76136,0.76136,0.76136,0.76136,0.76136,0.85653,0.85653,0.85653,0.85653,0.85653,0.47585,0.28551,From DOE Prototype Buildings,,,,,,,,,,,,,,,,,,,,,,,,,,,,,,,,,,,,,,,,,,,,,,,,,,,,,,,,,,,,,,,,,,,
RestaurantFastFood BLDG_LIGHT_DINING_SCH_2010,Lighting,,SmrDsn,41640,42004,Constant,1,,,,,,,,,,,,,,,,,,,,,,,,From DOE Prototype Buildings,,,,,,,,,,,,,,,,,,,,,,,,,,,,,,,,,,,,,,,,,,,,,,,,,,,,,,,,,,,,,,,,,,,
RestaurantFastFood BLDG_LIGHT_DINING_SCH_2010,Lighting,,Wkdy,41640,42004,Hourly,0.142755,0.15,0.15,0.15,0.15,0.19034,0.38068,0.38068,0.57102,0.57102,0.85653,0.85653,0.85653,0.85653,0.85653,0.85653,0.85653,0.85653,0.85653,0.85653,0.85653,0.85653,0.47585,0.28551,From DOE Prototype Buildings,,,,,,,,,,,,,,,,,,,,,,,,,,,,,,,,,,,,,,,,,,,,,,,,,,,,,,,,,,,,,,,,,,,
RestaurantFastFood BLDG_LIGHT_DINING_SCH_2010,Lighting,,WntrDsn,41640,42004,Constant,0,,,,,,,,,,,,,,,,,,,,,,,,From DOE Prototype Buildings,,,,,,,,,,,,,,,,,,,,,,,,,,,,,,,,,,,,,,,,,,,,,,,,,,,,,,,,,,,,,,,,,,,
RestaurantFastFood BLDG_LIGHT_DINING_SCH_2013,Lighting,,Default,41640,42004,Hourly,0.1865,0.15,0.15,0.15,0.15,0.15,0.2797,0.2797,0.4662,0.4662,0.6527,0.6527,0.6527,0.6527,0.6527,0.6527,0.5594,0.5594,0.5594,0.5594,0.5594,0.5594,0.4662,0.2797,From DOE Prototype Buildings,,,,,,,,,,,,,,,,,,,,,,,,,,,,,,,,,,,,,,,,,,,,,,,,,,,,,,,,,,,,,,,,,,,
RestaurantFastFood BLDG_LIGHT_DINING_SCH_2013,Lighting,,Sat,41640,42004,Hourly,0.1865,0.15,0.15,0.15,0.15,0.15,0.2797,0.2797,0.5594,0.5594,0.7459,0.7459,0.7459,0.7459,0.7459,0.7459,0.7459,0.8391,0.8391,0.8391,0.8391,0.8391,0.4662,0.2797,From DOE Prototype Buildings,,,,,,,,,,,,,,,,,,,,,,,,,,,,,,,,,,,,,,,,,,,,,,,,,,,,,,,,,,,,,,,,,,,
RestaurantFastFood BLDG_LIGHT_DINING_SCH_2013,Lighting,,SmrDsn,41640,42004,Constant,1,,,,,,,,,,,,,,,,,,,,,,,,From DOE Prototype Buildings,,,,,,,,,,,,,,,,,,,,,,,,,,,,,,,,,,,,,,,,,,,,,,,,,,,,,,,,,,,,,,,,,,,
RestaurantFastFood BLDG_LIGHT_DINING_SCH_2013,Lighting,,Wkdy,41640,42004,Hourly,0.1399,0.15,0.15,0.15,0.15,0.1865,0.373,0.373,0.5594,0.5594,0.8391,0.8391,0.8391,0.8391,0.8391,0.8391,0.8391,0.8391,0.8391,0.8391,0.8391,0.8391,0.4662,0.2797,From DOE Prototype Buildings,,,,,,,,,,,,,,,,,,,,,,,,,,,,,,,,,,,,,,,,,,,,,,,,,,,,,,,,,,,,,,,,,,,
RestaurantFastFood BLDG_LIGHT_DINING_SCH_2013,Lighting,,WntrDsn,41640,42004,Constant,0,,,,,,,,,,,,,,,,,,,,,,,,From DOE Prototype Buildings,,,,,,,,,,,,,,,,,,,,,,,,,,,,,,,,,,,,,,,,,,,,,,,,,,,,,,,,,,,,,,,,,,,
RestaurantFastFood BLDG_LIGHT_KITCHEN_SCH_2004_2007,Lighting,,Default,41640,42004,Hourly,0.2,0.15,0.15,0.15,0.15,0.15,0.3,0.3,0.5,0.5,0.7,0.7,0.7,0.7,0.7,0.7,0.6,0.6,0.6,0.6,0.6,0.6,0.5,0.3,From DOE Prototype Buildings,,,,,,,,,,,,,,,,,,,,,,,,,,,,,,,,,,,,,,,,,,,,,,,,,,,,,,,,,,,,,,,,,,,
RestaurantFastFood BLDG_LIGHT_KITCHEN_SCH_2004_2007,Lighting,,Sat,41640,42004,Hourly,0.2,0.15,0.15,0.15,0.15,0.15,0.3,0.3,0.6,0.6,0.8,0.8,0.8,0.8,0.8,0.8,0.8,0.9,0.9,0.9,0.9,0.9,0.5,0.3,From DOE Prototype Buildings,,,,,,,,,,,,,,,,,,,,,,,,,,,,,,,,,,,,,,,,,,,,,,,,,,,,,,,,,,,,,,,,,,,
RestaurantFastFood BLDG_LIGHT_KITCHEN_SCH_2004_2007,Lighting,,SmrDsn,41640,42004,Constant,1,,,,,,,,,,,,,,,,,,,,,,,,From DOE Prototype Buildings,,,,,,,,,,,,,,,,,,,,,,,,,,,,,,,,,,,,,,,,,,,,,,,,,,,,,,,,,,,,,,,,,,,
RestaurantFastFood BLDG_LIGHT_KITCHEN_SCH_2004_2007,Lighting,,Wkdy,41640,42004,Hourly,0.15,0.15,0.15,0.15,0.15,0.2,0.4,0.4,0.6,0.6,0.9,0.9,0.9,0.9,0.9,0.9,0.9,0.9,0.9,0.9,0.9,0.9,0.5,0.3,From DOE Prototype Buildings,,,,,,,,,,,,,,,,,,,,,,,,,,,,,,,,,,,,,,,,,,,,,,,,,,,,,,,,,,,,,,,,,,,
RestaurantFastFood BLDG_LIGHT_KITCHEN_SCH_2004_2007,Lighting,,WntrDsn,41640,42004,Constant,0,,,,,,,,,,,,,,,,,,,,,,,,From DOE Prototype Buildings,,,,,,,,,,,,,,,,,,,,,,,,,,,,,,,,,,,,,,,,,,,,,,,,,,,,,,,,,,,,,,,,,,,
RestaurantFastFood BLDG_LIGHT_KITCHEN_SCH_2010_2013,Lighting,,Default,41640,42004,Hourly,0.17776,0.15,0.15,0.15,0.15,0.15,0.26664,0.26664,0.4444,0.4444,0.62216,0.62216,0.62216,0.62216,0.62216,0.62216,0.53328,0.53328,0.53328,0.53328,0.53328,0.53328,0.4444,0.26664,From DOE Prototype Buildings,,,,,,,,,,,,,,,,,,,,,,,,,,,,,,,,,,,,,,,,,,,,,,,,,,,,,,,,,,,,,,,,,,,
RestaurantFastFood BLDG_LIGHT_KITCHEN_SCH_2010_2013,Lighting,,Sat,41640,42004,Hourly,0.17776,0.15,0.15,0.15,0.15,0.15,0.26664,0.26664,0.53328,0.53328,0.71104,0.71104,0.71104,0.71104,0.71104,0.71104,0.71104,0.79992,0.79992,0.79992,0.79992,0.79992,0.4444,0.26664,From DOE Prototype Buildings,,,,,,,,,,,,,,,,,,,,,,,,,,,,,,,,,,,,,,,,,,,,,,,,,,,,,,,,,,,,,,,,,,,
RestaurantFastFood BLDG_LIGHT_KITCHEN_SCH_2010_2013,Lighting,,SmrDsn,41640,42004,Constant,1,,,,,,,,,,,,,,,,,,,,,,,,From DOE Prototype Buildings,,,,,,,,,,,,,,,,,,,,,,,,,,,,,,,,,,,,,,,,,,,,,,,,,,,,,,,,,,,,,,,,,,,
RestaurantFastFood BLDG_LIGHT_KITCHEN_SCH_2010_2013,Lighting,,Wkdy,41640,42004,Hourly,0.13332,0.15,0.15,0.15,0.15,0.17776,0.35552,0.35552,0.53328,0.53328,0.79992,0.79992,0.79992,0.79992,0.79992,0.79992,0.79992,0.79992,0.79992,0.79992,0.79992,0.79992,0.4444,0.26664,From DOE Prototype Buildings,,,,,,,,,,,,,,,,,,,,,,,,,,,,,,,,,,,,,,,,,,,,,,,,,,,,,,,,,,,,,,,,,,,
RestaurantFastFood BLDG_LIGHT_KITCHEN_SCH_2010_2013,Lighting,,WntrDsn,41640,42004,Constant,0,,,,,,,,,,,,,,,,,,,,,,,,From DOE Prototype Buildings,,,,,,,,,,,,,,,,,,,,,,,,,,,,,,,,,,,,,,,,,,,,,,,,,,,,,,,,,,,,,,,,,,,
RestaurantFastFood BLDG_LIGHT_SCH,Lighting,,Default,41640,42004,Hourly,0.2,0.15,0.15,0.15,0.15,0.15,0.3,0.3,0.6,0.6,0.8,0.8,0.8,0.8,0.8,0.8,0.8,0.9,0.9,0.9,0.9,0.9,0.5,0.3,From DOE Prototype Buildings,,,,,,,,,,,,,,,,,,,,,,,,,,,,,,,,,,,,,,,,,,,,,,,,,,,,,,,,,,,,,,,,,,,
RestaurantFastFood BLDG_LIGHT_SCH,Lighting,,SmrDsn,41640,42004,Constant,1,,,,,,,,,,,,,,,,,,,,,,,,From DOE Prototype Buildings,,,,,,,,,,,,,,,,,,,,,,,,,,,,,,,,,,,,,,,,,,,,,,,,,,,,,,,,,,,,,,,,,,,
RestaurantFastFood BLDG_LIGHT_SCH,Lighting,,Sun|Wkdy,41640,42004,Hourly,0.2,0.15,0.15,0.15,0.15,0.15,0.3,0.3,0.5,0.5,0.7,0.7,0.7,0.7,0.7,0.7,0.6,0.6,0.6,0.6,0.6,0.6,0.5,0.3,From DOE Prototype Buildings,,,,,,,,,,,,,,,,,,,,,,,,,,,,,,,,,,,,,,,,,,,,,,,,,,,,,,,,,,,,,,,,,,,
RestaurantFastFood BLDG_LIGHT_SCH,Lighting,,WntrDsn,41640,42004,Constant,0,,,,,,,,,,,,,,,,,,,,,,,,From DOE Prototype Buildings,,,,,,,,,,,,,,,,,,,,,,,,,,,,,,,,,,,,,,,,,,,,,,,,,,,,,,,,,,,,,,,,,,,
RestaurantFastFood BLDG_OCC_SCH,Occupancy,,Default,41640,42004,Hourly,0.05,0,0,0,0,0,0.05,0.5,0.5,0.2,0.2,0.3,0.5,0.5,0.3,0.2,0.25,0.35,0.55,0.65,0.7,0.35,0.2,0.2,From DOE Prototype Buildings,,,,,,,,,,,,,,,,,,,,,,,,,,,,,,,,,,,,,,,,,,,,,,,,,,,,,,,,,,,,,,,,,,,
RestaurantFastFood BLDG_OCC_SCH,Occupancy,,Sat,41640,42004,Hourly,0.05,0,0,0,0,0,0.05,0.5,0.5,0.4,0.2,0.45,0.5,0.5,0.35,0.3,0.3,0.3,0.7,0.9,0.7,0.65,0.55,0.35,From DOE Prototype Buildings,,,,,,,,,,,,,,,,,,,,,,,,,,,,,,,,,,,,,,,,,,,,,,,,,,,,,,,,,,,,,,,,,,,
RestaurantFastFood BLDG_OCC_SCH,Occupancy,,SmrDsn,41640,42004,Constant,1,,,,,,,,,,,,,,,,,,,,,,,,From DOE Prototype Buildings,,,,,,,,,,,,,,,,,,,,,,,,,,,,,,,,,,,,,,,,,,,,,,,,,,,,,,,,,,,,,,,,,,,
RestaurantFastFood BLDG_OCC_SCH,Occupancy,,Wkdy,41640,42004,Hourly,0.05,0,0,0,0,0.05,0.1,0.4,0.4,0.4,0.2,0.5,0.8,0.7,0.4,0.2,0.25,0.5,0.8,0.8,0.8,0.5,0.35,0.2,From DOE Prototype Buildings,,,,,,,,,,,,,,,,,,,,,,,,,,,,,,,,,,,,,,,,,,,,,,,,,,,,,,,,,,,,,,,,,,,
RestaurantFastFood BLDG_OCC_SCH,Occupancy,,WntrDsn,41640,42004,Constant,0,,,,,,,,,,,,,,,,,,,,,,,,From DOE Prototype Buildings,,,,,,,,,,,,,,,,,,,,,,,,,,,,,,,,,,,,,,,,,,,,,,,,,,,,,,,,,,,,,,,,,,,
RestaurantFastFood BLDG_SWH_SCH,Service Water Heating,,Default,41640,42004,Hourly,0,0,0,0,0,0,0,0.15,0.15,0.15,0.1,0.72,0.6,0.98,0.92,0.25,0.25,0.23,0.16,0.1,0.4,0.42,0.43,0,From DOE Prototype Buildings,,,,,,,,,,,,,,,,,,,,,,,,,,,,,,,,,,,,,,,,,,,,,,,,,,,,,,,,,,,,,,,,,,,
RestaurantFastFood BLDG_SWH_SCH,Service Water Heating,,Wkdy,41640,42004,Hourly,0,0,0,0,0,0,0.15,0.15,0.33,0.13,0.1,0.72,0.31,0.98,0.92,0.22,0.31,0.23,0.16,0.1,0.4,0.42,0.43,0.15,From DOE Prototype Buildings,,,,,,,,,,,,,,,,,,,,,,,,,,,,,,,,,,,,,,,,,,,,,,,,,,,,,,,,,,,,,,,,,,,
RestaurantFastFood BLDG_SWH_SCH,Service Water Heating,,WntrDsn|SmrDsn,41640,42004,Hourly,0,0,0,0,0,0,0,0.15,0.15,0.15,0.1,0.72,0.6,0.98,0.92,0.25,0.25,0.23,0.16,0.1,0.4,0.42,0.43,0.15,From DOE Prototype Buildings,,,,,,,,,,,,,,,,,,,,,,,,,,,,,,,,,,,,,,,,,,,,,,,,,,,,,,,,,,,,,,,,,,,
RestaurantFastFood CLGSETP_KITCHEN_SCH_NO_OPTIMUM,Thermostat Setpoint,C,Default|Sat|Wkdy,41640,42004,Hourly,30,30,30,26.11,26.11,26.11,26.11,26.11,26.11,26.11,26.11,26.11,26.11,26.11,26.11,26.11,26.11,26.11,26.11,26.11,26.11,26.11,26.11,26.11,From DOE Prototype Buildings,,,,,,,,,,,,,,,,,,,,,,,,,,,,,,,,,,,,,,,,,,,,,,,,,,,,,,,,,,,,,,,,,,,
RestaurantFastFood CLGSETP_KITCHEN_SCH_NO_OPTIMUM,Thermostat Setpoint,C,SmrDsn,41640,42004,Hourly,30,30,30,30,30,28.33,26.11,26.11,26.11,26.11,26.11,26.11,26.11,26.11,26.11,26.11,26.11,26.11,26.11,26.11,26.11,26.11,26.11,26.11,From DOE Prototype Buildings,,,,,,,,,,,,,,,,,,,,,,,,,,,,,,,,,,,,,,,,,,,,,,,,,,,,,,,,,,,,,,,,,,,
RestaurantFastFood CLGSETP_KITCHEN_SCH_NO_OPTIMUM,Thermostat Setpoint,C,WntrDsn,41640,42004,Constant,30,,,,,,,,,,,,,,,,,,,,,,,,From DOE Prototype Buildings,,,,,,,,,,,,,,,,,,,,,,,,,,,,,,,,,,,,,,,,,,,,,,,,,,,,,,,,,,,,,,,,,,,
RestaurantFastFood CLGSETP_KITCHEN_SCH_NO_SETBACK,Thermostat Setpoint,C,Default|Sat|Wkdy,41640,42004,Constant,26.11,,,,,,,,,,,,,,,,,,,,,,,,From DOE Prototype Buildings,,,,,,,,,,,,,,,,,,,,,,,,,,,,,,,,,,,,,,,,,,,,,,,,,,,,,,,,,,,,,,,,,,,
RestaurantFastFood CLGSETP_KITCHEN_SCH_NO_SETBACK,Thermostat Setpoint,C,SmrDsn,41640,42004,Hourly,30,30,30,30,30,28.33,26.11,26.11,26.11,26.11,26.11,26.11,26.11,26.11,26.11,26.11,26.11,26.11,26.11,26.11,26.11,26.11,26.11,26.11,From DOE Prototype Buildings,,,,,,,,,,,,,,,,,,,,,,,,,,,,,,,,,,,,,,,,,,,,,,,,,,,,,,,,,,,,,,,,,,,
RestaurantFastFood CLGSETP_KITCHEN_SCH_NO_SETBACK,Thermostat Setpoint,C,WntrDsn,41640,42004,Constant,30,,,,,,,,,,,,,,,,,,,,,,,,From DOE Prototype Buildings,,,,,,,,,,,,,,,,,,,,,,,,,,,,,,,,,,,,,,,,,,,,,,,,,,,,,,,,,,,,,,,,,,,
RestaurantFastFood CLGSETP_KITCHEN_SCH_YES_OPTIMUM,Thermostat Setpoint,C,Default|Sat|Wkdy,41640,42004,Hourly,30,30,30,28.9,27.8,26.11,26.11,26.11,26.11,26.11,26.11,26.11,26.11,26.11,26.11,26.11,26.11,26.11,26.11,26.11,26.11,26.11,26.11,26.11,From DOE Prototype Buildings,,,,,,,,,,,,,,,,,,,,,,,,,,,,,,,,,,,,,,,,,,,,,,,,,,,,,,,,,,,,,,,,,,,
RestaurantFastFood CLGSETP_KITCHEN_SCH_YES_OPTIMUM,Thermostat Setpoint,C,SmrDsn,41640,42004,Hourly,30,30,30,30,30,28.33,26.11,26.11,26.11,26.11,26.11,26.11,26.11,26.11,26.11,26.11,26.11,26.11,26.11,26.11,26.11,26.11,26.11,26.11,From DOE Prototype Buildings,,,,,,,,,,,,,,,,,,,,,,,,,,,,,,,,,,,,,,,,,,,,,,,,,,,,,,,,,,,,,,,,,,,
RestaurantFastFood CLGSETP_KITCHEN_SCH_YES_OPTIMUM,Thermostat Setpoint,C,WntrDsn,41640,42004,Constant,30,,,,,,,,,,,,,,,,,,,,,,,,From DOE Prototype Buildings,,,,,,,,,,,,,,,,,,,,,,,,,,,,,,,,,,,,,,,,,,,,,,,,,,,,,,,,,,,,,,,,,,,
RestaurantFastFood CLGSETP_SCH_NO_OPTIMUM,Thermostat Setpoint,C,Default|Sat|Wkdy,41640,42004,Hourly,30,30,30,23.89,23.89,23.89,23.89,23.89,23.89,23.89,23.89,23.89,23.89,23.89,23.89,23.89,23.89,23.89,23.89,23.89,23.89,23.89,23.89,23.89,From DOE Prototype Buildings,,,,,,,,,,,,,,,,,,,,,,,,,,,,,,,,,,,,,,,,,,,,,,,,,,,,,,,,,,,,,,,,,,,
RestaurantFastFood CLGSETP_SCH_NO_OPTIMUM,Thermostat Setpoint,C,SmrDsn,41640,42004,Hourly,30,30,30,30,30,26.67,23.89,23.89,23.89,23.89,23.89,23.89,23.89,23.89,23.89,23.89,23.89,23.89,23.89,23.89,23.89,23.89,23.89,23.89,From DOE Prototype Buildings,,,,,,,,,,,,,,,,,,,,,,,,,,,,,,,,,,,,,,,,,,,,,,,,,,,,,,,,,,,,,,,,,,,
RestaurantFastFood CLGSETP_SCH_NO_OPTIMUM,Thermostat Setpoint,C,WntrDsn,41640,42004,Constant,30,,,,,,,,,,,,,,,,,,,,,,,,From DOE Prototype Buildings,,,,,,,,,,,,,,,,,,,,,,,,,,,,,,,,,,,,,,,,,,,,,,,,,,,,,,,,,,,,,,,,,,,
RestaurantFastFood CLGSETP_SCH_NO_SETBACK,Thermostat Setpoint,C,Default|Sat|Wkdy,41640,42004,Constant,23.89,,,,,,,,,,,,,,,,,,,,,,,,From DOE Prototype Buildings,,,,,,,,,,,,,,,,,,,,,,,,,,,,,,,,,,,,,,,,,,,,,,,,,,,,,,,,,,,,,,,,,,,
RestaurantFastFood CLGSETP_SCH_NO_SETBACK,Thermostat Setpoint,C,SmrDsn,41640,42004,Hourly,30,30,30,30,30,26.67,23.89,23.89,23.89,23.89,23.89,23.89,23.89,23.89,23.89,23.89,23.89,23.89,23.89,23.89,23.89,23.89,23.89,23.89,From DOE Prototype Buildings,,,,,,,,,,,,,,,,,,,,,,,,,,,,,,,,,,,,,,,,,,,,,,,,,,,,,,,,,,,,,,,,,,,
RestaurantFastFood CLGSETP_SCH_NO_SETBACK,Thermostat Setpoint,C,WntrDsn,41640,42004,Constant,30,,,,,,,,,,,,,,,,,,,,,,,,From DOE Prototype Buildings,,,,,,,,,,,,,,,,,,,,,,,,,,,,,,,,,,,,,,,,,,,,,,,,,,,,,,,,,,,,,,,,,,,
RestaurantFastFood CLGSETP_SCH_YES_OPTIMUM,Thermostat Setpoint,C,Default|Sat|Wkdy,41640,42004,Hourly,30,30,30,27.8,25.6,23.89,23.89,23.89,23.89,23.89,23.89,23.89,23.89,23.89,23.89,23.89,23.89,23.89,23.89,23.89,23.89,23.89,23.89,23.89,From DOE Prototype Buildings,,,,,,,,,,,,,,,,,,,,,,,,,,,,,,,,,,,,,,,,,,,,,,,,,,,,,,,,,,,,,,,,,,,
RestaurantFastFood CLGSETP_SCH_YES_OPTIMUM,Thermostat Setpoint,C,SmrDsn,41640,42004,Hourly,30,30,30,30,30,26.67,23.89,23.89,23.89,23.89,23.89,23.89,23.89,23.89,23.89,23.89,23.89,23.89,23.89,23.89,23.89,23.89,23.89,23.89,From DOE Prototype Buildings,,,,,,,,,,,,,,,,,,,,,,,,,,,,,,,,,,,,,,,,,,,,,,,,,,,,,,,,,,,,,,,,,,,
RestaurantFastFood CLGSETP_SCH_YES_OPTIMUM,Thermostat Setpoint,C,WntrDsn,41640,42004,Constant,30,,,,,,,,,,,,,,,,,,,,,,,,From DOE Prototype Buildings,,,,,,,,,,,,,,,,,,,,,,,,,,,,,,,,,,,,,,,,,,,,,,,,,,,,,,,,,,,,,,,,,,,
RestaurantFastFood CLOTHING_SCH,Clothing,W,Default|SmrDsn,41640,42004,Constant,0.5,,,,,,,,,,,,,,,,,,,,,,,,From DOE Prototype Buildings,,,,,,,,,,,,,,,,,,,,,,,,,,,,,,,,,,,,,,,,,,,,,,,,,,,,,,,,,,,,,,,,,,,
RestaurantFastFood CLOTHING_SCH,Clothing,W,Wknd|Wkdy,41913,42004,Constant,1,,,,,,,,,,,,,,,,,,,,,,,,From DOE Prototype Buildings,,,,,,,,,,,,,,,,,,,,,,,,,,,,,,,,,,,,,,,,,,,,,,,,,,,,,,,,,,,,,,,,,,,
RestaurantFastFood CLOTHING_SCH,Clothing,W,Wknd|Wkdy,41640,41759,Constant,1,,,,,,,,,,,,,,,,,,,,,,,,From DOE Prototype Buildings,,,,,,,,,,,,,,,,,,,,,,,,,,,,,,,,,,,,,,,,,,,,,,,,,,,,,,,,,,,,,,,,,,,
RestaurantFastFood CLOTHING_SCH,Clothing,W,WntrDsn,41640,42004,Constant,1,,,,,,,,,,,,,,,,,,,,,,,,From DOE Prototype Buildings,,,,,,,,,,,,,,,,,,,,,,,,,,,,,,,,,,,,,,,,,,,,,,,,,,,,,,,,,,,,,,,,,,,
RestaurantFastFood DOOR_INFIL_SCH,Infiltration,,Default,41640,42004,Hourly,0,0,0,0,0,0,0.144,0.558,0.558,0.258,0.258,0.363,0.558,0.558,0.363,0.258,0.363,0.462,0.558,0.65,0.74,0.462,0.258,0.258,From DOE Prototype Buildings,,,,,,,,,,,,,,,,,,,,,,,,,,,,,,,,,,,,,,,,,,,,,,,,,,,,,,,,,,,,,,,,,,,
RestaurantFastFood DOOR_INFIL_SCH,Infiltration,,Sat,41640,42004,Hourly,0,0,0,0,0,0,0.144,0.558,0.558,0.462,0.258,0.462,0.558,0.558,0.462,0.363,0.363,0.363,0.74,0.915,0.74,0.65,0.558,0.363,From DOE Prototype Buildings,,,,,,,,,,,,,,,,,,,,,,,,,,,,,,,,,,,,,,,,,,,,,,,,,,,,,,,,,,,,,,,,,,,
RestaurantFastFood DOOR_INFIL_SCH,Infiltration,,SmrDsn,41640,42004,Constant,1,,,,,,,,,,,,,,,,,,,,,,,,From DOE Prototype Buildings,,,,,,,,,,,,,,,,,,,,,,,,,,,,,,,,,,,,,,,,,,,,,,,,,,,,,,,,,,,,,,,,,,,
RestaurantFastFood DOOR_INFIL_SCH,Infiltration,,Wkdy,41640,42004,Hourly,0,0,0,0,0,0,0.144,0.462,0.462,0.462,0.258,0.558,0.829,0.74,0.462,0.258,0.363,0.558,0.829,0.829,0.829,0.558,0.363,0.258,From DOE Prototype Buildings,,,,,,,,,,,,,,,,,,,,,,,,,,,,,,,,,,,,,,,,,,,,,,,,,,,,,,,,,,,,,,,,,,,
RestaurantFastFood DOOR_INFIL_SCH,Infiltration,,WntrDsn,41640,42004,Constant,0,,,,,,,,,,,,,,,,,,,,,,,,From DOE Prototype Buildings,,,,,,,,,,,,,,,,,,,,,,,,,,,,,,,,,,,,,,,,,,,,,,,,,,,,,,,,,,,,,,,,,,,
RestaurantFastFood Dual Zone Control Type Sched,Unknown,,Default|WntrDsn|SmrDsn,41640,42004,Constant,4,,,,,,,,,,,,,,,,,,,,,,,,From DOE Prototype Buildings,,,,,,,,,,,,,,,,,,,,,,,,,,,,,,,,,,,,,,,,,,,,,,,,,,,,,,,,,,,,,,,,,,,
RestaurantFastFood Exterior_Lgt_189_1,Unknown,,Default|WntrDsn|SmrDsn,41640,42004,Hourly,1,0.5,0.5,0.5,0.5,0.5,0.5,0.5,0.5,1,1,1,1,1,1,1,1,1,1,1,1,1,1,1,From DOE Prototype Buildings,,,,,,,,,,,,,,,,,,,,,,,,,,,,,,,,,,,,,,,,,,,,,,,,,,,,,,,,,,,,,,,,,,,
RestaurantFastFood Exterior_Lgt_ALWAYS_ON,Unknown,,Default|WntrDsn|SmrDsn,41640,42004,Constant,1,,,,,,,,,,,,,,,,,,,,,,,,From DOE Prototype Buildings,,,,,,,,,,,,,,,,,,,,,,,,,,,,,,,,,,,,,,,,,,,,,,,,,,,,,,,,,,,,,,,,,,,
RestaurantFastFood Exterior_lighting_schedule_a,Lighting,,Default|WntrDsn|SmrDsn,41640,42004,Hourly,0,0,0,0,0,0,1,1,1,1,1,1,1,1,1,1,1,1,1,1,1,1,1,1,From DOE Prototype Buildings,,,,,,,,,,,,,,,,,,,,,,,,,,,,,,,,,,,,,,,,,,,,,,,,,,,,,,,,,,,,,,,,,,,
RestaurantFastFood Exterior_lighting_schedule_b,Lighting,,Default|WntrDsn|SmrDsn,41640,42004,Hourly,0.7,0.7,0.7,0.7,0.7,0.7,1,1,1,1,1,1,1,1,1,1,1,1,1,1,1,1,1,1,From DOE Prototype Buildings,,,,,,,,,,,,,,,,,,,,,,,,,,,,,,,,,,,,,,,,,,,,,,,,,,,,,,,,,,,,,,,,,,,
RestaurantFastFood FAN_SCH,Unknown,,Default|WntrDsn|SmrDsn,41640,42004,Constant,1,,,,,,,,,,,,,,,,,,,,,,,,From DOE Prototype Buildings,,,,,,,,,,,,,,,,,,,,,,,,,,,,,,,,,,,,,,,,,,,,,,,,,,,,,,,,,,,,,,,,,,,
RestaurantFastFood FF_GAS_EQUIP_SCH,Equipment,,Default|Sat|Wkdy,41640,42004,Hourly,0.03,0.02,0.03,0.02,0.05,0.12,0.13,0.15,0.18,0.21,0.26,0.29,0.27,0.25,0.23,0.23,0.26,0.26,0.24,0.22,0.2,0.18,0.09,0.03,From DOE Prototype Buildings,,,,,,,,,,,,,,,,,,,,,,,,,,,,,,,,,,,,,,,,,,,,,,,,,,,,,,,,,,,,,,,,,,,
RestaurantFastFood FF_GAS_EQUIP_SCH,Equipment,,SmrDsn,41640,42004,Constant,0.29,,,,,,,,,,,,,,,,,,,,,,,,From DOE Prototype Buildings,,,,,,,,,,,,,,,,,,,,,,,,,,,,,,,,,,,,,,,,,,,,,,,,,,,,,,,,,,,,,,,,,,,
RestaurantFastFood FF_GAS_EQUIP_SCH,Equipment,,WntrDsn,41640,42004,Constant,0,,,,,,,,,,,,,,,,,,,,,,,,From DOE Prototype Buildings,,,,,,,,,,,,,,,,,,,,,,,,,,,,,,,,,,,,,,,,,,,,,,,,,,,,,,,,,,,,,,,,,,,
RestaurantFastFood Hours_of_operation,Operation,,Default|WntrDsn|SmrDsn|Sun|Wkdy,41640,42004,Hourly,1,0,0,0,0,1,1,1,1,1,1,1,1,1,1,1,1,1,1,1,1,1,1,1,From DOE Prototype Buildings,,,,,,,,,,,,,,,,,,,,,,,,,,,,,,,,,,,,,,,,,,,,,,,,,,,,,,,,,,,,,,,,,,,
RestaurantFastFood HTGSETP_KITCHEN_SCH_NO_OPTIMUM,Thermostat Setpoint,C,Default|Sat|Wkdy,41640,42004,Hourly,15.56,15.56,15.56,18.89,18.89,18.89,18.89,18.89,18.89,18.89,18.89,18.89,18.89,18.89,18.89,18.89,18.89,18.89,18.89,18.89,18.89,18.89,18.89,18.89,From DOE Prototype Buildings,,,,,,,,,,,,,,,,,,,,,,,,,,,,,,,,,,,,,,,,,,,,,,,,,,,,,,,,,,,,,,,,,,,
RestaurantFastFood HTGSETP_KITCHEN_SCH_NO_OPTIMUM,Thermostat Setpoint,C,SmrDsn,41640,42004,Constant,15.56,,,,,,,,,,,,,,,,,,,,,,,,From DOE Prototype Buildings,,,,,,,,,,,,,,,,,,,,,,,,,,,,,,,,,,,,,,,,,,,,,,,,,,,,,,,,,,,,,,,,,,,
RestaurantFastFood HTGSETP_KITCHEN_SCH_NO_OPTIMUM,Thermostat Setpoint,C,WntrDsn,41640,42004,Hourly,15.56,15.56,15.56,15.56,15.56,17.22,18.89,18.89,18.89,18.89,18.89,18.89,18.89,18.89,18.89,18.89,18.89,18.89,18.89,18.89,18.89,18.89,18.89,18.89,From DOE Prototype Buildings,,,,,,,,,,,,,,,,,,,,,,,,,,,,,,,,,,,,,,,,,,,,,,,,,,,,,,,,,,,,,,,,,,,
RestaurantFastFood HTGSETP_KITCHEN_SCH_YES_OPTIMUM,Thermostat Setpoint,C,Default|Sat|Wkdy,41640,42004,Hourly,15.56,15.56,15.56,16.7,17.8,18.89,18.89,18.89,18.89,18.89,18.89,18.89,18.89,18.89,18.89,18.89,18.89,18.89,18.89,18.89,18.89,18.89,18.89,18.89,From DOE Prototype Buildings,,,,,,,,,,,,,,,,,,,,,,,,,,,,,,,,,,,,,,,,,,,,,,,,,,,,,,,,,,,,,,,,,,,
RestaurantFastFood HTGSETP_KITCHEN_SCH_YES_OPTIMUM,Thermostat Setpoint,C,SmrDsn,41640,42004,Constant,15.56,,,,,,,,,,,,,,,,,,,,,,,,From DOE Prototype Buildings,,,,,,,,,,,,,,,,,,,,,,,,,,,,,,,,,,,,,,,,,,,,,,,,,,,,,,,,,,,,,,,,,,,
RestaurantFastFood HTGSETP_KITCHEN_SCH_YES_OPTIMUM,Thermostat Setpoint,C,WntrDsn,41640,42004,Hourly,15.56,15.56,15.56,15.56,15.56,17.22,18.89,18.89,18.89,18.89,18.89,18.89,18.89,18.89,18.89,18.89,18.89,18.89,18.89,18.89,18.89,18.89,18.89,18.89,From DOE Prototype Buildings,,,,,,,,,,,,,,,,,,,,,,,,,,,,,,,,,,,,,,,,,,,,,,,,,,,,,,,,,,,,,,,,,,,
RestaurantFastFood HTGSETP_SCH_NO_OPTIMUM,Thermostat Setpoint,C,Default|Sat|Wkdy,41640,42004,Hourly,15.56,15.56,15.56,21.11,21.11,21.11,21.11,21.11,21.11,21.11,21.11,21.11,21.11,21.11,21.11,21.11,21.11,21.11,21.11,21.11,21.11,21.11,21.11,21.11,From DOE Prototype Buildings,,,,,,,,,,,,,,,,,,,,,,,,,,,,,,,,,,,,,,,,,,,,,,,,,,,,,,,,,,,,,,,,,,,
RestaurantFastFood HTGSETP_SCH_NO_OPTIMUM,Thermostat Setpoint,C,SmrDsn,41640,42004,Constant,15.56,,,,,,,,,,,,,,,,,,,,,,,,From DOE Prototype Buildings,,,,,,,,,,,,,,,,,,,,,,,,,,,,,,,,,,,,,,,,,,,,,,,,,,,,,,,,,,,,,,,,,,,
RestaurantFastFood HTGSETP_SCH_NO_OPTIMUM,Thermostat Setpoint,C,WntrDsn,41640,42004,Hourly,15.56,15.56,15.56,15.56,15.56,18.33,21.11,21.11,21.11,21.11,21.11,21.11,21.11,21.11,21.11,21.11,21.11,21.11,21.11,21.11,21.11,21.11,21.11,21.11,From DOE Prototype Buildings,,,,,,,,,,,,,,,,,,,,,,,,,,,,,,,,,,,,,,,,,,,,,,,,,,,,,,,,,,,,,,,,,,,
RestaurantFastFood HTGSETP_SCH_YES_OPTIMUM,Thermostat Setpoint,C,Default|Sat|Wkdy,41640,42004,Hourly,15.56,15.56,15.56,17.8,20,21.11,21.11,21.11,21.11,21.11,21.11,21.11,21.11,21.11,21.11,21.11,21.11,21.11,21.11,21.11,21.11,21.11,21.11,21.11,From DOE Prototype Buildings,,,,,,,,,,,,,,,,,,,,,,,,,,,,,,,,,,,,,,,,,,,,,,,,,,,,,,,,,,,,,,,,,,,
RestaurantFastFood HTGSETP_SCH_YES_OPTIMUM,Thermostat Setpoint,C,SmrDsn,41640,42004,Constant,15.56,,,,,,,,,,,,,,,,,,,,,,,,From DOE Prototype Buildings,,,,,,,,,,,,,,,,,,,,,,,,,,,,,,,,,,,,,,,,,,,,,,,,,,,,,,,,,,,,,,,,,,,
RestaurantFastFood HTGSETP_SCH_YES_OPTIMUM,Thermostat Setpoint,C,WntrDsn,41640,42004,Hourly,15.56,15.56,15.56,15.56,15.56,18.33,21.11,21.11,21.11,21.11,21.11,21.11,21.11,21.11,21.11,21.11,21.11,21.11,21.11,21.11,21.11,21.11,21.11,21.11,From DOE Prototype Buildings,,,,,,,,,,,,,,,,,,,,,,,,,,,,,,,,,,,,,,,,,,,,,,,,,,,,,,,,,,,,,,,,,,,
RestaurantFastFood HVACOperationSchd,Operation,,Default|WntrDsn|SmrDsn|Sun|Wkdy,41640,42004,Hourly,1,0,0,0,0,1,1,1,1,1,1,1,1,1,1,1,1,1,1,1,1,1,1,1,From DOE Prototype Buildings,,,,,,,,,,,,,,,,,,,,,,,,,,,,,,,,,,,,,,,,,,,,,,,,,,,,,,,,,,,,,,,,,,,
RestaurantFastFood INFIL_SCH_PNNL,Infiltration,,Default|WntrDsn|SmrDsn|Sat|Wkdy,41640,42004,Hourly,0.25,1,1,1,1,0.25,0.25,0.25,0.25,0.25,0.25,0.25,0.25,0.25,0.25,0.25,0.25,0.25,0.25,0.25,0.25,0.25,0.25,0.25,From DOE Prototype Buildings,,,,,,,,,,,,,,,,,,,,,,,,,,,,,,,,,,,,,,,,,,,,,,,,,,,,,,,,,,,,,,,,,,,
RestaurantFastFood Kitchen Exhaust Fan Balanced Exhaust Fraction Schedule_2004,Equipment,,Default|WntrDsn|SmrDsn|Sun|Wkdy,41640,42004,Hourly,0.53051147,0,0,0,0,0.53051147,0.53051147,0.53051147,0.53051147,0.53051147,0.53051147,0.53051147,0.53051147,0.53051147,0.53051147,0.53051147,0.53051147,0.53051147,0.53051147,0.53051147,0.53051147,0.53051147,0.53051147,0.53051147,From DOE Prototype Buildings,,,,,,,,,,,,,,,,,,,,,,,,,,,,,,,,,,,,,,,,,,,,,,,,,,,,,,,,,,,,,,,,,,,
RestaurantFastFood Kitchen Exhaust Fan Balanced Exhaust Fraction Schedule_2007_2010_2013,Equipment,,Default|WntrDsn|SmrDsn|Sun|Wkdy,41640,42004,Hourly,0.53051147,0,0,0,0,0.53051147,0.53051147,0.53051147,0.53051147,0.53051147,0.53051147,0.53051147,0.53051147,0.53051147,0.53051147,0.53051147,0.53051147,0.53051147,0.53051147,0.53051147,0.53051147,0.53051147,0.53051147,0.53051147,From DOE Prototype Buildings,,,,,,,,,,,,,,,,,,,,,,,,,,,,,,,,,,,,,,,,,,,,,,,,,,,,,,,,,,,,,,,,,,,
RestaurantFastFood Kitchen Water Equipment Hot Supply Temp Sched,Equipment,C,Default|WntrDsn|SmrDsn,41640,42004,Constant,55,,,,,,,,,,,,,,,,,,,,,,,,From DOE Prototype Buildings,,,,,,,,,,,,,,,,,,,,,,,,,,,,,,,,,,,,,,,,,,,,,,,,,,,,,,,,,,,,,,,,,,,
RestaurantFastFood Kitchen Water Equipment Latent fract sched,Equipment,,Default|WntrDsn|SmrDsn,41640,42004,Constant,0.05,,,,,,,,,,,,,,,,,,,,,,,,From DOE Prototype Buildings,,,,,,,,,,,,,,,,,,,,,,,,,,,,,,,,,,,,,,,,,,,,,,,,,,,,,,,,,,,,,,,,,,,
RestaurantFastFood Kitchen Water Equipment Sensible fract sched,Equipment,,Default|WntrDsn|SmrDsn,41640,42004,Constant,0.2,,,,,,,,,,,,,,,,,,,,,,,,From DOE Prototype Buildings,,,,,,,,,,,,,,,,,,,,,,,,,,,,,,,,,,,,,,,,,,,,,,,,,,,,,,,,,,,,,,,,,,,
RestaurantFastFood Kitchen Water Equipment Temp Sched,Equipment,C,Default|WntrDsn|SmrDsn,41640,42004,Constant,60,,,,,,,,,,,,,,,,,,,,,,,,From DOE Prototype Buildings,,,,,,,,,,,,,,,,,,,,,,,,,,,,,,,,,,,,,,,,,,,,,,,,,,,,,,,,,,,,,,,,,,,
RestaurantFastFood Kitchen_Case:1_WALKINFREEZER_WalkInStockingSched,Equipment,W,Default,41640,42004,Hourly,0,0,0,0,725,417,290,0,0,0,0,0,0,0,0,0,0,0,0,0,0,0,0,0,From DOE Prototype Buildings,,,,,,,,,,,,,,,,,,,,,,,,,,,,,,,,,,,,,,,,,,,,,,,,,,,,,,,,,,,,,,,,,,,
RestaurantFastFood Kitchen_Case:1_WALKINFREEZER_WalkInStockingSched,Equipment,W,WntrDsn|SmrDsn|Wknd|Mon|Wed|Thu,41640,42004,Hourly,0,0,0,0,125,117,90,0,0,0,0,0,0,0,0,0,0,0,0,125,117,90,0,0,From DOE Prototype Buildings,,,,,,,,,,,,,,,,,,,,,,,,,,,,,,,,,,,,,,,,,,,,,,,,,,,,,,,,,,,,,,,,,,,
RestaurantFastFood Kitchen_Case:2_SELFCONTAINEDDISPLAYCASE_CaseStockingSched,Equipment,W,Default|WntrDsn|SmrDsn,41640,42004,Hourly,0,0,0,0,0,0,50,70,70,80,70,50,50,80,90,80,0,0,0,0,0,0,0,0,From DOE Prototype Buildings,,,,,,,,,,,,,,,,,,,,,,,,,,,,,,,,,,,,,,,,,,,,,,,,,,,,,,,,,,,,,,,,,,,
RestaurantFastFood Kitchen_Exhaust_SCH,Equipment,,Default|WntrDsn|SmrDsn|Sun|Wkdy,41640,42004,Hourly,1,0,0,0,0,1,1,1,1,1,1,1,1,1,1,1,1,1,1,1,1,1,1,1,From DOE Prototype Buildings,,,,,,,,,,,,,,,,,,,,,,,,,,,,,,,,,,,,,,,,,,,,,,,,,,,,,,,,,,,,,,,,,,,
RestaurantFastFood MinOA_FFKitch_Sched,OA Air,,Default|SmrDsn|Sat|Wkdy,41640,42004,Hourly,0,0,0,0,0,0,1,1,1,1,1,1,1,1,1,1,1,1,1,1,1,1,1,1,From DOE Prototype Buildings,,,,,,,,,,,,,,,,,,,,,,,,,,,,,,,,,,,,,,,,,,,,,,,,,,,,,,,,,,,,,,,,,,,
RestaurantFastFood MinOA_FFKitch_Sched,OA Air,,WntrDsn,41640,42004,Constant,1,,,,,,,,,,,,,,,,,,,,,,,,From DOE Prototype Buildings,,,,,,,,,,,,,,,,,,,,,,,,,,,,,,,,,,,,,,,,,,,,,,,,,,,,,,,,,,,,,,,,,,,
RestaurantFastFood MinOA_MotorizedDamper_Sched,OA Air,,Default|WntrDsn|SmrDsn|Sun|Wkdy,41640,42004,Hourly,1,0,0,0,0,0,1,1,1,1,1,1,1,1,1,1,1,1,1,1,1,1,1,1,From DOE Prototype Buildings,,,,,,,,,,,,,,,,,,,,,,,,,,,,,,,,,,,,,,,,,,,,,,,,,,,,,,,,,,,,,,,,,,,
RestaurantFastFood MinOA_Sched,OA Air,,Default|WntrDsn|SmrDsn,41640,42004,Constant,1,,,,,,,,,,,,,,,,,,,,,,,,From DOE Prototype Buildings,,,,,,,,,,,,,,,,,,,,,,,,,,,,,,,,,,,,,,,,,,,,,,,,,,,,,,,,,,,,,,,,,,,
RestaurantFastFood PlantOnSched,Unknown,,Default|WntrDsn|SmrDsn,41640,42004,Constant,1,,,,,,,,,,,,,,,,,,,,,,,,From DOE Prototype Buildings,,,,,,,,,,,,,,,,,,,,,,,,,,,,,,,,,,,,,,,,,,,,,,,,,,,,,,,,,,,,,,,,,,,
RestaurantFastFood SHADING_SCH,Unknown,W,Default|WntrDsn|SmrDsn,41640,42004,Constant,0,,,,,,,,,,,,,,,,,,,,,,,,From DOE Prototype Buildings,,,,,,,,,,,,,,,,,,,,,,,,,,,,,,,,,,,,,,,,,,,,,,,,,,,,,,,,,,,,,,,,,,,
RestaurantFastFood SHWSys1 Water Heater Ambient Temperature Schedule Name,Service Water Heating,C,Default|WntrDsn|SmrDsn,41640,42004,Constant,22,,,,,,,,,,,,,,,,,,,,,,,,From DOE Prototype Buildings,,,,,,,,,,,,,,,,,,,,,,,,,,,,,,,,,,,,,,,,,,,,,,,,,,,,,,,,,,,,,,,,,,,
RestaurantFastFood SHWSys1 Water Heater Setpoint Temperature Schedule Name,Service Water Heating,C,Default|WntrDsn|SmrDsn,41640,42004,Constant,60,,,,,,,,,,,,,,,,,,,,,,,,From DOE Prototype Buildings,,,,,,,,,,,,,,,,,,,,,,,,,,,,,,,,,,,,,,,,,,,,,,,,,,,,,,,,,,,,,,,,,,,
RestaurantFastFood SHWSys1-Loop-Temp-Schedule,Service Water Heating,C,Default|WntrDsn|SmrDsn,41640,42004,Constant,60,,,,,,,,,,,,,,,,,,,,,,,,From DOE Prototype Buildings,,,,,,,,,,,,,,,,,,,,,,,,,,,,,,,,,,,,,,,,,,,,,,,,,,,,,,,,,,,,,,,,,,,
RestaurantFastFood VESTIBULE_DOOR_INFIL_SCH,Infiltration,,Default,41640,42004,Hourly,0,0,0,0,0,0,0.131,0.542,0.542,0.241,0.241,0.345,0.542,0.542,0.345,0.241,0.345,0.445,0.542,0.637,0.73,0.445,0.241,0.241,From DOE Prototype Buildings,,,,,,,,,,,,,,,,,,,,,,,,,,,,,,,,,,,,,,,,,,,,,,,,,,,,,,,,,,,,,,,,,,,
RestaurantFastFood VESTIBULE_DOOR_INFIL_SCH,Infiltration,,Sat,41640,42004,Hourly,0,0,0,0,0,0,0.131,0.542,0.542,0.445,0.241,0.445,0.542,0.542,0.445,0.345,0.345,0.345,0.73,0.911,0.73,0.637,0.542,0.345,From DOE Prototype Buildings,,,,,,,,,,,,,,,,,,,,,,,,,,,,,,,,,,,,,,,,,,,,,,,,,,,,,,,,,,,,,,,,,,,
RestaurantFastFood VESTIBULE_DOOR_INFIL_SCH,Infiltration,,SmrDsn,41640,42004,Constant,1,,,,,,,,,,,,,,,,,,,,,,,,From DOE Prototype Buildings,,,,,,,,,,,,,,,,,,,,,,,,,,,,,,,,,,,,,,,,,,,,,,,,,,,,,,,,,,,,,,,,,,,
RestaurantFastFood VESTIBULE_DOOR_INFIL_SCH,Infiltration,,Wkdy,41640,42004,Hourly,0,0,0,0,0,0,0.131,0.445,0.445,0.445,0.241,0.542,0.821,0.73,0.445,0.241,0.345,0.542,0.821,0.821,0.821,0.542,0.345,0.241,From DOE Prototype Buildings,,,,,,,,,,,,,,,,,,,,,,,,,,,,,,,,,,,,,,,,,,,,,,,,,,,,,,,,,,,,,,,,,,,
RestaurantFastFood VESTIBULE_DOOR_INFIL_SCH,Infiltration,,WntrDsn,41640,42004,Constant,0,,,,,,,,,,,,,,,,,,,,,,,,From DOE Prototype Buildings,,,,,,,,,,,,,,,,,,,,,,,,,,,,,,,,,,,,,,,,,,,,,,,,,,,,,,,,,,,,,,,,,,,
RestaurantFastFood walkin_occ_lght_SCH,Occupancy,,Default,41640,42004,Hourly,0.2,0.15,0.15,0.15,0.15,0.15,0.156,0.156,0.26,0.26,0.364,0.364,0.364,0.364,0.364,0.364,0.312,0.312,0.312,0.312,0.312,0.312,0.26,0.156,From DOE Prototype Buildings,,,,,,,,,,,,,,,,,,,,,,,,,,,,,,,,,,,,,,,,,,,,,,,,,,,,,,,,,,,,,,,,,,,
RestaurantFastFood walkin_occ_lght_SCH,Occupancy,,Sat,41640,42004,Hourly,0.2,0.15,0.15,0.15,0.15,0.15,0.156,0.156,0.312,0.312,0.416,0.416,0.416,0.416,0.416,0.416,0.416,0.468,0.468,0.468,0.468,0.468,0.26,0.156,From DOE Prototype Buildings,,,,,,,,,,,,,,,,,,,,,,,,,,,,,,,,,,,,,,,,,,,,,,,,,,,,,,,,,,,,,,,,,,,
RestaurantFastFood walkin_occ_lght_SCH,Occupancy,,SmrDsn,41640,42004,Constant,1,,,,,,,,,,,,,,,,,,,,,,,,From DOE Prototype Buildings,,,,,,,,,,,,,,,,,,,,,,,,,,,,,,,,,,,,,,,,,,,,,,,,,,,,,,,,,,,,,,,,,,,
RestaurantFastFood walkin_occ_lght_SCH,Occupancy,,Wkdy,41640,42004,Hourly,0.15,0.15,0.15,0.15,0.15,0.104,0.208,0.208,0.312,0.312,0.468,0.468,0.468,0.468,0.468,0.468,0.468,0.468,0.468,0.468,0.468,0.468,0.26,0.156,From DOE Prototype Buildings,,,,,,,,,,,,,,,,,,,,,,,,,,,,,,,,,,,,,,,,,,,,,,,,,,,,,,,,,,,,,,,,,,,
RestaurantFastFood walkin_occ_lght_SCH,Occupancy,,WntrDsn,41640,42004,Constant,0,,,,,,,,,,,,,,,,,,,,,,,,From DOE Prototype Buildings,,,,,,,,,,,,,,,,,,,,,,,,,,,,,,,,,,,,,,,,,,,,,,,,,,,,,,,,,,,,,,,,,,,
RestaurantFastFood WORK_EFF_SCH,Unknown,,Default|WntrDsn|SmrDsn,41640,42004,Constant,0,,,,,,,,,,,,,,,,,,,,,,,,From DOE Prototype Buildings,,,,,,,,,,,,,,,,,,,,,,,,,,,,,,,,,,,,,,,,,,,,,,,,,,,,,,,,,,,,,,,,,,,
RestaurantSitDown AIR_VELO_SCH,Unknown,W,Default|WntrDsn|SmrDsn,41640,42004,Constant,0.2,,,,,,,,,,,,,,,,,,,,,,,,From DOE Prototype Buildings,,,,,,,,,,,,,,,,,,,,,,,,,,,,,,,,,,,,,,,,,,,,,,,,,,,,,,,,,,,,,,,,,,,
RestaurantSitDown ALWAYS_OFF,Unknown,,Default|WntrDsn|SmrDsn,41640,42004,Constant,0,,,,,,,,,,,,,,,,,,,,,,,,From DOE Prototype Buildings,,,,,,,,,,,,,,,,,,,,,,,,,,,,,,,,,,,,,,,,,,,,,,,,,,,,,,,,,,,,,,,,,,,
RestaurantSitDown ALWAYS_ON,Unknown,,Default|WntrDsn|SmrDsn,41640,42004,Constant,1,,,,,,,,,,,,,,,,,,,,,,,,From DOE Prototype Buildings,,,,,,,,,,,,,,,,,,,,,,,,,,,,,,,,,,,,,,,,,,,,,,,,,,,,,,,,,,,,,,,,,,,
RestaurantSitDown BLDG_EQUIP_SCH,Equipment,,Default|Sat|Wkdy,41640,42004,Hourly,0.03,0.02,0.03,0.02,0.05,0.12,0.13,0.15,0.18,0.21,0.26,0.29,0.27,0.25,0.23,0.23,0.26,0.26,0.24,0.22,0.2,0.18,0.09,0.03,From DOE Prototype Buildings,,,,,,,,,,,,,,,,,,,,,,,,,,,,,,,,,,,,,,,,,,,,,,,,,,,,,,,,,,,,,,,,,,,
RestaurantSitDown BLDG_EQUIP_SCH,Equipment,,SmrDsn,41640,42004,Constant,0.29,,,,,,,,,,,,,,,,,,,,,,,,From DOE Prototype Buildings,,,,,,,,,,,,,,,,,,,,,,,,,,,,,,,,,,,,,,,,,,,,,,,,,,,,,,,,,,,,,,,,,,,
RestaurantSitDown BLDG_EQUIP_SCH,Equipment,,WntrDsn,41640,42004,Constant,0,,,,,,,,,,,,,,,,,,,,,,,,From DOE Prototype Buildings,,,,,,,,,,,,,,,,,,,,,,,,,,,,,,,,,,,,,,,,,,,,,,,,,,,,,,,,,,,,,,,,,,,
RestaurantSitDown BLDG_LIGHT_DINING_SCH,Lighting,,Default,41640,42004,Hourly,0.2,0.15,0.15,0.15,0.15,0.15,0.3,0.3,0.6,0.6,0.8,0.8,0.8,0.8,0.8,0.8,0.8,0.9,0.9,0.9,0.9,0.9,0.5,0.3,From DOE Prototype Buildings,,,,,,,,,,,,,,,,,,,,,,,,,,,,,,,,,,,,,,,,,,,,,,,,,,,,,,,,,,,,,,,,,,,
RestaurantSitDown BLDG_LIGHT_DINING_SCH,Lighting,,SmrDsn,41640,42004,Constant,1,,,,,,,,,,,,,,,,,,,,,,,,From DOE Prototype Buildings,,,,,,,,,,,,,,,,,,,,,,,,,,,,,,,,,,,,,,,,,,,,,,,,,,,,,,,,,,,,,,,,,,,
RestaurantSitDown BLDG_LIGHT_DINING_SCH,Lighting,,Sun|Wkdy,41640,42004,Hourly,0.2,0.15,0.15,0.15,0.15,0.15,0.3,0.3,0.5,0.5,0.7,0.7,0.7,0.7,0.7,0.7,0.6,0.6,0.6,0.6,0.6,0.6,0.5,0.3,From DOE Prototype Buildings,,,,,,,,,,,,,,,,,,,,,,,,,,,,,,,,,,,,,,,,,,,,,,,,,,,,,,,,,,,,,,,,,,,
RestaurantSitDown BLDG_LIGHT_DINING_SCH,Lighting,,WntrDsn,41640,42004,Constant,0,,,,,,,,,,,,,,,,,,,,,,,,From DOE Prototype Buildings,,,,,,,,,,,,,,,,,,,,,,,,,,,,,,,,,,,,,,,,,,,,,,,,,,,,,,,,,,,,,,,,,,,
RestaurantSitDown BLDG_LIGHT_KITCHEN_SCH,Lighting,,Default,41640,42004,Hourly,0.2,0.15,0.15,0.15,0.15,0.15,0.3,0.3,0.6,0.6,0.8,0.8,0.8,0.8,0.8,0.8,0.8,0.9,0.9,0.9,0.9,0.9,0.5,0.3,From DOE Prototype Buildings,,,,,,,,,,,,,,,,,,,,,,,,,,,,,,,,,,,,,,,,,,,,,,,,,,,,,,,,,,,,,,,,,,,
RestaurantSitDown BLDG_LIGHT_KITCHEN_SCH,Lighting,,SmrDsn,41640,42004,Constant,1,,,,,,,,,,,,,,,,,,,,,,,,From DOE Prototype Buildings,,,,,,,,,,,,,,,,,,,,,,,,,,,,,,,,,,,,,,,,,,,,,,,,,,,,,,,,,,,,,,,,,,,
RestaurantSitDown BLDG_LIGHT_KITCHEN_SCH,Lighting,,Sun|Wkdy,41640,42004,Hourly,0.2,0.15,0.15,0.15,0.15,0.15,0.3,0.3,0.5,0.5,0.7,0.7,0.7,0.7,0.7,0.7,0.6,0.6,0.6,0.6,0.6,0.6,0.5,0.3,From DOE Prototype Buildings,,,,,,,,,,,,,,,,,,,,,,,,,,,,,,,,,,,,,,,,,,,,,,,,,,,,,,,,,,,,,,,,,,,
RestaurantSitDown BLDG_LIGHT_KITCHEN_SCH,Lighting,,WntrDsn,41640,42004,Constant,0,,,,,,,,,,,,,,,,,,,,,,,,From DOE Prototype Buildings,,,,,,,,,,,,,,,,,,,,,,,,,,,,,,,,,,,,,,,,,,,,,,,,,,,,,,,,,,,,,,,,,,,
RestaurantSitDown BLDG_LIGHT_SCH,Lighting,,Default,41640,42004,Hourly,0.2,0.15,0.15,0.15,0.15,0.15,0.3,0.3,0.6,0.6,0.8,0.8,0.8,0.8,0.8,0.8,0.8,0.9,0.9,0.9,0.9,0.9,0.5,0.3,From DOE Prototype Buildings,,,,,,,,,,,,,,,,,,,,,,,,,,,,,,,,,,,,,,,,,,,,,,,,,,,,,,,,,,,,,,,,,,,
RestaurantSitDown BLDG_LIGHT_SCH,Lighting,,SmrDsn,41640,42004,Constant,1,,,,,,,,,,,,,,,,,,,,,,,,From DOE Prototype Buildings,,,,,,,,,,,,,,,,,,,,,,,,,,,,,,,,,,,,,,,,,,,,,,,,,,,,,,,,,,,,,,,,,,,
RestaurantSitDown BLDG_LIGHT_SCH,Lighting,,Sun|Wkdy,41640,42004,Hourly,0.2,0.15,0.15,0.15,0.15,0.15,0.3,0.3,0.5,0.5,0.7,0.7,0.7,0.7,0.7,0.7,0.6,0.6,0.6,0.6,0.6,0.6,0.5,0.3,From DOE Prototype Buildings,,,,,,,,,,,,,,,,,,,,,,,,,,,,,,,,,,,,,,,,,,,,,,,,,,,,,,,,,,,,,,,,,,,
RestaurantSitDown BLDG_LIGHT_SCH,Lighting,,WntrDsn,41640,42004,Constant,0,,,,,,,,,,,,,,,,,,,,,,,,From DOE Prototype Buildings,,,,,,,,,,,,,,,,,,,,,,,,,,,,,,,,,,,,,,,,,,,,,,,,,,,,,,,,,,,,,,,,,,,
RestaurantSitDown BLDG_OCC_SCH,Occupancy,,Default,41640,42004,Hourly,0.05,0,0,0,0,0,0.05,0.5,0.5,0.2,0.2,0.3,0.5,0.5,0.3,0.2,0.25,0.35,0.55,0.65,0.7,0.35,0.2,0.2,From DOE Prototype Buildings,,,,,,,,,,,,,,,,,,,,,,,,,,,,,,,,,,,,,,,,,,,,,,,,,,,,,,,,,,,,,,,,,,,
RestaurantSitDown BLDG_OCC_SCH,Occupancy,,Sat,41640,42004,Hourly,0.05,0,0,0,0,0,0.05,0.5,0.5,0.4,0.2,0.45,0.5,0.5,0.35,0.3,0.3,0.3,0.7,0.9,0.7,0.65,0.55,0.35,From DOE Prototype Buildings,,,,,,,,,,,,,,,,,,,,,,,,,,,,,,,,,,,,,,,,,,,,,,,,,,,,,,,,,,,,,,,,,,,
RestaurantSitDown BLDG_OCC_SCH,Occupancy,,SmrDsn,41640,42004,Constant,1,,,,,,,,,,,,,,,,,,,,,,,,From DOE Prototype Buildings,,,,,,,,,,,,,,,,,,,,,,,,,,,,,,,,,,,,,,,,,,,,,,,,,,,,,,,,,,,,,,,,,,,
RestaurantSitDown BLDG_OCC_SCH,Occupancy,,Wkdy,41640,42004,Hourly,0.05,0,0,0,0,0.05,0.1,0.4,0.4,0.4,0.2,0.5,0.8,0.7,0.4,0.2,0.25,0.5,0.8,0.8,0.8,0.5,0.35,0.2,From DOE Prototype Buildings,,,,,,,,,,,,,,,,,,,,,,,,,,,,,,,,,,,,,,,,,,,,,,,,,,,,,,,,,,,,,,,,,,,
RestaurantSitDown BLDG_OCC_SCH,Occupancy,,WntrDsn,41640,42004,Constant,0,,,,,,,,,,,,,,,,,,,,,,,,From DOE Prototype Buildings,,,,,,,,,,,,,,,,,,,,,,,,,,,,,,,,,,,,,,,,,,,,,,,,,,,,,,,,,,,,,,,,,,,
RestaurantSitDown BLDG_SWH_SCH,Service Water Heating,,Default,41640,42004,Hourly,0.25,0,0,0,0,0,0.15,0.15,0.15,0.15,0.5,0.5,0.4,0.4,0.3,0.3,0.3,0.4,0.5,0.5,0.4,0.5,0.4,0.2,From DOE Prototype Buildings,,,,,,,,,,,,,,,,,,,,,,,,,,,,,,,,,,,,,,,,,,,,,,,,,,,,,,,,,,,,,,,,,,,
RestaurantSitDown BLDG_SWH_SCH,Service Water Heating,,SmrDsn|Wkdy,41640,42004,Hourly,0.2,0,0,0,0,0,0.15,0.6,0.55,0.45,0.4,0.45,0.4,0.35,0.3,0.3,0.3,0.4,0.55,0.6,0.5,0.55,0.45,0.25,From DOE Prototype Buildings,,,,,,,,,,,,,,,,,,,,,,,,,,,,,,,,,,,,,,,,,,,,,,,,,,,,,,,,,,,,,,,,,,,
RestaurantSitDown BLDG_SWH_SCH,Service Water Heating,,WntrDsn|Sat,41640,42004,Hourly,0.2,0,0,0,0,0,0.15,0.15,0.15,0.5,0.45,0.5,0.5,0.45,0.4,0.4,0.35,0.4,0.55,0.55,0.5,0.55,0.4,0.3,From DOE Prototype Buildings,,,,,,,,,,,,,,,,,,,,,,,,,,,,,,,,,,,,,,,,,,,,,,,,,,,,,,,,,,,,,,,,,,,
RestaurantSitDown Booster Water Inlet Temp Schedule,Unknown,W,Default|WntrDsn|SmrDsn,41640,42004,Constant,60,,,,,,,,,,,,,,,,,,,,,,,,From DOE Prototype Buildings,,,,,,,,,,,,,,,,,,,,,,,,,,,,,,,,,,,,,,,,,,,,,,,,,,,,,,,,,,,,,,,,,,,
RestaurantSitDown Booster Water Setpoint Temp Schedule,Unknown,W,Default|WntrDsn|SmrDsn,41640,42004,Constant,82.22,,,,,,,,,,,,,,,,,,,,,,,,From DOE Prototype Buildings,,,,,,,,,,,,,,,,,,,,,,,,,,,,,,,,,,,,,,,,,,,,,,,,,,,,,,,,,,,,,,,,,,,
RestaurantSitDown CLGSETP_KITCHEN_SCH_NO_OPTIMUM,Thermostat Setpoint,C,Default|Sat|Wkdy,41640,42004,Hourly,26,30,30,30,26,26,26,26,26,26,26,26,26,26,26,26,26,26,26,26,26,26,26,26,From DOE Prototype Buildings,,,,,,,,,,,,,,,,,,,,,,,,,,,,,,,,,,,,,,,,,,,,,,,,,,,,,,,,,,,,,,,,,,,
RestaurantSitDown CLGSETP_KITCHEN_SCH_NO_OPTIMUM,Thermostat Setpoint,C,SmrDsn,41640,42004,Hourly,26,30,30,30,30,28,26,26,26,26,26,26,26,26,26,26,26,26,26,26,26,26,26,26,From DOE Prototype Buildings,,,,,,,,,,,,,,,,,,,,,,,,,,,,,,,,,,,,,,,,,,,,,,,,,,,,,,,,,,,,,,,,,,,
RestaurantSitDown CLGSETP_KITCHEN_SCH_NO_OPTIMUM,Thermostat Setpoint,C,WntrDsn,41640,42004,Constant,30,,,,,,,,,,,,,,,,,,,,,,,,From DOE Prototype Buildings,,,,,,,,,,,,,,,,,,,,,,,,,,,,,,,,,,,,,,,,,,,,,,,,,,,,,,,,,,,,,,,,,,,
RestaurantSitDown CLGSETP_KITCHEN_SCH_NO_SETBACK,Thermostat Setpoint,C,Default|Sat|Wkdy,41640,42004,Constant,26,,,,,,,,,,,,,,,,,,,,,,,,From DOE Prototype Buildings,,,,,,,,,,,,,,,,,,,,,,,,,,,,,,,,,,,,,,,,,,,,,,,,,,,,,,,,,,,,,,,,,,,
RestaurantSitDown CLGSETP_KITCHEN_SCH_NO_SETBACK,Thermostat Setpoint,C,SmrDsn,41640,42004,Hourly,26,30,30,30,30,28,26,26,26,26,26,26,26,26,26,26,26,26,26,26,26,26,26,26,From DOE Prototype Buildings,,,,,,,,,,,,,,,,,,,,,,,,,,,,,,,,,,,,,,,,,,,,,,,,,,,,,,,,,,,,,,,,,,,
RestaurantSitDown CLGSETP_KITCHEN_SCH_NO_SETBACK,Thermostat Setpoint,C,WntrDsn,41640,42004,Constant,30,,,,,,,,,,,,,,,,,,,,,,,,From DOE Prototype Buildings,,,,,,,,,,,,,,,,,,,,,,,,,,,,,,,,,,,,,,,,,,,,,,,,,,,,,,,,,,,,,,,,,,,
RestaurantSitDown CLGSETP_KITCHEN_SCH_YES_OPTIMUM,Thermostat Setpoint,C,Default|Sat|Wkdy,41640,42004,Hourly,26,30,30,30,28.9,27.8,26,26,26,26,26,26,26,26,26,26,26,26,26,26,26,26,26,26,From DOE Prototype Buildings,,,,,,,,,,,,,,,,,,,,,,,,,,,,,,,,,,,,,,,,,,,,,,,,,,,,,,,,,,,,,,,,,,,
RestaurantSitDown CLGSETP_KITCHEN_SCH_YES_OPTIMUM,Thermostat Setpoint,C,SmrDsn,41640,42004,Hourly,26,30,30,30,30,28,26,26,26,26,26,26,26,26,26,26,26,26,26,26,26,26,26,26,From DOE Prototype Buildings,,,,,,,,,,,,,,,,,,,,,,,,,,,,,,,,,,,,,,,,,,,,,,,,,,,,,,,,,,,,,,,,,,,
RestaurantSitDown CLGSETP_KITCHEN_SCH_YES_OPTIMUM,Thermostat Setpoint,C,WntrDsn,41640,42004,Constant,30,,,,,,,,,,,,,,,,,,,,,,,,From DOE Prototype Buildings,,,,,,,,,,,,,,,,,,,,,,,,,,,,,,,,,,,,,,,,,,,,,,,,,,,,,,,,,,,,,,,,,,,
RestaurantSitDown CLGSETP_SCH_NO_OPTIMUM,Thermostat Setpoint,C,Default|Sat|Wkdy,41640,42004,Hourly,30,30,30,30,24,24,24,24,24,24,24,24,24,24,24,24,24,24,24,24,24,24,24,24,From DOE Prototype Buildings,,,,,,,,,,,,,,,,,,,,,,,,,,,,,,,,,,,,,,,,,,,,,,,,,,,,,,,,,,,,,,,,,,,
RestaurantSitDown CLGSETP_SCH_NO_OPTIMUM,Thermostat Setpoint,C,SmrDsn,41640,42004,Hourly,30,30,30,30,30,26,24,24,24,24,24,24,24,24,24,24,24,24,24,24,24,24,24,24,From DOE Prototype Buildings,,,,,,,,,,,,,,,,,,,,,,,,,,,,,,,,,,,,,,,,,,,,,,,,,,,,,,,,,,,,,,,,,,,
RestaurantSitDown CLGSETP_SCH_NO_OPTIMUM,Thermostat Setpoint,C,WntrDsn,41640,42004,Constant,30,,,,,,,,,,,,,,,,,,,,,,,,From DOE Prototype Buildings,,,,,,,,,,,,,,,,,,,,,,,,,,,,,,,,,,,,,,,,,,,,,,,,,,,,,,,,,,,,,,,,,,,
RestaurantSitDown CLGSETP_SCH_NO_SETBACK,Thermostat Setpoint,C,Default|Sat|Wkdy,41640,42004,Constant,24,,,,,,,,,,,,,,,,,,,,,,,,From DOE Prototype Buildings,,,,,,,,,,,,,,,,,,,,,,,,,,,,,,,,,,,,,,,,,,,,,,,,,,,,,,,,,,,,,,,,,,,
RestaurantSitDown CLGSETP_SCH_NO_SETBACK,Thermostat Setpoint,C,SmrDsn,41640,42004,Hourly,30,30,30,30,30,26,24,24,24,24,24,24,24,24,24,24,24,24,24,24,24,24,24,24,From DOE Prototype Buildings,,,,,,,,,,,,,,,,,,,,,,,,,,,,,,,,,,,,,,,,,,,,,,,,,,,,,,,,,,,,,,,,,,,
RestaurantSitDown CLGSETP_SCH_NO_SETBACK,Thermostat Setpoint,C,WntrDsn,41640,42004,Constant,30,,,,,,,,,,,,,,,,,,,,,,,,From DOE Prototype Buildings,,,,,,,,,,,,,,,,,,,,,,,,,,,,,,,,,,,,,,,,,,,,,,,,,,,,,,,,,,,,,,,,,,,
RestaurantSitDown CLGSETP_SCH_YES_OPTIMUM,Thermostat Setpoint,C,Default|Sat|Wkdy,41640,42004,Hourly,30,30,30,30,27.8,25.6,24,24,24,24,24,24,24,24,24,24,24,24,24,24,24,24,24,24,From DOE Prototype Buildings,,,,,,,,,,,,,,,,,,,,,,,,,,,,,,,,,,,,,,,,,,,,,,,,,,,,,,,,,,,,,,,,,,,
RestaurantSitDown CLGSETP_SCH_YES_OPTIMUM,Thermostat Setpoint,C,SmrDsn,41640,42004,Hourly,30,30,30,30,30,26,24,24,24,24,24,24,24,24,24,24,24,24,24,24,24,24,24,24,From DOE Prototype Buildings,,,,,,,,,,,,,,,,,,,,,,,,,,,,,,,,,,,,,,,,,,,,,,,,,,,,,,,,,,,,,,,,,,,
RestaurantSitDown CLGSETP_SCH_YES_OPTIMUM,Thermostat Setpoint,C,WntrDsn,41640,42004,Constant,30,,,,,,,,,,,,,,,,,,,,,,,,From DOE Prototype Buildings,,,,,,,,,,,,,,,,,,,,,,,,,,,,,,,,,,,,,,,,,,,,,,,,,,,,,,,,,,,,,,,,,,,
RestaurantSitDown CLOTHING_SCH,Clothing,W,Default|SmrDsn,41640,42004,Constant,0.5,,,,,,,,,,,,,,,,,,,,,,,,From DOE Prototype Buildings,,,,,,,,,,,,,,,,,,,,,,,,,,,,,,,,,,,,,,,,,,,,,,,,,,,,,,,,,,,,,,,,,,,
RestaurantSitDown CLOTHING_SCH,Clothing,W,Wknd|Wkdy,41913,42004,Constant,1,,,,,,,,,,,,,,,,,,,,,,,,From DOE Prototype Buildings,,,,,,,,,,,,,,,,,,,,,,,,,,,,,,,,,,,,,,,,,,,,,,,,,,,,,,,,,,,,,,,,,,,
RestaurantSitDown CLOTHING_SCH,Clothing,W,Wknd|Wkdy,41640,41759,Constant,1,,,,,,,,,,,,,,,,,,,,,,,,From DOE Prototype Buildings,,,,,,,,,,,,,,,,,,,,,,,,,,,,,,,,,,,,,,,,,,,,,,,,,,,,,,,,,,,,,,,,,,,
RestaurantSitDown CLOTHING_SCH,Clothing,W,WntrDsn,41640,42004,Constant,1,,,,,,,,,,,,,,,,,,,,,,,,From DOE Prototype Buildings,,,,,,,,,,,,,,,,,,,,,,,,,,,,,,,,,,,,,,,,,,,,,,,,,,,,,,,,,,,,,,,,,,,
RestaurantSitDown CoolingCoilAvailSched,Unknown,,Default|WntrDsn|SmrDsn,41640,42004,Constant,1,,,,,,,,,,,,,,,,,,,,,,,,From DOE Prototype Buildings,,,,,,,,,,,,,,,,,,,,,,,,,,,,,,,,,,,,,,,,,,,,,,,,,,,,,,,,,,,,,,,,,,,
RestaurantSitDown DOOR_INFIL_SCH,Infiltration,,Default,41640,42004,Hourly,0,0,0,0,0,0,0.144,0.558,0.558,0.258,0.258,0.363,0.558,0.558,0.363,0.258,0.363,0.462,0.558,0.65,0.74,0.462,0.258,0.258,From DOE Prototype Buildings,,,,,,,,,,,,,,,,,,,,,,,,,,,,,,,,,,,,,,,,,,,,,,,,,,,,,,,,,,,,,,,,,,,
RestaurantSitDown DOOR_INFIL_SCH,Infiltration,,Sat,41640,42004,Hourly,0,0,0,0,0,0,0.144,0.558,0.558,0.462,0.258,0.462,0.558,0.558,0.462,0.363,0.363,0.363,0.74,0.915,0.74,0.65,0.558,0.363,From DOE Prototype Buildings,,,,,,,,,,,,,,,,,,,,,,,,,,,,,,,,,,,,,,,,,,,,,,,,,,,,,,,,,,,,,,,,,,,
RestaurantSitDown DOOR_INFIL_SCH,Infiltration,,SmrDsn,41640,42004,Constant,1,,,,,,,,,,,,,,,,,,,,,,,,From DOE Prototype Buildings,,,,,,,,,,,,,,,,,,,,,,,,,,,,,,,,,,,,,,,,,,,,,,,,,,,,,,,,,,,,,,,,,,,
RestaurantSitDown DOOR_INFIL_SCH,Infiltration,,Wkdy,41640,42004,Hourly,0,0,0,0,0,0,0.144,0.462,0.462,0.462,0.258,0.558,0.829,0.74,0.462,0.258,0.363,0.558,0.829,0.829,0.829,0.558,0.363,0.258,From DOE Prototype Buildings,,,,,,,,,,,,,,,,,,,,,,,,,,,,,,,,,,,,,,,,,,,,,,,,,,,,,,,,,,,,,,,,,,,
RestaurantSitDown DOOR_INFIL_SCH,Infiltration,,WntrDsn,41640,42004,Constant,0,,,,,,,,,,,,,,,,,,,,,,,,From DOE Prototype Buildings,,,,,,,,,,,,,,,,,,,,,,,,,,,,,,,,,,,,,,,,,,,,,,,,,,,,,,,,,,,,,,,,,,,
RestaurantSitDown Dual Zone Control Type Sched,Unknown,,Default|WntrDsn|SmrDsn,41640,42004,Constant,4,,,,,,,,,,,,,,,,,,,,,,,,From DOE Prototype Buildings,,,,,,,,,,,,,,,,,,,,,,,,,,,,,,,,,,,,,,,,,,,,,,,,,,,,,,,,,,,,,,,,,,,
RestaurantSitDown Exterior_Lgt_189_1,Unknown,,Default|WntrDsn|SmrDsn,41640,42004,Hourly,1,0.5,0.5,0.5,0.5,0.5,0.5,0.5,0.5,1,1,1,1,1,1,1,1,1,1,1,1,1,1,1,From DOE Prototype Buildings,,,,,,,,,,,,,,,,,,,,,,,,,,,,,,,,,,,,,,,,,,,,,,,,,,,,,,,,,,,,,,,,,,,
RestaurantSitDown Exterior_Lgt_ALWAYS_ON,Unknown,,Default|WntrDsn|SmrDsn,41640,42004,Constant,1,,,,,,,,,,,,,,,,,,,,,,,,From DOE Prototype Buildings,,,,,,,,,,,,,,,,,,,,,,,,,,,,,,,,,,,,,,,,,,,,,,,,,,,,,,,,,,,,,,,,,,,
RestaurantSitDown Exterior_lighting_schedule_a,Lighting,,Default|WntrDsn|SmrDsn,41640,42004,Hourly,0,0,0,0,0,0,1,1,1,1,1,1,1,1,1,1,1,1,1,1,1,1,1,1,From DOE Prototype Buildings,,,,,,,,,,,,,,,,,,,,,,,,,,,,,,,,,,,,,,,,,,,,,,,,,,,,,,,,,,,,,,,,,,,
RestaurantSitDown Exterior_lighting_schedule_b,Lighting,,Default|WntrDsn|SmrDsn,41640,42004,Hourly,0.7,0.7,0.7,0.7,0.7,0.7,1,1,1,1,1,1,1,1,1,1,1,1,1,1,1,1,1,1,From DOE Prototype Buildings,,,,,,,,,,,,,,,,,,,,,,,,,,,,,,,,,,,,,,,,,,,,,,,,,,,,,,,,,,,,,,,,,,,
RestaurantSitDown FAN_SCH,Unknown,,Default|WntrDsn|SmrDsn,41640,42004,Constant,1,,,,,,,,,,,,,,,,,,,,,,,,From DOE Prototype Buildings,,,,,,,,,,,,,,,,,,,,,,,,,,,,,,,,,,,,,,,,,,,,,,,,,,,,,,,,,,,,,,,,,,,
RestaurantSitDown Heating-Supply-Air-Temp-Sch,Unknown,C,Default|WntrDsn|SmrDsn,41640,42004,Constant,16,,,,,,,,,,,,,,,,,,,,,,,,From DOE Prototype Buildings,,,,,,,,,,,,,,,,,,,,,,,,,,,,,,,,,,,,,,,,,,,,,,,,,,,,,,,,,,,,,,,,,,,
RestaurantSitDown Hours_of_operation,Operation,,Default|WntrDsn|SmrDsn|Sun|Wkdy,41640,42004,Hourly,1,0,0,0,0,1,1,1,1,1,1,1,1,1,1,1,1,1,1,1,1,1,1,1,From DOE Prototype Buildings,,,,,,,,,,,,,,,,,,,,,,,,,,,,,,,,,,,,,,,,,,,,,,,,,,,,,,,,,,,,,,,,,,,
RestaurantSitDown HTGSETP_KITCHEN_SCH_NO_OPTIMUM,Thermostat Setpoint,C,Default|Sat|Wkdy,41640,42004,Hourly,19,15.6,15.6,15.6,19,19,19,19,19,19,19,19,19,19,19,19,19,19,19,19,19,19,19,19,From DOE Prototype Buildings,,,,,,,,,,,,,,,,,,,,,,,,,,,,,,,,,,,,,,,,,,,,,,,,,,,,,,,,,,,,,,,,,,,
RestaurantSitDown HTGSETP_KITCHEN_SCH_NO_OPTIMUM,Thermostat Setpoint,C,SmrDsn,41640,42004,Constant,15.6,,,,,,,,,,,,,,,,,,,,,,,,From DOE Prototype Buildings,,,,,,,,,,,,,,,,,,,,,,,,,,,,,,,,,,,,,,,,,,,,,,,,,,,,,,,,,,,,,,,,,,,
RestaurantSitDown HTGSETP_KITCHEN_SCH_NO_OPTIMUM,Thermostat Setpoint,C,WntrDsn,41640,42004,Constant,19,,,,,,,,,,,,,,,,,,,,,,,,From DOE Prototype Buildings,,,,,,,,,,,,,,,,,,,,,,,,,,,,,,,,,,,,,,,,,,,,,,,,,,,,,,,,,,,,,,,,,,,
RestaurantSitDown HTGSETP_KITCHEN_SCH_YES_OPTIMUM,Thermostat Setpoint,C,Default|Sat|Wkdy,41640,42004,Hourly,19,15.6,15.6,15.6,16.7,17.8,19,19,19,19,19,19,19,19,19,19,19,19,19,19,19,19,19,19,From DOE Prototype Buildings,,,,,,,,,,,,,,,,,,,,,,,,,,,,,,,,,,,,,,,,,,,,,,,,,,,,,,,,,,,,,,,,,,,
RestaurantSitDown HTGSETP_KITCHEN_SCH_YES_OPTIMUM,Thermostat Setpoint,C,SmrDsn,41640,42004,Constant,15.6,,,,,,,,,,,,,,,,,,,,,,,,From DOE Prototype Buildings,,,,,,,,,,,,,,,,,,,,,,,,,,,,,,,,,,,,,,,,,,,,,,,,,,,,,,,,,,,,,,,,,,,
RestaurantSitDown HTGSETP_KITCHEN_SCH_YES_OPTIMUM,Thermostat Setpoint,C,WntrDsn,41640,42004,Constant,19,,,,,,,,,,,,,,,,,,,,,,,,From DOE Prototype Buildings,,,,,,,,,,,,,,,,,,,,,,,,,,,,,,,,,,,,,,,,,,,,,,,,,,,,,,,,,,,,,,,,,,,
RestaurantSitDown HTGSETP_SCH_NO_OPTIMUM,Thermostat Setpoint,C,Default|Sat|Wkdy,41640,42004,Hourly,15.6,15.6,15.6,15.6,21,21,21,21,21,21,21,21,21,21,21,21,21,21,21,21,21,21,21,21,From DOE Prototype Buildings,,,,,,,,,,,,,,,,,,,,,,,,,,,,,,,,,,,,,,,,,,,,,,,,,,,,,,,,,,,,,,,,,,,
RestaurantSitDown HTGSETP_SCH_NO_OPTIMUM,Thermostat Setpoint,C,SmrDsn,41640,42004,Constant,15.6,,,,,,,,,,,,,,,,,,,,,,,,From DOE Prototype Buildings,,,,,,,,,,,,,,,,,,,,,,,,,,,,,,,,,,,,,,,,,,,,,,,,,,,,,,,,,,,,,,,,,,,
RestaurantSitDown HTGSETP_SCH_NO_OPTIMUM,Thermostat Setpoint,C,WntrDsn,41640,42004,Constant,21,,,,,,,,,,,,,,,,,,,,,,,,From DOE Prototype Buildings,,,,,,,,,,,,,,,,,,,,,,,,,,,,,,,,,,,,,,,,,,,,,,,,,,,,,,,,,,,,,,,,,,,
RestaurantSitDown HTGSETP_SCH_YES_OPTIMUM,Thermostat Setpoint,C,Default|Sat|Wkdy,41640,42004,Hourly,15.6,15.6,15.6,15.6,17.8,20,21,21,21,21,21,21,21,21,21,21,21,21,21,21,21,21,21,21,From DOE Prototype Buildings,,,,,,,,,,,,,,,,,,,,,,,,,,,,,,,,,,,,,,,,,,,,,,,,,,,,,,,,,,,,,,,,,,,
RestaurantSitDown HTGSETP_SCH_YES_OPTIMUM,Thermostat Setpoint,C,SmrDsn,41640,42004,Constant,15.6,,,,,,,,,,,,,,,,,,,,,,,,From DOE Prototype Buildings,,,,,,,,,,,,,,,,,,,,,,,,,,,,,,,,,,,,,,,,,,,,,,,,,,,,,,,,,,,,,,,,,,,
RestaurantSitDown HTGSETP_SCH_YES_OPTIMUM,Thermostat Setpoint,C,WntrDsn,41640,42004,Constant,21,,,,,,,,,,,,,,,,,,,,,,,,From DOE Prototype Buildings,,,,,,,,,,,,,,,,,,,,,,,,,,,,,,,,,,,,,,,,,,,,,,,,,,,,,,,,,,,,,,,,,,,
RestaurantSitDown Humidity Setpoint Schedule,Unknown,,Default|WntrDsn|SmrDsn|Sat|Wkdy,41640,42004,Constant,50,,,,,,,,,,,,,,,,,,,,,,,,From DOE Prototype Buildings,,,,,,,,,,,,,,,,,,,,,,,,,,,,,,,,,,,,,,,,,,,,,,,,,,,,,,,,,,,,,,,,,,,
RestaurantSitDown HVACOperationSchd,Operation,,Default|WntrDsn|SmrDsn|Sun|Wkdy,41640,42004,Hourly,1,0,0,0,0,1,1,1,1,1,1,1,1,1,1,1,1,1,1,1,1,1,1,1,From DOE Prototype Buildings,,,,,,,,,,,,,,,,,,,,,,,,,,,,,,,,,,,,,,,,,,,,,,,,,,,,,,,,,,,,,,,,,,,
RestaurantSitDown INFIL_HALF_ON_SCH,Infiltration,,Default|WntrDsn|SmrDsn|Sat|Wkdy,41640,42004,Hourly,1,1,1,1,1,0.5,0.5,0.5,0.5,0.5,0.5,0.5,0.5,0.5,0.5,0.5,0.5,0.5,0.5,0.5,0.5,0.5,0.5,0.5,From DOE Prototype Buildings,,,,,,,,,,,,,,,,,,,,,,,,,,,,,,,,,,,,,,,,,,,,,,,,,,,,,,,,,,,,,,,,,,,
RestaurantSitDown INFIL_SCH_PNNL,Infiltration,,Default|WntrDsn|SmrDsn|Sat|Wkdy,41640,42004,Hourly,1,1,1,1,1,0.25,0.25,0.25,0.25,0.25,0.25,0.25,0.25,0.25,0.25,0.25,0.25,0.25,0.25,0.25,0.25,0.25,0.25,0.25,From DOE Prototype Buildings,,,,,,,,,,,,,,,,,,,,,,,,,,,,,,,,,,,,,,,,,,,,,,,,,,,,,,,,,,,,,,,,,,,
RestaurantSitDown Kitchen Exhaust Fan Balanced Exhaust Fraction Schedule,Equipment,,Default|WntrDsn|SmrDsn|Sun|Wkdy,41640,42004,Hourly,0.933710318,0,0,0,0,0.933710318,0.933710318,0.933710318,0.933710318,0.933710318,0.933710318,0.933710318,0.933710318,0.933710318,0.933710318,0.933710318,0.933710318,0.933710318,0.933710318,0.933710318,0.933710318,0.933710318,0.933710318,0.933710318,From DOE Prototype Buildings,,,,,,,,,,,,,,,,,,,,,,,,,,,,,,,,,,,,,,,,,,,,,,,,,,,,,,,,,,,,,,,,,,,
RestaurantSitDown Kitchen Water Equipment Hot Supply Temp Sched,Equipment,C,Default|WntrDsn|SmrDsn,41640,42004,Constant,55,,,,,,,,,,,,,,,,,,,,,,,,From DOE Prototype Buildings,,,,,,,,,,,,,,,,,,,,,,,,,,,,,,,,,,,,,,,,,,,,,,,,,,,,,,,,,,,,,,,,,,,
RestaurantSitDown Kitchen Water Equipment Latent fract sched,Equipment,,Default|WntrDsn|SmrDsn,41640,42004,Constant,0.05,,,,,,,,,,,,,,,,,,,,,,,,From DOE Prototype Buildings,,,,,,,,,,,,,,,,,,,,,,,,,,,,,,,,,,,,,,,,,,,,,,,,,,,,,,,,,,,,,,,,,,,
RestaurantSitDown Kitchen Water Equipment Sensible fract sched,Equipment,,Default|WntrDsn|SmrDsn,41640,42004,Constant,0.2,,,,,,,,,,,,,,,,,,,,,,,,From DOE Prototype Buildings,,,,,,,,,,,,,,,,,,,,,,,,,,,,,,,,,,,,,,,,,,,,,,,,,,,,,,,,,,,,,,,,,,,
RestaurantSitDown Kitchen Water Equipment Temp Sched,Equipment,C,Default|WntrDsn|SmrDsn,41640,42004,Constant,60,,,,,,,,,,,,,,,,,,,,,,,,From DOE Prototype Buildings,,,,,,,,,,,,,,,,,,,,,,,,,,,,,,,,,,,,,,,,,,,,,,,,,,,,,,,,,,,,,,,,,,,
RestaurantSitDown Kitchen_Case:1_WALKINFREEZER_WalkInStockingSched,Equipment,W,Default,41640,42004,Hourly,0,0,0,0,725,417,290,0,0,0,0,0,0,0,0,0,0,0,0,0,0,0,0,0,From DOE Prototype Buildings,,,,,,,,,,,,,,,,,,,,,,,,,,,,,,,,,,,,,,,,,,,,,,,,,,,,,,,,,,,,,,,,,,,
RestaurantSitDown Kitchen_Case:1_WALKINFREEZER_WalkInStockingSched,Equipment,W,WntrDsn|SmrDsn|Wknd|Mon|Wed|Thu,41640,42004,Hourly,0,0,0,0,125,117,90,0,0,0,0,0,0,0,0,0,0,0,0,125,117,90,0,0,From DOE Prototype Buildings,,,,,,,,,,,,,,,,,,,,,,,,,,,,,,,,,,,,,,,,,,,,,,,,,,,,,,,,,,,,,,,,,,,
RestaurantSitDown Kitchen_Case:2_SELFCONTAINEDDISPLAYCASE_CaseStockingSched,Equipment,W,Default|WntrDsn|SmrDsn,41640,42004,Constant,0,,,,,,,,,,,,,,,,,,,,,,,,From DOE Prototype Buildings,,,,,,,,,,,,,,,,,,,,,,,,,,,,,,,,,,,,,,,,,,,,,,,,,,,,,,,,,,,,,,,,,,,
RestaurantSitDown Kitchen_Exhaust_SCH,Equipment,,Default|WntrDsn|SmrDsn|Sun|Wkdy,41640,42004,Hourly,0,0,0,0,0,0,1,1,1,1,1,1,1,1,1,1,1,1,1,1,1,1,1,1,From DOE Prototype Buildings,,,,,,,,,,,,,,,,,,,,,,,,,,,,,,,,,,,,,,,,,,,,,,,,,,,,,,,,,,,,,,,,,,,
RestaurantSitDown MaxRelHumSetSch,Unknown,,Default|WntrDsn|SmrDsn,41640,42004,Constant,60,,,,,,,,,,,,,,,,,,,,,,,,From DOE Prototype Buildings,,,,,,,,,,,,,,,,,,,,,,,,,,,,,,,,,,,,,,,,,,,,,,,,,,,,,,,,,,,,,,,,,,,
RestaurantSitDown MinOA_FFKitch_Sched,OA Air,,Default|SmrDsn|Sat|Wkdy,41640,42004,Hourly,0,0,0,0,0,0,0.65,0.65,0.65,0.65,0.65,0.65,0.65,0.65,0.65,0.65,0.65,0.65,0.65,0.65,0.65,0.65,0.65,0.65,From DOE Prototype Buildings,,,,,,,,,,,,,,,,,,,,,,,,,,,,,,,,,,,,,,,,,,,,,,,,,,,,,,,,,,,,,,,,,,,
RestaurantSitDown MinOA_FFKitch_Sched,OA Air,,WntrDsn,41640,42004,Constant,0.65,,,,,,,,,,,,,,,,,,,,,,,,From DOE Prototype Buildings,,,,,,,,,,,,,,,,,,,,,,,,,,,,,,,,,,,,,,,,,,,,,,,,,,,,,,,,,,,,,,,,,,,
RestaurantSitDown MinOA_MotorizedDamper_Sched,OA Air,,Default|SmrDsn|Sat|Wkdy,41640,42004,Hourly,1,0,0,0,0,0,1,1,1,1,1,1,1,1,1,1,1,1,1,1,1,1,1,1,From DOE Prototype Buildings,,,,,,,,,,,,,,,,,,,,,,,,,,,,,,,,,,,,,,,,,,,,,,,,,,,,,,,,,,,,,,,,,,,
RestaurantSitDown MinOA_MotorizedDamper_Sched,OA Air,,WntrDsn,41640,42004,Constant,1,,,,,,,,,,,,,,,,,,,,,,,,From DOE Prototype Buildings,,,,,,,,,,,,,,,,,,,,,,,,,,,,,,,,,,,,,,,,,,,,,,,,,,,,,,,,,,,,,,,,,,,
RestaurantSitDown MinOA_Sched,OA Air,,Default|WntrDsn|SmrDsn,41640,42004,Constant,1,,,,,,,,,,,,,,,,,,,,,,,,From DOE Prototype Buildings,,,,,,,,,,,,,,,,,,,,,,,,,,,,,,,,,,,,,,,,,,,,,,,,,,,,,,,,,,,,,,,,,,,
RestaurantSitDown MinOA_SDKitch_Sched,OA Air,,Default|SmrDsn|Sat|Wkdy,41640,42004,Hourly,0,0,0,0,0,0,1,1,1,1,1,1,1,1,1,1,1,1,1,1,1,1,1,1,From DOE Prototype Buildings,,,,,,,,,,,,,,,,,,,,,,,,,,,,,,,,,,,,,,,,,,,,,,,,,,,,,,,,,,,,,,,,,,,
RestaurantSitDown MinOA_SDKitch_Sched,OA Air,,WntrDsn,41640,42004,Constant,1,,,,,,,,,,,,,,,,,,,,,,,,From DOE Prototype Buildings,,,,,,,,,,,,,,,,,,,,,,,,,,,,,,,,,,,,,,,,,,,,,,,,,,,,,,,,,,,,,,,,,,,
RestaurantSitDown MinRelHumSetSch,Unknown,,Default|WntrDsn|SmrDsn,41640,42004,Constant,30,,,,,,,,,,,,,,,,,,,,,,,,From DOE Prototype Buildings,,,,,,,,,,,,,,,,,,,,,,,,,,,,,,,,,,,,,,,,,,,,,,,,,,,,,,,,,,,,,,,,,,,
RestaurantSitDown PlantOnSched,Unknown,,Default|WntrDsn|SmrDsn,41640,42004,Constant,1,,,,,,,,,,,,,,,,,,,,,,,,From DOE Prototype Buildings,,,,,,,,,,,,,,,,,,,,,,,,,,,,,,,,,,,,,,,,,,,,,,,,,,,,,,,,,,,,,,,,,,,
RestaurantSitDown Rest_GAS_EQUIP_SCH,Equipment,,Default|Sat|Wkdy,41640,42004,Hourly,0.03,0.02,0.03,0.02,0.05,0.12,0.13,0.15,0.18,0.21,0.26,0.29,0.27,0.25,0.23,0.23,0.26,0.26,0.24,0.22,0.2,0.18,0.09,0.03,From DOE Prototype Buildings,,,,,,,,,,,,,,,,,,,,,,,,,,,,,,,,,,,,,,,,,,,,,,,,,,,,,,,,,,,,,,,,,,,
RestaurantSitDown Rest_GAS_EQUIP_SCH,Equipment,,SmrDsn,41640,42004,Constant,0.29,,,,,,,,,,,,,,,,,,,,,,,,From DOE Prototype Buildings,,,,,,,,,,,,,,,,,,,,,,,,,,,,,,,,,,,,,,,,,,,,,,,,,,,,,,,,,,,,,,,,,,,
RestaurantSitDown Rest_GAS_EQUIP_SCH,Equipment,,WntrDsn,41640,42004,Constant,0,,,,,,,,,,,,,,,,,,,,,,,,From DOE Prototype Buildings,,,,,,,,,,,,,,,,,,,,,,,,,,,,,,,,,,,,,,,,,,,,,,,,,,,,,,,,,,,,,,,,,,,
RestaurantSitDown Seasonal-Reset-Supply-Air-Temp-Sch,Unknown,C,Default|WntrDsn|SmrDsn,41640,42004,Constant,13,,,,,,,,,,,,,,,,,,,,,,,,From DOE Prototype Buildings,,,,,,,,,,,,,,,,,,,,,,,,,,,,,,,,,,,,,,,,,,,,,,,,,,,,,,,,,,,,,,,,,,,
RestaurantSitDown Seasonal-Reset-Supply-Air-Temp-Sch,Unknown,C,Wknd|Wkdy,41913,42004,Constant,13,,,,,,,,,,,,,,,,,,,,,,,,From DOE Prototype Buildings,,,,,,,,,,,,,,,,,,,,,,,,,,,,,,,,,,,,,,,,,,,,,,,,,,,,,,,,,,,,,,,,,,,
RestaurantSitDown Seasonal-Reset-Supply-Air-Temp-Sch,Unknown,C,Wknd|Wkdy,41640,41729,Constant,13,,,,,,,,,,,,,,,,,,,,,,,,From DOE Prototype Buildings,,,,,,,,,,,,,,,,,,,,,,,,,,,,,,,,,,,,,,,,,,,,,,,,,,,,,,,,,,,,,,,,,,,
RestaurantSitDown SHADING_SCH,Unknown,W,Default|WntrDsn|SmrDsn,41640,42004,Constant,0,,,,,,,,,,,,,,,,,,,,,,,,From DOE Prototype Buildings,,,,,,,,,,,,,,,,,,,,,,,,,,,,,,,,,,,,,,,,,,,,,,,,,,,,,,,,,,,,,,,,,,,
RestaurantSitDown SWHSys1 Water Heater Ambient Temperature Schedule Name,Service Water Heating,C,Default|WntrDsn|SmrDsn,41640,42004,Constant,22,,,,,,,,,,,,,,,,,,,,,,,,From DOE Prototype Buildings,,,,,,,,,,,,,,,,,,,,,,,,,,,,,,,,,,,,,,,,,,,,,,,,,,,,,,,,,,,,,,,,,,,
RestaurantSitDown SWHSys1 Water Heater Setpoint Temperature Schedule Name,Service Water Heating,C,Default|WntrDsn|SmrDsn,41640,42004,Constant,60,,,,,,,,,,,,,,,,,,,,,,,,From DOE Prototype Buildings,,,,,,,,,,,,,,,,,,,,,,,,,,,,,,,,,,,,,,,,,,,,,,,,,,,,,,,,,,,,,,,,,,,
RestaurantSitDown SWHSys1-Loop-Temp-Schedule,Service Water Heating,C,Default|WntrDsn|SmrDsn,41640,42004,Constant,60,,,,,,,,,,,,,,,,,,,,,,,,From DOE Prototype Buildings,,,,,,,,,,,,,,,,,,,,,,,,,,,,,,,,,,,,,,,,,,,,,,,,,,,,,,,,,,,,,,,,,,,
RestaurantSitDown VESTIBULE_DOOR_INFIL_SCH,Infiltration,,Default,41640,42004,Hourly,0,0,0,0,0,0,0.131,0.542,0.542,0.241,0.241,0.345,0.542,0.542,0.345,0.241,0.345,0.445,0.542,0.637,0.73,0.445,0.241,0.241,From DOE Prototype Buildings,,,,,,,,,,,,,,,,,,,,,,,,,,,,,,,,,,,,,,,,,,,,,,,,,,,,,,,,,,,,,,,,,,,
RestaurantSitDown VESTIBULE_DOOR_INFIL_SCH,Infiltration,,Sat,41640,42004,Hourly,0,0,0,0,0,0,0.131,0.542,0.542,0.445,0.241,0.445,0.542,0.542,0.445,0.345,0.345,0.345,0.73,0.911,0.73,0.637,0.542,0.345,From DOE Prototype Buildings,,,,,,,,,,,,,,,,,,,,,,,,,,,,,,,,,,,,,,,,,,,,,,,,,,,,,,,,,,,,,,,,,,,
RestaurantSitDown VESTIBULE_DOOR_INFIL_SCH,Infiltration,,SmrDsn,41640,42004,Constant,1,,,,,,,,,,,,,,,,,,,,,,,,From DOE Prototype Buildings,,,,,,,,,,,,,,,,,,,,,,,,,,,,,,,,,,,,,,,,,,,,,,,,,,,,,,,,,,,,,,,,,,,
RestaurantSitDown VESTIBULE_DOOR_INFIL_SCH,Infiltration,,Wkdy,41640,42004,Hourly,0,0,0,0,0,0,0.131,0.445,0.445,0.445,0.241,0.542,0.821,0.73,0.445,0.241,0.345,0.542,0.821,0.821,0.821,0.542,0.345,0.241,From DOE Prototype Buildings,,,,,,,,,,,,,,,,,,,,,,,,,,,,,,,,,,,,,,,,,,,,,,,,,,,,,,,,,,,,,,,,,,,
RestaurantSitDown VESTIBULE_DOOR_INFIL_SCH,Infiltration,,WntrDsn,41640,42004,Constant,0,,,,,,,,,,,,,,,,,,,,,,,,From DOE Prototype Buildings,,,,,,,,,,,,,,,,,,,,,,,,,,,,,,,,,,,,,,,,,,,,,,,,,,,,,,,,,,,,,,,,,,,
RestaurantSitDown walkin_occ_lght_SCH,Occupancy,,Default,41640,42004,Hourly,0.2,0.15,0.15,0.15,0.15,0.15,0.156,0.156,0.312,0.312,0.416,0.416,0.416,0.416,0.416,0.416,0.416,0.468,0.468,0.468,0.468,0.468,0.26,0.156,From DOE Prototype Buildings,,,,,,,,,,,,,,,,,,,,,,,,,,,,,,,,,,,,,,,,,,,,,,,,,,,,,,,,,,,,,,,,,,,
RestaurantSitDown walkin_occ_lght_SCH,Occupancy,,SmrDsn,41640,42004,Constant,1,,,,,,,,,,,,,,,,,,,,,,,,From DOE Prototype Buildings,,,,,,,,,,,,,,,,,,,,,,,,,,,,,,,,,,,,,,,,,,,,,,,,,,,,,,,,,,,,,,,,,,,
RestaurantSitDown walkin_occ_lght_SCH,Occupancy,,Sun|Wkdy,41640,42004,Hourly,0.2,0.15,0.15,0.15,0.15,0.15,0.156,0.156,0.26,0.26,0.364,0.364,0.364,0.364,0.364,0.364,0.312,0.312,0.312,0.312,0.312,0.312,0.26,0.156,From DOE Prototype Buildings,,,,,,,,,,,,,,,,,,,,,,,,,,,,,,,,,,,,,,,,,,,,,,,,,,,,,,,,,,,,,,,,,,,
RestaurantSitDown walkin_occ_lght_SCH,Occupancy,,WntrDsn,41640,42004,Constant,0,,,,,,,,,,,,,,,,,,,,,,,,From DOE Prototype Buildings,,,,,,,,,,,,,,,,,,,,,,,,,,,,,,,,,,,,,,,,,,,,,,,,,,,,,,,,,,,,,,,,,,,
RestaurantSitDown WORK_EFF_SCH,Unknown,,Default|WntrDsn|SmrDsn,41640,42004,Constant,0,,,,,,,,,,,,,,,,,,,,,,,,From DOE Prototype Buildings,,,,,,,,,,,,,,,,,,,,,,,,,,,,,,,,,,,,,,,,,,,,,,,,,,,,,,,,,,,,,,,,,,,
Retail Bldg Equip,Equipment,,Default,41640,42004,Hourly,0.2,0.2,0.2,0.2,0.2,0.2,0.2,0.4,0.7,0.9,0.9,0.9,0.9,0.9,0.9,0.9,0.9,0.9,0.8,0.8,0.7,0.4,0.2,0.2,From DOE Reference Buildings ,,,,,,,,,,,,,,,,,,,,,,,,,,,,,,,,,,,,,,,,,,,,,,,,,,,,,,,,,,,,,,,,,,,
Retail Bldg Equip,Equipment,,Sat,41640,42004,Hourly,0.15,0.15,0.15,0.15,0.15,0.15,0.15,0.3,0.5,0.8,0.9,0.9,0.9,0.9,0.9,0.9,0.9,0.9,0.7,0.5,0.5,0.3,0.15,0.15,From DOE Reference Buildings ,,,,,,,,,,,,,,,,,,,,,,,,,,,,,,,,,,,,,,,,,,,,,,,,,,,,,,,,,,,,,,,,,,,
Retail Bldg Equip,Equipment,,SmrDsn,41640,42004,Constant,1,,,,,,,,,,,,,,,,,,,,,,,,From DOE Reference Buildings ,,,,,,,,,,,,,,,,,,,,,,,,,,,,,,,,,,,,,,,,,,,,,,,,,,,,,,,,,,,,,,,,,,,
Retail Bldg Equip,Equipment,,Sun,41640,42004,Hourly,0.15,0.15,0.15,0.15,0.15,0.15,0.15,0.15,0.3,0.3,0.6,0.6,0.8,0.8,0.8,0.8,0.8,0.6,0.4,0.15,0.15,0.15,0.15,0.15,From DOE Reference Buildings ,,,,,,,,,,,,,,,,,,,,,,,,,,,,,,,,,,,,,,,,,,,,,,,,,,,,,,,,,,,,,,,,,,,
Retail Bldg Equip,Equipment,,WntrDsn,41640,42004,Constant,0,,,,,,,,,,,,,,,,,,,,,,,,From DOE Reference Buildings ,,,,,,,,,,,,,,,,,,,,,,,,,,,,,,,,,,,,,,,,,,,,,,,,,,,,,,,,,,,,,,,,,,,
Retail Bldg Light,Lighting,,Default,41640,42004,Hourly,0.05,0.05,0.05,0.05,0.05,0.05,0.05,0.2,0.5,0.9,0.9,0.9,0.9,0.9,0.9,0.9,0.9,0.9,0.6,0.6,0.5,0.2,0.05,0.05,From DOE Reference Buildings ,,,,,,,,,,,,,,,,,,,,,,,,,,,,,,,,,,,,,,,,,,,,,,,,,,,,,,,,,,,,,,,,,,,
Retail Bldg Light,Lighting,,Sat,41640,42004,Hourly,0.05,0.05,0.05,0.05,0.05,0.05,0.05,0.1,0.3,0.6,0.9,0.9,0.9,0.9,0.9,0.9,0.9,0.9,0.5,0.3,0.3,0.1,0.05,0.05,From DOE Reference Buildings ,,,,,,,,,,,,,,,,,,,,,,,,,,,,,,,,,,,,,,,,,,,,,,,,,,,,,,,,,,,,,,,,,,,
Retail Bldg Light,Lighting,,SmrDsn,41640,42004,Constant,1,,,,,,,,,,,,,,,,,,,,,,,,From DOE Reference Buildings ,,,,,,,,,,,,,,,,,,,,,,,,,,,,,,,,,,,,,,,,,,,,,,,,,,,,,,,,,,,,,,,,,,,
Retail Bldg Light,Lighting,,Sun,41640,42004,Hourly,0.05,0.05,0.05,0.05,0.05,0.05,0.05,0.05,0.1,0.1,0.4,0.4,0.6,0.6,0.6,0.6,0.6,0.4,0.2,0.05,0.05,0.05,0.05,0.05,From DOE Reference Buildings ,,,,,,,,,,,,,,,,,,,,,,,,,,,,,,,,,,,,,,,,,,,,,,,,,,,,,,,,,,,,,,,,,,,
Retail Bldg Light,Lighting,,WntrDsn,41640,42004,Constant,0,,,,,,,,,,,,,,,,,,,,,,,,From DOE Reference Buildings ,,,,,,,,,,,,,,,,,,,,,,,,,,,,,,,,,,,,,,,,,,,,,,,,,,,,,,,,,,,,,,,,,,,
Retail Bldg Occ,Occupancy,,Default,41640,42004,Hourly,0,0,0,0,0,0,0,0.1,0.2,0.5,0.5,0.7,0.7,0.7,0.7,0.8,0.7,0.5,0.5,0.3,0.3,0,0,0,From DOE Reference Buildings ,,,,,,,,,,,,,,,,,,,,,,,,,,,,,,,,,,,,,,,,,,,,,,,,,,,,,,,,,,,,,,,,,,,
Retail Bldg Occ,Occupancy,,Sat,41640,42004,Hourly,0,0,0,0,0,0,0,0.1,0.2,0.5,0.6,0.8,0.8,0.8,0.8,0.8,0.8,0.6,0.2,0.2,0.2,0.1,0,0,From DOE Reference Buildings ,,,,,,,,,,,,,,,,,,,,,,,,,,,,,,,,,,,,,,,,,,,,,,,,,,,,,,,,,,,,,,,,,,,
Retail Bldg Occ,Occupancy,,Sun,41640,42004,Hourly,0,0,0,0,0,0,0,0,0,0.1,0.2,0.2,0.4,0.4,0.4,0.4,0.4,0.2,0.1,0,0,0,0,0,From DOE Reference Buildings ,,,,,,,,,,,,,,,,,,,,,,,,,,,,,,,,,,,,,,,,,,,,,,,,,,,,,,,,,,,,,,,,,,,
Retail Bldg Occ,Occupancy,,WntrDsn|SmrDsn,41640,42004,Constant,1,,,,,,,,,,,,,,,,,,,,,,,,From DOE Reference Buildings ,,,,,,,,,,,,,,,,,,,,,,,,,,,,,,,,,,,,,,,,,,,,,,,,,,,,,,,,,,,,,,,,,,,
Retail ClgSetp,Thermostat Setpoint,C,Default|SmrDsn,41640,42004,Hourly,30,30,30,30,30,30,24,24,24,24,24,24,24,24,24,24,24,24,24,24,24,30,30,30,From DOE Reference Buildings ,,,,,,,,,,,,,,,,,,,,,,,,,,,,,,,,,,,,,,,,,,,,,,,,,,,,,,,,,,,,,,,,,,,
Retail ClgSetp,Thermostat Setpoint,C,Sat,41640,42004,Hourly,30,30,30,30,30,30,24,24,24,24,24,24,24,24,24,24,24,24,24,24,24,24,30,30,From DOE Reference Buildings ,,,,,,,,,,,,,,,,,,,,,,,,,,,,,,,,,,,,,,,,,,,,,,,,,,,,,,,,,,,,,,,,,,,
Retail ClgSetp,Thermostat Setpoint,C,Sun,41640,42004,Hourly,30,30,30,30,30,30,30,30,24,24,24,24,24,24,24,24,24,24,24,30,30,30,30,30,From DOE Reference Buildings ,,,,,,,,,,,,,,,,,,,,,,,,,,,,,,,,,,,,,,,,,,,,,,,,,,,,,,,,,,,,,,,,,,,
Retail ClgSetp,Thermostat Setpoint,C,WntrDsn,41640,42004,Constant,30,,,,,,,,,,,,,,,,,,,,,,,,From DOE Reference Buildings ,,,,,,,,,,,,,,,,,,,,,,,,,,,,,,,,,,,,,,,,,,,,,,,,,,,,,,,,,,,,,,,,,,,
Retail Clothing,Clothing,,Default|WntrDsn,41640,42004,Constant,1,,,,,,,,,,,,,,,,,,,,,,,,From DOE Reference Buildings ,,,,,,,,,,,,,,,,,,,,,,,,,,,,,,,,,,,,,,,,,,,,,,,,,,,,,,,,,,,,,,,,,,,
Retail Clothing,Clothing,,SmrDsn,41640,42004,Constant,0.5,,,,,,,,,,,,,,,,,,,,,,,,From DOE Reference Buildings ,,,,,,,,,,,,,,,,,,,,,,,,,,,,,,,,,,,,,,,,,,,,,,,,,,,,,,,,,,,,,,,,,,,
Retail Clothing,Clothing,,Wknd|Wkdy,41913,42004,Constant,1,,,,,,,,,,,,,,,,,,,,,,,,From DOE Reference Buildings ,,,,,,,,,,,,,,,,,,,,,,,,,,,,,,,,,,,,,,,,,,,,,,,,,,,,,,,,,,,,,,,,,,,
Retail Clothing,Clothing,,Wknd|Wkdy,41760,41912,Constant,0.5,,,,,,,,,,,,,,,,,,,,,,,,From DOE Reference Buildings ,,,,,,,,,,,,,,,,,,,,,,,,,,,,,,,,,,,,,,,,,,,,,,,,,,,,,,,,,,,,,,,,,,,
Retail FRONT ENTRY COOLING,Unknown,,Default|WntrDsn|SmrDsn,41640,42004,Constant,90,,,,,,,,,,,,,,,,,,,,,,,,From DOE Reference Buildings ,,,,,,,,,,,,,,,,,,,,,,,,,,,,,,,,,,,,,,,,,,,,,,,,,,,,,,,,,,,,,,,,,,,
Retail HtgSetp,Thermostat Setpoint,C,Default,41640,42004,Hourly,15.6,15.6,15.6,15.6,15.6,15.6,21,21,21,21,21,21,21,21,21,21,21,21,21,21,21,15.6,15.6,15.6,From DOE Reference Buildings ,,,,,,,,,,,,,,,,,,,,,,,,,,,,,,,,,,,,,,,,,,,,,,,,,,,,,,,,,,,,,,,,,,,
Retail HtgSetp,Thermostat Setpoint,C,Sat,41640,42004,Hourly,15.6,15.6,15.6,15.6,15.6,15.6,21,21,21,21,21,21,21,21,21,21,21,21,21,21,21,21,15.6,15.6,From DOE Reference Buildings ,,,,,,,,,,,,,,,,,,,,,,,,,,,,,,,,,,,,,,,,,,,,,,,,,,,,,,,,,,,,,,,,,,,
Retail HtgSetp,Thermostat Setpoint,C,SmrDsn,41640,42004,Constant,15.6,,,,,,,,,,,,,,,,,,,,,,,,From DOE Reference Buildings ,,,,,,,,,,,,,,,,,,,,,,,,,,,,,,,,,,,,,,,,,,,,,,,,,,,,,,,,,,,,,,,,,,,
Retail HtgSetp,Thermostat Setpoint,C,Sun,41640,42004,Hourly,15.6,15.6,15.6,15.6,15.6,15.6,15.6,15.6,21,21,21,21,21,21,21,21,21,21,21,15.6,15.6,15.6,15.6,15.6,From DOE Reference Buildings ,,,,,,,,,,,,,,,,,,,,,,,,,,,,,,,,,,,,,,,,,,,,,,,,,,,,,,,,,,,,,,,,,,,
Retail HtgSetp,Thermostat Setpoint,C,WntrDsn,41640,42004,Constant,21,,,,,,,,,,,,,,,,,,,,,,,,From DOE Reference Buildings ,,,,,,,,,,,,,,,,,,,,,,,,,,,,,,,,,,,,,,,,,,,,,,,,,,,,,,,,,,,,,,,,,,,
Retail INFIL FRONT,Infiltration,,Default|SmrDsn,41640,42004,Hourly,0.25,0.25,0.25,0.25,0.25,0.25,1,1,1,1,1,1,1,1,1,1,1,1,1,1,1,0.25,0.25,0.25,From DOE Reference Buildings ,,,,,,,,,,,,,,,,,,,,,,,,,,,,,,,,,,,,,,,,,,,,,,,,,,,,,,,,,,,,,,,,,,,
Retail INFIL FRONT,Infiltration,,Sat,41640,42004,Hourly,0.25,0.25,0.25,0.25,0.25,0.25,1,1,1,1,1,1,1,1,1,1,1,1,1,1,1,1,0.25,0.25,From DOE Reference Buildings ,,,,,,,,,,,,,,,,,,,,,,,,,,,,,,,,,,,,,,,,,,,,,,,,,,,,,,,,,,,,,,,,,,,
Retail INFIL FRONT,Infiltration,,Sun,41640,42004,Hourly,0.25,0.25,0.25,0.25,0.25,0.25,0.25,0.25,1,1,1,1,1,1,1,1,1,0.25,0.25,0.25,0.25,0.25,0.25,0.25,From DOE Reference Buildings ,,,,,,,,,,,,,,,,,,,,,,,,,,,,,,,,,,,,,,,,,,,,,,,,,,,,,,,,,,,,,,,,,,,
Retail INFIL FRONT,Infiltration,,WntrDsn,41640,42004,Constant,1,,,,,,,,,,,,,,,,,,,,,,,,From DOE Reference Buildings ,,,,,,,,,,,,,,,,,,,,,,,,,,,,,,,,,,,,,,,,,,,,,,,,,,,,,,,,,,,,,,,,,,,
Retail Infil Half On,Infiltration,,Default|SmrDsn,41640,42004,Hourly,1,1,1,1,1,1,0.5,0.5,0.5,0.5,0.5,0.5,0.5,0.5,0.5,0.5,0.5,0.5,0.5,0.5,0.5,1,1,1,From DOE Reference Buildings ,,,,,,,,,,,,,,,,,,,,,,,,,,,,,,,,,,,,,,,,,,,,,,,,,,,,,,,,,,,,,,,,,,,
Retail Infil Half On,Infiltration,,Sat,41640,42004,Hourly,1,1,1,1,1,1,0.5,0.5,0.5,0.5,0.5,0.5,0.5,0.5,0.5,0.5,0.5,0.5,0.5,0.5,0.5,0.5,1,1,From DOE Reference Buildings ,,,,,,,,,,,,,,,,,,,,,,,,,,,,,,,,,,,,,,,,,,,,,,,,,,,,,,,,,,,,,,,,,,,
Retail Infil Half On,Infiltration,,Sun,41640,42004,Hourly,1,1,1,1,1,1,1,1,0.5,0.5,0.5,0.5,0.5,0.5,0.5,0.5,0.5,1,1,1,1,1,1,1,From DOE Reference Buildings ,,,,,,,,,,,,,,,,,,,,,,,,,,,,,,,,,,,,,,,,,,,,,,,,,,,,,,,,,,,,,,,,,,,
Retail Infil Half On,Infiltration,,WntrDsn,41640,42004,Constant,1,,,,,,,,,,,,,,,,,,,,,,,,From DOE Reference Buildings ,,,,,,,,,,,,,,,,,,,,,,,,,,,,,,,,,,,,,,,,,,,,,,,,,,,,,,,,,,,,,,,,,,,
Retail Work Eff,Unknown,,Default|WntrDsn|SmrDsn,41640,42004,Constant,0,,,,,,,,,,,,,,,,,,,,,,,,From DOE Reference Buildings ,,,,,,,,,,,,,,,,,,,,,,,,,,,,,,,,,,,,,,,,,,,,,,,,,,,,,,,,,,,,,,,,,,,
RetailStandalone AIR_VELO_SCH,Unknown,W,Default|WntrDsn|SmrDsn,41640,42004,Constant,0.2,,,,,,,,,,,,,,,,,,,,,,,,From DOE Prototype Buildings,,,,,,,,,,,,,,,,,,,,,,,,,,,,,,,,,,,,,,,,,,,,,,,,,,,,,,,,,,,,,,,,,,,
RetailStandalone ALWAYS_OFF,Unknown,,Default|WntrDsn|SmrDsn,41640,42004,Constant,0,,,,,,,,,,,,,,,,,,,,,,,,From DOE Prototype Buildings,,,,,,,,,,,,,,,,,,,,,,,,,,,,,,,,,,,,,,,,,,,,,,,,,,,,,,,,,,,,,,,,,,,
RetailStandalone ALWAYS_ON,Unknown,,Default|WntrDsn|SmrDsn,41640,42004,Constant,1,,,,,,,,,,,,,,,,,,,,,,,,From DOE Prototype Buildings,,,,,,,,,,,,,,,,,,,,,,,,,,,,,,,,,,,,,,,,,,,,,,,,,,,,,,,,,,,,,,,,,,,
RetailStandalone BLDG_ELEVATORS,Elevator,,Default,41640,42004,Hourly,0,0,0,0,0,0,0,0,0,0.11,0.13,0.35,0.37,0.37,0.39,0.41,0.38,0.34,0.03,0,0,0,0,0,From DOE Prototype Buildings,,,,,,,,,,,,,,,,,,,,,,,,,,,,,,,,,,,,,,,,,,,,,,,,,,,,,,,,,,,,,,,,,,,
RetailStandalone BLDG_ELEVATORS,Elevator,,SmrDsn|Wkdy,41640,42004,Hourly,0,0,0,0,0,0,0,0.12,0.22,0.64,0.74,0.68,0.68,0.71,0.72,0.72,0.73,0.68,0.68,0.58,0.54,0,0,0,From DOE Prototype Buildings,,,,,,,,,,,,,,,,,,,,,,,,,,,,,,,,,,,,,,,,,,,,,,,,,,,,,,,,,,,,,,,,,,,
RetailStandalone BLDG_ELEVATORS,Elevator,,WntrDsn|Sat,41640,42004,Hourly,0,0,0,0,0,0,0,0.09,0.21,0.56,0.66,0.68,0.68,0.69,0.7,0.69,0.66,0.58,0.47,0.43,0.43,0.08,0,0,From DOE Prototype Buildings,,,,,,,,,,,,,,,,,,,,,,,,,,,,,,,,,,,,,,,,,,,,,,,,,,,,,,,,,,,,,,,,,,,
RetailStandalone BLDG_EQUIP_SCH,Equipment,,Default,41640,42004,Hourly,0.15,0.15,0.15,0.15,0.15,0.15,0.15,0.15,0.15,0.3,0.6,0.6,0.8,0.8,0.8,0.8,0.8,0.6,0.4,0.15,0.15,0.15,0.15,0.15,From DOE Prototype Buildings,,,,,,,,,,,,,,,,,,,,,,,,,,,,,,,,,,,,,,,,,,,,,,,,,,,,,,,,,,,,,,,,,,,
RetailStandalone BLDG_EQUIP_SCH,Equipment,,Sat,41640,42004,Hourly,0.15,0.15,0.15,0.15,0.15,0.15,0.15,0.3,0.5,0.8,0.9,0.9,0.9,0.9,0.9,0.9,0.9,0.9,0.7,0.5,0.5,0.3,0.15,0.15,From DOE Prototype Buildings,,,,,,,,,,,,,,,,,,,,,,,,,,,,,,,,,,,,,,,,,,,,,,,,,,,,,,,,,,,,,,,,,,,
RetailStandalone BLDG_EQUIP_SCH,Equipment,,SmrDsn,41640,42004,Constant,1,,,,,,,,,,,,,,,,,,,,,,,,From DOE Prototype Buildings,,,,,,,,,,,,,,,,,,,,,,,,,,,,,,,,,,,,,,,,,,,,,,,,,,,,,,,,,,,,,,,,,,,
RetailStandalone BLDG_EQUIP_SCH,Equipment,,Wkdy,41640,42004,Hourly,0.2,0.2,0.2,0.2,0.2,0.2,0.2,0.4,0.6,0.9,0.9,0.9,0.9,0.9,0.9,0.9,0.9,0.9,0.9,0.7,0.7,0.2,0.2,0.2,From DOE Prototype Buildings,,,,,,,,,,,,,,,,,,,,,,,,,,,,,,,,,,,,,,,,,,,,,,,,,,,,,,,,,,,,,,,,,,,
RetailStandalone BLDG_EQUIP_SCH,Equipment,,WntrDsn,41640,42004,Constant,0,,,,,,,,,,,,,,,,,,,,,,,,From DOE Prototype Buildings,,,,,,,,,,,,,,,,,,,,,,,,,,,,,,,,,,,,,,,,,,,,,,,,,,,,,,,,,,,,,,,,,,,
RetailStandalone BLDG_LIGHT_BACK_SCH,Lighting,,Default,41640,42004,Hourly,0.05,0.05,0.05,0.05,0.05,0.05,0.05,0.05,0.05,0.1,0.4,0.4,0.6,0.6,0.6,0.6,0.6,0.4,0.2,0.05,0.05,0.05,0.05,0.05,From DOE Prototype Buildings,,,,,,,,,,,,,,,,,,,,,,,,,,,,,,,,,,,,,,,,,,,,,,,,,,,,,,,,,,,,,,,,,,,
RetailStandalone BLDG_LIGHT_BACK_SCH,Lighting,,Sat,41640,42004,Hourly,0.05,0.05,0.05,0.05,0.05,0.05,0.05,0.1,0.3,0.6,0.9,0.9,0.9,0.9,0.9,0.9,0.9,0.9,0.5,0.3,0.3,0.1,0.05,0.05,From DOE Prototype Buildings,,,,,,,,,,,,,,,,,,,,,,,,,,,,,,,,,,,,,,,,,,,,,,,,,,,,,,,,,,,,,,,,,,,
RetailStandalone BLDG_LIGHT_BACK_SCH,Lighting,,SmrDsn,41640,42004,Constant,1,,,,,,,,,,,,,,,,,,,,,,,,From DOE Prototype Buildings,,,,,,,,,,,,,,,,,,,,,,,,,,,,,,,,,,,,,,,,,,,,,,,,,,,,,,,,,,,,,,,,,,,
RetailStandalone BLDG_LIGHT_BACK_SCH,Lighting,,Wkdy,41640,42004,Hourly,0.05,0.05,0.05,0.05,0.05,0.05,0.05,0.2,0.4,0.9,0.9,0.9,0.9,0.9,0.9,0.9,0.9,0.9,0.5,0.5,0.5,0.2,0.05,0.05,From DOE Prototype Buildings,,,,,,,,,,,,,,,,,,,,,,,,,,,,,,,,,,,,,,,,,,,,,,,,,,,,,,,,,,,,,,,,,,,
RetailStandalone BLDG_LIGHT_BACK_SCH,Lighting,,WntrDsn,41640,42004,Constant,0,,,,,,,,,,,,,,,,,,,,,,,,From DOE Prototype Buildings,,,,,,,,,,,,,,,,,,,,,,,,,,,,,,,,,,,,,,,,,,,,,,,,,,,,,,,,,,,,,,,,,,,
RetailStandalone BLDG_LIGHT_ENTRY_SCH,Lighting,,Default,41640,42004,Hourly,0.05,0.05,0.05,0.05,0.05,0.05,0.05,0.05,0.05,0.1,0.4,0.4,0.6,0.6,0.6,0.6,0.6,0.4,0.2,0.05,0.05,0.05,0.05,0.05,From DOE Prototype Buildings,,,,,,,,,,,,,,,,,,,,,,,,,,,,,,,,,,,,,,,,,,,,,,,,,,,,,,,,,,,,,,,,,,,
RetailStandalone BLDG_LIGHT_ENTRY_SCH,Lighting,,Sat,41640,42004,Hourly,0.05,0.05,0.05,0.05,0.05,0.05,0.05,0.1,0.3,0.6,0.9,0.9,0.9,0.9,0.9,0.9,0.9,0.9,0.5,0.3,0.3,0.1,0.05,0.05,From DOE Prototype Buildings,,,,,,,,,,,,,,,,,,,,,,,,,,,,,,,,,,,,,,,,,,,,,,,,,,,,,,,,,,,,,,,,,,,
RetailStandalone BLDG_LIGHT_ENTRY_SCH,Lighting,,SmrDsn,41640,42004,Constant,1,,,,,,,,,,,,,,,,,,,,,,,,From DOE Prototype Buildings,,,,,,,,,,,,,,,,,,,,,,,,,,,,,,,,,,,,,,,,,,,,,,,,,,,,,,,,,,,,,,,,,,,
RetailStandalone BLDG_LIGHT_ENTRY_SCH,Lighting,,Wkdy,41640,42004,Hourly,0.05,0.05,0.05,0.05,0.05,0.05,0.05,0.2,0.4,0.9,0.9,0.9,0.9,0.9,0.9,0.9,0.9,0.9,0.5,0.5,0.5,0.2,0.05,0.05,From DOE Prototype Buildings,,,,,,,,,,,,,,,,,,,,,,,,,,,,,,,,,,,,,,,,,,,,,,,,,,,,,,,,,,,,,,,,,,,
RetailStandalone BLDG_LIGHT_ENTRY_SCH,Lighting,,WntrDsn,41640,42004,Constant,0,,,,,,,,,,,,,,,,,,,,,,,,From DOE Prototype Buildings,,,,,,,,,,,,,,,,,,,,,,,,,,,,,,,,,,,,,,,,,,,,,,,,,,,,,,,,,,,,,,,,,,,
RetailStandalone BLDG_LIGHT_FRONT_SCH,Lighting,,Default,41640,42004,Hourly,0.05,0.05,0.05,0.05,0.05,0.05,0.05,0.05,0.05,0.1,0.4,0.4,0.6,0.6,0.6,0.6,0.6,0.4,0.2,0.05,0.05,0.05,0.05,0.05,From DOE Prototype Buildings,,,,,,,,,,,,,,,,,,,,,,,,,,,,,,,,,,,,,,,,,,,,,,,,,,,,,,,,,,,,,,,,,,,
RetailStandalone BLDG_LIGHT_FRONT_SCH,Lighting,,Sat,41640,42004,Hourly,0.05,0.05,0.05,0.05,0.05,0.05,0.05,0.1,0.3,0.6,0.9,0.9,0.9,0.9,0.9,0.9,0.9,0.9,0.5,0.3,0.3,0.1,0.05,0.05,From DOE Prototype Buildings,,,,,,,,,,,,,,,,,,,,,,,,,,,,,,,,,,,,,,,,,,,,,,,,,,,,,,,,,,,,,,,,,,,
RetailStandalone BLDG_LIGHT_FRONT_SCH,Lighting,,SmrDsn,41640,42004,Constant,1,,,,,,,,,,,,,,,,,,,,,,,,From DOE Prototype Buildings,,,,,,,,,,,,,,,,,,,,,,,,,,,,,,,,,,,,,,,,,,,,,,,,,,,,,,,,,,,,,,,,,,,
RetailStandalone BLDG_LIGHT_FRONT_SCH,Lighting,,Wkdy,41640,42004,Hourly,0.05,0.05,0.05,0.05,0.05,0.05,0.05,0.2,0.4,0.9,0.9,0.9,0.9,0.9,0.9,0.9,0.9,0.9,0.5,0.5,0.5,0.2,0.05,0.05,From DOE Prototype Buildings,,,,,,,,,,,,,,,,,,,,,,,,,,,,,,,,,,,,,,,,,,,,,,,,,,,,,,,,,,,,,,,,,,,
RetailStandalone BLDG_LIGHT_FRONT_SCH,Lighting,,WntrDsn,41640,42004,Constant,0,,,,,,,,,,,,,,,,,,,,,,,,From DOE Prototype Buildings,,,,,,,,,,,,,,,,,,,,,,,,,,,,,,,,,,,,,,,,,,,,,,,,,,,,,,,,,,,,,,,,,,,
RetailStandalone BLDG_LIGHT_SCH,Lighting,,Default,41640,42004,Hourly,0.05,0.05,0.05,0.05,0.05,0.05,0.05,0.05,0.05,0.1,0.4,0.4,0.6,0.6,0.6,0.6,0.6,0.4,0.2,0.05,0.05,0.05,0.05,0.05,From DOE Prototype Buildings,,,,,,,,,,,,,,,,,,,,,,,,,,,,,,,,,,,,,,,,,,,,,,,,,,,,,,,,,,,,,,,,,,,
RetailStandalone BLDG_LIGHT_SCH,Lighting,,Sat,41640,42004,Hourly,0.05,0.05,0.05,0.05,0.05,0.05,0.05,0.1,0.3,0.6,0.9,0.9,0.9,0.9,0.9,0.9,0.9,0.9,0.5,0.3,0.3,0.1,0.05,0.05,From DOE Prototype Buildings,,,,,,,,,,,,,,,,,,,,,,,,,,,,,,,,,,,,,,,,,,,,,,,,,,,,,,,,,,,,,,,,,,,
RetailStandalone BLDG_LIGHT_SCH,Lighting,,SmrDsn,41640,42004,Constant,1,,,,,,,,,,,,,,,,,,,,,,,,From DOE Prototype Buildings,,,,,,,,,,,,,,,,,,,,,,,,,,,,,,,,,,,,,,,,,,,,,,,,,,,,,,,,,,,,,,,,,,,
RetailStandalone BLDG_LIGHT_SCH,Lighting,,Wkdy,41640,42004,Hourly,0.05,0.05,0.05,0.05,0.05,0.05,0.05,0.2,0.4,0.9,0.9,0.9,0.9,0.9,0.9,0.9,0.9,0.9,0.5,0.5,0.5,0.2,0.05,0.05,From DOE Prototype Buildings,,,,,,,,,,,,,,,,,,,,,,,,,,,,,,,,,,,,,,,,,,,,,,,,,,,,,,,,,,,,,,,,,,,
RetailStandalone BLDG_LIGHT_SCH,Lighting,,WntrDsn,41640,42004,Constant,0,,,,,,,,,,,,,,,,,,,,,,,,From DOE Prototype Buildings,,,,,,,,,,,,,,,,,,,,,,,,,,,,,,,,,,,,,,,,,,,,,,,,,,,,,,,,,,,,,,,,,,,
RetailStandalone BLDG_OCC_SCH,Occupancy,,Default,41640,42004,Hourly,0,0,0,0,0,0,0,0,0,0.1,0.2,0.2,0.4,0.4,0.4,0.4,0.4,0.2,0.1,0,0,0,0,0,From DOE Prototype Buildings,,,,,,,,,,,,,,,,,,,,,,,,,,,,,,,,,,,,,,,,,,,,,,,,,,,,,,,,,,,,,,,,,,,
RetailStandalone BLDG_OCC_SCH,Occupancy,,Sat,41640,42004,Hourly,0,0,0,0,0,0,0,0.1,0.2,0.5,0.6,0.8,0.8,0.8,0.8,0.8,0.8,0.6,0.2,0.2,0.2,0.1,0,0,From DOE Prototype Buildings,,,,,,,,,,,,,,,,,,,,,,,,,,,,,,,,,,,,,,,,,,,,,,,,,,,,,,,,,,,,,,,,,,,
RetailStandalone BLDG_OCC_SCH,Occupancy,,SmrDsn,41640,42004,Constant,1,,,,,,,,,,,,,,,,,,,,,,,,From DOE Prototype Buildings,,,,,,,,,,,,,,,,,,,,,,,,,,,,,,,,,,,,,,,,,,,,,,,,,,,,,,,,,,,,,,,,,,,
RetailStandalone BLDG_OCC_SCH,Occupancy,,Wkdy,41640,42004,Hourly,0,0,0,0,0,0,0,0.1,0.2,0.5,0.5,0.7,0.7,0.7,0.7,0.8,0.7,0.5,0.5,0.3,0.3,0,0,0,From DOE Prototype Buildings,,,,,,,,,,,,,,,,,,,,,,,,,,,,,,,,,,,,,,,,,,,,,,,,,,,,,,,,,,,,,,,,,,,
RetailStandalone BLDG_OCC_SCH,Occupancy,,WntrDsn,41640,42004,Constant,0,,,,,,,,,,,,,,,,,,,,,,,,From DOE Prototype Buildings,,,,,,,,,,,,,,,,,,,,,,,,,,,,,,,,,,,,,,,,,,,,,,,,,,,,,,,,,,,,,,,,,,,
RetailStandalone BLDG_OCC_SCH_2010,Occupancy,,Default,41640,42004,Hourly,0,0,0,0,0,0,0,0,0,0.1,0.2,0.2,0.4,0.4,0.4,0.4,0.4,0.2,0.1,0,0,0,0,0,From DOE Prototype Buildings,,,,,,,,,,,,,,,,,,,,,,,,,,,,,,,,,,,,,,,,,,,,,,,,,,,,,,,,,,,,,,,,,,,
RetailStandalone BLDG_OCC_SCH_2010,Occupancy,,Sat,41640,42004,Hourly,0,0,0,0,0,0,0,0.1,0.2,0.5,0.6,0.8,0.8,0.8,0.8,0.8,0.8,0.6,0.2,0.2,0.2,0.1,0,0,From DOE Prototype Buildings,,,,,,,,,,,,,,,,,,,,,,,,,,,,,,,,,,,,,,,,,,,,,,,,,,,,,,,,,,,,,,,,,,,
RetailStandalone BLDG_OCC_SCH_2010,Occupancy,,SmrDsn,41640,42004,Constant,1,,,,,,,,,,,,,,,,,,,,,,,,From DOE Prototype Buildings,,,,,,,,,,,,,,,,,,,,,,,,,,,,,,,,,,,,,,,,,,,,,,,,,,,,,,,,,,,,,,,,,,,
RetailStandalone BLDG_OCC_SCH_2010,Occupancy,,Wkdy,41640,42004,Hourly,0,0,0,0,0,0,0,0.1,0.2,0.5,0.5,0.7,0.7,0.7,0.7,0.8,0.7,0.5,0.5,0.3,0.3,0,0,0,From DOE Prototype Buildings,,,,,,,,,,,,,,,,,,,,,,,,,,,,,,,,,,,,,,,,,,,,,,,,,,,,,,,,,,,,,,,,,,,
RetailStandalone BLDG_OCC_SCH_2010,Occupancy,,WntrDsn,41640,42004,Constant,0,,,,,,,,,,,,,,,,,,,,,,,,From DOE Prototype Buildings,,,,,,,,,,,,,,,,,,,,,,,,,,,,,,,,,,,,,,,,,,,,,,,,,,,,,,,,,,,,,,,,,,,
RetailStandalone BLDG_SWH_SCH,Service Water Heating,,Default,41640,42004,Hourly,0,0,0,0,0,0,0,0,0,0.14,0.29,0.31,0.36,0.36,0.34,0.35,0.37,0.34,0.25,0,0,0,0,0,From DOE Prototype Buildings,,,,,,,,,,,,,,,,,,,,,,,,,,,,,,,,,,,,,,,,,,,,,,,,,,,,,,,,,,,,,,,,,,,
RetailStandalone BLDG_SWH_SCH,Service Water Heating,,SmrDsn|Wkdy,41640,42004,Hourly,0,0,0,0,0,0,0,0.15,0.23,0.32,0.41,0.57,0.62,0.61,0.5,0.45,0.46,0.47,0.42,0.34,0.33,0,0,0,From DOE Prototype Buildings,,,,,,,,,,,,,,,,,,,,,,,,,,,,,,,,,,,,,,,,,,,,,,,,,,,,,,,,,,,,,,,,,,,
RetailStandalone BLDG_SWH_SCH,Service Water Heating,,WntrDsn|Sat,41640,42004,Hourly,0,0,0,0,0,0,0,0.2,0.24,0.27,0.42,0.54,0.59,0.6,0.49,0.48,0.47,0.46,0.44,0.36,0.29,0.22,0,0,From DOE Prototype Buildings,,,,,,,,,,,,,,,,,,,,,,,,,,,,,,,,,,,,,,,,,,,,,,,,,,,,,,,,,,,,,,,,,,,
RetailStandalone CLGSETP_SCH_NO_OPTIMUM,Thermostat Setpoint,C,Default,41640,42004,Hourly,29.44,29.44,29.44,29.44,29.44,29.44,29.44,23.89,23.89,23.89,23.89,23.89,23.89,23.89,23.89,23.89,23.89,23.89,23.89,29.44,29.44,29.44,29.44,29.44,From DOE Prototype Buildings,,,,,,,,,,,,,,,,,,,,,,,,,,,,,,,,,,,,,,,,,,,,,,,,,,,,,,,,,,,,,,,,,,,
RetailStandalone CLGSETP_SCH_NO_OPTIMUM,Thermostat Setpoint,C,Sat,41640,42004,Hourly,29.44,29.44,29.44,29.44,29.44,23.89,23.89,23.89,23.89,23.89,23.89,23.89,23.89,23.89,23.89,23.89,23.89,23.89,23.89,23.89,23.89,23.89,29.44,29.44,From DOE Prototype Buildings,,,,,,,,,,,,,,,,,,,,,,,,,,,,,,,,,,,,,,,,,,,,,,,,,,,,,,,,,,,,,,,,,,,
RetailStandalone CLGSETP_SCH_NO_OPTIMUM,Thermostat Setpoint,C,SmrDsn,41640,42004,Hourly,29.44,29.44,29.44,29.44,29.44,29.44,26.67,23.89,23.89,23.89,23.89,23.89,23.89,23.89,23.89,23.89,23.89,23.89,23.89,23.89,23.89,29.44,29.44,29.44,From DOE Prototype Buildings,,,,,,,,,,,,,,,,,,,,,,,,,,,,,,,,,,,,,,,,,,,,,,,,,,,,,,,,,,,,,,,,,,,
RetailStandalone CLGSETP_SCH_NO_OPTIMUM,Thermostat Setpoint,C,Wkdy,41640,42004,Hourly,29.44,29.44,29.44,29.44,29.44,23.89,23.89,23.89,23.89,23.89,23.89,23.89,23.89,23.89,23.89,23.89,23.89,23.89,23.89,23.89,23.89,29.44,29.44,29.44,From DOE Prototype Buildings,,,,,,,,,,,,,,,,,,,,,,,,,,,,,,,,,,,,,,,,,,,,,,,,,,,,,,,,,,,,,,,,,,,
RetailStandalone CLGSETP_SCH_NO_OPTIMUM,Thermostat Setpoint,C,WntrDsn,41640,42004,Constant,29.44,,,,,,,,,,,,,,,,,,,,,,,,From DOE Prototype Buildings,,,,,,,,,,,,,,,,,,,,,,,,,,,,,,,,,,,,,,,,,,,,,,,,,,,,,,,,,,,,,,,,,,,
RetailStandalone CLGSETP_SCH_NO_SETBACK,Thermostat Setpoint,C,Default|Sat|Wkdy,41640,42004,Constant,23.89,,,,,,,,,,,,,,,,,,,,,,,,From DOE Prototype Buildings,,,,,,,,,,,,,,,,,,,,,,,,,,,,,,,,,,,,,,,,,,,,,,,,,,,,,,,,,,,,,,,,,,,
RetailStandalone CLGSETP_SCH_NO_SETBACK,Thermostat Setpoint,C,SmrDsn,41640,42004,Hourly,29.44,29.44,29.44,29.44,29.44,29.44,26.67,23.89,23.89,23.89,23.89,23.89,23.89,23.89,23.89,23.89,23.89,23.89,23.89,23.89,23.89,29.44,29.44,29.44,From DOE Prototype Buildings,,,,,,,,,,,,,,,,,,,,,,,,,,,,,,,,,,,,,,,,,,,,,,,,,,,,,,,,,,,,,,,,,,,
RetailStandalone CLGSETP_SCH_NO_SETBACK,Thermostat Setpoint,C,WntrDsn,41640,42004,Constant,29.44,,,,,,,,,,,,,,,,,,,,,,,,From DOE Prototype Buildings,,,,,,,,,,,,,,,,,,,,,,,,,,,,,,,,,,,,,,,,,,,,,,,,,,,,,,,,,,,,,,,,,,,
RetailStandalone CLGSETP_SCH_PSZ_AC_2,Thermostat Setpoint,C,Default,41640,42004,Hourly,29.44,29.44,29.44,29.44,29.44,29.44,29.44,23.89,23.89,23.89,23.89,23.89,23.89,23.89,23.89,23.89,23.89,23.89,23.89,29.44,29.44,29.44,29.44,29.44,From DOE Prototype Buildings,,,,,,,,,,,,,,,,,,,,,,,,,,,,,,,,,,,,,,,,,,,,,,,,,,,,,,,,,,,,,,,,,,,
RetailStandalone CLGSETP_SCH_PSZ_AC_2,Thermostat Setpoint,C,Sat,41640,42004,Hourly,29.44,29.44,29.44,29.44,29.44,23.89,23.89,23.89,23.89,23.89,23.89,23.89,23.89,23.89,23.89,23.89,23.89,23.89,23.89,23.89,23.89,23.89,29.44,29.44,From DOE Prototype Buildings,,,,,,,,,,,,,,,,,,,,,,,,,,,,,,,,,,,,,,,,,,,,,,,,,,,,,,,,,,,,,,,,,,,
RetailStandalone CLGSETP_SCH_PSZ_AC_2,Thermostat Setpoint,C,SmrDsn,41640,42004,Hourly,29.44,29.44,29.44,29.44,29.44,29.44,26.67,23.89,23.89,23.89,23.89,23.89,23.89,23.89,23.89,23.89,23.89,23.89,23.89,23.89,23.89,29.44,29.44,29.44,From DOE Prototype Buildings,,,,,,,,,,,,,,,,,,,,,,,,,,,,,,,,,,,,,,,,,,,,,,,,,,,,,,,,,,,,,,,,,,,
RetailStandalone CLGSETP_SCH_PSZ_AC_2,Thermostat Setpoint,C,Wkdy,41640,42004,Hourly,29.44,29.44,29.44,29.44,29.44,23.89,23.89,23.89,23.89,23.89,23.89,23.89,23.89,23.89,23.89,23.89,23.89,23.89,23.89,23.89,23.89,29.44,29.44,29.44,From DOE Prototype Buildings,,,,,,,,,,,,,,,,,,,,,,,,,,,,,,,,,,,,,,,,,,,,,,,,,,,,,,,,,,,,,,,,,,,
RetailStandalone CLGSETP_SCH_PSZ_AC_2,Thermostat Setpoint,C,WntrDsn,41640,42004,Constant,29.44,,,,,,,,,,,,,,,,,,,,,,,,From DOE Prototype Buildings,,,,,,,,,,,,,,,,,,,,,,,,,,,,,,,,,,,,,,,,,,,,,,,,,,,,,,,,,,,,,,,,,,,
RetailStandalone CLGSETP_SCH_YES_OPTIMUM,Thermostat Setpoint,C,Default,41640,42004,Hourly,29.44,29.44,29.44,29.44,29.44,29.44,29.44,27.8,25.6,23.89,23.89,23.89,23.89,23.89,23.89,23.89,23.89,23.89,23.89,29.44,29.44,29.44,29.44,29.44,From DOE Prototype Buildings,,,,,,,,,,,,,,,,,,,,,,,,,,,,,,,,,,,,,,,,,,,,,,,,,,,,,,,,,,,,,,,,,,,
RetailStandalone CLGSETP_SCH_YES_OPTIMUM,Thermostat Setpoint,C,Sat,41640,42004,Hourly,29.44,29.44,29.44,29.44,29.44,27.8,25.6,23.89,23.89,23.89,23.89,23.89,23.89,23.89,23.89,23.89,23.89,23.89,23.89,23.89,23.89,23.89,29.44,29.44,From DOE Prototype Buildings,,,,,,,,,,,,,,,,,,,,,,,,,,,,,,,,,,,,,,,,,,,,,,,,,,,,,,,,,,,,,,,,,,,
RetailStandalone CLGSETP_SCH_YES_OPTIMUM,Thermostat Setpoint,C,SmrDsn,41640,42004,Hourly,29.44,29.44,29.44,29.44,29.44,29.44,26.67,23.89,23.89,23.89,23.89,23.89,23.89,23.89,23.89,23.89,23.89,23.89,23.89,23.89,23.89,29.44,29.44,29.44,From DOE Prototype Buildings,,,,,,,,,,,,,,,,,,,,,,,,,,,,,,,,,,,,,,,,,,,,,,,,,,,,,,,,,,,,,,,,,,,
RetailStandalone CLGSETP_SCH_YES_OPTIMUM,Thermostat Setpoint,C,Wkdy,41640,42004,Hourly,29.44,29.44,29.44,29.44,29.44,27.8,25.6,23.89,23.89,23.89,23.89,23.89,23.89,23.89,23.89,23.89,23.89,23.89,23.89,23.89,23.89,29.44,29.44,29.44,From DOE Prototype Buildings,,,,,,,,,,,,,,,,,,,,,,,,,,,,,,,,,,,,,,,,,,,,,,,,,,,,,,,,,,,,,,,,,,,
RetailStandalone CLGSETP_SCH_YES_OPTIMUM,Thermostat Setpoint,C,WntrDsn,41640,42004,Constant,29.44,,,,,,,,,,,,,,,,,,,,,,,,From DOE Prototype Buildings,,,,,,,,,,,,,,,,,,,,,,,,,,,,,,,,,,,,,,,,,,,,,,,,,,,,,,,,,,,,,,,,,,,
RetailStandalone CLGSETP_SCH_YES_OPTIMUM_ORIGINAL,Thermostat Setpoint,C,Default,41640,42004,Hourly,29.44,29.44,29.44,29.44,29.44,29.44,29.44,27.8,25.6,23.89,23.89,23.89,23.89,23.89,23.89,23.89,23.89,23.89,23.89,29.44,29.44,29.44,29.44,29.44,From DOE Prototype Buildings,,,,,,,,,,,,,,,,,,,,,,,,,,,,,,,,,,,,,,,,,,,,,,,,,,,,,,,,,,,,,,,,,,,
RetailStandalone CLGSETP_SCH_YES_OPTIMUM_ORIGINAL,Thermostat Setpoint,C,Sat,41640,42004,Hourly,29.44,29.44,29.44,29.44,29.44,27.8,25.6,23.89,23.89,23.89,23.89,23.89,23.89,23.89,23.89,23.89,23.89,23.89,23.89,23.89,23.89,23.89,29.44,29.44,From DOE Prototype Buildings,,,,,,,,,,,,,,,,,,,,,,,,,,,,,,,,,,,,,,,,,,,,,,,,,,,,,,,,,,,,,,,,,,,
RetailStandalone CLGSETP_SCH_YES_OPTIMUM_ORIGINAL,Thermostat Setpoint,C,SmrDsn,41640,42004,Hourly,29.44,29.44,29.44,29.44,29.44,29.44,26.67,23.89,23.89,23.89,23.89,23.89,23.89,23.89,23.89,23.89,23.89,23.89,23.89,23.89,23.89,29.44,29.44,29.44,From DOE Prototype Buildings,,,,,,,,,,,,,,,,,,,,,,,,,,,,,,,,,,,,,,,,,,,,,,,,,,,,,,,,,,,,,,,,,,,
RetailStandalone CLGSETP_SCH_YES_OPTIMUM_ORIGINAL,Thermostat Setpoint,C,Wkdy,41640,42004,Hourly,29.44,29.44,29.44,29.44,29.44,27.8,25.6,23.89,23.89,23.89,23.89,23.89,23.89,23.89,23.89,23.89,23.89,23.89,23.89,23.89,23.89,29.44,29.44,29.44,From DOE Prototype Buildings,,,,,,,,,,,,,,,,,,,,,,,,,,,,,,,,,,,,,,,,,,,,,,,,,,,,,,,,,,,,,,,,,,,
RetailStandalone CLGSETP_SCH_YES_OPTIMUM_ORIGINAL,Thermostat Setpoint,C,WntrDsn,41640,42004,Constant,29.44,,,,,,,,,,,,,,,,,,,,,,,,From DOE Prototype Buildings,,,,,,,,,,,,,,,,,,,,,,,,,,,,,,,,,,,,,,,,,,,,,,,,,,,,,,,,,,,,,,,,,,,
RetailStandalone CLOTHING_SCH,Clothing,W,Default|SmrDsn,41640,42004,Constant,0.5,,,,,,,,,,,,,,,,,,,,,,,,From DOE Prototype Buildings,,,,,,,,,,,,,,,,,,,,,,,,,,,,,,,,,,,,,,,,,,,,,,,,,,,,,,,,,,,,,,,,,,,
RetailStandalone CLOTHING_SCH,Clothing,W,Wknd|Wkdy,41913,42004,Constant,1,,,,,,,,,,,,,,,,,,,,,,,,From DOE Prototype Buildings,,,,,,,,,,,,,,,,,,,,,,,,,,,,,,,,,,,,,,,,,,,,,,,,,,,,,,,,,,,,,,,,,,,
RetailStandalone CLOTHING_SCH,Clothing,W,Wknd|Wkdy,41640,41759,Constant,1,,,,,,,,,,,,,,,,,,,,,,,,From DOE Prototype Buildings,,,,,,,,,,,,,,,,,,,,,,,,,,,,,,,,,,,,,,,,,,,,,,,,,,,,,,,,,,,,,,,,,,,
RetailStandalone CLOTHING_SCH,Clothing,W,WntrDsn,41640,42004,Constant,1,,,,,,,,,,,,,,,,,,,,,,,,From DOE Prototype Buildings,,,,,,,,,,,,,,,,,,,,,,,,,,,,,,,,,,,,,,,,,,,,,,,,,,,,,,,,,,,,,,,,,,,
RetailStandalone CoolingCoilAvailSched,Unknown,,Default|WntrDsn|SmrDsn,41640,42004,Constant,1,,,,,,,,,,,,,,,,,,,,,,,,From DOE Prototype Buildings,,,,,,,,,,,,,,,,,,,,,,,,,,,,,,,,,,,,,,,,,,,,,,,,,,,,,,,,,,,,,,,,,,,
RetailStandalone CW-Loop-Temp-Schedule,Unknown,C,Default|WntrDsn|SmrDsn,41640,42004,Constant,6.7,,,,,,,,,,,,,,,,,,,,,,,,From DOE Prototype Buildings,,,,,,,,,,,,,,,,,,,,,,,,,,,,,,,,,,,,,,,,,,,,,,,,,,,,,,,,,,,,,,,,,,,
RetailStandalone Dual Zone Control Type Sched,Unknown,,Default|WntrDsn|SmrDsn,41640,42004,Constant,4,,,,,,,,,,,,,,,,,,,,,,,,From DOE Prototype Buildings,,,,,,,,,,,,,,,,,,,,,,,,,,,,,,,,,,,,,,,,,,,,,,,,,,,,,,,,,,,,,,,,,,,
RetailStandalone Exterior_Lgt_189_1,Unknown,,Default|WntrDsn|SmrDsn,41640,42004,Hourly,0.5,0.5,0.5,0.5,0.5,0.5,0.5,0.5,0.5,1,1,1,1,1,1,1,1,1,1,0.5,0.5,0.5,0.5,0.5,From DOE Prototype Buildings,,,,,,,,,,,,,,,,,,,,,,,,,,,,,,,,,,,,,,,,,,,,,,,,,,,,,,,,,,,,,,,,,,,
RetailStandalone Exterior_Lgt_ALWAYS_ON,Unknown,,Default|WntrDsn|SmrDsn,41640,42004,Constant,1,,,,,,,,,,,,,,,,,,,,,,,,From DOE Prototype Buildings,,,,,,,,,,,,,,,,,,,,,,,,,,,,,,,,,,,,,,,,,,,,,,,,,,,,,,,,,,,,,,,,,,,
RetailStandalone Exterior_lighting_schedule_a,Lighting,,Default|WntrDsn|SmrDsn,41640,42004,Hourly,0,0,0,0,0,0,1,1,1,1,1,1,1,1,1,1,1,1,1,1,1,1,1,1,From DOE Prototype Buildings,,,,,,,,,,,,,,,,,,,,,,,,,,,,,,,,,,,,,,,,,,,,,,,,,,,,,,,,,,,,,,,,,,,
RetailStandalone Exterior_lighting_schedule_b,Lighting,,Default|WntrDsn|SmrDsn,41640,42004,Hourly,0.7,0.7,0.7,0.7,0.7,0.7,1,1,1,1,1,1,1,1,1,1,1,1,1,1,1,1,1,1,From DOE Prototype Buildings,,,,,,,,,,,,,,,,,,,,,,,,,,,,,,,,,,,,,,,,,,,,,,,,,,,,,,,,,,,,,,,,,,,
RetailStandalone FAN_SCH,Unknown,,Default|WntrDsn|SmrDsn,41640,42004,Constant,1,,,,,,,,,,,,,,,,,,,,,,,,From DOE Prototype Buildings,,,,,,,,,,,,,,,,,,,,,,,,,,,,,,,,,,,,,,,,,,,,,,,,,,,,,,,,,,,,,,,,,,,
RetailStandalone FRONT_ENTRY_COOLING,Unknown,C,Default|WntrDsn|SmrDsn,41640,42004,Constant,100,,,,,,,,,,,,,,,,,,,,,,,,From DOE Prototype Buildings,,,,,,,,,,,,,,,,,,,,,,,,,,,,,,,,,,,,,,,,,,,,,,,,,,,,,,,,,,,,,,,,,,,
RetailStandalone FrontEntry_CoilSched,Unknown,,Default|WntrDsn|SmrDsn,41640,42004,Constant,1,,,,,,,,,,,,,,,,,,,,,,,,From DOE Prototype Buildings,,,,,,,,,,,,,,,,,,,,,,,,,,,,,,,,,,,,,,,,,,,,,,,,,,,,,,,,,,,,,,,,,,,
RetailStandalone FrontEntry_FanSched,Unknown,,Default|WntrDsn|SmrDsn,41640,42004,Constant,1,,,,,,,,,,,,,,,,,,,,,,,,From DOE Prototype Buildings,,,,,,,,,,,,,,,,,,,,,,,,,,,,,,,,,,,,,,,,,,,,,,,,,,,,,,,,,,,,,,,,,,,
RetailStandalone Heating-Supply-Air-Temp-Sch,Unknown,C,Default|WntrDsn|SmrDsn,41640,42004,Constant,16,,,,,,,,,,,,,,,,,,,,,,,,From DOE Prototype Buildings,,,,,,,,,,,,,,,,,,,,,,,,,,,,,,,,,,,,,,,,,,,,,,,,,,,,,,,,,,,,,,,,,,,
RetailStandalone Hot Water Setpoint Temp Schedule,Unknown,W,Default|WntrDsn|SmrDsn,41640,42004,Constant,60,,,,,,,,,,,,,,,,,,,,,,,,From DOE Prototype Buildings,,,,,,,,,,,,,,,,,,,,,,,,,,,,,,,,,,,,,,,,,,,,,,,,,,,,,,,,,,,,,,,,,,,
RetailStandalone Hours_of_operation,Operation,,Default,41640,42004,Hourly,0,0,0,0,0,0,0,0,1,1,1,1,1,1,1,1,1,1,1,0,0,0,0,0,From DOE Prototype Buildings,,,,,,,,,,,,,,,,,,,,,,,,,,,,,,,,,,,,,,,,,,,,,,,,,,,,,,,,,,,,,,,,,,,
RetailStandalone Hours_of_operation,Operation,,SmrDsn|Wkdy,41640,42004,Hourly,0,0,0,0,0,0,1,1,1,1,1,1,1,1,1,1,1,1,1,1,1,0,0,0,From DOE Prototype Buildings,,,,,,,,,,,,,,,,,,,,,,,,,,,,,,,,,,,,,,,,,,,,,,,,,,,,,,,,,,,,,,,,,,,
RetailStandalone Hours_of_operation,Operation,,WntrDsn|Sat,41640,42004,Hourly,0,0,0,0,0,0,1,1,1,1,1,1,1,1,1,1,1,1,1,1,1,1,0,0,From DOE Prototype Buildings,,,,,,,,,,,,,,,,,,,,,,,,,,,,,,,,,,,,,,,,,,,,,,,,,,,,,,,,,,,,,,,,,,,
RetailStandalone HTGSETP_SCH_FrontEntry_STD2013,Thermostat Setpoint,C,Default,41640,42004,Hourly,15.56,15.56,15.56,15.56,15.56,15.56,15.56,15.56,16,16,16,16,16,16,16,16,16,16,16,15.56,15.56,15.56,15.56,15.56,From DOE Prototype Buildings,,,,,,,,,,,,,,,,,,,,,,,,,,,,,,,,,,,,,,,,,,,,,,,,,,,,,,,,,,,,,,,,,,,
RetailStandalone HTGSETP_SCH_FrontEntry_STD2013,Thermostat Setpoint,C,Sat,41640,42004,Hourly,15.56,15.56,15.56,15.56,15.56,15.56,16,16,16,16,16,16,16,16,16,16,16,16,16,16,16,16,15.56,15.56,From DOE Prototype Buildings,,,,,,,,,,,,,,,,,,,,,,,,,,,,,,,,,,,,,,,,,,,,,,,,,,,,,,,,,,,,,,,,,,,
RetailStandalone HTGSETP_SCH_FrontEntry_STD2013,Thermostat Setpoint,C,SmrDsn,41640,42004,Constant,15.56,,,,,,,,,,,,,,,,,,,,,,,,From DOE Prototype Buildings,,,,,,,,,,,,,,,,,,,,,,,,,,,,,,,,,,,,,,,,,,,,,,,,,,,,,,,,,,,,,,,,,,,
RetailStandalone HTGSETP_SCH_FrontEntry_STD2013,Thermostat Setpoint,C,WntrDsn|Wkdy,41640,42004,Hourly,15.56,15.56,15.56,15.56,15.56,15.56,16,16,16,16,16,16,16,16,16,16,16,16,16,16,16,15.56,15.56,15.56,From DOE Prototype Buildings,,,,,,,,,,,,,,,,,,,,,,,,,,,,,,,,,,,,,,,,,,,,,,,,,,,,,,,,,,,,,,,,,,,
RetailStandalone HTGSETP_SCH_NO_OPTIMUM,Thermostat Setpoint,C,Default,41640,42004,Hourly,15.56,15.56,15.56,15.56,15.56,15.56,15.56,21.11,21.11,21.11,21.11,21.11,21.11,21.11,21.11,21.11,21.11,21.11,21.11,15.56,15.56,15.56,15.56,15.56,From DOE Prototype Buildings,,,,,,,,,,,,,,,,,,,,,,,,,,,,,,,,,,,,,,,,,,,,,,,,,,,,,,,,,,,,,,,,,,,
RetailStandalone HTGSETP_SCH_NO_OPTIMUM,Thermostat Setpoint,C,Sat,41640,42004,Hourly,15.56,15.56,15.56,15.56,15.56,21.11,21.11,21.11,21.11,21.11,21.11,21.11,21.11,21.11,21.11,21.11,21.11,21.11,21.11,21.11,21.11,21.11,15.56,15.56,From DOE Prototype Buildings,,,,,,,,,,,,,,,,,,,,,,,,,,,,,,,,,,,,,,,,,,,,,,,,,,,,,,,,,,,,,,,,,,,
RetailStandalone HTGSETP_SCH_NO_OPTIMUM,Thermostat Setpoint,C,SmrDsn,41640,42004,Constant,15.56,,,,,,,,,,,,,,,,,,,,,,,,From DOE Prototype Buildings,,,,,,,,,,,,,,,,,,,,,,,,,,,,,,,,,,,,,,,,,,,,,,,,,,,,,,,,,,,,,,,,,,,
RetailStandalone HTGSETP_SCH_NO_OPTIMUM,Thermostat Setpoint,C,Wkdy,41640,42004,Hourly,15.56,15.56,15.56,15.56,15.56,21.11,21.11,21.11,21.11,21.11,21.11,21.11,21.11,21.11,21.11,21.11,21.11,21.11,21.11,21.11,21.11,15.56,15.56,15.56,From DOE Prototype Buildings,,,,,,,,,,,,,,,,,,,,,,,,,,,,,,,,,,,,,,,,,,,,,,,,,,,,,,,,,,,,,,,,,,,
RetailStandalone HTGSETP_SCH_NO_OPTIMUM,Thermostat Setpoint,C,WntrDsn,41640,42004,Hourly,15.56,15.56,15.56,15.56,15.56,15.56,18.33,21.11,21.11,21.11,21.11,21.11,21.11,21.11,21.11,21.11,21.11,21.11,21.11,21.11,21.11,15.56,15.56,15.56,From DOE Prototype Buildings,,,,,,,,,,,,,,,,,,,,,,,,,,,,,,,,,,,,,,,,,,,,,,,,,,,,,,,,,,,,,,,,,,,
RetailStandalone HTGSETP_SCH_PSZ_AC_2,Thermostat Setpoint,C,Default,41640,42004,Hourly,15.56,15.56,15.56,15.56,15.56,15.56,15.56,21.11,21.11,21.11,21.11,21.11,21.11,21.11,21.11,21.11,21.11,21.11,21.11,15.56,15.56,15.56,15.56,15.56,From DOE Prototype Buildings,,,,,,,,,,,,,,,,,,,,,,,,,,,,,,,,,,,,,,,,,,,,,,,,,,,,,,,,,,,,,,,,,,,
RetailStandalone HTGSETP_SCH_PSZ_AC_2,Thermostat Setpoint,C,Sat,41640,42004,Hourly,15.56,15.56,15.56,15.56,15.56,21.11,21.11,21.11,21.11,21.11,21.11,21.11,21.11,21.11,21.11,21.11,21.11,21.11,21.11,21.11,21.11,21.11,15.56,15.56,From DOE Prototype Buildings,,,,,,,,,,,,,,,,,,,,,,,,,,,,,,,,,,,,,,,,,,,,,,,,,,,,,,,,,,,,,,,,,,,
RetailStandalone HTGSETP_SCH_PSZ_AC_2,Thermostat Setpoint,C,SmrDsn,41640,42004,Constant,15.56,,,,,,,,,,,,,,,,,,,,,,,,From DOE Prototype Buildings,,,,,,,,,,,,,,,,,,,,,,,,,,,,,,,,,,,,,,,,,,,,,,,,,,,,,,,,,,,,,,,,,,,
RetailStandalone HTGSETP_SCH_PSZ_AC_2,Thermostat Setpoint,C,Wkdy,41640,42004,Hourly,15.56,15.56,15.56,15.56,15.56,21.11,21.11,21.11,21.11,21.11,21.11,21.11,21.11,21.11,21.11,21.11,21.11,21.11,21.11,21.11,21.11,15.56,15.56,15.56,From DOE Prototype Buildings,,,,,,,,,,,,,,,,,,,,,,,,,,,,,,,,,,,,,,,,,,,,,,,,,,,,,,,,,,,,,,,,,,,
RetailStandalone HTGSETP_SCH_PSZ_AC_2,Thermostat Setpoint,C,WntrDsn,41640,42004,Hourly,15.56,15.56,15.56,15.56,15.56,15.56,18.33,21.11,21.11,21.11,21.11,21.11,21.11,21.11,21.11,21.11,21.11,21.11,21.11,21.11,21.11,15.56,15.56,15.56,From DOE Prototype Buildings,,,,,,,,,,,,,,,,,,,,,,,,,,,,,,,,,,,,,,,,,,,,,,,,,,,,,,,,,,,,,,,,,,,
RetailStandalone HTGSETP_SCH_YES_OPTIMUM,Thermostat Setpoint,C,Default,41640,42004,Hourly,15.56,15.56,15.56,15.56,15.56,15.56,15.56,17.8,20,21.11,21.11,21.11,21.11,21.11,21.11,21.11,21.11,21.11,21.11,15.56,15.56,15.56,15.56,15.56,From DOE Prototype Buildings,,,,,,,,,,,,,,,,,,,,,,,,,,,,,,,,,,,,,,,,,,,,,,,,,,,,,,,,,,,,,,,,,,,
RetailStandalone HTGSETP_SCH_YES_OPTIMUM,Thermostat Setpoint,C,Sat,41640,42004,Hourly,15.56,15.56,15.56,15.56,15.56,17.8,20,21.11,21.11,21.11,21.11,21.11,21.11,21.11,21.11,21.11,21.11,21.11,21.11,21.11,21.11,21.11,15.56,15.56,From DOE Prototype Buildings,,,,,,,,,,,,,,,,,,,,,,,,,,,,,,,,,,,,,,,,,,,,,,,,,,,,,,,,,,,,,,,,,,,
RetailStandalone HTGSETP_SCH_YES_OPTIMUM,Thermostat Setpoint,C,SmrDsn,41640,42004,Constant,15.56,,,,,,,,,,,,,,,,,,,,,,,,From DOE Prototype Buildings,,,,,,,,,,,,,,,,,,,,,,,,,,,,,,,,,,,,,,,,,,,,,,,,,,,,,,,,,,,,,,,,,,,
RetailStandalone HTGSETP_SCH_YES_OPTIMUM,Thermostat Setpoint,C,Wkdy,41640,42004,Hourly,15.56,15.56,15.56,15.56,15.56,17.8,20,21.11,21.11,21.11,21.11,21.11,21.11,21.11,21.11,21.11,21.11,21.11,21.11,21.11,21.11,15.56,15.56,15.56,From DOE Prototype Buildings,,,,,,,,,,,,,,,,,,,,,,,,,,,,,,,,,,,,,,,,,,,,,,,,,,,,,,,,,,,,,,,,,,,
RetailStandalone HTGSETP_SCH_YES_OPTIMUM,Thermostat Setpoint,C,WntrDsn,41640,42004,Hourly,15.56,15.56,15.56,15.56,15.56,15.56,18.33,21.11,21.11,21.11,21.11,21.11,21.11,21.11,21.11,21.11,21.11,21.11,21.11,21.11,21.11,15.56,15.56,15.56,From DOE Prototype Buildings,,,,,,,,,,,,,,,,,,,,,,,,,,,,,,,,,,,,,,,,,,,,,,,,,,,,,,,,,,,,,,,,,,,
RetailStandalone HTGSETP_SCH_YES_OPTIMUM_ORIGINAL,Thermostat Setpoint,C,Default,41640,42004,Hourly,15.56,15.56,15.56,15.56,15.56,15.56,15.56,17.8,20,21.11,21.11,21.11,21.11,21.11,21.11,21.11,21.11,21.11,21.11,15.56,15.56,15.56,15.56,15.56,From DOE Prototype Buildings,,,,,,,,,,,,,,,,,,,,,,,,,,,,,,,,,,,,,,,,,,,,,,,,,,,,,,,,,,,,,,,,,,,
RetailStandalone HTGSETP_SCH_YES_OPTIMUM_ORIGINAL,Thermostat Setpoint,C,Sat,41640,42004,Hourly,15.56,15.56,15.56,15.56,15.56,17.8,20,21.11,21.11,21.11,21.11,21.11,21.11,21.11,21.11,21.11,21.11,21.11,21.11,21.11,21.11,21.11,15.56,15.56,From DOE Prototype Buildings,,,,,,,,,,,,,,,,,,,,,,,,,,,,,,,,,,,,,,,,,,,,,,,,,,,,,,,,,,,,,,,,,,,
RetailStandalone HTGSETP_SCH_YES_OPTIMUM_ORIGINAL,Thermostat Setpoint,C,SmrDsn,41640,42004,Constant,15.56,,,,,,,,,,,,,,,,,,,,,,,,From DOE Prototype Buildings,,,,,,,,,,,,,,,,,,,,,,,,,,,,,,,,,,,,,,,,,,,,,,,,,,,,,,,,,,,,,,,,,,,
RetailStandalone HTGSETP_SCH_YES_OPTIMUM_ORIGINAL,Thermostat Setpoint,C,Wkdy,41640,42004,Hourly,15.56,15.56,15.56,15.56,15.56,17.8,20,21.11,21.11,21.11,21.11,21.11,21.11,21.11,21.11,21.11,21.11,21.11,21.11,21.11,21.11,15.56,15.56,15.56,From DOE Prototype Buildings,,,,,,,,,,,,,,,,,,,,,,,,,,,,,,,,,,,,,,,,,,,,,,,,,,,,,,,,,,,,,,,,,,,
RetailStandalone HTGSETP_SCH_YES_OPTIMUM_ORIGINAL,Thermostat Setpoint,C,WntrDsn,41640,42004,Hourly,15.56,15.56,15.56,15.56,15.56,15.56,18.33,21.11,21.11,21.11,21.11,21.11,21.11,21.11,21.11,21.11,21.11,21.11,21.11,21.11,21.11,15.56,15.56,15.56,From DOE Prototype Buildings,,,,,,,,,,,,,,,,,,,,,,,,,,,,,,,,,,,,,,,,,,,,,,,,,,,,,,,,,,,,,,,,,,,
RetailStandalone Humidity Setpoint Schedule,Unknown,,Default|WntrDsn|SmrDsn|Sat|Wkdy,41640,42004,Constant,50,,,,,,,,,,,,,,,,,,,,,,,,From DOE Prototype Buildings,,,,,,,,,,,,,,,,,,,,,,,,,,,,,,,,,,,,,,,,,,,,,,,,,,,,,,,,,,,,,,,,,,,
RetailStandalone HVACOperationSchd,Operation,,Default,41640,42004,Hourly,0,0,0,0,0,0,0,0,1,1,1,1,1,1,1,1,1,1,1,0,0,0,0,0,From DOE Prototype Buildings,,,,,,,,,,,,,,,,,,,,,,,,,,,,,,,,,,,,,,,,,,,,,,,,,,,,,,,,,,,,,,,,,,,
RetailStandalone HVACOperationSchd,Operation,,SmrDsn|Wkdy,41640,42004,Hourly,0,0,0,0,0,0,1,1,1,1,1,1,1,1,1,1,1,1,1,1,1,0,0,0,From DOE Prototype Buildings,,,,,,,,,,,,,,,,,,,,,,,,,,,,,,,,,,,,,,,,,,,,,,,,,,,,,,,,,,,,,,,,,,,
RetailStandalone HVACOperationSchd,Operation,,WntrDsn|Sat,41640,42004,Hourly,0,0,0,0,0,0,1,1,1,1,1,1,1,1,1,1,1,1,1,1,1,1,0,0,From DOE Prototype Buildings,,,,,,,,,,,,,,,,,,,,,,,,,,,,,,,,,,,,,,,,,,,,,,,,,,,,,,,,,,,,,,,,,,,
RetailStandalone HW-Loop-Temp-Schedule,Unknown,C,Default|WntrDsn|SmrDsn,41640,42004,Constant,60,,,,,,,,,,,,,,,,,,,,,,,,From DOE Prototype Buildings,,,,,,,,,,,,,,,,,,,,,,,,,,,,,,,,,,,,,,,,,,,,,,,,,,,,,,,,,,,,,,,,,,,
RetailStandalone INFIL_Door_Opening_SCH,Infiltration,,Default|WntrDsn|SmrDsn,41640,42004,Hourly,0,0,0,0,0,0,0,0,0.144,0.144,0.144,0.144,1,1,1,1,1,1,0.144,0.144,0,0,0,0,From DOE Prototype Buildings,,,,,,,,,,,,,,,,,,,,,,,,,,,,,,,,,,,,,,,,,,,,,,,,,,,,,,,,,,,,,,,,,,,
RetailStandalone INFIL_HALF_ON_SCH,Infiltration,,Default,41640,42004,Hourly,1,1,1,1,1,1,1,1,0.5,0.5,0.5,0.5,0.5,0.5,0.5,0.5,0.5,1,1,1,1,1,1,1,From DOE Prototype Buildings,,,,,,,,,,,,,,,,,,,,,,,,,,,,,,,,,,,,,,,,,,,,,,,,,,,,,,,,,,,,,,,,,,,
RetailStandalone INFIL_HALF_ON_SCH,Infiltration,,Sat,41640,42004,Hourly,1,1,1,1,1,1,0.5,0.5,0.5,0.5,0.5,0.5,0.5,0.5,0.5,0.5,0.5,0.5,0.5,0.5,0.5,0.5,1,1,From DOE Prototype Buildings,,,,,,,,,,,,,,,,,,,,,,,,,,,,,,,,,,,,,,,,,,,,,,,,,,,,,,,,,,,,,,,,,,,
RetailStandalone INFIL_HALF_ON_SCH,Infiltration,,SmrDsn|Wkdy,41640,42004,Hourly,1,1,1,1,1,1,0.5,0.5,0.5,0.5,0.5,0.5,0.5,0.5,0.5,0.5,0.5,0.5,0.5,0.5,0.5,1,1,1,From DOE Prototype Buildings,,,,,,,,,,,,,,,,,,,,,,,,,,,,,,,,,,,,,,,,,,,,,,,,,,,,,,,,,,,,,,,,,,,
RetailStandalone INFIL_HALF_ON_SCH,Infiltration,,WntrDsn,41640,42004,Constant,1,,,,,,,,,,,,,,,,,,,,,,,,From DOE Prototype Buildings,,,,,,,,,,,,,,,,,,,,,,,,,,,,,,,,,,,,,,,,,,,,,,,,,,,,,,,,,,,,,,,,,,,
RetailStandalone INFIL_SCH,Infiltration,,Default,41640,42004,Hourly,1,1,1,1,1,1,1,1,0,0,0,0,0,0,0,0,0,1,1,1,1,1,1,1,From DOE Prototype Buildings,,,,,,,,,,,,,,,,,,,,,,,,,,,,,,,,,,,,,,,,,,,,,,,,,,,,,,,,,,,,,,,,,,,
RetailStandalone INFIL_SCH,Infiltration,,Sat,41640,42004,Hourly,1,1,1,1,1,1,0,0,0,0,0,0,0,0,0,0,0,0,0,0,0,0,1,1,From DOE Prototype Buildings,,,,,,,,,,,,,,,,,,,,,,,,,,,,,,,,,,,,,,,,,,,,,,,,,,,,,,,,,,,,,,,,,,,
RetailStandalone INFIL_SCH,Infiltration,,SmrDsn|Wkdy,41640,42004,Hourly,1,1,1,1,1,1,0,0,0,0,0,0,0,0,0,0,0,0,0,0,0,1,1,1,From DOE Prototype Buildings,,,,,,,,,,,,,,,,,,,,,,,,,,,,,,,,,,,,,,,,,,,,,,,,,,,,,,,,,,,,,,,,,,,
RetailStandalone INFIL_SCH,Infiltration,,WntrDsn,41640,42004,Constant,1,,,,,,,,,,,,,,,,,,,,,,,,From DOE Prototype Buildings,,,,,,,,,,,,,,,,,,,,,,,,,,,,,,,,,,,,,,,,,,,,,,,,,,,,,,,,,,,,,,,,,,,
RetailStandalone INFIL_SCH_PNNL,Infiltration,,Default,41640,42004,Hourly,1,1,1,1,1,1,1,1,0.25,0.25,0.25,0.25,0.25,0.25,0.25,0.25,0.25,0.25,0.25,1,1,1,1,1,From DOE Prototype Buildings,,,,,,,,,,,,,,,,,,,,,,,,,,,,,,,,,,,,,,,,,,,,,,,,,,,,,,,,,,,,,,,,,,,
RetailStandalone INFIL_SCH_PNNL,Infiltration,,SmrDsn|Wkdy,41640,42004,Hourly,1,1,1,1,1,1,0.25,0.25,0.25,0.25,0.25,0.25,0.25,0.25,0.25,0.25,0.25,0.25,0.25,0.25,0.25,1,1,1,From DOE Prototype Buildings,,,,,,,,,,,,,,,,,,,,,,,,,,,,,,,,,,,,,,,,,,,,,,,,,,,,,,,,,,,,,,,,,,,
RetailStandalone INFIL_SCH_PNNL,Infiltration,,WntrDsn|Sat,41640,42004,Hourly,1,1,1,1,1,1,0.25,0.25,0.25,0.25,0.25,0.25,0.25,0.25,0.25,0.25,0.25,0.25,0.25,0.25,0.25,0.25,1,1,From DOE Prototype Buildings,,,,,,,,,,,,,,,,,,,,,,,,,,,,,,,,,,,,,,,,,,,,,,,,,,,,,,,,,,,,,,,,,,,
RetailStandalone MinOA_MotorizedDamper_Sched,OA Air,,Default,41640,42004,Hourly,0,0,0,0,0,0,0,0,0,1,1,1,1,1,1,1,1,1,1,0,0,0,0,0,From DOE Prototype Buildings,,,,,,,,,,,,,,,,,,,,,,,,,,,,,,,,,,,,,,,,,,,,,,,,,,,,,,,,,,,,,,,,,,,
RetailStandalone MinOA_MotorizedDamper_Sched,OA Air,,Sat,41640,42004,Hourly,0,0,0,0,0,0,0,1,1,1,1,1,1,1,1,1,1,1,1,1,1,1,0,0,From DOE Prototype Buildings,,,,,,,,,,,,,,,,,,,,,,,,,,,,,,,,,,,,,,,,,,,,,,,,,,,,,,,,,,,,,,,,,,,
RetailStandalone MinOA_MotorizedDamper_Sched,OA Air,,SmrDsn|Wkdy,41640,42004,Hourly,0,0,0,0,0,0,0,1,1,1,1,1,1,1,1,1,1,1,1,1,1,0,0,0,From DOE Prototype Buildings,,,,,,,,,,,,,,,,,,,,,,,,,,,,,,,,,,,,,,,,,,,,,,,,,,,,,,,,,,,,,,,,,,,
RetailStandalone MinOA_MotorizedDamper_Sched,OA Air,,WntrDsn,41640,42004,Constant,1,,,,,,,,,,,,,,,,,,,,,,,,From DOE Prototype Buildings,,,,,,,,,,,,,,,,,,,,,,,,,,,,,,,,,,,,,,,,,,,,,,,,,,,,,,,,,,,,,,,,,,,
RetailStandalone MinOA_Sched,OA Air,,Default|WntrDsn|SmrDsn,41640,42004,Constant,1,,,,,,,,,,,,,,,,,,,,,,,,From DOE Prototype Buildings,,,,,,,,,,,,,,,,,,,,,,,,,,,,,,,,,,,,,,,,,,,,,,,,,,,,,,,,,,,,,,,,,,,
RetailStandalone PlantOnSched,Unknown,,Default|WntrDsn|SmrDsn,41640,42004,Constant,1,,,,,,,,,,,,,,,,,,,,,,,,From DOE Prototype Buildings,,,,,,,,,,,,,,,,,,,,,,,,,,,,,,,,,,,,,,,,,,,,,,,,,,,,,,,,,,,,,,,,,,,
RetailStandalone ReheatCoilAvailSched,Unknown,,Default|WntrDsn|SmrDsn,41640,42004,Constant,1,,,,,,,,,,,,,,,,,,,,,,,,From DOE Prototype Buildings,,,,,,,,,,,,,,,,,,,,,,,,,,,,,,,,,,,,,,,,,,,,,,,,,,,,,,,,,,,,,,,,,,,
RetailStandalone Seasonal-Reset-Supply-Air-Temp-Sch,Unknown,C,Default|WntrDsn|SmrDsn,41640,42004,Constant,13,,,,,,,,,,,,,,,,,,,,,,,,From DOE Prototype Buildings,,,,,,,,,,,,,,,,,,,,,,,,,,,,,,,,,,,,,,,,,,,,,,,,,,,,,,,,,,,,,,,,,,,
RetailStandalone Seasonal-Reset-Supply-Air-Temp-Sch,Unknown,C,Wknd|Wkdy,41913,42004,Constant,13,,,,,,,,,,,,,,,,,,,,,,,,From DOE Prototype Buildings,,,,,,,,,,,,,,,,,,,,,,,,,,,,,,,,,,,,,,,,,,,,,,,,,,,,,,,,,,,,,,,,,,,
RetailStandalone Seasonal-Reset-Supply-Air-Temp-Sch,Unknown,C,Wknd|Wkdy,41640,41729,Constant,13,,,,,,,,,,,,,,,,,,,,,,,,From DOE Prototype Buildings,,,,,,,,,,,,,,,,,,,,,,,,,,,,,,,,,,,,,,,,,,,,,,,,,,,,,,,,,,,,,,,,,,,
RetailStandalone SHADING_SCH,Unknown,W,Default|WntrDsn|SmrDsn,41640,42004,Constant,0,,,,,,,,,,,,,,,,,,,,,,,,From DOE Prototype Buildings,,,,,,,,,,,,,,,,,,,,,,,,,,,,,,,,,,,,,,,,,,,,,,,,,,,,,,,,,,,,,,,,,,,
RetailStandalone WORK_EFF_SCH,Unknown,,Default|WntrDsn|SmrDsn,41640,42004,Constant,0,,,,,,,,,,,,,,,,,,,,,,,,From DOE Prototype Buildings,,,,,,,,,,,,,,,,,,,,,,,,,,,,,,,,,,,,,,,,,,,,,,,,,,,,,,,,,,,,,,,,,,,
RetailStripmall AIR_VELO_SCH,Unknown,W,Default|WntrDsn|SmrDsn,41640,42004,Constant,0.2,,,,,,,,,,,,,,,,,,,,,,,,From DOE Prototype Buildings,,,,,,,,,,,,,,,,,,,,,,,,,,,,,,,,,,,,,,,,,,,,,,,,,,,,,,,,,,,,,,,,,,,
RetailStripmall ALWAYS_ON,Unknown,,Default|WntrDsn|SmrDsn,41640,42004,Constant,1,,,,,,,,,,,,,,,,,,,,,,,,From DOE Prototype Buildings,,,,,,,,,,,,,,,,,,,,,,,,,,,,,,,,,,,,,,,,,,,,,,,,,,,,,,,,,,,,,,,,,,,
RetailStripmall CLOTHING_SCH,Clothing,W,Default|SmrDsn,41640,42004,Constant,0.5,,,,,,,,,,,,,,,,,,,,,,,,From DOE Prototype Buildings,,,,,,,,,,,,,,,,,,,,,,,,,,,,,,,,,,,,,,,,,,,,,,,,,,,,,,,,,,,,,,,,,,,
RetailStripmall CLOTHING_SCH,Clothing,W,Wknd|Wkdy,41913,42004,Constant,1,,,,,,,,,,,,,,,,,,,,,,,,From DOE Prototype Buildings,,,,,,,,,,,,,,,,,,,,,,,,,,,,,,,,,,,,,,,,,,,,,,,,,,,,,,,,,,,,,,,,,,,
RetailStripmall CLOTHING_SCH,Clothing,W,Wknd|Wkdy,41640,41759,Constant,1,,,,,,,,,,,,,,,,,,,,,,,,From DOE Prototype Buildings,,,,,,,,,,,,,,,,,,,,,,,,,,,,,,,,,,,,,,,,,,,,,,,,,,,,,,,,,,,,,,,,,,,
RetailStripmall CLOTHING_SCH,Clothing,W,WntrDsn,41640,42004,Constant,1,,,,,,,,,,,,,,,,,,,,,,,,From DOE Prototype Buildings,,,,,,,,,,,,,,,,,,,,,,,,,,,,,,,,,,,,,,,,,,,,,,,,,,,,,,,,,,,,,,,,,,,
RetailStripmall Dual Zone Control Type Sched,Unknown,,Default|WntrDsn|SmrDsn,41640,42004,Constant,4,,,,,,,,,,,,,,,,,,,,,,,,From DOE Prototype Buildings,,,,,,,,,,,,,,,,,,,,,,,,,,,,,,,,,,,,,,,,,,,,,,,,,,,,,,,,,,,,,,,,,,,
RetailStripmall Exterior_Lgt_189_1,Unknown,,Default|WntrDsn|SmrDsn,41640,42004,Hourly,0.5,0.5,0.5,0.5,0.5,0.5,0.5,0.5,0.5,1,1,1,1,1,1,1,1,1,1,1,1,1,1,1,From DOE Prototype Buildings,,,,,,,,,,,,,,,,,,,,,,,,,,,,,,,,,,,,,,,,,,,,,,,,,,,,,,,,,,,,,,,,,,,
RetailStripmall Exterior_Lgt_ALWAYS_ON,Unknown,,Default|WntrDsn|SmrDsn,41640,42004,Constant,1,,,,,,,,,,,,,,,,,,,,,,,,From DOE Prototype Buildings,,,,,,,,,,,,,,,,,,,,,,,,,,,,,,,,,,,,,,,,,,,,,,,,,,,,,,,,,,,,,,,,,,,
RetailStripmall Exterior_lighting_schedule_a,Lighting,,Default|WntrDsn|SmrDsn,41640,42004,Hourly,0,0,0,0,0,0,1,1,1,1,1,1,1,1,1,1,1,1,1,1,1,1,1,1,From DOE Prototype Buildings,,,,,,,,,,,,,,,,,,,,,,,,,,,,,,,,,,,,,,,,,,,,,,,,,,,,,,,,,,,,,,,,,,,
RetailStripmall Exterior_lighting_schedule_b,Lighting,,Default|WntrDsn|SmrDsn,41640,42004,Hourly,0.7,0.7,0.7,0.7,0.7,0.7,1,1,1,1,1,1,1,1,1,1,1,1,1,1,1,1,1,1,From DOE Prototype Buildings,,,,,,,,,,,,,,,,,,,,,,,,,,,,,,,,,,,,,,,,,,,,,,,,,,,,,,,,,,,,,,,,,,,
RetailStripmall Hot Water Setpoint Temp Schedule,Unknown,W,Default|WntrDsn|SmrDsn,41640,42004,Constant,60,,,,,,,,,,,,,,,,,,,,,,,,From DOE Prototype Buildings,,,,,,,,,,,,,,,,,,,,,,,,,,,,,,,,,,,,,,,,,,,,,,,,,,,,,,,,,,,,,,,,,,,
RetailStripmall INFIL_Door_Opening_SCH,Infiltration,,Default|WntrDsn|SmrDsn,41640,42004,Hourly,0,0,0,0,0,0,0,0,0.144,0.144,0.144,0.144,1,1,1,1,1,1,0.144,0.144,0,0,0,0,From DOE Prototype Buildings,,,,,,,,,,,,,,,,,,,,,,,,,,,,,,,,,,,,,,,,,,,,,,,,,,,,,,,,,,,,,,,,,,,
RetailStripmall MinOA_Sched,OA Air,,Default|WntrDsn|SmrDsn,41640,42004,Constant,1,,,,,,,,,,,,,,,,,,,,,,,,From DOE Prototype Buildings,,,,,,,,,,,,,,,,,,,,,,,,,,,,,,,,,,,,,,,,,,,,,,,,,,,,,,,,,,,,,,,,,,,
RetailStripmall Type1_CLGSETP_SCH_NO_OPTIMUM,Thermostat Setpoint,C,Default,41640,42004,Hourly,26.67,26.67,26.67,26.67,26.67,26.67,26.67,26.67,23.89,23.89,23.89,23.89,23.89,23.89,23.89,23.89,23.89,23.89,23.89,23.89,23.89,23.89,23.89,23.89,From DOE Prototype Buildings,,,,,,,,,,,,,,,,,,,,,,,,,,,,,,,,,,,,,,,,,,,,,,,,,,,,,,,,,,,,,,,,,,,
RetailStripmall Type1_CLGSETP_SCH_NO_OPTIMUM,Thermostat Setpoint,C,Mon|Tue|Wed|Thu,41640,42004,Hourly,29.44,29.44,29.44,29.44,29.44,29.44,29.44,29.44,23.89,23.89,23.89,23.89,23.89,23.89,23.89,23.89,23.89,23.89,23.89,23.89,23.89,23.89,23.89,23.89,From DOE Prototype Buildings,,,,,,,,,,,,,,,,,,,,,,,,,,,,,,,,,,,,,,,,,,,,,,,,,,,,,,,,,,,,,,,,,,,
RetailStripmall Type1_CLGSETP_SCH_NO_OPTIMUM,Thermostat Setpoint,C,Sat|Fri,41640,42004,Hourly,23.89,29.44,29.44,29.44,29.44,29.44,29.44,29.44,23.89,23.89,23.89,23.89,23.89,23.89,23.89,23.89,23.89,23.89,23.89,23.89,23.89,23.89,23.89,23.89,From DOE Prototype Buildings,,,,,,,,,,,,,,,,,,,,,,,,,,,,,,,,,,,,,,,,,,,,,,,,,,,,,,,,,,,,,,,,,,,
RetailStripmall Type1_CLGSETP_SCH_NO_OPTIMUM,Thermostat Setpoint,C,SmrDsn,41640,42004,Hourly,29.44,29.44,29.44,29.44,29.44,29.44,29.44,29.44,26.67,23.89,23.89,23.89,23.89,23.89,23.89,23.89,23.89,23.89,23.89,23.89,23.89,23.89,23.89,23.89,From DOE Prototype Buildings,,,,,,,,,,,,,,,,,,,,,,,,,,,,,,,,,,,,,,,,,,,,,,,,,,,,,,,,,,,,,,,,,,,
RetailStripmall Type1_CLGSETP_SCH_NO_OPTIMUM,Thermostat Setpoint,C,WntrDsn,41640,42004,Constant,29.44,,,,,,,,,,,,,,,,,,,,,,,,From DOE Prototype Buildings,,,,,,,,,,,,,,,,,,,,,,,,,,,,,,,,,,,,,,,,,,,,,,,,,,,,,,,,,,,,,,,,,,,
RetailStripmall Type1_CLGSETP_SCH_NO_SETBACK,Thermostat Setpoint,C,Default|Sat|Fri|Mon|Tue|Wed|Thu,41640,42004,Constant,23.89,,,,,,,,,,,,,,,,,,,,,,,,From DOE Prototype Buildings,,,,,,,,,,,,,,,,,,,,,,,,,,,,,,,,,,,,,,,,,,,,,,,,,,,,,,,,,,,,,,,,,,,
RetailStripmall Type1_CLGSETP_SCH_NO_SETBACK,Thermostat Setpoint,C,SmrDsn,41640,42004,Hourly,29.44,29.44,29.44,29.44,29.44,29.44,29.44,29.44,26.67,23.89,23.89,23.89,23.89,23.89,23.89,23.89,23.89,23.89,23.89,23.89,23.89,23.89,23.89,23.89,From DOE Prototype Buildings,,,,,,,,,,,,,,,,,,,,,,,,,,,,,,,,,,,,,,,,,,,,,,,,,,,,,,,,,,,,,,,,,,,
RetailStripmall Type1_CLGSETP_SCH_NO_SETBACK,Thermostat Setpoint,C,WntrDsn,41640,42004,Constant,29.44,,,,,,,,,,,,,,,,,,,,,,,,From DOE Prototype Buildings,,,,,,,,,,,,,,,,,,,,,,,,,,,,,,,,,,,,,,,,,,,,,,,,,,,,,,,,,,,,,,,,,,,
RetailStripmall Type1_CLGSETP_SCH_YES_OPTIMUM,Thermostat Setpoint,C,Default,41640,42004,Hourly,26.67,26.67,26.67,26.67,26.67,26.67,26.67,26.67,23.89,23.89,23.89,23.89,23.89,23.89,23.89,23.89,23.89,23.89,23.89,23.89,23.89,23.89,23.89,23.89,From DOE Prototype Buildings,,,,,,,,,,,,,,,,,,,,,,,,,,,,,,,,,,,,,,,,,,,,,,,,,,,,,,,,,,,,,,,,,,,
RetailStripmall Type1_CLGSETP_SCH_YES_OPTIMUM,Thermostat Setpoint,C,Sat|Fri,41640,42004,Hourly,23.89,29.44,29.44,29.44,29.44,29.44,29.44,29.44,26.67,23.89,23.89,23.89,23.89,23.89,23.89,23.89,23.89,23.89,23.89,23.89,23.89,23.89,23.89,23.89,From DOE Prototype Buildings,,,,,,,,,,,,,,,,,,,,,,,,,,,,,,,,,,,,,,,,,,,,,,,,,,,,,,,,,,,,,,,,,,,
RetailStripmall Type1_CLGSETP_SCH_YES_OPTIMUM,Thermostat Setpoint,C,SmrDsn|Mon|Tue|Wed|Thu,41640,42004,Hourly,29.44,29.44,29.44,29.44,29.44,29.44,29.44,29.44,26.67,23.89,23.89,23.89,23.89,23.89,23.89,23.89,23.89,23.89,23.89,23.89,23.89,23.89,23.89,23.89,From DOE Prototype Buildings,,,,,,,,,,,,,,,,,,,,,,,,,,,,,,,,,,,,,,,,,,,,,,,,,,,,,,,,,,,,,,,,,,,
RetailStripmall Type1_CLGSETP_SCH_YES_OPTIMUM,Thermostat Setpoint,C,WntrDsn,41640,42004,Constant,29.44,,,,,,,,,,,,,,,,,,,,,,,,From DOE Prototype Buildings,,,,,,,,,,,,,,,,,,,,,,,,,,,,,,,,,,,,,,,,,,,,,,,,,,,,,,,,,,,,,,,,,,,
RetailStripmall Type1_EQUIP_SCH,Equipment,,Default|Mon|Tue|Wed|Thu,41640,42004,Hourly,0.05,0.05,0.05,0.05,0.05,0.05,0.05,0.05,0.05,0.5,0.9,0.9,0.9,0.9,0.9,0.9,0.9,0.9,0.9,0.9,0.9,0.9,0.9,0.5,From DOE Prototype Buildings,,,,,,,,,,,,,,,,,,,,,,,,,,,,,,,,,,,,,,,,,,,,,,,,,,,,,,,,,,,,,,,,,,,
RetailStripmall Type1_EQUIP_SCH,Equipment,,Sat|Fri,41640,42004,Hourly,0.5,0.05,0.05,0.05,0.05,0.05,0.05,0.05,0.05,0.5,0.9,0.9,0.9,0.9,0.9,0.9,0.9,0.9,0.9,0.9,0.9,0.9,0.9,0.9,From DOE Prototype Buildings,,,,,,,,,,,,,,,,,,,,,,,,,,,,,,,,,,,,,,,,,,,,,,,,,,,,,,,,,,,,,,,,,,,
RetailStripmall Type1_EQUIP_SCH,Equipment,,SmrDsn,41640,42004,Constant,1,,,,,,,,,,,,,,,,,,,,,,,,From DOE Prototype Buildings,,,,,,,,,,,,,,,,,,,,,,,,,,,,,,,,,,,,,,,,,,,,,,,,,,,,,,,,,,,,,,,,,,,
RetailStripmall Type1_EQUIP_SCH,Equipment,,WntrDsn,41640,42004,Constant,0,,,,,,,,,,,,,,,,,,,,,,,,From DOE Prototype Buildings,,,,,,,,,,,,,,,,,,,,,,,,,,,,,,,,,,,,,,,,,,,,,,,,,,,,,,,,,,,,,,,,,,,
RetailStripmall Type1_FAN_SCH,Unknown,,Default|SmrDsn|Mon|Tue|Wed|Thu,41640,42004,Hourly,0,0,0,0,0,0,0,0,1,1,1,1,1,1,1,1,1,1,1,1,1,1,1,1,From DOE Prototype Buildings,,,,,,,,,,,,,,,,,,,,,,,,,,,,,,,,,,,,,,,,,,,,,,,,,,,,,,,,,,,,,,,,,,,
RetailStripmall Type1_FAN_SCH,Unknown,,WntrDsn|Sat|Fri,41640,42004,Hourly,1,0,0,0,0,0,0,0,1,1,1,1,1,1,1,1,1,1,1,1,1,1,1,1,From DOE Prototype Buildings,,,,,,,,,,,,,,,,,,,,,,,,,,,,,,,,,,,,,,,,,,,,,,,,,,,,,,,,,,,,,,,,,,,
RetailStripmall Type1_HTGSETP_SCH_NO_OPTIMUM,Thermostat Setpoint,C,Default|Sat|Fri,41640,42004,Hourly,15.56,15.56,15.56,15.56,15.56,15.56,15.56,15.56,21.11,21.11,21.11,21.11,21.11,21.11,21.11,21.11,21.11,21.11,21.11,21.11,21.11,21.11,21.11,21.11,From DOE Prototype Buildings,,,,,,,,,,,,,,,,,,,,,,,,,,,,,,,,,,,,,,,,,,,,,,,,,,,,,,,,,,,,,,,,,,,
RetailStripmall Type1_HTGSETP_SCH_NO_OPTIMUM,Thermostat Setpoint,C,Mon|Tue|Wed|Thu,41640,42004,Hourly,21.11,15.56,15.56,15.56,15.56,15.56,15.56,15.56,21.11,21.11,21.11,21.11,21.11,21.11,21.11,21.11,21.11,21.11,21.11,21.11,21.11,21.11,21.11,21.11,From DOE Prototype Buildings,,,,,,,,,,,,,,,,,,,,,,,,,,,,,,,,,,,,,,,,,,,,,,,,,,,,,,,,,,,,,,,,,,,
RetailStripmall Type1_HTGSETP_SCH_NO_OPTIMUM,Thermostat Setpoint,C,SmrDsn,41640,42004,Constant,15.56,,,,,,,,,,,,,,,,,,,,,,,,From DOE Prototype Buildings,,,,,,,,,,,,,,,,,,,,,,,,,,,,,,,,,,,,,,,,,,,,,,,,,,,,,,,,,,,,,,,,,,,
RetailStripmall Type1_HTGSETP_SCH_NO_OPTIMUM,Thermostat Setpoint,C,WntrDsn,41640,42004,Hourly,21.11,15.56,15.56,15.56,15.56,15.56,15.56,15.56,18.33,21.11,21.11,21.11,21.11,21.11,21.11,21.11,21.11,21.11,21.11,21.11,21.11,21.11,21.11,21.11,From DOE Prototype Buildings,,,,,,,,,,,,,,,,,,,,,,,,,,,,,,,,,,,,,,,,,,,,,,,,,,,,,,,,,,,,,,,,,,,
RetailStripmall Type1_HTGSETP_SCH_YES_OPTIMUM,Thermostat Setpoint,C,Default|Sat|Fri,41640,42004,Hourly,15.56,15.56,15.56,15.56,15.56,15.56,15.56,15.56,18.33,21.11,21.11,21.11,21.11,21.11,21.11,21.11,21.11,21.11,21.11,21.11,21.11,21.11,21.11,21.11,From DOE Prototype Buildings,,,,,,,,,,,,,,,,,,,,,,,,,,,,,,,,,,,,,,,,,,,,,,,,,,,,,,,,,,,,,,,,,,,
RetailStripmall Type1_HTGSETP_SCH_YES_OPTIMUM,Thermostat Setpoint,C,SmrDsn,41640,42004,Constant,15.56,,,,,,,,,,,,,,,,,,,,,,,,From DOE Prototype Buildings,,,,,,,,,,,,,,,,,,,,,,,,,,,,,,,,,,,,,,,,,,,,,,,,,,,,,,,,,,,,,,,,,,,
RetailStripmall Type1_HTGSETP_SCH_YES_OPTIMUM,Thermostat Setpoint,C,WntrDsn|Mon|Tue|Wed|Thu,41640,42004,Hourly,21.11,15.56,15.56,15.56,15.56,15.56,15.56,15.56,18.33,21.11,21.11,21.11,21.11,21.11,21.11,21.11,21.11,21.11,21.11,21.11,21.11,21.11,21.11,21.11,From DOE Prototype Buildings,,,,,,,,,,,,,,,,,,,,,,,,,,,,,,,,,,,,,,,,,,,,,,,,,,,,,,,,,,,,,,,,,,,
RetailStripmall Type1_Infil_SCH,Infiltration,,Default|SmrDsn|Mon|Tue|Wed|Thu,41640,42004,Hourly,1,1,1,1,1,1,1,1,0.25,0.25,0.25,0.25,0.25,0.25,0.25,0.25,0.25,0.25,0.25,0.25,0.25,0.25,0.25,0.25,From DOE Prototype Buildings,,,,,,,,,,,,,,,,,,,,,,,,,,,,,,,,,,,,,,,,,,,,,,,,,,,,,,,,,,,,,,,,,,,
RetailStripmall Type1_Infil_SCH,Infiltration,,WntrDsn|Sat|Fri,41640,42004,Hourly,0.25,1,1,1,1,1,1,1,0.25,0.25,0.25,0.25,0.25,0.25,0.25,0.25,0.25,0.25,0.25,0.25,0.25,0.25,0.25,0.25,From DOE Prototype Buildings,,,,,,,,,,,,,,,,,,,,,,,,,,,,,,,,,,,,,,,,,,,,,,,,,,,,,,,,,,,,,,,,,,,
RetailStripmall Type1_LIGHT_SCH,Lighting,,Default|Mon|Tue|Wed|Thu,41640,42004,Hourly,0.05,0.05,0.05,0.05,0.05,0.05,0.05,0.05,0.05,0.5,0.95,0.95,0.95,0.95,0.95,0.95,0.95,0.95,0.95,0.95,0.95,0.95,0.95,0.5,From DOE Prototype Buildings,,,,,,,,,,,,,,,,,,,,,,,,,,,,,,,,,,,,,,,,,,,,,,,,,,,,,,,,,,,,,,,,,,,
RetailStripmall Type1_LIGHT_SCH,Lighting,,Sat|Fri,41640,42004,Hourly,0.5,0.05,0.05,0.05,0.05,0.05,0.05,0.05,0.05,0.5,0.95,0.95,0.95,0.95,0.95,0.95,0.95,0.95,0.95,0.95,0.95,0.95,0.95,0.95,From DOE Prototype Buildings,,,,,,,,,,,,,,,,,,,,,,,,,,,,,,,,,,,,,,,,,,,,,,,,,,,,,,,,,,,,,,,,,,,
RetailStripmall Type1_LIGHT_SCH,Lighting,,SmrDsn,41640,42004,Constant,1,,,,,,,,,,,,,,,,,,,,,,,,From DOE Prototype Buildings,,,,,,,,,,,,,,,,,,,,,,,,,,,,,,,,,,,,,,,,,,,,,,,,,,,,,,,,,,,,,,,,,,,
RetailStripmall Type1_LIGHT_SCH,Lighting,,WntrDsn,41640,42004,Constant,0,,,,,,,,,,,,,,,,,,,,,,,,From DOE Prototype Buildings,,,,,,,,,,,,,,,,,,,,,,,,,,,,,,,,,,,,,,,,,,,,,,,,,,,,,,,,,,,,,,,,,,,
RetailStripmall Type1_MinOA_MotorizedDamper_SCH,OA Air,,Default|SmrDsn|Mon|Tue|Wed|Thu,41640,42004,Hourly,0,0,0,0,0,0,0,0,0,1,1,1,1,1,1,1,1,1,1,1,1,1,1,1,From DOE Prototype Buildings,,,,,,,,,,,,,,,,,,,,,,,,,,,,,,,,,,,,,,,,,,,,,,,,,,,,,,,,,,,,,,,,,,,
RetailStripmall Type1_MinOA_MotorizedDamper_SCH,OA Air,,WntrDsn|Sat|Fri,41640,42004,Hourly,1,0,0,0,0,0,0,0,0,1,1,1,1,1,1,1,1,1,1,1,1,1,1,1,From DOE Prototype Buildings,,,,,,,,,,,,,,,,,,,,,,,,,,,,,,,,,,,,,,,,,,,,,,,,,,,,,,,,,,,,,,,,,,,
RetailStripmall Type1_OCC_SCH,Occupancy,,Default,41640,42004,Hourly,0,0,0,0,0,0,0,0,0.05,0.05,0.1,0.2,0.4,0.6,0.4,0.4,0.3,0.6,0.6,0.4,0.4,0.3,0.2,0.05,From DOE Prototype Buildings,,,,,,,,,,,,,,,,,,,,,,,,,,,,,,,,,,,,,,,,,,,,,,,,,,,,,,,,,,,,,,,,,,,
RetailStripmall Type1_OCC_SCH,Occupancy,,Mon|Tue|Wed|Thu,41640,42004,Hourly,0,0,0,0,0,0,0,0,0.05,0.05,0.1,0.1,0.2,0.4,0.4,0.25,0.25,0.5,0.5,0.5,0.3,0.3,0.3,0.05,From DOE Prototype Buildings,,,,,,,,,,,,,,,,,,,,,,,,,,,,,,,,,,,,,,,,,,,,,,,,,,,,,,,,,,,,,,,,,,,
RetailStripmall Type1_OCC_SCH,Occupancy,,Sat|Fri,41640,42004,Hourly,0.05,0,0,0,0,0,0,0,0,0.05,0.1,0.1,0.2,0.6,0.4,0.25,0.25,0.5,0.5,0.5,0.3,0.3,0.3,0.2,From DOE Prototype Buildings,,,,,,,,,,,,,,,,,,,,,,,,,,,,,,,,,,,,,,,,,,,,,,,,,,,,,,,,,,,,,,,,,,,
RetailStripmall Type1_OCC_SCH,Occupancy,,SmrDsn,41640,42004,Constant,1,,,,,,,,,,,,,,,,,,,,,,,,From DOE Prototype Buildings,,,,,,,,,,,,,,,,,,,,,,,,,,,,,,,,,,,,,,,,,,,,,,,,,,,,,,,,,,,,,,,,,,,
RetailStripmall Type1_OCC_SCH,Occupancy,,WntrDsn,41640,42004,Constant,0,,,,,,,,,,,,,,,,,,,,,,,,From DOE Prototype Buildings,,,,,,,,,,,,,,,,,,,,,,,,,,,,,,,,,,,,,,,,,,,,,,,,,,,,,,,,,,,,,,,,,,,
RetailStripmall Type1_SWH_SCH,Service Water Heating,,Default,41640,42004,Hourly,0,0,0,0,0,0,0,0,0.1,0.14,0.29,0.31,0.36,0.36,0.34,0.35,0.37,0.34,0.25,0.27,0.21,0.16,0.16,0.1,From DOE Prototype Buildings,,,,,,,,,,,,,,,,,,,,,,,,,,,,,,,,,,,,,,,,,,,,,,,,,,,,,,,,,,,,,,,,,,,
RetailStripmall Type1_SWH_SCH,Service Water Heating,,SmrDsn|Mon|Tue|Wed|Thu,41640,42004,Hourly,0,0,0,0,0,0,0,0.04,0.04,0.15,0.23,0.32,0.41,0.62,0.6,0.55,0.45,0.5,0.46,0.47,0.34,0.33,0.23,0.13,From DOE Prototype Buildings,,,,,,,,,,,,,,,,,,,,,,,,,,,,,,,,,,,,,,,,,,,,,,,,,,,,,,,,,,,,,,,,,,,
RetailStripmall Type1_SWH_SCH,Service Water Heating,,WntrDsn|Sat|Fri,41640,42004,Hourly,0.13,0,0,0,0,0,0,0,0,0.2,0.23,0.32,0.41,0.65,0.6,0.55,0.45,0.5,0.46,0.47,0.34,0.33,0.23,0.13,From DOE Prototype Buildings,,,,,,,,,,,,,,,,,,,,,,,,,,,,,,,,,,,,,,,,,,,,,,,,,,,,,,,,,,,,,,,,,,,
RetailStripmall Type2_CLGSETP_SCH_NO_OPTIMUM,Thermostat Setpoint,C,Default,41640,42004,Hourly,29.44,29.44,29.44,29.44,29.44,29.44,29.44,29.44,23.89,23.89,23.89,23.89,23.89,23.89,23.89,23.89,23.89,29.44,29.44,29.44,29.44,29.44,29.44,29.44,From DOE Prototype Buildings,,,,,,,,,,,,,,,,,,,,,,,,,,,,,,,,,,,,,,,,,,,,,,,,,,,,,,,,,,,,,,,,,,,
RetailStripmall Type2_CLGSETP_SCH_NO_OPTIMUM,Thermostat Setpoint,C,Sat,41640,42004,Hourly,29.44,29.44,29.44,29.44,29.44,29.44,29.44,23.89,23.89,23.89,23.89,23.89,23.89,23.89,23.89,23.89,23.89,23.89,29.44,29.44,29.44,29.44,29.44,29.44,From DOE Prototype Buildings,,,,,,,,,,,,,,,,,,,,,,,,,,,,,,,,,,,,,,,,,,,,,,,,,,,,,,,,,,,,,,,,,,,
RetailStripmall Type2_CLGSETP_SCH_NO_OPTIMUM,Thermostat Setpoint,C,SmrDsn,41640,42004,Hourly,29.44,29.44,29.44,29.44,29.44,29.44,29.44,26.67,23.89,23.89,23.89,23.89,23.89,23.89,23.89,23.89,23.89,23.89,23.89,23.89,29.44,29.44,29.44,29.44,From DOE Prototype Buildings,,,,,,,,,,,,,,,,,,,,,,,,,,,,,,,,,,,,,,,,,,,,,,,,,,,,,,,,,,,,,,,,,,,
RetailStripmall Type2_CLGSETP_SCH_NO_OPTIMUM,Thermostat Setpoint,C,Wkdy,41640,42004,Hourly,29.44,29.44,29.44,29.44,29.44,29.44,29.44,23.89,23.89,23.89,23.89,23.89,23.89,23.89,23.89,23.89,23.89,23.89,23.89,23.89,29.44,29.44,29.44,29.44,From DOE Prototype Buildings,,,,,,,,,,,,,,,,,,,,,,,,,,,,,,,,,,,,,,,,,,,,,,,,,,,,,,,,,,,,,,,,,,,
RetailStripmall Type2_CLGSETP_SCH_NO_OPTIMUM,Thermostat Setpoint,C,WntrDsn,41640,42004,Constant,29.44,,,,,,,,,,,,,,,,,,,,,,,,From DOE Prototype Buildings,,,,,,,,,,,,,,,,,,,,,,,,,,,,,,,,,,,,,,,,,,,,,,,,,,,,,,,,,,,,,,,,,,,
RetailStripmall Type2_CLGSETP_SCH_NO_SETBACK,Thermostat Setpoint,C,Default|Sat|Wkdy,41640,42004,Constant,23.89,,,,,,,,,,,,,,,,,,,,,,,,From DOE Prototype Buildings,,,,,,,,,,,,,,,,,,,,,,,,,,,,,,,,,,,,,,,,,,,,,,,,,,,,,,,,,,,,,,,,,,,
RetailStripmall Type2_CLGSETP_SCH_NO_SETBACK,Thermostat Setpoint,C,SmrDsn,41640,42004,Hourly,29.44,29.44,29.44,29.44,29.44,29.44,29.44,26.67,23.89,23.89,23.89,23.89,23.89,23.89,23.89,23.89,23.89,23.89,23.89,23.89,29.44,29.44,29.44,29.44,From DOE Prototype Buildings,,,,,,,,,,,,,,,,,,,,,,,,,,,,,,,,,,,,,,,,,,,,,,,,,,,,,,,,,,,,,,,,,,,
RetailStripmall Type2_CLGSETP_SCH_NO_SETBACK,Thermostat Setpoint,C,WntrDsn,41640,42004,Constant,29.44,,,,,,,,,,,,,,,,,,,,,,,,From DOE Prototype Buildings,,,,,,,,,,,,,,,,,,,,,,,,,,,,,,,,,,,,,,,,,,,,,,,,,,,,,,,,,,,,,,,,,,,
RetailStripmall Type2_CLGSETP_SCH_YES_OPTIMUM,Thermostat Setpoint,C,Default,41640,42004,Hourly,29.44,29.44,29.44,29.44,29.44,29.44,29.44,29.44,26.67,23.89,23.89,23.89,23.89,23.89,23.89,23.89,23.89,29.44,29.44,29.44,29.44,29.44,29.44,29.44,From DOE Prototype Buildings,,,,,,,,,,,,,,,,,,,,,,,,,,,,,,,,,,,,,,,,,,,,,,,,,,,,,,,,,,,,,,,,,,,
RetailStripmall Type2_CLGSETP_SCH_YES_OPTIMUM,Thermostat Setpoint,C,Sat,41640,42004,Hourly,29.44,29.44,29.44,29.44,29.44,29.44,29.44,26.67,23.89,23.89,23.89,23.89,23.89,23.89,23.89,23.89,23.89,23.89,29.44,29.44,29.44,29.44,29.44,29.44,From DOE Prototype Buildings,,,,,,,,,,,,,,,,,,,,,,,,,,,,,,,,,,,,,,,,,,,,,,,,,,,,,,,,,,,,,,,,,,,
RetailStripmall Type2_CLGSETP_SCH_YES_OPTIMUM,Thermostat Setpoint,C,SmrDsn|Wkdy,41640,42004,Hourly,29.44,29.44,29.44,29.44,29.44,29.44,29.44,26.67,23.89,23.89,23.89,23.89,23.89,23.89,23.89,23.89,23.89,23.89,23.89,23.89,29.44,29.44,29.44,29.44,From DOE Prototype Buildings,,,,,,,,,,,,,,,,,,,,,,,,,,,,,,,,,,,,,,,,,,,,,,,,,,,,,,,,,,,,,,,,,,,
RetailStripmall Type2_CLGSETP_SCH_YES_OPTIMUM,Thermostat Setpoint,C,WntrDsn,41640,42004,Constant,29.44,,,,,,,,,,,,,,,,,,,,,,,,From DOE Prototype Buildings,,,,,,,,,,,,,,,,,,,,,,,,,,,,,,,,,,,,,,,,,,,,,,,,,,,,,,,,,,,,,,,,,,,
RetailStripmall Type2_EQUIP_SCH,Equipment,,Default,41640,42004,Hourly,0.05,0.05,0.05,0.05,0.05,0.05,0.05,0.05,0.05,0.5,0.9,0.9,0.9,0.9,0.9,0.9,0.9,0.5,0.05,0.05,0.05,0.05,0.05,0.05,From DOE Prototype Buildings,,,,,,,,,,,,,,,,,,,,,,,,,,,,,,,,,,,,,,,,,,,,,,,,,,,,,,,,,,,,,,,,,,,
RetailStripmall Type2_EQUIP_SCH,Equipment,,Sat,41640,42004,Hourly,0.05,0.05,0.05,0.05,0.05,0.05,0.05,0.05,0.5,0.9,0.9,0.9,0.9,0.9,0.9,0.9,0.9,0.9,0.5,0.05,0.05,0.05,0.05,0.05,From DOE Prototype Buildings,,,,,,,,,,,,,,,,,,,,,,,,,,,,,,,,,,,,,,,,,,,,,,,,,,,,,,,,,,,,,,,,,,,
RetailStripmall Type2_EQUIP_SCH,Equipment,,SmrDsn,41640,42004,Constant,1,,,,,,,,,,,,,,,,,,,,,,,,From DOE Prototype Buildings,,,,,,,,,,,,,,,,,,,,,,,,,,,,,,,,,,,,,,,,,,,,,,,,,,,,,,,,,,,,,,,,,,,
RetailStripmall Type2_EQUIP_SCH,Equipment,,Wkdy,41640,42004,Hourly,0.05,0.05,0.05,0.05,0.05,0.05,0.05,0.05,0.5,0.9,0.9,0.9,0.9,0.9,0.9,0.9,0.9,0.9,0.9,0.9,0.5,0.05,0.05,0.05,From DOE Prototype Buildings,,,,,,,,,,,,,,,,,,,,,,,,,,,,,,,,,,,,,,,,,,,,,,,,,,,,,,,,,,,,,,,,,,,
RetailStripmall Type2_EQUIP_SCH,Equipment,,WntrDsn,41640,42004,Constant,0,,,,,,,,,,,,,,,,,,,,,,,,From DOE Prototype Buildings,,,,,,,,,,,,,,,,,,,,,,,,,,,,,,,,,,,,,,,,,,,,,,,,,,,,,,,,,,,,,,,,,,,
RetailStripmall Type2_FAN_SCH,Unknown,,Default,41640,42004,Hourly,0,0,0,0,0,0,0,0,1,1,1,1,1,1,1,1,1,1,0,0,0,0,0,0,From DOE Prototype Buildings,,,,,,,,,,,,,,,,,,,,,,,,,,,,,,,,,,,,,,,,,,,,,,,,,,,,,,,,,,,,,,,,,,,
RetailStripmall Type2_FAN_SCH,Unknown,,SmrDsn|Wkdy,41640,42004,Hourly,0,0,0,0,0,0,0,1,1,1,1,1,1,1,1,1,1,1,1,1,1,0,0,0,From DOE Prototype Buildings,,,,,,,,,,,,,,,,,,,,,,,,,,,,,,,,,,,,,,,,,,,,,,,,,,,,,,,,,,,,,,,,,,,
RetailStripmall Type2_FAN_SCH,Unknown,,WntrDsn|Sat,41640,42004,Hourly,0,0,0,0,0,0,0,1,1,1,1,1,1,1,1,1,1,1,1,0,0,0,0,0,From DOE Prototype Buildings,,,,,,,,,,,,,,,,,,,,,,,,,,,,,,,,,,,,,,,,,,,,,,,,,,,,,,,,,,,,,,,,,,,
RetailStripmall Type2_HTGSETP_SCH_NO_OPTIMUM,Thermostat Setpoint,C,Default,41640,42004,Hourly,15.56,15.56,15.56,15.56,15.56,15.56,15.56,15.56,21.11,21.11,21.11,21.11,21.11,21.11,21.11,21.11,21.11,21.11,15.56,15.56,15.56,15.56,15.56,15.56,From DOE Prototype Buildings,,,,,,,,,,,,,,,,,,,,,,,,,,,,,,,,,,,,,,,,,,,,,,,,,,,,,,,,,,,,,,,,,,,
RetailStripmall Type2_HTGSETP_SCH_NO_OPTIMUM,Thermostat Setpoint,C,Sat,41640,42004,Hourly,15.56,15.56,15.56,15.56,15.56,15.56,15.56,21.11,21.11,21.11,21.11,21.11,21.11,21.11,21.11,21.11,21.11,21.11,21.11,15.56,15.56,15.56,15.56,15.56,From DOE Prototype Buildings,,,,,,,,,,,,,,,,,,,,,,,,,,,,,,,,,,,,,,,,,,,,,,,,,,,,,,,,,,,,,,,,,,,
RetailStripmall Type2_HTGSETP_SCH_NO_OPTIMUM,Thermostat Setpoint,C,SmrDsn,41640,42004,Constant,15.56,,,,,,,,,,,,,,,,,,,,,,,,From DOE Prototype Buildings,,,,,,,,,,,,,,,,,,,,,,,,,,,,,,,,,,,,,,,,,,,,,,,,,,,,,,,,,,,,,,,,,,,
RetailStripmall Type2_HTGSETP_SCH_NO_OPTIMUM,Thermostat Setpoint,C,Wkdy,41640,42004,Hourly,15.56,15.56,15.56,15.56,15.56,15.56,15.56,21.11,21.11,21.11,21.11,21.11,21.11,21.11,21.11,21.11,21.11,21.11,21.11,21.11,21.11,15.56,15.56,15.56,From DOE Prototype Buildings,,,,,,,,,,,,,,,,,,,,,,,,,,,,,,,,,,,,,,,,,,,,,,,,,,,,,,,,,,,,,,,,,,,
RetailStripmall Type2_HTGSETP_SCH_NO_OPTIMUM,Thermostat Setpoint,C,WntrDsn,41640,42004,Hourly,15.56,15.56,15.56,15.56,15.56,15.56,15.56,18.33,21.11,21.11,21.11,21.11,21.11,21.11,21.11,21.11,21.11,21.11,21.11,21.11,21.11,15.56,15.56,15.56,From DOE Prototype Buildings,,,,,,,,,,,,,,,,,,,,,,,,,,,,,,,,,,,,,,,,,,,,,,,,,,,,,,,,,,,,,,,,,,,
RetailStripmall Type2_HTGSETP_SCH_YES_OPTIMUM,Thermostat Setpoint,C,Default,41640,42004,Hourly,15.56,15.56,15.56,15.56,15.56,15.56,15.56,15.56,18.33,21.11,21.11,21.11,21.11,21.11,21.11,21.11,21.11,21.11,15.56,15.56,15.56,15.56,15.56,15.56,From DOE Prototype Buildings,,,,,,,,,,,,,,,,,,,,,,,,,,,,,,,,,,,,,,,,,,,,,,,,,,,,,,,,,,,,,,,,,,,
RetailStripmall Type2_HTGSETP_SCH_YES_OPTIMUM,Thermostat Setpoint,C,Sat,41640,42004,Hourly,15.56,15.56,15.56,15.56,15.56,15.56,15.56,18.33,21.11,21.11,21.11,21.11,21.11,21.11,21.11,21.11,21.11,21.11,21.11,15.56,15.56,15.56,15.56,15.56,From DOE Prototype Buildings,,,,,,,,,,,,,,,,,,,,,,,,,,,,,,,,,,,,,,,,,,,,,,,,,,,,,,,,,,,,,,,,,,,
RetailStripmall Type2_HTGSETP_SCH_YES_OPTIMUM,Thermostat Setpoint,C,SmrDsn,41640,42004,Constant,15.56,,,,,,,,,,,,,,,,,,,,,,,,From DOE Prototype Buildings,,,,,,,,,,,,,,,,,,,,,,,,,,,,,,,,,,,,,,,,,,,,,,,,,,,,,,,,,,,,,,,,,,,
RetailStripmall Type2_HTGSETP_SCH_YES_OPTIMUM,Thermostat Setpoint,C,WntrDsn|Wkdy,41640,42004,Hourly,15.56,15.56,15.56,15.56,15.56,15.56,15.56,18.33,21.11,21.11,21.11,21.11,21.11,21.11,21.11,21.11,21.11,21.11,21.11,21.11,21.11,15.56,15.56,15.56,From DOE Prototype Buildings,,,,,,,,,,,,,,,,,,,,,,,,,,,,,,,,,,,,,,,,,,,,,,,,,,,,,,,,,,,,,,,,,,,
RetailStripmall Type2_Infil_SCH,Infiltration,,Default,41640,42004,Hourly,1,1,1,1,1,1,1,1,0.25,0.25,0.25,0.25,0.25,0.25,0.25,0.25,0.25,0.25,1,1,1,1,1,1,From DOE Prototype Buildings,,,,,,,,,,,,,,,,,,,,,,,,,,,,,,,,,,,,,,,,,,,,,,,,,,,,,,,,,,,,,,,,,,,
RetailStripmall Type2_Infil_SCH,Infiltration,,SmrDsn|Wkdy,41640,42004,Hourly,1,1,1,1,1,1,1,0.25,0.25,0.25,0.25,0.25,0.25,0.25,0.25,0.25,0.25,0.25,0.25,0.25,0.25,1,1,1,From DOE Prototype Buildings,,,,,,,,,,,,,,,,,,,,,,,,,,,,,,,,,,,,,,,,,,,,,,,,,,,,,,,,,,,,,,,,,,,
RetailStripmall Type2_Infil_SCH,Infiltration,,WntrDsn|Sat,41640,42004,Hourly,1,1,1,1,1,1,1,0.25,0.25,0.25,0.25,0.25,0.25,0.25,0.25,0.25,0.25,0.25,0.25,1,1,1,1,1,From DOE Prototype Buildings,,,,,,,,,,,,,,,,,,,,,,,,,,,,,,,,,,,,,,,,,,,,,,,,,,,,,,,,,,,,,,,,,,,
RetailStripmall Type2_LIGHT_SCH,Lighting,,Default,41640,42004,Hourly,0.05,0.05,0.05,0.05,0.05,0.05,0.05,0.05,0.05,0.5,0.95,0.95,0.95,0.95,0.95,0.95,0.95,0.5,0.05,0.05,0.05,0.05,0.05,0.05,From DOE Prototype Buildings,,,,,,,,,,,,,,,,,,,,,,,,,,,,,,,,,,,,,,,,,,,,,,,,,,,,,,,,,,,,,,,,,,,
RetailStripmall Type2_LIGHT_SCH,Lighting,,Sat,41640,42004,Hourly,0.05,0.05,0.05,0.05,0.05,0.05,0.05,0.05,0.5,0.95,0.95,0.95,0.95,0.95,0.95,0.95,0.95,0.95,0.5,0.05,0.05,0.05,0.05,0.05,From DOE Prototype Buildings,,,,,,,,,,,,,,,,,,,,,,,,,,,,,,,,,,,,,,,,,,,,,,,,,,,,,,,,,,,,,,,,,,,
RetailStripmall Type2_LIGHT_SCH,Lighting,,SmrDsn,41640,42004,Constant,1,,,,,,,,,,,,,,,,,,,,,,,,From DOE Prototype Buildings,,,,,,,,,,,,,,,,,,,,,,,,,,,,,,,,,,,,,,,,,,,,,,,,,,,,,,,,,,,,,,,,,,,
RetailStripmall Type2_LIGHT_SCH,Lighting,,Wkdy,41640,42004,Hourly,0.05,0.05,0.05,0.05,0.05,0.05,0.05,0.05,0.5,0.95,0.95,0.95,0.95,0.95,0.95,0.95,0.95,0.95,0.95,0.95,0.5,0.05,0.05,0.05,From DOE Prototype Buildings,,,,,,,,,,,,,,,,,,,,,,,,,,,,,,,,,,,,,,,,,,,,,,,,,,,,,,,,,,,,,,,,,,,
RetailStripmall Type2_LIGHT_SCH,Lighting,,WntrDsn,41640,42004,Constant,0,,,,,,,,,,,,,,,,,,,,,,,,From DOE Prototype Buildings,,,,,,,,,,,,,,,,,,,,,,,,,,,,,,,,,,,,,,,,,,,,,,,,,,,,,,,,,,,,,,,,,,,
RetailStripmall Type2_MinOA_MotorizedDamper_SCH,OA Air,,Default,41640,42004,Hourly,0,0,0,0,0,0,0,0,0,1,1,1,1,1,1,1,1,1,0,0,0,0,0,0,From DOE Prototype Buildings,,,,,,,,,,,,,,,,,,,,,,,,,,,,,,,,,,,,,,,,,,,,,,,,,,,,,,,,,,,,,,,,,,,
RetailStripmall Type2_MinOA_MotorizedDamper_SCH,OA Air,,SmrDsn|Wkdy,41640,42004,Hourly,0,0,0,0,0,0,0,0,1,1,1,1,1,1,1,1,1,1,1,1,1,0,0,0,From DOE Prototype Buildings,,,,,,,,,,,,,,,,,,,,,,,,,,,,,,,,,,,,,,,,,,,,,,,,,,,,,,,,,,,,,,,,,,,
RetailStripmall Type2_MinOA_MotorizedDamper_SCH,OA Air,,WntrDsn|Sat,41640,42004,Hourly,0,0,0,0,0,0,0,0,1,1,1,1,1,1,1,1,1,1,1,0,0,0,0,0,From DOE Prototype Buildings,,,,,,,,,,,,,,,,,,,,,,,,,,,,,,,,,,,,,,,,,,,,,,,,,,,,,,,,,,,,,,,,,,,
RetailStripmall Type2_OCC_SCH,Occupancy,,Default,41640,42004,Hourly,0,0,0,0,0,0,0,0,0,0.05,0.1,0.2,0.4,0.4,0.3,0.2,0.1,0.05,0,0,0,0,0,0,From DOE Prototype Buildings,,,,,,,,,,,,,,,,,,,,,,,,,,,,,,,,,,,,,,,,,,,,,,,,,,,,,,,,,,,,,,,,,,,
RetailStripmall Type2_OCC_SCH,Occupancy,,Sat,41640,42004,Hourly,0,0,0,0,0,0,0,0,0.05,0.1,0.1,0.2,0.4,0.6,0.4,0.3,0.3,0.3,0.05,0,0,0,0,0,From DOE Prototype Buildings,,,,,,,,,,,,,,,,,,,,,,,,,,,,,,,,,,,,,,,,,,,,,,,,,,,,,,,,,,,,,,,,,,,
RetailStripmall Type2_OCC_SCH,Occupancy,,SmrDsn,41640,42004,Constant,1,,,,,,,,,,,,,,,,,,,,,,,,From DOE Prototype Buildings,,,,,,,,,,,,,,,,,,,,,,,,,,,,,,,,,,,,,,,,,,,,,,,,,,,,,,,,,,,,,,,,,,,
RetailStripmall Type2_OCC_SCH,Occupancy,,Wkdy,41640,42004,Hourly,0,0,0,0,0,0,0,0,0.05,0.1,0.1,0.1,0.2,0.4,0.3,0.2,0.2,0.5,0.5,0.2,0.05,0,0,0,From DOE Prototype Buildings,,,,,,,,,,,,,,,,,,,,,,,,,,,,,,,,,,,,,,,,,,,,,,,,,,,,,,,,,,,,,,,,,,,
RetailStripmall Type2_OCC_SCH,Occupancy,,WntrDsn,41640,42004,Constant,0,,,,,,,,,,,,,,,,,,,,,,,,From DOE Prototype Buildings,,,,,,,,,,,,,,,,,,,,,,,,,,,,,,,,,,,,,,,,,,,,,,,,,,,,,,,,,,,,,,,,,,,
RetailStripmall Type2_SWH_SCH,Service Water Heating,,Default,41640,42004,Hourly,0,0,0,0,0,0,0,0,0,0.12,0.14,0.29,0.33,0.4,0.36,0.37,0.35,0.37,0,0,0,0,0,0,From DOE Prototype Buildings,,,,,,,,,,,,,,,,,,,,,,,,,,,,,,,,,,,,,,,,,,,,,,,,,,,,,,,,,,,,,,,,,,,
RetailStripmall Type2_SWH_SCH,Service Water Heating,,SmrDsn|Wkdy,41640,42004,Hourly,0,0,0,0,0,0,0,0,0.15,0.23,0.32,0.41,0.57,0.62,0.61,0.5,0.45,0.46,0.47,0.42,0.34,0,0,0,From DOE Prototype Buildings,,,,,,,,,,,,,,,,,,,,,,,,,,,,,,,,,,,,,,,,,,,,,,,,,,,,,,,,,,,,,,,,,,,
RetailStripmall Type2_SWH_SCH,Service Water Heating,,WntrDsn|Sat,41640,42004,Hourly,0,0,0,0,0,0,0,0,0.2,0.24,0.27,0.42,0.54,0.62,0.6,0.5,0.48,0.47,0.34,0,0,0,0,0,From DOE Prototype Buildings,,,,,,,,,,,,,,,,,,,,,,,,,,,,,,,,,,,,,,,,,,,,,,,,,,,,,,,,,,,,,,,,,,,
RetailStripmall Type3_CLGSETP_SCH_NO_OPTIMUM,Thermostat Setpoint,C,Default,41640,42004,Hourly,29.44,29.44,29.44,29.44,29.44,29.44,29.44,29.44,29.44,23.89,23.89,23.89,23.89,23.89,23.89,23.89,23.89,29.44,29.44,29.44,29.44,29.44,29.44,29.44,From DOE Prototype Buildings,,,,,,,,,,,,,,,,,,,,,,,,,,,,,,,,,,,,,,,,,,,,,,,,,,,,,,,,,,,,,,,,,,,
RetailStripmall Type3_CLGSETP_SCH_NO_OPTIMUM,Thermostat Setpoint,C,Sat,41640,42004,Hourly,29.44,29.44,29.44,29.44,29.44,29.44,29.44,29.44,23.89,23.89,23.89,23.89,23.89,23.89,23.89,23.89,23.89,23.89,29.44,29.44,29.44,29.44,29.44,29.44,From DOE Prototype Buildings,,,,,,,,,,,,,,,,,,,,,,,,,,,,,,,,,,,,,,,,,,,,,,,,,,,,,,,,,,,,,,,,,,,
RetailStripmall Type3_CLGSETP_SCH_NO_OPTIMUM,Thermostat Setpoint,C,SmrDsn,41640,42004,Hourly,29.44,29.44,29.44,29.44,29.44,29.44,29.44,29.44,26.67,23.89,23.89,23.89,23.89,23.89,23.89,23.89,23.89,23.89,23.89,23.89,23.89,29.44,29.44,29.44,From DOE Prototype Buildings,,,,,,,,,,,,,,,,,,,,,,,,,,,,,,,,,,,,,,,,,,,,,,,,,,,,,,,,,,,,,,,,,,,
RetailStripmall Type3_CLGSETP_SCH_NO_OPTIMUM,Thermostat Setpoint,C,Wkdy,41640,42004,Hourly,29.44,29.44,29.44,29.44,29.44,29.44,29.44,29.44,23.89,23.89,23.89,23.89,23.89,23.89,23.89,23.89,23.89,23.89,23.89,23.89,23.89,29.44,29.44,29.44,From DOE Prototype Buildings,,,,,,,,,,,,,,,,,,,,,,,,,,,,,,,,,,,,,,,,,,,,,,,,,,,,,,,,,,,,,,,,,,,
RetailStripmall Type3_CLGSETP_SCH_NO_OPTIMUM,Thermostat Setpoint,C,WntrDsn,41640,42004,Constant,29.44,,,,,,,,,,,,,,,,,,,,,,,,From DOE Prototype Buildings,,,,,,,,,,,,,,,,,,,,,,,,,,,,,,,,,,,,,,,,,,,,,,,,,,,,,,,,,,,,,,,,,,,
RetailStripmall Type3_CLGSETP_SCH_NO_SETBACK,Thermostat Setpoint,C,Default|Sat|Wkdy,41640,42004,Constant,23.89,,,,,,,,,,,,,,,,,,,,,,,,From DOE Prototype Buildings,,,,,,,,,,,,,,,,,,,,,,,,,,,,,,,,,,,,,,,,,,,,,,,,,,,,,,,,,,,,,,,,,,,
RetailStripmall Type3_CLGSETP_SCH_NO_SETBACK,Thermostat Setpoint,C,SmrDsn,41640,42004,Hourly,29.44,29.44,29.44,29.44,29.44,29.44,29.44,29.44,26.67,23.89,23.89,23.89,23.89,23.89,23.89,23.89,23.89,23.89,23.89,23.89,23.89,29.44,29.44,29.44,From DOE Prototype Buildings,,,,,,,,,,,,,,,,,,,,,,,,,,,,,,,,,,,,,,,,,,,,,,,,,,,,,,,,,,,,,,,,,,,
RetailStripmall Type3_CLGSETP_SCH_NO_SETBACK,Thermostat Setpoint,C,WntrDsn,41640,42004,Constant,29.44,,,,,,,,,,,,,,,,,,,,,,,,From DOE Prototype Buildings,,,,,,,,,,,,,,,,,,,,,,,,,,,,,,,,,,,,,,,,,,,,,,,,,,,,,,,,,,,,,,,,,,,
RetailStripmall Type3_CLGSETP_SCH_YES_OPTIMUM,Thermostat Setpoint,C,Default,41640,42004,Hourly,29.44,29.44,29.44,29.44,29.44,29.44,29.44,29.44,29.44,26.67,23.89,23.89,23.89,23.89,23.89,23.89,23.89,29.44,29.44,29.44,29.44,29.44,29.44,29.44,From DOE Prototype Buildings,,,,,,,,,,,,,,,,,,,,,,,,,,,,,,,,,,,,,,,,,,,,,,,,,,,,,,,,,,,,,,,,,,,
RetailStripmall Type3_CLGSETP_SCH_YES_OPTIMUM,Thermostat Setpoint,C,Sat,41640,42004,Hourly,29.44,29.44,29.44,29.44,29.44,29.44,29.44,29.44,26.67,23.89,23.89,23.89,23.89,23.89,23.89,23.89,23.89,23.89,29.44,29.44,29.44,29.44,29.44,29.44,From DOE Prototype Buildings,,,,,,,,,,,,,,,,,,,,,,,,,,,,,,,,,,,,,,,,,,,,,,,,,,,,,,,,,,,,,,,,,,,
RetailStripmall Type3_CLGSETP_SCH_YES_OPTIMUM,Thermostat Setpoint,C,SmrDsn|Wkdy,41640,42004,Hourly,29.44,29.44,29.44,29.44,29.44,29.44,29.44,29.44,26.67,23.89,23.89,23.89,23.89,23.89,23.89,23.89,23.89,23.89,23.89,23.89,23.89,29.44,29.44,29.44,From DOE Prototype Buildings,,,,,,,,,,,,,,,,,,,,,,,,,,,,,,,,,,,,,,,,,,,,,,,,,,,,,,,,,,,,,,,,,,,
RetailStripmall Type3_CLGSETP_SCH_YES_OPTIMUM,Thermostat Setpoint,C,WntrDsn,41640,42004,Constant,29.44,,,,,,,,,,,,,,,,,,,,,,,,From DOE Prototype Buildings,,,,,,,,,,,,,,,,,,,,,,,,,,,,,,,,,,,,,,,,,,,,,,,,,,,,,,,,,,,,,,,,,,,
RetailStripmall Type3_EQUIP_SCH,Equipment,,Default,41640,42004,Hourly,0.05,0.05,0.05,0.05,0.05,0.05,0.05,0.05,0.05,0.05,0.5,0.9,0.9,0.9,0.9,0.9,0.9,0.5,0.05,0.05,0.05,0.05,0.05,0.05,From DOE Prototype Buildings,,,,,,,,,,,,,,,,,,,,,,,,,,,,,,,,,,,,,,,,,,,,,,,,,,,,,,,,,,,,,,,,,,,
RetailStripmall Type3_EQUIP_SCH,Equipment,,Sat,41640,42004,Hourly,0.05,0.05,0.05,0.05,0.05,0.05,0.05,0.05,0.05,0.5,0.9,0.9,0.9,0.9,0.9,0.9,0.9,0.9,0.5,0.05,0.05,0.05,0.05,0.05,From DOE Prototype Buildings,,,,,,,,,,,,,,,,,,,,,,,,,,,,,,,,,,,,,,,,,,,,,,,,,,,,,,,,,,,,,,,,,,,
RetailStripmall Type3_EQUIP_SCH,Equipment,,SmrDsn,41640,42004,Constant,1,,,,,,,,,,,,,,,,,,,,,,,,From DOE Prototype Buildings,,,,,,,,,,,,,,,,,,,,,,,,,,,,,,,,,,,,,,,,,,,,,,,,,,,,,,,,,,,,,,,,,,,
RetailStripmall Type3_EQUIP_SCH,Equipment,,Wkdy,41640,42004,Hourly,0.05,0.05,0.05,0.05,0.05,0.05,0.05,0.05,0.05,0.5,0.9,0.9,0.9,0.9,0.9,0.9,0.9,0.9,0.9,0.9,0.5,0.05,0.05,0.05,From DOE Prototype Buildings,,,,,,,,,,,,,,,,,,,,,,,,,,,,,,,,,,,,,,,,,,,,,,,,,,,,,,,,,,,,,,,,,,,
RetailStripmall Type3_EQUIP_SCH,Equipment,,WntrDsn,41640,42004,Constant,0,,,,,,,,,,,,,,,,,,,,,,,,From DOE Prototype Buildings,,,,,,,,,,,,,,,,,,,,,,,,,,,,,,,,,,,,,,,,,,,,,,,,,,,,,,,,,,,,,,,,,,,
RetailStripmall Type3_FAN_SCH,Unknown,,Default,41640,42004,Hourly,0,0,0,0,0,0,0,0,0,1,1,1,1,1,1,1,1,1,0,0,0,0,0,0,From DOE Prototype Buildings,,,,,,,,,,,,,,,,,,,,,,,,,,,,,,,,,,,,,,,,,,,,,,,,,,,,,,,,,,,,,,,,,,,
RetailStripmall Type3_FAN_SCH,Unknown,,SmrDsn|Wkdy,41640,42004,Hourly,0,0,0,0,0,0,0,0,1,1,1,1,1,1,1,1,1,1,1,1,1,0,0,0,From DOE Prototype Buildings,,,,,,,,,,,,,,,,,,,,,,,,,,,,,,,,,,,,,,,,,,,,,,,,,,,,,,,,,,,,,,,,,,,
RetailStripmall Type3_FAN_SCH,Unknown,,WntrDsn|Sat,41640,42004,Hourly,0,0,0,0,0,0,0,0,1,1,1,1,1,1,1,1,1,1,1,0,0,0,0,0,From DOE Prototype Buildings,,,,,,,,,,,,,,,,,,,,,,,,,,,,,,,,,,,,,,,,,,,,,,,,,,,,,,,,,,,,,,,,,,,
RetailStripmall Type3_HTGSETP_SCH_NO_OPTIMUM,Thermostat Setpoint,C,Default,41640,42004,Hourly,15.56,15.56,15.56,15.56,15.56,15.56,15.56,15.56,15.56,21.11,21.11,21.11,21.11,21.11,21.11,21.11,21.11,21.11,15.56,15.56,15.56,15.56,15.56,15.56,From DOE Prototype Buildings,,,,,,,,,,,,,,,,,,,,,,,,,,,,,,,,,,,,,,,,,,,,,,,,,,,,,,,,,,,,,,,,,,,
RetailStripmall Type3_HTGSETP_SCH_NO_OPTIMUM,Thermostat Setpoint,C,Sat,41640,42004,Hourly,15.56,15.56,15.56,15.56,15.56,15.56,15.56,15.56,21.11,21.11,21.11,21.11,21.11,21.11,21.11,21.11,21.11,21.11,21.11,15.56,15.56,15.56,15.56,15.56,From DOE Prototype Buildings,,,,,,,,,,,,,,,,,,,,,,,,,,,,,,,,,,,,,,,,,,,,,,,,,,,,,,,,,,,,,,,,,,,
RetailStripmall Type3_HTGSETP_SCH_NO_OPTIMUM,Thermostat Setpoint,C,SmrDsn,41640,42004,Constant,15.56,,,,,,,,,,,,,,,,,,,,,,,,From DOE Prototype Buildings,,,,,,,,,,,,,,,,,,,,,,,,,,,,,,,,,,,,,,,,,,,,,,,,,,,,,,,,,,,,,,,,,,,
RetailStripmall Type3_HTGSETP_SCH_NO_OPTIMUM,Thermostat Setpoint,C,Wkdy,41640,42004,Hourly,15.56,15.56,15.56,15.56,15.56,15.56,15.56,15.56,21.11,21.11,21.11,21.11,21.11,21.11,21.11,21.11,21.11,21.11,21.11,21.11,21.11,15.56,15.56,15.56,From DOE Prototype Buildings,,,,,,,,,,,,,,,,,,,,,,,,,,,,,,,,,,,,,,,,,,,,,,,,,,,,,,,,,,,,,,,,,,,
RetailStripmall Type3_HTGSETP_SCH_NO_OPTIMUM,Thermostat Setpoint,C,WntrDsn,41640,42004,Hourly,15.56,15.56,15.56,15.56,15.56,15.56,15.56,15.56,18.33,21.11,21.11,21.11,21.11,21.11,21.11,21.11,21.11,21.11,21.11,21.11,21.11,15.56,15.56,15.56,From DOE Prototype Buildings,,,,,,,,,,,,,,,,,,,,,,,,,,,,,,,,,,,,,,,,,,,,,,,,,,,,,,,,,,,,,,,,,,,
RetailStripmall Type3_HTGSETP_SCH_YES_OPTIMUM,Thermostat Setpoint,C,Default,41640,42004,Hourly,15.56,15.56,15.56,15.56,15.56,15.56,15.56,15.56,15.56,18.33,21.11,21.11,21.11,21.11,21.11,21.11,21.11,21.11,15.56,15.56,15.56,15.56,15.56,15.56,From DOE Prototype Buildings,,,,,,,,,,,,,,,,,,,,,,,,,,,,,,,,,,,,,,,,,,,,,,,,,,,,,,,,,,,,,,,,,,,
RetailStripmall Type3_HTGSETP_SCH_YES_OPTIMUM,Thermostat Setpoint,C,Sat,41640,42004,Hourly,15.56,15.56,15.56,15.56,15.56,15.56,15.56,15.56,18.33,21.11,21.11,21.11,21.11,21.11,21.11,21.11,21.11,21.11,21.11,15.56,15.56,15.56,15.56,15.56,From DOE Prototype Buildings,,,,,,,,,,,,,,,,,,,,,,,,,,,,,,,,,,,,,,,,,,,,,,,,,,,,,,,,,,,,,,,,,,,
RetailStripmall Type3_HTGSETP_SCH_YES_OPTIMUM,Thermostat Setpoint,C,SmrDsn,41640,42004,Constant,15.56,,,,,,,,,,,,,,,,,,,,,,,,From DOE Prototype Buildings,,,,,,,,,,,,,,,,,,,,,,,,,,,,,,,,,,,,,,,,,,,,,,,,,,,,,,,,,,,,,,,,,,,
RetailStripmall Type3_HTGSETP_SCH_YES_OPTIMUM,Thermostat Setpoint,C,WntrDsn|Wkdy,41640,42004,Hourly,15.56,15.56,15.56,15.56,15.56,15.56,15.56,15.56,18.33,21.11,21.11,21.11,21.11,21.11,21.11,21.11,21.11,21.11,21.11,21.11,21.11,15.56,15.56,15.56,From DOE Prototype Buildings,,,,,,,,,,,,,,,,,,,,,,,,,,,,,,,,,,,,,,,,,,,,,,,,,,,,,,,,,,,,,,,,,,,
RetailStripmall Type3_Infil_SCH,Infiltration,,Default,41640,42004,Hourly,1,1,1,1,1,1,1,1,1,0.25,0.25,0.25,0.25,0.25,0.25,0.25,0.25,0.25,1,1,1,1,1,1,From DOE Prototype Buildings,,,,,,,,,,,,,,,,,,,,,,,,,,,,,,,,,,,,,,,,,,,,,,,,,,,,,,,,,,,,,,,,,,,
RetailStripmall Type3_Infil_SCH,Infiltration,,SmrDsn|Wkdy,41640,42004,Hourly,1,1,1,1,1,1,1,1,0.25,0.25,0.25,0.25,0.25,0.25,0.25,0.25,0.25,0.25,0.25,0.25,0.25,1,1,1,From DOE Prototype Buildings,,,,,,,,,,,,,,,,,,,,,,,,,,,,,,,,,,,,,,,,,,,,,,,,,,,,,,,,,,,,,,,,,,,
RetailStripmall Type3_Infil_SCH,Infiltration,,WntrDsn|Sat,41640,42004,Hourly,1,1,1,1,1,1,1,1,0.25,0.25,0.25,0.25,0.25,0.25,0.25,0.25,0.25,0.25,0.25,1,1,1,1,1,From DOE Prototype Buildings,,,,,,,,,,,,,,,,,,,,,,,,,,,,,,,,,,,,,,,,,,,,,,,,,,,,,,,,,,,,,,,,,,,
RetailStripmall Type3_LIGHT_SCH,Lighting,,Default,41640,42004,Hourly,0.05,0.05,0.05,0.05,0.05,0.05,0.05,0.05,0.05,0.05,0.5,0.95,0.95,0.95,0.95,0.95,0.95,0.5,0.05,0.05,0.05,0.05,0.05,0.05,From DOE Prototype Buildings,,,,,,,,,,,,,,,,,,,,,,,,,,,,,,,,,,,,,,,,,,,,,,,,,,,,,,,,,,,,,,,,,,,
RetailStripmall Type3_LIGHT_SCH,Lighting,,Sat,41640,42004,Hourly,0.05,0.05,0.05,0.05,0.05,0.05,0.05,0.05,0.05,0.5,0.95,0.95,0.95,0.95,0.95,0.95,0.95,0.95,0.5,0.05,0.05,0.05,0.05,0.05,From DOE Prototype Buildings,,,,,,,,,,,,,,,,,,,,,,,,,,,,,,,,,,,,,,,,,,,,,,,,,,,,,,,,,,,,,,,,,,,
RetailStripmall Type3_LIGHT_SCH,Lighting,,SmrDsn,41640,42004,Constant,1,,,,,,,,,,,,,,,,,,,,,,,,From DOE Prototype Buildings,,,,,,,,,,,,,,,,,,,,,,,,,,,,,,,,,,,,,,,,,,,,,,,,,,,,,,,,,,,,,,,,,,,
RetailStripmall Type3_LIGHT_SCH,Lighting,,Wkdy,41640,42004,Hourly,0.05,0.05,0.05,0.05,0.05,0.05,0.05,0.05,0.05,0.5,0.95,0.95,0.95,0.95,0.95,0.95,0.95,0.95,0.95,0.95,0.5,0.05,0.05,0.05,From DOE Prototype Buildings,,,,,,,,,,,,,,,,,,,,,,,,,,,,,,,,,,,,,,,,,,,,,,,,,,,,,,,,,,,,,,,,,,,
RetailStripmall Type3_LIGHT_SCH,Lighting,,WntrDsn,41640,42004,Constant,0,,,,,,,,,,,,,,,,,,,,,,,,From DOE Prototype Buildings,,,,,,,,,,,,,,,,,,,,,,,,,,,,,,,,,,,,,,,,,,,,,,,,,,,,,,,,,,,,,,,,,,,
RetailStripmall Type3_MinOA_MotorizedDamper_SCH,OA Air,,Default,41640,42004,Hourly,0,0,0,0,0,0,0,0,0,0,1,1,1,1,1,1,1,1,0,0,0,0,0,0,From DOE Prototype Buildings,,,,,,,,,,,,,,,,,,,,,,,,,,,,,,,,,,,,,,,,,,,,,,,,,,,,,,,,,,,,,,,,,,,
RetailStripmall Type3_MinOA_MotorizedDamper_SCH,OA Air,,SmrDsn|Wkdy,41640,42004,Hourly,0,0,0,0,0,0,0,0,0,1,1,1,1,1,1,1,1,1,1,1,1,0,0,0,From DOE Prototype Buildings,,,,,,,,,,,,,,,,,,,,,,,,,,,,,,,,,,,,,,,,,,,,,,,,,,,,,,,,,,,,,,,,,,,
RetailStripmall Type3_MinOA_MotorizedDamper_SCH,OA Air,,WntrDsn|Sat,41640,42004,Hourly,0,0,0,0,0,0,0,0,0,1,1,1,1,1,1,1,1,1,1,0,0,0,0,0,From DOE Prototype Buildings,,,,,,,,,,,,,,,,,,,,,,,,,,,,,,,,,,,,,,,,,,,,,,,,,,,,,,,,,,,,,,,,,,,
RetailStripmall Type3_OCC_SCH,Occupancy,,Default,41640,42004,Hourly,0,0,0,0,0,0,0,0,0,0,0.11,0.11,0.43,0.46,0.5,0.69,0.34,0.11,0,0,0,0,0,0,From DOE Prototype Buildings,,,,,,,,,,,,,,,,,,,,,,,,,,,,,,,,,,,,,,,,,,,,,,,,,,,,,,,,,,,,,,,,,,,
RetailStripmall Type3_OCC_SCH,Occupancy,,Sat,41640,42004,Hourly,0,0,0,0,0,0,0,0,0,0.11,0.11,0.58,0.71,0.74,0.77,0.8,0.74,0.54,0.11,0,0,0,0,0,From DOE Prototype Buildings,,,,,,,,,,,,,,,,,,,,,,,,,,,,,,,,,,,,,,,,,,,,,,,,,,,,,,,,,,,,,,,,,,,
RetailStripmall Type3_OCC_SCH,Occupancy,,SmrDsn,41640,42004,Constant,1,,,,,,,,,,,,,,,,,,,,,,,,From DOE Prototype Buildings,,,,,,,,,,,,,,,,,,,,,,,,,,,,,,,,,,,,,,,,,,,,,,,,,,,,,,,,,,,,,,,,,,,
RetailStripmall Type3_OCC_SCH,Occupancy,,Wkdy,41640,42004,Hourly,0,0,0,0,0,0,0,0,0,0.11,0.11,0.43,0.46,0.71,0.5,0.69,0.54,0.71,0.34,0.26,0.11,0,0,0,From DOE Prototype Buildings,,,,,,,,,,,,,,,,,,,,,,,,,,,,,,,,,,,,,,,,,,,,,,,,,,,,,,,,,,,,,,,,,,,
RetailStripmall Type3_OCC_SCH,Occupancy,,WntrDsn,41640,42004,Constant,0,,,,,,,,,,,,,,,,,,,,,,,,From DOE Prototype Buildings,,,,,,,,,,,,,,,,,,,,,,,,,,,,,,,,,,,,,,,,,,,,,,,,,,,,,,,,,,,,,,,,,,,
RetailStripmall Type3_SWH_SCH,Service Water Heating,,Default,41640,42004,Hourly,0,0,0,0,0,0,0,0,0,0,0.12,0.29,0.31,0.36,0.36,0.34,0.35,0.37,0,0,0,0,0,0,From DOE Prototype Buildings,,,,,,,,,,,,,,,,,,,,,,,,,,,,,,,,,,,,,,,,,,,,,,,,,,,,,,,,,,,,,,,,,,,
RetailStripmall Type3_SWH_SCH,Service Water Heating,,SmrDsn|Wkdy,41640,42004,Hourly,0,0,0,0,0,0,0,0,0,0.15,0.25,0.41,0.57,0.62,0.61,0.5,0.45,0.46,0.47,0.42,0.34,0,0,0,From DOE Prototype Buildings,,,,,,,,,,,,,,,,,,,,,,,,,,,,,,,,,,,,,,,,,,,,,,,,,,,,,,,,,,,,,,,,,,,
RetailStripmall Type3_SWH_SCH,Service Water Heating,,WntrDsn|Sat,41640,42004,Hourly,0,0,0,0,0,0,0,0,0,0.2,0.27,0.42,0.54,0.59,0.6,0.49,0.48,0.47,0.46,0,0,0,0,0,From DOE Prototype Buildings,,,,,,,,,,,,,,,,,,,,,,,,,,,,,,,,,,,,,,,,,,,,,,,,,,,,,,,,,,,,,,,,,,,
RetailStripmall WORK_EFF_SCH,Unknown,,Default|WntrDsn|SmrDsn,41640,42004,Constant,0,,,,,,,,,,,,,,,,,,,,,,,,From DOE Prototype Buildings,,,,,,,,,,,,,,,,,,,,,,,,,,,,,,,,,,,,,,,,,,,,,,,,,,,,,,,,,,,,,,,,,,,
Schedule:Compact 1,Unknown,,Default|SmrDsn,41640,42004,Hourly,0.1,0.1,0.1,0.1,0.3,0.3,0.6,0.9,0.9,0.9,0.9,0.9,0.9,0.9,0.9,0.9,0.9,0.9,0.6,0.6,0.3,0.3,0.1,0.1,From DOE Reference Buildings ,,,,,,,,,,,,,,,,,,,,,,,,,,,,,,,,,,,,,,,,,,,,,,,,,,,,,,,,,,,,,,,,,,,
Schedule:Compact 1,Unknown,,Sun,41640,42004,Hourly,0.05,0.05,0.05,0.05,0.05,0.05,0.05,0.05,0.1,0.1,0.1,0.1,0.1,0.1,0.1,0.1,0.1,0.05,0.05,0.05,0.05,0.05,0.05,0.05,From DOE Reference Buildings ,,,,,,,,,,,,,,,,,,,,,,,,,,,,,,,,,,,,,,,,,,,,,,,,,,,,,,,,,,,,,,,,,,,
Schedule:Compact 1,Unknown,,WntrDsn|Sat,41640,42004,Hourly,0.1,0.1,0.1,0.1,0.1,0.1,0.1,0.3,0.3,0.4,0.4,0.4,0.4,0.4,0.4,0.3,0.3,0.3,0.3,0.3,0.1,0.1,0.1,0.1,From DOE Reference Buildings ,,,,,,,,,,,,,,,,,,,,,,,,,,,,,,,,,,,,,,,,,,,,,,,,,,,,,,,,,,,,,,,,,,,
SchoolPrimary AIR_VELO_SCH,Unknown,W,Default|WntrDsn|SmrDsn,41640,42004,Constant,0.2,,,,,,,,,,,,,,,,,,,,,,,,From DOE Prototype Buildings,,,,,,,,,,,,,,,,,,,,,,,,,,,,,,,,,,,,,,,,,,,,,,,,,,,,,,,,,,,,,,,,,,,
SchoolPrimary ALWAYS_OFF,Unknown,,Default|WntrDsn|SmrDsn,41640,42004,Constant,0,,,,,,,,,,,,,,,,,,,,,,,,From DOE Prototype Buildings,,,,,,,,,,,,,,,,,,,,,,,,,,,,,,,,,,,,,,,,,,,,,,,,,,,,,,,,,,,,,,,,,,,
SchoolPrimary ALWAYS_ON,Unknown,,Default|WntrDsn|SmrDsn,41640,42004,Constant,1,,,,,,,,,,,,,,,,,,,,,,,,From DOE Prototype Buildings,,,,,,,,,,,,,,,,,,,,,,,,,,,,,,,,,,,,,,,,,,,,,,,,,,,,,,,,,,,,,,,,,,,
SchoolPrimary Bath_ZN_1_FLR_1 SHW_default Hot Supply Temp Sched,Service Water Heating,C,Default|WntrDsn|SmrDsn,41640,42004,Constant,55,,,,,,,,,,,,,,,,,,,,,,,,From DOE Prototype Buildings,,,,,,,,,,,,,,,,,,,,,,,,,,,,,,,,,,,,,,,,,,,,,,,,,,,,,,,,,,,,,,,,,,,
SchoolPrimary Bath_ZN_1_FLR_1 SHW_default Latent fract sched,Service Water Heating,,Default|WntrDsn|SmrDsn,41640,42004,Constant,0.05,,,,,,,,,,,,,,,,,,,,,,,,From DOE Prototype Buildings,,,,,,,,,,,,,,,,,,,,,,,,,,,,,,,,,,,,,,,,,,,,,,,,,,,,,,,,,,,,,,,,,,,
SchoolPrimary Bath_ZN_1_FLR_1 SHW_default Sensible fract sched,Service Water Heating,,Default|WntrDsn|SmrDsn,41640,42004,Constant,0.2,,,,,,,,,,,,,,,,,,,,,,,,From DOE Prototype Buildings,,,,,,,,,,,,,,,,,,,,,,,,,,,,,,,,,,,,,,,,,,,,,,,,,,,,,,,,,,,,,,,,,,,
SchoolPrimary Bath_ZN_1_FLR_1 SHW_default Temp Sched,Service Water Heating,C,Default|WntrDsn|SmrDsn,41640,42004,Constant,60,,,,,,,,,,,,,,,,,,,,,,,,From DOE Prototype Buildings,,,,,,,,,,,,,,,,,,,,,,,,,,,,,,,,,,,,,,,,,,,,,,,,,,,,,,,,,,,,,,,,,,,
SchoolPrimary BLDG_EQUIP_SCH,Equipment,,Default|WntrDsn,41640,42004,Constant,0.35,,,,,,,,,,,,,,,,,,,,,,,,From DOE Prototype Buildings,,,,,,,,,,,,,,,,,,,,,,,,,,,,,,,,,,,,,,,,,,,,,,,,,,,,,,,,,,,,,,,,,,,
SchoolPrimary BLDG_EQUIP_SCH,Equipment,,SmrDsn,41640,42004,Hourly,0.25,0.25,0.25,0.25,0.25,0.25,0.25,0.25,0.5,0.5,0.5,0.5,0.5,0.5,0.5,0.5,0.5,0.25,0.25,0.25,0.25,0.25,0.25,0.25,From DOE Prototype Buildings,,,,,,,,,,,,,,,,,,,,,,,,,,,,,,,,,,,,,,,,,,,,,,,,,,,,,,,,,,,,,,,,,,,
SchoolPrimary BLDG_EQUIP_SCH,Equipment,,Wkdy,41883,42004,Hourly,0.35,0.35,0.35,0.35,0.35,0.35,0.35,0.35,0.95,0.95,0.95,0.95,0.95,0.95,0.95,0.95,0.95,0.35,0.35,0.35,0.35,0.35,0.35,0.35,From DOE Prototype Buildings,,,,,,,,,,,,,,,,,,,,,,,,,,,,,,,,,,,,,,,,,,,,,,,,,,,,,,,,,,,,,,,,,,,
SchoolPrimary BLDG_EQUIP_SCH,Equipment,,Wkdy,41821,41883,Hourly,0.25,0.25,0.25,0.25,0.25,0.25,0.25,0.25,0.5,0.5,0.5,0.5,0.5,0.5,0.5,0.5,0.5,0.25,0.25,0.25,0.25,0.25,0.25,0.25,From DOE Prototype Buildings,,,,,,,,,,,,,,,,,,,,,,,,,,,,,,,,,,,,,,,,,,,,,,,,,,,,,,,,,,,,,,,,,,,
SchoolPrimary BLDG_EQUIP_SCH,Equipment,,Wkdy,41640,41820,Hourly,0.35,0.35,0.35,0.35,0.35,0.35,0.35,0.35,0.95,0.95,0.95,0.95,0.95,0.95,0.95,0.95,0.95,0.35,0.35,0.35,0.35,0.35,0.35,0.35,From DOE Prototype Buildings,,,,,,,,,,,,,,,,,,,,,,,,,,,,,,,,,,,,,,,,,,,,,,,,,,,,,,,,,,,,,,,,,,,
SchoolPrimary BLDG_EQUIP_SCH,Equipment,,Wknd,41821,41883,Constant,0.25,,,,,,,,,,,,,,,,,,,,,,,,From DOE Prototype Buildings,,,,,,,,,,,,,,,,,,,,,,,,,,,,,,,,,,,,,,,,,,,,,,,,,,,,,,,,,,,,,,,,,,,
SchoolPrimary BLDG_EQUIP_SCH,Equipment,,Wknd,41640,41820,Constant,0.35,,,,,,,,,,,,,,,,,,,,,,,,From DOE Prototype Buildings,,,,,,,,,,,,,,,,,,,,,,,,,,,,,,,,,,,,,,,,,,,,,,,,,,,,,,,,,,,,,,,,,,,
SchoolPrimary BLDG_LIGHT_BATH_SCH,Lighting,,Default,41640,42004,Constant,0.1773,,,,,,,,,,,,,,,,,,,,,,,,From DOE Prototype Buildings,,,,,,,,,,,,,,,,,,,,,,,,,,,,,,,,,,,,,,,,,,,,,,,,,,,,,,,,,,,,,,,,,,,
SchoolPrimary BLDG_LIGHT_BATH_SCH,Lighting,,SmrDsn,41640,42004,Constant,1,,,,,,,,,,,,,,,,,,,,,,,,From DOE Prototype Buildings,,,,,,,,,,,,,,,,,,,,,,,,,,,,,,,,,,,,,,,,,,,,,,,,,,,,,,,,,,,,,,,,,,,
SchoolPrimary BLDG_LIGHT_BATH_SCH,Lighting,,Wkdy,41883,42004,Hourly,0.1773,0.1773,0.1773,0.1773,0.1773,0.1773,0.1773,0.9,0.9,0.9,0.9,0.9,0.9,0.9,0.9,0.9,0.9,0.9,0.9,0.9,0.9,0.1773,0.1773,0.1773,From DOE Prototype Buildings,,,,,,,,,,,,,,,,,,,,,,,,,,,,,,,,,,,,,,,,,,,,,,,,,,,,,,,,,,,,,,,,,,,
SchoolPrimary BLDG_LIGHT_BATH_SCH,Lighting,,Wkdy,41821,41883,Hourly,0.1773,0.1773,0.1773,0.1773,0.1773,0.1773,0.1773,0.1773,0.5,0.5,0.5,0.5,0.5,0.5,0.5,0.5,0.5,0.5,0.5,0.5,0.1773,0.1773,0.1773,0.1773,From DOE Prototype Buildings,,,,,,,,,,,,,,,,,,,,,,,,,,,,,,,,,,,,,,,,,,,,,,,,,,,,,,,,,,,,,,,,,,,
SchoolPrimary BLDG_LIGHT_BATH_SCH,Lighting,,Wkdy,41640,41820,Hourly,0.1773,0.1773,0.1773,0.1773,0.1773,0.1773,0.1773,0.9,0.9,0.9,0.9,0.9,0.9,0.9,0.9,0.9,0.9,0.9,0.9,0.9,0.9,0.1773,0.1773,0.1773,From DOE Prototype Buildings,,,,,,,,,,,,,,,,,,,,,,,,,,,,,,,,,,,,,,,,,,,,,,,,,,,,,,,,,,,,,,,,,,,
SchoolPrimary BLDG_LIGHT_BATH_SCH,Lighting,,Wknd,41821,41883,Constant,0.1773,,,,,,,,,,,,,,,,,,,,,,,,From DOE Prototype Buildings,,,,,,,,,,,,,,,,,,,,,,,,,,,,,,,,,,,,,,,,,,,,,,,,,,,,,,,,,,,,,,,,,,,
SchoolPrimary BLDG_LIGHT_BATH_SCH,Lighting,,Wknd,41640,41820,Constant,0.1773,,,,,,,,,,,,,,,,,,,,,,,,From DOE Prototype Buildings,,,,,,,,,,,,,,,,,,,,,,,,,,,,,,,,,,,,,,,,,,,,,,,,,,,,,,,,,,,,,,,,,,,
SchoolPrimary BLDG_LIGHT_BATH_SCH,Lighting,,WntrDsn,41640,42004,Constant,0,,,,,,,,,,,,,,,,,,,,,,,,From DOE Prototype Buildings,,,,,,,,,,,,,,,,,,,,,,,,,,,,,,,,,,,,,,,,,,,,,,,,,,,,,,,,,,,,,,,,,,,
SchoolPrimary BLDG_LIGHT_CLASSROOM_SCH,Lighting,,Default,41640,42004,Constant,0.1773,,,,,,,,,,,,,,,,,,,,,,,,From DOE Prototype Buildings,,,,,,,,,,,,,,,,,,,,,,,,,,,,,,,,,,,,,,,,,,,,,,,,,,,,,,,,,,,,,,,,,,,
SchoolPrimary BLDG_LIGHT_CLASSROOM_SCH,Lighting,,SmrDsn,41640,42004,Constant,1,,,,,,,,,,,,,,,,,,,,,,,,From DOE Prototype Buildings,,,,,,,,,,,,,,,,,,,,,,,,,,,,,,,,,,,,,,,,,,,,,,,,,,,,,,,,,,,,,,,,,,,
SchoolPrimary BLDG_LIGHT_CLASSROOM_SCH,Lighting,,Wkdy,41883,42004,Hourly,0.1773,0.1773,0.1773,0.1773,0.1773,0.1773,0.1773,0.9,0.9,0.9,0.9,0.9,0.9,0.9,0.9,0.9,0.9,0.9,0.9,0.9,0.9,0.1773,0.1773,0.1773,From DOE Prototype Buildings,,,,,,,,,,,,,,,,,,,,,,,,,,,,,,,,,,,,,,,,,,,,,,,,,,,,,,,,,,,,,,,,,,,
SchoolPrimary BLDG_LIGHT_CLASSROOM_SCH,Lighting,,Wkdy,41821,41883,Hourly,0.1773,0.1773,0.1773,0.1773,0.1773,0.1773,0.1773,0.1773,0.5,0.5,0.5,0.5,0.5,0.5,0.5,0.5,0.5,0.5,0.5,0.5,0.1773,0.1773,0.1773,0.1773,From DOE Prototype Buildings,,,,,,,,,,,,,,,,,,,,,,,,,,,,,,,,,,,,,,,,,,,,,,,,,,,,,,,,,,,,,,,,,,,
SchoolPrimary BLDG_LIGHT_CLASSROOM_SCH,Lighting,,Wkdy,41640,41820,Hourly,0.1773,0.1773,0.1773,0.1773,0.1773,0.1773,0.1773,0.9,0.9,0.9,0.9,0.9,0.9,0.9,0.9,0.9,0.9,0.9,0.9,0.9,0.9,0.1773,0.1773,0.1773,From DOE Prototype Buildings,,,,,,,,,,,,,,,,,,,,,,,,,,,,,,,,,,,,,,,,,,,,,,,,,,,,,,,,,,,,,,,,,,,
SchoolPrimary BLDG_LIGHT_CLASSROOM_SCH,Lighting,,Wknd,41821,41883,Constant,0.1773,,,,,,,,,,,,,,,,,,,,,,,,From DOE Prototype Buildings,,,,,,,,,,,,,,,,,,,,,,,,,,,,,,,,,,,,,,,,,,,,,,,,,,,,,,,,,,,,,,,,,,,
SchoolPrimary BLDG_LIGHT_CLASSROOM_SCH,Lighting,,Wknd,41640,41820,Constant,0.1773,,,,,,,,,,,,,,,,,,,,,,,,From DOE Prototype Buildings,,,,,,,,,,,,,,,,,,,,,,,,,,,,,,,,,,,,,,,,,,,,,,,,,,,,,,,,,,,,,,,,,,,
SchoolPrimary BLDG_LIGHT_CLASSROOM_SCH,Lighting,,WntrDsn,41640,42004,Constant,0,,,,,,,,,,,,,,,,,,,,,,,,From DOE Prototype Buildings,,,,,,,,,,,,,,,,,,,,,,,,,,,,,,,,,,,,,,,,,,,,,,,,,,,,,,,,,,,,,,,,,,,
SchoolPrimary BLDG_LIGHT_CORRIDOR_SCH,Lighting,,Default,41640,42004,Constant,0.1773,,,,,,,,,,,,,,,,,,,,,,,,From DOE Prototype Buildings,,,,,,,,,,,,,,,,,,,,,,,,,,,,,,,,,,,,,,,,,,,,,,,,,,,,,,,,,,,,,,,,,,,
SchoolPrimary BLDG_LIGHT_CORRIDOR_SCH,Lighting,,SmrDsn,41640,42004,Constant,1,,,,,,,,,,,,,,,,,,,,,,,,From DOE Prototype Buildings,,,,,,,,,,,,,,,,,,,,,,,,,,,,,,,,,,,,,,,,,,,,,,,,,,,,,,,,,,,,,,,,,,,
SchoolPrimary BLDG_LIGHT_CORRIDOR_SCH,Lighting,,Wkdy,41883,42004,Hourly,0.1773,0.1773,0.1773,0.1773,0.1773,0.1773,0.1773,0.9,0.9,0.9,0.9,0.9,0.9,0.9,0.9,0.9,0.9,0.9,0.9,0.9,0.9,0.1773,0.1773,0.1773,From DOE Prototype Buildings,,,,,,,,,,,,,,,,,,,,,,,,,,,,,,,,,,,,,,,,,,,,,,,,,,,,,,,,,,,,,,,,,,,
SchoolPrimary BLDG_LIGHT_CORRIDOR_SCH,Lighting,,Wkdy,41821,41883,Hourly,0.1773,0.1773,0.1773,0.1773,0.1773,0.1773,0.1773,0.1773,0.5,0.5,0.5,0.5,0.5,0.5,0.5,0.5,0.5,0.5,0.5,0.5,0.1773,0.1773,0.1773,0.1773,From DOE Prototype Buildings,,,,,,,,,,,,,,,,,,,,,,,,,,,,,,,,,,,,,,,,,,,,,,,,,,,,,,,,,,,,,,,,,,,
SchoolPrimary BLDG_LIGHT_CORRIDOR_SCH,Lighting,,Wkdy,41640,41820,Hourly,0.1773,0.1773,0.1773,0.1773,0.1773,0.1773,0.1773,0.9,0.9,0.9,0.9,0.9,0.9,0.9,0.9,0.9,0.9,0.9,0.9,0.9,0.9,0.1773,0.1773,0.1773,From DOE Prototype Buildings,,,,,,,,,,,,,,,,,,,,,,,,,,,,,,,,,,,,,,,,,,,,,,,,,,,,,,,,,,,,,,,,,,,
SchoolPrimary BLDG_LIGHT_CORRIDOR_SCH,Lighting,,Wknd,41821,41883,Constant,0.1773,,,,,,,,,,,,,,,,,,,,,,,,From DOE Prototype Buildings,,,,,,,,,,,,,,,,,,,,,,,,,,,,,,,,,,,,,,,,,,,,,,,,,,,,,,,,,,,,,,,,,,,
SchoolPrimary BLDG_LIGHT_CORRIDOR_SCH,Lighting,,Wknd,41640,41820,Constant,0.1773,,,,,,,,,,,,,,,,,,,,,,,,From DOE Prototype Buildings,,,,,,,,,,,,,,,,,,,,,,,,,,,,,,,,,,,,,,,,,,,,,,,,,,,,,,,,,,,,,,,,,,,
SchoolPrimary BLDG_LIGHT_CORRIDOR_SCH,Lighting,,WntrDsn,41640,42004,Constant,0,,,,,,,,,,,,,,,,,,,,,,,,From DOE Prototype Buildings,,,,,,,,,,,,,,,,,,,,,,,,,,,,,,,,,,,,,,,,,,,,,,,,,,,,,,,,,,,,,,,,,,,
SchoolPrimary BLDG_LIGHT_GYM_SCH,Lighting,,Default,41640,42004,Constant,0.1773,,,,,,,,,,,,,,,,,,,,,,,,From DOE Prototype Buildings,,,,,,,,,,,,,,,,,,,,,,,,,,,,,,,,,,,,,,,,,,,,,,,,,,,,,,,,,,,,,,,,,,,
SchoolPrimary BLDG_LIGHT_GYM_SCH,Lighting,,SmrDsn,41640,42004,Constant,1,,,,,,,,,,,,,,,,,,,,,,,,From DOE Prototype Buildings,,,,,,,,,,,,,,,,,,,,,,,,,,,,,,,,,,,,,,,,,,,,,,,,,,,,,,,,,,,,,,,,,,,
SchoolPrimary BLDG_LIGHT_GYM_SCH,Lighting,,Wkdy,41883,42004,Hourly,0.1773,0.1773,0.1773,0.1773,0.1773,0.1773,0.1773,0.9,0.9,0.9,0.9,0.9,0.9,0.9,0.9,0.9,0.9,0.9,0.9,0.9,0.9,0.1773,0.1773,0.1773,From DOE Prototype Buildings,,,,,,,,,,,,,,,,,,,,,,,,,,,,,,,,,,,,,,,,,,,,,,,,,,,,,,,,,,,,,,,,,,,
SchoolPrimary BLDG_LIGHT_GYM_SCH,Lighting,,Wkdy,41821,41883,Hourly,0.1773,0.1773,0.1773,0.1773,0.1773,0.1773,0.1773,0.1773,0.5,0.5,0.5,0.5,0.5,0.5,0.5,0.5,0.5,0.5,0.5,0.5,0.1773,0.1773,0.1773,0.1773,From DOE Prototype Buildings,,,,,,,,,,,,,,,,,,,,,,,,,,,,,,,,,,,,,,,,,,,,,,,,,,,,,,,,,,,,,,,,,,,
SchoolPrimary BLDG_LIGHT_GYM_SCH,Lighting,,Wkdy,41640,41820,Hourly,0.1773,0.1773,0.1773,0.1773,0.1773,0.1773,0.1773,0.9,0.9,0.9,0.9,0.9,0.9,0.9,0.9,0.9,0.9,0.9,0.9,0.9,0.9,0.1773,0.1773,0.1773,From DOE Prototype Buildings,,,,,,,,,,,,,,,,,,,,,,,,,,,,,,,,,,,,,,,,,,,,,,,,,,,,,,,,,,,,,,,,,,,
SchoolPrimary BLDG_LIGHT_GYM_SCH,Lighting,,Wknd,41821,41883,Constant,0.1773,,,,,,,,,,,,,,,,,,,,,,,,From DOE Prototype Buildings,,,,,,,,,,,,,,,,,,,,,,,,,,,,,,,,,,,,,,,,,,,,,,,,,,,,,,,,,,,,,,,,,,,
SchoolPrimary BLDG_LIGHT_GYM_SCH,Lighting,,Wknd,41640,41820,Constant,0.1773,,,,,,,,,,,,,,,,,,,,,,,,From DOE Prototype Buildings,,,,,,,,,,,,,,,,,,,,,,,,,,,,,,,,,,,,,,,,,,,,,,,,,,,,,,,,,,,,,,,,,,,
SchoolPrimary BLDG_LIGHT_GYM_SCH,Lighting,,WntrDsn,41640,42004,Constant,0,,,,,,,,,,,,,,,,,,,,,,,,From DOE Prototype Buildings,,,,,,,,,,,,,,,,,,,,,,,,,,,,,,,,,,,,,,,,,,,,,,,,,,,,,,,,,,,,,,,,,,,
SchoolPrimary BLDG_LIGHT_LIBRARY_SCH,Lighting,,Default,41640,42004,Constant,0.1773,,,,,,,,,,,,,,,,,,,,,,,,From DOE Prototype Buildings,,,,,,,,,,,,,,,,,,,,,,,,,,,,,,,,,,,,,,,,,,,,,,,,,,,,,,,,,,,,,,,,,,,
SchoolPrimary BLDG_LIGHT_LIBRARY_SCH,Lighting,,SmrDsn,41640,42004,Constant,1,,,,,,,,,,,,,,,,,,,,,,,,From DOE Prototype Buildings,,,,,,,,,,,,,,,,,,,,,,,,,,,,,,,,,,,,,,,,,,,,,,,,,,,,,,,,,,,,,,,,,,,
SchoolPrimary BLDG_LIGHT_LIBRARY_SCH,Lighting,,Wkdy,41883,42004,Hourly,0.1773,0.1773,0.1773,0.1773,0.1773,0.1773,0.1773,0.9,0.9,0.9,0.9,0.9,0.9,0.9,0.9,0.9,0.9,0.9,0.9,0.9,0.9,0.1773,0.1773,0.1773,From DOE Prototype Buildings,,,,,,,,,,,,,,,,,,,,,,,,,,,,,,,,,,,,,,,,,,,,,,,,,,,,,,,,,,,,,,,,,,,
SchoolPrimary BLDG_LIGHT_LIBRARY_SCH,Lighting,,Wkdy,41821,41883,Hourly,0.1773,0.1773,0.1773,0.1773,0.1773,0.1773,0.1773,0.1773,0.5,0.5,0.5,0.5,0.5,0.5,0.5,0.5,0.5,0.5,0.5,0.5,0.1773,0.1773,0.1773,0.1773,From DOE Prototype Buildings,,,,,,,,,,,,,,,,,,,,,,,,,,,,,,,,,,,,,,,,,,,,,,,,,,,,,,,,,,,,,,,,,,,
SchoolPrimary BLDG_LIGHT_LIBRARY_SCH,Lighting,,Wkdy,41640,41820,Hourly,0.1773,0.1773,0.1773,0.1773,0.1773,0.1773,0.1773,0.9,0.9,0.9,0.9,0.9,0.9,0.9,0.9,0.9,0.9,0.9,0.9,0.9,0.9,0.1773,0.1773,0.1773,From DOE Prototype Buildings,,,,,,,,,,,,,,,,,,,,,,,,,,,,,,,,,,,,,,,,,,,,,,,,,,,,,,,,,,,,,,,,,,,
SchoolPrimary BLDG_LIGHT_LIBRARY_SCH,Lighting,,Wknd,41821,41883,Constant,0.1773,,,,,,,,,,,,,,,,,,,,,,,,From DOE Prototype Buildings,,,,,,,,,,,,,,,,,,,,,,,,,,,,,,,,,,,,,,,,,,,,,,,,,,,,,,,,,,,,,,,,,,,
SchoolPrimary BLDG_LIGHT_LIBRARY_SCH,Lighting,,Wknd,41640,41820,Constant,0.1773,,,,,,,,,,,,,,,,,,,,,,,,From DOE Prototype Buildings,,,,,,,,,,,,,,,,,,,,,,,,,,,,,,,,,,,,,,,,,,,,,,,,,,,,,,,,,,,,,,,,,,,
SchoolPrimary BLDG_LIGHT_LIBRARY_SCH,Lighting,,WntrDsn,41640,42004,Constant,0,,,,,,,,,,,,,,,,,,,,,,,,From DOE Prototype Buildings,,,,,,,,,,,,,,,,,,,,,,,,,,,,,,,,,,,,,,,,,,,,,,,,,,,,,,,,,,,,,,,,,,,
SchoolPrimary BLDG_LIGHT_LOBBYFLR1_SCH,Lighting,,Default,41640,42004,Constant,0.1773,,,,,,,,,,,,,,,,,,,,,,,,From DOE Prototype Buildings,,,,,,,,,,,,,,,,,,,,,,,,,,,,,,,,,,,,,,,,,,,,,,,,,,,,,,,,,,,,,,,,,,,
SchoolPrimary BLDG_LIGHT_LOBBYFLR1_SCH,Lighting,,SmrDsn,41640,42004,Constant,1,,,,,,,,,,,,,,,,,,,,,,,,From DOE Prototype Buildings,,,,,,,,,,,,,,,,,,,,,,,,,,,,,,,,,,,,,,,,,,,,,,,,,,,,,,,,,,,,,,,,,,,
SchoolPrimary BLDG_LIGHT_LOBBYFLR1_SCH,Lighting,,Wkdy,41883,42004,Hourly,0.1773,0.1773,0.1773,0.1773,0.1773,0.1773,0.1773,0.9,0.9,0.9,0.9,0.9,0.9,0.9,0.9,0.9,0.9,0.9,0.9,0.9,0.9,0.1773,0.1773,0.1773,From DOE Prototype Buildings,,,,,,,,,,,,,,,,,,,,,,,,,,,,,,,,,,,,,,,,,,,,,,,,,,,,,,,,,,,,,,,,,,,
SchoolPrimary BLDG_LIGHT_LOBBYFLR1_SCH,Lighting,,Wkdy,41821,41883,Hourly,0.1773,0.1773,0.1773,0.1773,0.1773,0.1773,0.1773,0.1773,0.5,0.5,0.5,0.5,0.5,0.5,0.5,0.5,0.5,0.5,0.5,0.5,0.1773,0.1773,0.1773,0.1773,From DOE Prototype Buildings,,,,,,,,,,,,,,,,,,,,,,,,,,,,,,,,,,,,,,,,,,,,,,,,,,,,,,,,,,,,,,,,,,,
SchoolPrimary BLDG_LIGHT_LOBBYFLR1_SCH,Lighting,,Wkdy,41640,41820,Hourly,0.1773,0.1773,0.1773,0.1773,0.1773,0.1773,0.1773,0.9,0.9,0.9,0.9,0.9,0.9,0.9,0.9,0.9,0.9,0.9,0.9,0.9,0.9,0.1773,0.1773,0.1773,From DOE Prototype Buildings,,,,,,,,,,,,,,,,,,,,,,,,,,,,,,,,,,,,,,,,,,,,,,,,,,,,,,,,,,,,,,,,,,,
SchoolPrimary BLDG_LIGHT_LOBBYFLR1_SCH,Lighting,,Wknd,41821,41883,Constant,0.1773,,,,,,,,,,,,,,,,,,,,,,,,From DOE Prototype Buildings,,,,,,,,,,,,,,,,,,,,,,,,,,,,,,,,,,,,,,,,,,,,,,,,,,,,,,,,,,,,,,,,,,,
SchoolPrimary BLDG_LIGHT_LOBBYFLR1_SCH,Lighting,,Wknd,41640,41820,Constant,0.1773,,,,,,,,,,,,,,,,,,,,,,,,From DOE Prototype Buildings,,,,,,,,,,,,,,,,,,,,,,,,,,,,,,,,,,,,,,,,,,,,,,,,,,,,,,,,,,,,,,,,,,,
SchoolPrimary BLDG_LIGHT_LOBBYFLR1_SCH,Lighting,,WntrDsn,41640,42004,Constant,0,,,,,,,,,,,,,,,,,,,,,,,,From DOE Prototype Buildings,,,,,,,,,,,,,,,,,,,,,,,,,,,,,,,,,,,,,,,,,,,,,,,,,,,,,,,,,,,,,,,,,,,
SchoolPrimary BLDG_LIGHT_OFFICE_SCH,Lighting,,Default,41640,42004,Constant,0.1773,,,,,,,,,,,,,,,,,,,,,,,,From DOE Prototype Buildings,,,,,,,,,,,,,,,,,,,,,,,,,,,,,,,,,,,,,,,,,,,,,,,,,,,,,,,,,,,,,,,,,,,
SchoolPrimary BLDG_LIGHT_OFFICE_SCH,Lighting,,SmrDsn,41640,42004,Constant,1,,,,,,,,,,,,,,,,,,,,,,,,From DOE Prototype Buildings,,,,,,,,,,,,,,,,,,,,,,,,,,,,,,,,,,,,,,,,,,,,,,,,,,,,,,,,,,,,,,,,,,,
SchoolPrimary BLDG_LIGHT_OFFICE_SCH,Lighting,,Wkdy,41883,42004,Hourly,0.1773,0.1773,0.1773,0.1773,0.1773,0.1773,0.1773,0.9,0.9,0.9,0.9,0.9,0.9,0.9,0.9,0.9,0.9,0.9,0.9,0.9,0.9,0.1773,0.1773,0.1773,From DOE Prototype Buildings,,,,,,,,,,,,,,,,,,,,,,,,,,,,,,,,,,,,,,,,,,,,,,,,,,,,,,,,,,,,,,,,,,,
SchoolPrimary BLDG_LIGHT_OFFICE_SCH,Lighting,,Wkdy,41821,41883,Hourly,0.1773,0.1773,0.1773,0.1773,0.1773,0.1773,0.1773,0.1773,0.5,0.5,0.5,0.5,0.5,0.5,0.5,0.5,0.5,0.5,0.5,0.5,0.1773,0.1773,0.1773,0.1773,From DOE Prototype Buildings,,,,,,,,,,,,,,,,,,,,,,,,,,,,,,,,,,,,,,,,,,,,,,,,,,,,,,,,,,,,,,,,,,,
SchoolPrimary BLDG_LIGHT_OFFICE_SCH,Lighting,,Wkdy,41640,41820,Hourly,0.1773,0.1773,0.1773,0.1773,0.1773,0.1773,0.1773,0.9,0.9,0.9,0.9,0.9,0.9,0.9,0.9,0.9,0.9,0.9,0.9,0.9,0.9,0.1773,0.1773,0.1773,From DOE Prototype Buildings,,,,,,,,,,,,,,,,,,,,,,,,,,,,,,,,,,,,,,,,,,,,,,,,,,,,,,,,,,,,,,,,,,,
SchoolPrimary BLDG_LIGHT_OFFICE_SCH,Lighting,,Wknd,41821,41883,Constant,0.1773,,,,,,,,,,,,,,,,,,,,,,,,From DOE Prototype Buildings,,,,,,,,,,,,,,,,,,,,,,,,,,,,,,,,,,,,,,,,,,,,,,,,,,,,,,,,,,,,,,,,,,,
SchoolPrimary BLDG_LIGHT_OFFICE_SCH,Lighting,,Wknd,41640,41820,Constant,0.1773,,,,,,,,,,,,,,,,,,,,,,,,From DOE Prototype Buildings,,,,,,,,,,,,,,,,,,,,,,,,,,,,,,,,,,,,,,,,,,,,,,,,,,,,,,,,,,,,,,,,,,,
SchoolPrimary BLDG_LIGHT_OFFICE_SCH,Lighting,,WntrDsn,41640,42004,Constant,0,,,,,,,,,,,,,,,,,,,,,,,,From DOE Prototype Buildings,,,,,,,,,,,,,,,,,,,,,,,,,,,,,,,,,,,,,,,,,,,,,,,,,,,,,,,,,,,,,,,,,,,
SchoolPrimary BLDG_LIGHT_SCH,Lighting,,Default,41640,42004,Constant,0.1773,,,,,,,,,,,,,,,,,,,,,,,,From DOE Prototype Buildings,,,,,,,,,,,,,,,,,,,,,,,,,,,,,,,,,,,,,,,,,,,,,,,,,,,,,,,,,,,,,,,,,,,
SchoolPrimary BLDG_LIGHT_SCH,Lighting,,SmrDsn,41640,42004,Constant,1,,,,,,,,,,,,,,,,,,,,,,,,From DOE Prototype Buildings,,,,,,,,,,,,,,,,,,,,,,,,,,,,,,,,,,,,,,,,,,,,,,,,,,,,,,,,,,,,,,,,,,,
SchoolPrimary BLDG_LIGHT_SCH,Lighting,,Wkdy,41883,42004,Hourly,0.1773,0.1773,0.1773,0.1773,0.1773,0.1773,0.1773,0.9,0.9,0.9,0.9,0.9,0.9,0.9,0.9,0.9,0.9,0.9,0.9,0.9,0.9,0.1773,0.1773,0.1773,From DOE Prototype Buildings,,,,,,,,,,,,,,,,,,,,,,,,,,,,,,,,,,,,,,,,,,,,,,,,,,,,,,,,,,,,,,,,,,,
SchoolPrimary BLDG_LIGHT_SCH,Lighting,,Wkdy,41821,41883,Hourly,0.1773,0.1773,0.1773,0.1773,0.1773,0.1773,0.1773,0.1773,0.5,0.5,0.5,0.5,0.5,0.5,0.5,0.5,0.5,0.5,0.5,0.5,0.1773,0.1773,0.1773,0.1773,From DOE Prototype Buildings,,,,,,,,,,,,,,,,,,,,,,,,,,,,,,,,,,,,,,,,,,,,,,,,,,,,,,,,,,,,,,,,,,,
SchoolPrimary BLDG_LIGHT_SCH,Lighting,,Wkdy,41640,41820,Hourly,0.1773,0.1773,0.1773,0.1773,0.1773,0.1773,0.1773,0.9,0.9,0.9,0.9,0.9,0.9,0.9,0.9,0.9,0.9,0.9,0.9,0.9,0.9,0.1773,0.1773,0.1773,From DOE Prototype Buildings,,,,,,,,,,,,,,,,,,,,,,,,,,,,,,,,,,,,,,,,,,,,,,,,,,,,,,,,,,,,,,,,,,,
SchoolPrimary BLDG_LIGHT_SCH,Lighting,,Wknd,41821,41883,Constant,0.1773,,,,,,,,,,,,,,,,,,,,,,,,From DOE Prototype Buildings,,,,,,,,,,,,,,,,,,,,,,,,,,,,,,,,,,,,,,,,,,,,,,,,,,,,,,,,,,,,,,,,,,,
SchoolPrimary BLDG_LIGHT_SCH,Lighting,,Wknd,41640,41820,Constant,0.1773,,,,,,,,,,,,,,,,,,,,,,,,From DOE Prototype Buildings,,,,,,,,,,,,,,,,,,,,,,,,,,,,,,,,,,,,,,,,,,,,,,,,,,,,,,,,,,,,,,,,,,,
SchoolPrimary BLDG_LIGHT_SCH,Lighting,,WntrDsn,41640,42004,Constant,0,,,,,,,,,,,,,,,,,,,,,,,,From DOE Prototype Buildings,,,,,,,,,,,,,,,,,,,,,,,,,,,,,,,,,,,,,,,,,,,,,,,,,,,,,,,,,,,,,,,,,,,
SchoolPrimary BLDG_OCC_SCH,Occupancy,,Default|WntrDsn,41640,42004,Constant,0,,,,,,,,,,,,,,,,,,,,,,,,From DOE Prototype Buildings,,,,,,,,,,,,,,,,,,,,,,,,,,,,,,,,,,,,,,,,,,,,,,,,,,,,,,,,,,,,,,,,,,,
SchoolPrimary BLDG_OCC_SCH,Occupancy,,SmrDsn,41640,42004,Hourly,0,0,0,0,0,0,0,0,0.15,0.15,0.15,0.15,0.15,0.15,0.15,0.15,0.15,0.15,0.15,0.15,0.15,0,0,0,From DOE Prototype Buildings,,,,,,,,,,,,,,,,,,,,,,,,,,,,,,,,,,,,,,,,,,,,,,,,,,,,,,,,,,,,,,,,,,,
SchoolPrimary BLDG_OCC_SCH,Occupancy,,Wkdy,41898,42004,Hourly,0,0,0,0,0,0,0,0,0.95,0.95,0.95,0.95,0.95,0.95,0.95,0.95,0.15,0.15,0.15,0.15,0.15,0,0,0,From DOE Prototype Buildings,,,,,,,,,,,,,,,,,,,,,,,,,,,,,,,,,,,,,,,,,,,,,,,,,,,,,,,,,,,,,,,,,,,
SchoolPrimary BLDG_OCC_SCH,Occupancy,,Wkdy,41806,41897,Hourly,0,0,0,0,0,0,0,0,0.15,0.15,0.15,0.15,0.15,0.15,0.15,0.15,0.15,0.15,0.15,0.15,0.15,0,0,0,From DOE Prototype Buildings,,,,,,,,,,,,,,,,,,,,,,,,,,,,,,,,,,,,,,,,,,,,,,,,,,,,,,,,,,,,,,,,,,,
SchoolPrimary BLDG_OCC_SCH,Occupancy,,Wkdy,41640,41805,Hourly,0,0,0,0,0,0,0,0,0.95,0.95,0.95,0.95,0.95,0.95,0.95,0.95,0.15,0.15,0.15,0.15,0.15,0,0,0,From DOE Prototype Buildings,,,,,,,,,,,,,,,,,,,,,,,,,,,,,,,,,,,,,,,,,,,,,,,,,,,,,,,,,,,,,,,,,,,
SchoolPrimary BLDG_OCC_SCH,Occupancy,,Wknd,41806,41897,Constant,0,,,,,,,,,,,,,,,,,,,,,,,,From DOE Prototype Buildings,,,,,,,,,,,,,,,,,,,,,,,,,,,,,,,,,,,,,,,,,,,,,,,,,,,,,,,,,,,,,,,,,,,
SchoolPrimary BLDG_OCC_SCH,Occupancy,,Wknd,41640,41805,Constant,0,,,,,,,,,,,,,,,,,,,,,,,,From DOE Prototype Buildings,,,,,,,,,,,,,,,,,,,,,,,,,,,,,,,,,,,,,,,,,,,,,,,,,,,,,,,,,,,,,,,,,,,
SchoolPrimary BLDG_OCC_SCH_Cafeteria,Occupancy,,Default|WntrDsn,41640,42004,Constant,0,,,,,,,,,,,,,,,,,,,,,,,,From DOE Prototype Buildings,,,,,,,,,,,,,,,,,,,,,,,,,,,,,,,,,,,,,,,,,,,,,,,,,,,,,,,,,,,,,,,,,,,
SchoolPrimary BLDG_OCC_SCH_Cafeteria,Occupancy,,SmrDsn,41640,42004,Hourly,0,0,0,0,0,0,0,0,0,0.15,0.15,0.15,0.15,0.15,0.15,0.15,0.15,0.35,0.35,0,0,0,0,0,From DOE Prototype Buildings,,,,,,,,,,,,,,,,,,,,,,,,,,,,,,,,,,,,,,,,,,,,,,,,,,,,,,,,,,,,,,,,,,,
SchoolPrimary BLDG_OCC_SCH_Cafeteria,Occupancy,,Wkdy,41883,42004,Hourly,0,0,0,0,0,0,0,0,0,0.95,0.95,0.95,0.95,0.95,0.95,0.35,0.35,0.35,0.35,0.35,0,0,0,0,From DOE Prototype Buildings,,,,,,,,,,,,,,,,,,,,,,,,,,,,,,,,,,,,,,,,,,,,,,,,,,,,,,,,,,,,,,,,,,,
SchoolPrimary BLDG_OCC_SCH_Cafeteria,Occupancy,,Wkdy,41821,41883,Hourly,0,0,0,0,0,0,0,0,0,0.15,0.15,0.15,0.15,0.15,0.15,0.15,0.15,0.35,0.35,0,0,0,0,0,From DOE Prototype Buildings,,,,,,,,,,,,,,,,,,,,,,,,,,,,,,,,,,,,,,,,,,,,,,,,,,,,,,,,,,,,,,,,,,,
SchoolPrimary BLDG_OCC_SCH_Cafeteria,Occupancy,,Wkdy,41640,41820,Hourly,0,0,0,0,0,0,0,0,0,0.95,0.95,0.95,0.95,0.95,0.95,0.35,0.35,0.35,0.35,0.35,0,0,0,0,From DOE Prototype Buildings,,,,,,,,,,,,,,,,,,,,,,,,,,,,,,,,,,,,,,,,,,,,,,,,,,,,,,,,,,,,,,,,,,,
SchoolPrimary BLDG_OCC_SCH_Cafeteria,Occupancy,,Wknd,41821,41883,Constant,0,,,,,,,,,,,,,,,,,,,,,,,,From DOE Prototype Buildings,,,,,,,,,,,,,,,,,,,,,,,,,,,,,,,,,,,,,,,,,,,,,,,,,,,,,,,,,,,,,,,,,,,
SchoolPrimary BLDG_OCC_SCH_Cafeteria,Occupancy,,Wknd,41640,41820,Constant,0,,,,,,,,,,,,,,,,,,,,,,,,From DOE Prototype Buildings,,,,,,,,,,,,,,,,,,,,,,,,,,,,,,,,,,,,,,,,,,,,,,,,,,,,,,,,,,,,,,,,,,,
SchoolPrimary BLDG_OCC_SCH_Extend,Occupancy,,Default|WntrDsn,41640,42004,Constant,0,,,,,,,,,,,,,,,,,,,,,,,,From DOE Prototype Buildings,,,,,,,,,,,,,,,,,,,,,,,,,,,,,,,,,,,,,,,,,,,,,,,,,,,,,,,,,,,,,,,,,,,
SchoolPrimary BLDG_OCC_SCH_Extend,Occupancy,,SmrDsn,41640,42004,Hourly,0,0,0,0,0,0,0,0,0.5,0.5,0.5,0.5,0.5,0.5,0.5,0.5,0.5,0.5,0.5,0.5,0.5,0,0,0,From DOE Prototype Buildings,,,,,,,,,,,,,,,,,,,,,,,,,,,,,,,,,,,,,,,,,,,,,,,,,,,,,,,,,,,,,,,,,,,
SchoolPrimary BLDG_OCC_SCH_Extend,Occupancy,,Wkdy,41883,42004,Hourly,0,0,0,0,0,0,0,0,0.95,0.95,0.95,0.95,0.95,0.95,0.95,0.95,0.95,0.95,0.95,0.95,0.95,0,0,0,From DOE Prototype Buildings,,,,,,,,,,,,,,,,,,,,,,,,,,,,,,,,,,,,,,,,,,,,,,,,,,,,,,,,,,,,,,,,,,,
SchoolPrimary BLDG_OCC_SCH_Extend,Occupancy,,Wkdy,41821,41883,Hourly,0,0,0,0,0,0,0,0,0.5,0.5,0.5,0.5,0.5,0.5,0.5,0.5,0.5,0.5,0.5,0.5,0.5,0,0,0,From DOE Prototype Buildings,,,,,,,,,,,,,,,,,,,,,,,,,,,,,,,,,,,,,,,,,,,,,,,,,,,,,,,,,,,,,,,,,,,
SchoolPrimary BLDG_OCC_SCH_Extend,Occupancy,,Wkdy,41640,41820,Hourly,0,0,0,0,0,0,0,0,0.95,0.95,0.95,0.95,0.95,0.95,0.95,0.95,0.95,0.95,0.95,0.95,0.95,0,0,0,From DOE Prototype Buildings,,,,,,,,,,,,,,,,,,,,,,,,,,,,,,,,,,,,,,,,,,,,,,,,,,,,,,,,,,,,,,,,,,,
SchoolPrimary BLDG_OCC_SCH_Extend,Occupancy,,Wknd,41821,41883,Constant,0,,,,,,,,,,,,,,,,,,,,,,,,From DOE Prototype Buildings,,,,,,,,,,,,,,,,,,,,,,,,,,,,,,,,,,,,,,,,,,,,,,,,,,,,,,,,,,,,,,,,,,,
SchoolPrimary BLDG_OCC_SCH_Extend,Occupancy,,Wknd,41640,41820,Constant,0,,,,,,,,,,,,,,,,,,,,,,,,From DOE Prototype Buildings,,,,,,,,,,,,,,,,,,,,,,,,,,,,,,,,,,,,,,,,,,,,,,,,,,,,,,,,,,,,,,,,,,,
SchoolPrimary BLDG_OCC_SCH_Gym,Occupancy,,Default|WntrDsn,41640,42004,Constant,0,,,,,,,,,,,,,,,,,,,,,,,,From DOE Prototype Buildings,,,,,,,,,,,,,,,,,,,,,,,,,,,,,,,,,,,,,,,,,,,,,,,,,,,,,,,,,,,,,,,,,,,
SchoolPrimary BLDG_OCC_SCH_Gym,Occupancy,,SmrDsn,41640,42004,Hourly,0,0,0,0,0,0,0,0,0.35,0.35,0.35,0.35,0.35,0.35,0.35,0.35,0.95,0.95,0.95,0.95,0.95,0,0,0,From DOE Prototype Buildings,,,,,,,,,,,,,,,,,,,,,,,,,,,,,,,,,,,,,,,,,,,,,,,,,,,,,,,,,,,,,,,,,,,
SchoolPrimary BLDG_OCC_SCH_Gym,Occupancy,,Wkdy,41883,42004,Hourly,0,0,0,0,0,0,0,0,0.35,0.35,0.35,0.35,0.35,0.35,0.35,0.35,0.95,0.95,0.95,0.95,0.95,0,0,0,From DOE Prototype Buildings,,,,,,,,,,,,,,,,,,,,,,,,,,,,,,,,,,,,,,,,,,,,,,,,,,,,,,,,,,,,,,,,,,,
SchoolPrimary BLDG_OCC_SCH_Gym,Occupancy,,Wkdy,41821,41883,Hourly,0,0,0,0,0,0,0,0,0.35,0.35,0.35,0.35,0.35,0.35,0.35,0.35,0.35,0.35,0.35,0.35,0.35,0,0,0,From DOE Prototype Buildings,,,,,,,,,,,,,,,,,,,,,,,,,,,,,,,,,,,,,,,,,,,,,,,,,,,,,,,,,,,,,,,,,,,
SchoolPrimary BLDG_OCC_SCH_Gym,Occupancy,,Wkdy,41640,41820,Hourly,0,0,0,0,0,0,0,0,0.35,0.35,0.35,0.35,0.35,0.35,0.35,0.35,0.95,0.95,0.95,0.95,0.95,0,0,0,From DOE Prototype Buildings,,,,,,,,,,,,,,,,,,,,,,,,,,,,,,,,,,,,,,,,,,,,,,,,,,,,,,,,,,,,,,,,,,,
SchoolPrimary BLDG_OCC_SCH_Gym,Occupancy,,Wknd,41821,41883,Constant,0,,,,,,,,,,,,,,,,,,,,,,,,From DOE Prototype Buildings,,,,,,,,,,,,,,,,,,,,,,,,,,,,,,,,,,,,,,,,,,,,,,,,,,,,,,,,,,,,,,,,,,,
SchoolPrimary BLDG_OCC_SCH_Gym,Occupancy,,Wknd,41640,41820,Constant,0,,,,,,,,,,,,,,,,,,,,,,,,From DOE Prototype Buildings,,,,,,,,,,,,,,,,,,,,,,,,,,,,,,,,,,,,,,,,,,,,,,,,,,,,,,,,,,,,,,,,,,,
SchoolPrimary BLDG_OCC_SCH_Offices,Occupancy,,Default|WntrDsn,41640,42004,Constant,0,,,,,,,,,,,,,,,,,,,,,,,,From DOE Prototype Buildings,,,,,,,,,,,,,,,,,,,,,,,,,,,,,,,,,,,,,,,,,,,,,,,,,,,,,,,,,,,,,,,,,,,
SchoolPrimary BLDG_OCC_SCH_Offices,Occupancy,,SmrDsn,41640,42004,Hourly,0,0,0,0,0,0,0,0,0.5,0.5,0.5,0.5,0.5,0.5,0.5,0.5,0.5,0.15,0.15,0.15,0.15,0,0,0,From DOE Prototype Buildings,,,,,,,,,,,,,,,,,,,,,,,,,,,,,,,,,,,,,,,,,,,,,,,,,,,,,,,,,,,,,,,,,,,
SchoolPrimary BLDG_OCC_SCH_Offices,Occupancy,,Wkdy,41883,42004,Hourly,0,0,0,0,0,0,0,0,0.95,0.95,0.95,0.95,0.95,0.95,0.95,0.95,0.95,0.15,0.15,0.15,0.15,0,0,0,From DOE Prototype Buildings,,,,,,,,,,,,,,,,,,,,,,,,,,,,,,,,,,,,,,,,,,,,,,,,,,,,,,,,,,,,,,,,,,,
SchoolPrimary BLDG_OCC_SCH_Offices,Occupancy,,Wkdy,41821,41883,Hourly,0,0,0,0,0,0,0,0,0.5,0.5,0.5,0.5,0.5,0.5,0.5,0.5,0.5,0.15,0.15,0.15,0.15,0,0,0,From DOE Prototype Buildings,,,,,,,,,,,,,,,,,,,,,,,,,,,,,,,,,,,,,,,,,,,,,,,,,,,,,,,,,,,,,,,,,,,
SchoolPrimary BLDG_OCC_SCH_Offices,Occupancy,,Wkdy,41640,41820,Hourly,0,0,0,0,0,0,0,0,0.95,0.95,0.95,0.95,0.95,0.95,0.95,0.95,0.95,0.15,0.15,0.15,0.15,0,0,0,From DOE Prototype Buildings,,,,,,,,,,,,,,,,,,,,,,,,,,,,,,,,,,,,,,,,,,,,,,,,,,,,,,,,,,,,,,,,,,,
SchoolPrimary BLDG_OCC_SCH_Offices,Occupancy,,Wknd,41821,41883,Constant,0,,,,,,,,,,,,,,,,,,,,,,,,From DOE Prototype Buildings,,,,,,,,,,,,,,,,,,,,,,,,,,,,,,,,,,,,,,,,,,,,,,,,,,,,,,,,,,,,,,,,,,,
SchoolPrimary BLDG_OCC_SCH_Offices,Occupancy,,Wknd,41640,41820,Constant,0,,,,,,,,,,,,,,,,,,,,,,,,From DOE Prototype Buildings,,,,,,,,,,,,,,,,,,,,,,,,,,,,,,,,,,,,,,,,,,,,,,,,,,,,,,,,,,,,,,,,,,,
SchoolPrimary BLDG_SWH_SCH,Service Water Heating,,Default,41640,42004,Constant,0,,,,,,,,,,,,,,,,,,,,,,,,From DOE Prototype Buildings,,,,,,,,,,,,,,,,,,,,,,,,,,,,,,,,,,,,,,,,,,,,,,,,,,,,,,,,,,,,,,,,,,,
SchoolPrimary BLDG_SWH_SCH,Service Water Heating,,Sat,41898,42004,Constant,0,,,,,,,,,,,,,,,,,,,,,,,,From DOE Prototype Buildings,,,,,,,,,,,,,,,,,,,,,,,,,,,,,,,,,,,,,,,,,,,,,,,,,,,,,,,,,,,,,,,,,,,
SchoolPrimary BLDG_SWH_SCH,Service Water Heating,,SmrDsn,41640,42004,Hourly,0.05,0.05,0.05,0.05,0.05,0.05,0.05,0.1,0.34,0.6,0.63,0.72,0.79,0.83,0.61,0.65,0.1,0.1,0.19,0.25,0.22,0.22,0.12,0.09,From DOE Prototype Buildings,,,,,,,,,,,,,,,,,,,,,,,,,,,,,,,,,,,,,,,,,,,,,,,,,,,,,,,,,,,,,,,,,,,
SchoolPrimary BLDG_SWH_SCH,Service Water Heating,,Sun|Sat,41806,41897,Constant,0,,,,,,,,,,,,,,,,,,,,,,,,From DOE Prototype Buildings,,,,,,,,,,,,,,,,,,,,,,,,,,,,,,,,,,,,,,,,,,,,,,,,,,,,,,,,,,,,,,,,,,,
SchoolPrimary BLDG_SWH_SCH,Service Water Heating,,Sun|Sat,41640,41805,Constant,0,,,,,,,,,,,,,,,,,,,,,,,,From DOE Prototype Buildings,,,,,,,,,,,,,,,,,,,,,,,,,,,,,,,,,,,,,,,,,,,,,,,,,,,,,,,,,,,,,,,,,,,
SchoolPrimary BLDG_SWH_SCH,Service Water Heating,,Wkdy,41898,42004,Hourly,0,0,0,0,0,0,0,0,0.34,0.6,0.63,0.72,0.79,0.83,0.61,0.65,0.1,0.1,0.19,0.25,0,0,0,0,From DOE Prototype Buildings,,,,,,,,,,,,,,,,,,,,,,,,,,,,,,,,,,,,,,,,,,,,,,,,,,,,,,,,,,,,,,,,,,,
SchoolPrimary BLDG_SWH_SCH,Service Water Heating,,Wkdy,41806,41897,Hourly,0,0,0,0,0,0,0,0,0.1,0.1,0.1,0.1,0.1,0.1,0.1,0.1,0.1,0.1,0.19,0.25,0,0,0,0,From DOE Prototype Buildings,,,,,,,,,,,,,,,,,,,,,,,,,,,,,,,,,,,,,,,,,,,,,,,,,,,,,,,,,,,,,,,,,,,
SchoolPrimary BLDG_SWH_SCH,Service Water Heating,,Wkdy,41640,41805,Hourly,0,0,0,0,0,0,0,0,0.34,0.6,0.63,0.72,0.79,0.83,0.61,0.65,0.1,0.1,0.19,0.25,0,0,0,0,From DOE Prototype Buildings,,,,,,,,,,,,,,,,,,,,,,,,,,,,,,,,,,,,,,,,,,,,,,,,,,,,,,,,,,,,,,,,,,,
SchoolPrimary BLDG_SWH_SCH,Service Water Heating,,WntrDsn,41640,42004,Hourly,0.03,0.03,0.03,0.03,0.03,0.03,0.03,0.03,0.03,0.05,0.05,0.05,0.05,0.03,0.03,0.03,0.03,0.03,0.03,0.03,0.03,0.03,0.03,0.03,From DOE Prototype Buildings,,,,,,,,,,,,,,,,,,,,,,,,,,,,,,,,,,,,,,,,,,,,,,,,,,,,,,,,,,,,,,,,,,,
SchoolPrimary Booster Water Inlet Temp Schedule,Unknown,W,Default|WntrDsn|SmrDsn,41640,42004,Constant,60,,,,,,,,,,,,,,,,,,,,,,,,From DOE Prototype Buildings,,,,,,,,,,,,,,,,,,,,,,,,,,,,,,,,,,,,,,,,,,,,,,,,,,,,,,,,,,,,,,,,,,,
SchoolPrimary Booster Water Setpoint Temp Schedule,Unknown,W,Default|WntrDsn|SmrDsn,41640,42004,Constant,82.22,,,,,,,,,,,,,,,,,,,,,,,,From DOE Prototype Buildings,,,,,,,,,,,,,,,,,,,,,,,,,,,,,,,,,,,,,,,,,,,,,,,,,,,,,,,,,,,,,,,,,,,
SchoolPrimary CLGSETP_SCH_NO_OPTIMUM,Thermostat Setpoint,C,Default|WntrDsn,41640,42004,Constant,26.7,,,,,,,,,,,,,,,,,,,,,,,,From DOE Prototype Buildings,,,,,,,,,,,,,,,,,,,,,,,,,,,,,,,,,,,,,,,,,,,,,,,,,,,,,,,,,,,,,,,,,,,
SchoolPrimary CLGSETP_SCH_NO_OPTIMUM,Thermostat Setpoint,C,SmrDsn,41640,42004,Constant,24,,,,,,,,,,,,,,,,,,,,,,,,From DOE Prototype Buildings,,,,,,,,,,,,,,,,,,,,,,,,,,,,,,,,,,,,,,,,,,,,,,,,,,,,,,,,,,,,,,,,,,,
SchoolPrimary CLGSETP_SCH_NO_OPTIMUM,Thermostat Setpoint,C,Wkdy,41640,42004,Hourly,26.7,26.7,26.7,26.7,26.7,26.7,24,24,24,24,24,24,24,24,24,24,24,24,24,24,24,26.7,26.7,26.7,From DOE Prototype Buildings,,,,,,,,,,,,,,,,,,,,,,,,,,,,,,,,,,,,,,,,,,,,,,,,,,,,,,,,,,,,,,,,,,,
SchoolPrimary CLGSETP_SCH_NO_SETBACK,Thermostat Setpoint,C,Default|SmrDsn|Wkdy,41640,42004,Constant,24,,,,,,,,,,,,,,,,,,,,,,,,From DOE Prototype Buildings,,,,,,,,,,,,,,,,,,,,,,,,,,,,,,,,,,,,,,,,,,,,,,,,,,,,,,,,,,,,,,,,,,,
SchoolPrimary CLGSETP_SCH_NO_SETBACK,Thermostat Setpoint,C,WntrDsn,41640,42004,Constant,26.7,,,,,,,,,,,,,,,,,,,,,,,,From DOE Prototype Buildings,,,,,,,,,,,,,,,,,,,,,,,,,,,,,,,,,,,,,,,,,,,,,,,,,,,,,,,,,,,,,,,,,,,
SchoolPrimary CLGSETP_SCH_Setup,Thermostat Setpoint,C,Default|WntrDsn|Wkdy,41640,42004,Constant,26.7,,,,,,,,,,,,,,,,,,,,,,,,From DOE Prototype Buildings,,,,,,,,,,,,,,,,,,,,,,,,,,,,,,,,,,,,,,,,,,,,,,,,,,,,,,,,,,,,,,,,,,,
SchoolPrimary CLGSETP_SCH_Setup,Thermostat Setpoint,C,SmrDsn,41640,42004,Constant,24,,,,,,,,,,,,,,,,,,,,,,,,From DOE Prototype Buildings,,,,,,,,,,,,,,,,,,,,,,,,,,,,,,,,,,,,,,,,,,,,,,,,,,,,,,,,,,,,,,,,,,,
SchoolPrimary CLGSETP_SCH_VAV_OTHER,Thermostat Setpoint,C,Default|WntrDsn,41640,42004,Constant,26.7,,,,,,,,,,,,,,,,,,,,,,,,From DOE Prototype Buildings,,,,,,,,,,,,,,,,,,,,,,,,,,,,,,,,,,,,,,,,,,,,,,,,,,,,,,,,,,,,,,,,,,,
SchoolPrimary CLGSETP_SCH_VAV_OTHER,Thermostat Setpoint,C,SmrDsn,41640,42004,Constant,24,,,,,,,,,,,,,,,,,,,,,,,,From DOE Prototype Buildings,,,,,,,,,,,,,,,,,,,,,,,,,,,,,,,,,,,,,,,,,,,,,,,,,,,,,,,,,,,,,,,,,,,
SchoolPrimary CLGSETP_SCH_VAV_OTHER,Thermostat Setpoint,C,Wkdy,41640,42004,Hourly,26.7,26.7,26.7,26.7,26.7,26.7,24,24,24,24,24,24,24,24,24,24,24,24,24,24,24,26.7,26.7,26.7,From DOE Prototype Buildings,,,,,,,,,,,,,,,,,,,,,,,,,,,,,,,,,,,,,,,,,,,,,,,,,,,,,,,,,,,,,,,,,,,
SchoolPrimary CLGSETP_SCH_VAV_POD_1,Thermostat Setpoint,C,Default|WntrDsn,41640,42004,Constant,26.7,,,,,,,,,,,,,,,,,,,,,,,,From DOE Prototype Buildings,,,,,,,,,,,,,,,,,,,,,,,,,,,,,,,,,,,,,,,,,,,,,,,,,,,,,,,,,,,,,,,,,,,
SchoolPrimary CLGSETP_SCH_VAV_POD_1,Thermostat Setpoint,C,SmrDsn,41640,42004,Constant,24,,,,,,,,,,,,,,,,,,,,,,,,From DOE Prototype Buildings,,,,,,,,,,,,,,,,,,,,,,,,,,,,,,,,,,,,,,,,,,,,,,,,,,,,,,,,,,,,,,,,,,,
SchoolPrimary CLGSETP_SCH_VAV_POD_1,Thermostat Setpoint,C,Wkdy,41640,42004,Hourly,26.7,26.7,26.7,26.7,26.7,26.7,24,24,24,24,24,24,24,24,24,24,24,24,24,24,24,26.7,26.7,26.7,From DOE Prototype Buildings,,,,,,,,,,,,,,,,,,,,,,,,,,,,,,,,,,,,,,,,,,,,,,,,,,,,,,,,,,,,,,,,,,,
SchoolPrimary CLGSETP_SCH_VAV_POD_2,Thermostat Setpoint,C,Default|WntrDsn,41640,42004,Constant,26.7,,,,,,,,,,,,,,,,,,,,,,,,From DOE Prototype Buildings,,,,,,,,,,,,,,,,,,,,,,,,,,,,,,,,,,,,,,,,,,,,,,,,,,,,,,,,,,,,,,,,,,,
SchoolPrimary CLGSETP_SCH_VAV_POD_2,Thermostat Setpoint,C,SmrDsn,41640,42004,Constant,24,,,,,,,,,,,,,,,,,,,,,,,,From DOE Prototype Buildings,,,,,,,,,,,,,,,,,,,,,,,,,,,,,,,,,,,,,,,,,,,,,,,,,,,,,,,,,,,,,,,,,,,
SchoolPrimary CLGSETP_SCH_VAV_POD_2,Thermostat Setpoint,C,Wkdy,41640,42004,Hourly,26.7,26.7,26.7,26.7,26.7,26.7,24,24,24,24,24,24,24,24,24,24,24,24,24,24,24,26.7,26.7,26.7,From DOE Prototype Buildings,,,,,,,,,,,,,,,,,,,,,,,,,,,,,,,,,,,,,,,,,,,,,,,,,,,,,,,,,,,,,,,,,,,
SchoolPrimary CLGSETP_SCH_VAV_POD_3,Thermostat Setpoint,C,Default|WntrDsn,41640,42004,Constant,26.7,,,,,,,,,,,,,,,,,,,,,,,,From DOE Prototype Buildings,,,,,,,,,,,,,,,,,,,,,,,,,,,,,,,,,,,,,,,,,,,,,,,,,,,,,,,,,,,,,,,,,,,
SchoolPrimary CLGSETP_SCH_VAV_POD_3,Thermostat Setpoint,C,SmrDsn,41640,42004,Constant,24,,,,,,,,,,,,,,,,,,,,,,,,From DOE Prototype Buildings,,,,,,,,,,,,,,,,,,,,,,,,,,,,,,,,,,,,,,,,,,,,,,,,,,,,,,,,,,,,,,,,,,,
SchoolPrimary CLGSETP_SCH_VAV_POD_3,Thermostat Setpoint,C,Wkdy,41640,42004,Hourly,26.7,26.7,26.7,26.7,26.7,26.7,24,24,24,24,24,24,24,24,24,24,24,24,24,24,24,26.7,26.7,26.7,From DOE Prototype Buildings,,,,,,,,,,,,,,,,,,,,,,,,,,,,,,,,,,,,,,,,,,,,,,,,,,,,,,,,,,,,,,,,,,,
SchoolPrimary CLGSETP_SCH_YES_OPTIMUM,Thermostat Setpoint,C,Default|WntrDsn,41640,42004,Constant,26.7,,,,,,,,,,,,,,,,,,,,,,,,From DOE Prototype Buildings,,,,,,,,,,,,,,,,,,,,,,,,,,,,,,,,,,,,,,,,,,,,,,,,,,,,,,,,,,,,,,,,,,,
SchoolPrimary CLGSETP_SCH_YES_OPTIMUM,Thermostat Setpoint,C,SmrDsn,41640,42004,Constant,24,,,,,,,,,,,,,,,,,,,,,,,,From DOE Prototype Buildings,,,,,,,,,,,,,,,,,,,,,,,,,,,,,,,,,,,,,,,,,,,,,,,,,,,,,,,,,,,,,,,,,,,
SchoolPrimary CLGSETP_SCH_YES_OPTIMUM,Thermostat Setpoint,C,Wkdy,41640,42004,Hourly,26.7,26.7,26.7,26.7,26.7,26.7,25.6,25,24,24,24,24,24,24,24,24,24,24,24,24,24,26.7,26.7,26.7,From DOE Prototype Buildings,,,,,,,,,,,,,,,,,,,,,,,,,,,,,,,,,,,,,,,,,,,,,,,,,,,,,,,,,,,,,,,,,,,
SchoolPrimary CLGSETP_SCH_YES_OPTIMUM_original,Thermostat Setpoint,C,Default|WntrDsn,41640,42004,Constant,26.7,,,,,,,,,,,,,,,,,,,,,,,,From DOE Prototype Buildings,,,,,,,,,,,,,,,,,,,,,,,,,,,,,,,,,,,,,,,,,,,,,,,,,,,,,,,,,,,,,,,,,,,
SchoolPrimary CLGSETP_SCH_YES_OPTIMUM_original,Thermostat Setpoint,C,SmrDsn,41640,42004,Constant,24,,,,,,,,,,,,,,,,,,,,,,,,From DOE Prototype Buildings,,,,,,,,,,,,,,,,,,,,,,,,,,,,,,,,,,,,,,,,,,,,,,,,,,,,,,,,,,,,,,,,,,,
SchoolPrimary CLGSETP_SCH_YES_OPTIMUM_original,Thermostat Setpoint,C,Wkdy,41640,42004,Hourly,26.7,26.7,26.7,26.7,26.7,26.7,25.6,25,24,24,24,24,24,24,24,24,24,24,24,24,24,26.7,26.7,26.7,From DOE Prototype Buildings,,,,,,,,,,,,,,,,,,,,,,,,,,,,,,,,,,,,,,,,,,,,,,,,,,,,,,,,,,,,,,,,,,,
SchoolPrimary CLOTHING_SCH,Clothing,W,Default|SmrDsn,41640,42004,Constant,0.6,,,,,,,,,,,,,,,,,,,,,,,,From DOE Prototype Buildings,,,,,,,,,,,,,,,,,,,,,,,,,,,,,,,,,,,,,,,,,,,,,,,,,,,,,,,,,,,,,,,,,,,
SchoolPrimary CLOTHING_SCH,Clothing,W,Wknd|Wkdy,41913,42004,Constant,1.1,,,,,,,,,,,,,,,,,,,,,,,,From DOE Prototype Buildings,,,,,,,,,,,,,,,,,,,,,,,,,,,,,,,,,,,,,,,,,,,,,,,,,,,,,,,,,,,,,,,,,,,
SchoolPrimary CLOTHING_SCH,Clothing,W,Wknd|Wkdy,41640,41759,Constant,1.1,,,,,,,,,,,,,,,,,,,,,,,,From DOE Prototype Buildings,,,,,,,,,,,,,,,,,,,,,,,,,,,,,,,,,,,,,,,,,,,,,,,,,,,,,,,,,,,,,,,,,,,
SchoolPrimary CLOTHING_SCH,Clothing,W,WntrDsn,41640,42004,Constant,1.1,,,,,,,,,,,,,,,,,,,,,,,,From DOE Prototype Buildings,,,,,,,,,,,,,,,,,,,,,,,,,,,,,,,,,,,,,,,,,,,,,,,,,,,,,,,,,,,,,,,,,,,
SchoolPrimary CoolingCoilAvailSched,Unknown,W,Default|WntrDsn|SmrDsn,41640,42004,Constant,1,,,,,,,,,,,,,,,,,,,,,,,,From DOE Prototype Buildings,,,,,,,,,,,,,,,,,,,,,,,,,,,,,,,,,,,,,,,,,,,,,,,,,,,,,,,,,,,,,,,,,,,
SchoolPrimary CW-Loop-Temp-Schedule,Unknown,C,Default|WntrDsn|SmrDsn,41640,42004,Constant,6.7,,,,,,,,,,,,,,,,,,,,,,,,From DOE Prototype Buildings,,,,,,,,,,,,,,,,,,,,,,,,,,,,,,,,,,,,,,,,,,,,,,,,,,,,,,,,,,,,,,,,,,,
SchoolPrimary Dual Zone Control Type Sched,Unknown,,Default|WntrDsn|SmrDsn,41640,42004,Constant,4,,,,,,,,,,,,,,,,,,,,,,,,From DOE Prototype Buildings,,,,,,,,,,,,,,,,,,,,,,,,,,,,,,,,,,,,,,,,,,,,,,,,,,,,,,,,,,,,,,,,,,,
SchoolPrimary Exterior_Lgt_189_1,Unknown,,Default|WntrDsn|SmrDsn,41640,42004,Constant,0.5,,,,,,,,,,,,,,,,,,,,,,,,From DOE Prototype Buildings,,,,,,,,,,,,,,,,,,,,,,,,,,,,,,,,,,,,,,,,,,,,,,,,,,,,,,,,,,,,,,,,,,,
SchoolPrimary Exterior_Lgt_ALWAYS_ON,Unknown,,Default|WntrDsn|SmrDsn,41640,42004,Constant,1,,,,,,,,,,,,,,,,,,,,,,,,From DOE Prototype Buildings,,,,,,,,,,,,,,,,,,,,,,,,,,,,,,,,,,,,,,,,,,,,,,,,,,,,,,,,,,,,,,,,,,,
SchoolPrimary Exterior_lighting_schedule_a,Lighting,,Default|WntrDsn|SmrDsn,41640,42004,Hourly,0,0,0,0,0,0,1,1,1,1,1,1,1,1,1,1,1,1,1,1,1,1,1,1,From DOE Prototype Buildings,,,,,,,,,,,,,,,,,,,,,,,,,,,,,,,,,,,,,,,,,,,,,,,,,,,,,,,,,,,,,,,,,,,
SchoolPrimary Exterior_lighting_schedule_b,Lighting,,Default|WntrDsn|SmrDsn,41640,42004,Hourly,0.7,0.7,0.7,0.7,0.7,0.7,1,1,1,1,1,1,1,1,1,1,1,1,1,1,1,1,1,1,From DOE Prototype Buildings,,,,,,,,,,,,,,,,,,,,,,,,,,,,,,,,,,,,,,,,,,,,,,,,,,,,,,,,,,,,,,,,,,,
SchoolPrimary FAN_SCH,Unknown,W,Default|WntrDsn|SmrDsn,41640,42004,Constant,1,,,,,,,,,,,,,,,,,,,,,,,,From DOE Prototype Buildings,,,,,,,,,,,,,,,,,,,,,,,,,,,,,,,,,,,,,,,,,,,,,,,,,,,,,,,,,,,,,,,,,,,
SchoolPrimary Heating-Supply-Air-Temp-Sch,Unknown,C,Default|WntrDsn|SmrDsn,41640,42004,Constant,16,,,,,,,,,,,,,,,,,,,,,,,,From DOE Prototype Buildings,,,,,,,,,,,,,,,,,,,,,,,,,,,,,,,,,,,,,,,,,,,,,,,,,,,,,,,,,,,,,,,,,,,
SchoolPrimary Hours_of_operation,Operation,,Default,41640,42004,Constant,0,,,,,,,,,,,,,,,,,,,,,,,,From DOE Prototype Buildings,,,,,,,,,,,,,,,,,,,,,,,,,,,,,,,,,,,,,,,,,,,,,,,,,,,,,,,,,,,,,,,,,,,
SchoolPrimary Hours_of_operation,Operation,,WntrDsn|SmrDsn|Wkdy,41640,42004,Hourly,0,0,0,0,0,0,0,1,1,1,1,1,1,1,1,1,1,1,1,1,1,0,0,0,From DOE Prototype Buildings,,,,,,,,,,,,,,,,,,,,,,,,,,,,,,,,,,,,,,,,,,,,,,,,,,,,,,,,,,,,,,,,,,,
SchoolPrimary HTGSETP_SCH_NO_OPTIMUM,Thermostat Setpoint,C,Default|SmrDsn,41640,42004,Constant,15.6,,,,,,,,,,,,,,,,,,,,,,,,From DOE Prototype Buildings,,,,,,,,,,,,,,,,,,,,,,,,,,,,,,,,,,,,,,,,,,,,,,,,,,,,,,,,,,,,,,,,,,,
SchoolPrimary HTGSETP_SCH_NO_OPTIMUM,Thermostat Setpoint,C,Wkdy,41640,42004,Hourly,15.6,15.6,15.6,15.6,15.6,15.6,21,21,21,21,21,21,21,21,21,21,21,21,21,21,21,15.6,15.6,15.6,From DOE Prototype Buildings,,,,,,,,,,,,,,,,,,,,,,,,,,,,,,,,,,,,,,,,,,,,,,,,,,,,,,,,,,,,,,,,,,,
SchoolPrimary HTGSETP_SCH_NO_OPTIMUM,Thermostat Setpoint,C,WntrDsn,41640,42004,Constant,21,,,,,,,,,,,,,,,,,,,,,,,,From DOE Prototype Buildings,,,,,,,,,,,,,,,,,,,,,,,,,,,,,,,,,,,,,,,,,,,,,,,,,,,,,,,,,,,,,,,,,,,
SchoolPrimary HTGSETP_SCH_Setback,Thermostat Setpoint,C,Default|SmrDsn|Wkdy,41640,42004,Constant,15.6,,,,,,,,,,,,,,,,,,,,,,,,From DOE Prototype Buildings,,,,,,,,,,,,,,,,,,,,,,,,,,,,,,,,,,,,,,,,,,,,,,,,,,,,,,,,,,,,,,,,,,,
SchoolPrimary HTGSETP_SCH_Setback,Thermostat Setpoint,C,WntrDsn,41640,42004,Constant,21,,,,,,,,,,,,,,,,,,,,,,,,From DOE Prototype Buildings,,,,,,,,,,,,,,,,,,,,,,,,,,,,,,,,,,,,,,,,,,,,,,,,,,,,,,,,,,,,,,,,,,,
SchoolPrimary HTGSETP_SCH_VAV_OTHER,Thermostat Setpoint,C,Default|SmrDsn,41640,42004,Constant,15.6,,,,,,,,,,,,,,,,,,,,,,,,From DOE Prototype Buildings,,,,,,,,,,,,,,,,,,,,,,,,,,,,,,,,,,,,,,,,,,,,,,,,,,,,,,,,,,,,,,,,,,,
SchoolPrimary HTGSETP_SCH_VAV_OTHER,Thermostat Setpoint,C,Wkdy,41640,42004,Hourly,15.6,15.6,15.6,15.6,15.6,15.6,21,21,21,21,21,21,21,21,21,21,21,21,21,21,21,15.6,15.6,15.6,From DOE Prototype Buildings,,,,,,,,,,,,,,,,,,,,,,,,,,,,,,,,,,,,,,,,,,,,,,,,,,,,,,,,,,,,,,,,,,,
SchoolPrimary HTGSETP_SCH_VAV_OTHER,Thermostat Setpoint,C,WntrDsn,41640,42004,Constant,21,,,,,,,,,,,,,,,,,,,,,,,,From DOE Prototype Buildings,,,,,,,,,,,,,,,,,,,,,,,,,,,,,,,,,,,,,,,,,,,,,,,,,,,,,,,,,,,,,,,,,,,
SchoolPrimary HTGSETP_SCH_VAV_POD_1,Thermostat Setpoint,C,Default|SmrDsn,41640,42004,Constant,15.6,,,,,,,,,,,,,,,,,,,,,,,,From DOE Prototype Buildings,,,,,,,,,,,,,,,,,,,,,,,,,,,,,,,,,,,,,,,,,,,,,,,,,,,,,,,,,,,,,,,,,,,
SchoolPrimary HTGSETP_SCH_VAV_POD_1,Thermostat Setpoint,C,Wkdy,41640,42004,Hourly,15.6,15.6,15.6,15.6,15.6,15.6,21,21,21,21,21,21,21,21,21,21,21,21,21,21,21,15.6,15.6,15.6,From DOE Prototype Buildings,,,,,,,,,,,,,,,,,,,,,,,,,,,,,,,,,,,,,,,,,,,,,,,,,,,,,,,,,,,,,,,,,,,
SchoolPrimary HTGSETP_SCH_VAV_POD_1,Thermostat Setpoint,C,WntrDsn,41640,42004,Constant,21,,,,,,,,,,,,,,,,,,,,,,,,From DOE Prototype Buildings,,,,,,,,,,,,,,,,,,,,,,,,,,,,,,,,,,,,,,,,,,,,,,,,,,,,,,,,,,,,,,,,,,,
SchoolPrimary HTGSETP_SCH_VAV_POD_2,Thermostat Setpoint,C,Default|SmrDsn,41640,42004,Constant,15.6,,,,,,,,,,,,,,,,,,,,,,,,From DOE Prototype Buildings,,,,,,,,,,,,,,,,,,,,,,,,,,,,,,,,,,,,,,,,,,,,,,,,,,,,,,,,,,,,,,,,,,,
SchoolPrimary HTGSETP_SCH_VAV_POD_2,Thermostat Setpoint,C,Wkdy,41640,42004,Hourly,15.6,15.6,15.6,15.6,15.6,15.6,21,21,21,21,21,21,21,21,21,21,21,21,21,21,21,15.6,15.6,15.6,From DOE Prototype Buildings,,,,,,,,,,,,,,,,,,,,,,,,,,,,,,,,,,,,,,,,,,,,,,,,,,,,,,,,,,,,,,,,,,,
SchoolPrimary HTGSETP_SCH_VAV_POD_2,Thermostat Setpoint,C,WntrDsn,41640,42004,Constant,21,,,,,,,,,,,,,,,,,,,,,,,,From DOE Prototype Buildings,,,,,,,,,,,,,,,,,,,,,,,,,,,,,,,,,,,,,,,,,,,,,,,,,,,,,,,,,,,,,,,,,,,
SchoolPrimary HTGSETP_SCH_VAV_POD_3,Thermostat Setpoint,C,Default|SmrDsn,41640,42004,Constant,15.6,,,,,,,,,,,,,,,,,,,,,,,,From DOE Prototype Buildings,,,,,,,,,,,,,,,,,,,,,,,,,,,,,,,,,,,,,,,,,,,,,,,,,,,,,,,,,,,,,,,,,,,
SchoolPrimary HTGSETP_SCH_VAV_POD_3,Thermostat Setpoint,C,Wkdy,41640,42004,Hourly,15.6,15.6,15.6,15.6,15.6,15.6,21,21,21,21,21,21,21,21,21,21,21,21,21,21,21,15.6,15.6,15.6,From DOE Prototype Buildings,,,,,,,,,,,,,,,,,,,,,,,,,,,,,,,,,,,,,,,,,,,,,,,,,,,,,,,,,,,,,,,,,,,
SchoolPrimary HTGSETP_SCH_VAV_POD_3,Thermostat Setpoint,C,WntrDsn,41640,42004,Constant,21,,,,,,,,,,,,,,,,,,,,,,,,From DOE Prototype Buildings,,,,,,,,,,,,,,,,,,,,,,,,,,,,,,,,,,,,,,,,,,,,,,,,,,,,,,,,,,,,,,,,,,,
SchoolPrimary HTGSETP_SCH_YES_OPTIMUM,Thermostat Setpoint,C,Default|SmrDsn,41640,42004,Constant,15.6,,,,,,,,,,,,,,,,,,,,,,,,From DOE Prototype Buildings,,,,,,,,,,,,,,,,,,,,,,,,,,,,,,,,,,,,,,,,,,,,,,,,,,,,,,,,,,,,,,,,,,,
SchoolPrimary HTGSETP_SCH_YES_OPTIMUM,Thermostat Setpoint,C,Wkdy,41640,42004,Hourly,15.6,15.6,15.6,15.6,15.6,15.6,17.8,20,21,21,21,21,21,21,21,21,21,21,21,21,21,15.6,15.6,15.6,From DOE Prototype Buildings,,,,,,,,,,,,,,,,,,,,,,,,,,,,,,,,,,,,,,,,,,,,,,,,,,,,,,,,,,,,,,,,,,,
SchoolPrimary HTGSETP_SCH_YES_OPTIMUM,Thermostat Setpoint,C,WntrDsn,41640,42004,Constant,21,,,,,,,,,,,,,,,,,,,,,,,,From DOE Prototype Buildings,,,,,,,,,,,,,,,,,,,,,,,,,,,,,,,,,,,,,,,,,,,,,,,,,,,,,,,,,,,,,,,,,,,
SchoolPrimary HTGSETP_SCH_YES_OPTIMUM_original,Thermostat Setpoint,C,Default|SmrDsn,41640,42004,Constant,15.6,,,,,,,,,,,,,,,,,,,,,,,,From DOE Prototype Buildings,,,,,,,,,,,,,,,,,,,,,,,,,,,,,,,,,,,,,,,,,,,,,,,,,,,,,,,,,,,,,,,,,,,
SchoolPrimary HTGSETP_SCH_YES_OPTIMUM_original,Thermostat Setpoint,C,Wkdy,41640,42004,Hourly,15.6,15.6,15.6,15.6,15.6,15.6,17.8,20,21,21,21,21,21,21,21,21,21,21,21,21,21,15.6,15.6,15.6,From DOE Prototype Buildings,,,,,,,,,,,,,,,,,,,,,,,,,,,,,,,,,,,,,,,,,,,,,,,,,,,,,,,,,,,,,,,,,,,
SchoolPrimary HTGSETP_SCH_YES_OPTIMUM_original,Thermostat Setpoint,C,WntrDsn,41640,42004,Constant,21,,,,,,,,,,,,,,,,,,,,,,,,From DOE Prototype Buildings,,,,,,,,,,,,,,,,,,,,,,,,,,,,,,,,,,,,,,,,,,,,,,,,,,,,,,,,,,,,,,,,,,,
SchoolPrimary Humidity Setpoint Schedule,Unknown,,Default|WntrDsn|SmrDsn,41640,42004,Constant,65,,,,,,,,,,,,,,,,,,,,,,,,From DOE Prototype Buildings,,,,,,,,,,,,,,,,,,,,,,,,,,,,,,,,,,,,,,,,,,,,,,,,,,,,,,,,,,,,,,,,,,,
SchoolPrimary HVACOperationSchd,Operation,,Default,41640,42004,Constant,0,,,,,,,,,,,,,,,,,,,,,,,,From DOE Prototype Buildings,,,,,,,,,,,,,,,,,,,,,,,,,,,,,,,,,,,,,,,,,,,,,,,,,,,,,,,,,,,,,,,,,,,
SchoolPrimary HVACOperationSchd,Operation,,WntrDsn|SmrDsn|Wkdy,41640,42004,Hourly,0,0,0,0,0,0,0,1,1,1,1,1,1,1,1,1,1,1,1,1,1,0,0,0,From DOE Prototype Buildings,,,,,,,,,,,,,,,,,,,,,,,,,,,,,,,,,,,,,,,,,,,,,,,,,,,,,,,,,,,,,,,,,,,
SchoolPrimary HW-Loop-Temp-Schedule,Unknown,C,Default|WntrDsn|SmrDsn,41640,42004,Constant,82,,,,,,,,,,,,,,,,,,,,,,,,From DOE Prototype Buildings,,,,,,,,,,,,,,,,,,,,,,,,,,,,,,,,,,,,,,,,,,,,,,,,,,,,,,,,,,,,,,,,,,,
SchoolPrimary INFIL_Door_Opening_SCH,Infiltration,,Default|WntrDsn|SmrDsn,41640,42004,Constant,0,,,,,,,,,,,,,,,,,,,,,,,,From DOE Prototype Buildings,,,,,,,,,,,,,,,,,,,,,,,,,,,,,,,,,,,,,,,,,,,,,,,,,,,,,,,,,,,,,,,,,,,
SchoolPrimary INFIL_Door_Opening_SCH,Infiltration,,Wkdy,41640,42004,Hourly,0,0,0,0,0,0,0,1,0.144,0.144,0.144,0.144,0.144,0.144,0.144,1,0.144,0.144,0,0,0,0,0,0,From DOE Prototype Buildings,,,,,,,,,,,,,,,,,,,,,,,,,,,,,,,,,,,,,,,,,,,,,,,,,,,,,,,,,,,,,,,,,,,
SchoolPrimary INFIL_SCH,Infiltration,,Default|WntrDsn|SmrDsn,41640,42004,Hourly,1,1,1,1,1,1,1,0.5,0.5,0.5,0.5,0.5,0.5,0.5,0.5,0.5,0.5,0.5,0.5,0.5,0.5,1,1,1,From DOE Prototype Buildings,,,,,,,,,,,,,,,,,,,,,,,,,,,,,,,,,,,,,,,,,,,,,,,,,,,,,,,,,,,,,,,,,,,
SchoolPrimary INFIL_SCH_PNNL,Infiltration,,Default|WntrDsn,41640,42004,Constant,1,,,,,,,,,,,,,,,,,,,,,,,,From DOE Prototype Buildings,,,,,,,,,,,,,,,,,,,,,,,,,,,,,,,,,,,,,,,,,,,,,,,,,,,,,,,,,,,,,,,,,,,
SchoolPrimary INFIL_SCH_PNNL,Infiltration,,SmrDsn|Wkdy,41640,42004,Hourly,1,1,1,1,1,1,1,0.25,0.25,0.25,0.25,0.25,0.25,0.25,0.25,0.25,0.25,0.25,0.25,0.25,0.25,1,1,1,From DOE Prototype Buildings,,,,,,,,,,,,,,,,,,,,,,,,,,,,,,,,,,,,,,,,,,,,,,,,,,,,,,,,,,,,,,,,,,,
SchoolPrimary Kitchen Exhaust Fan Balanced Exhaust Fraction Schedule,Equipment,,Default,41640,42004,Constant,0,,,,,,,,,,,,,,,,,,,,,,,,From DOE Prototype Buildings,,,,,,,,,,,,,,,,,,,,,,,,,,,,,,,,,,,,,,,,,,,,,,,,,,,,,,,,,,,,,,,,,,,
SchoolPrimary Kitchen Exhaust Fan Balanced Exhaust Fraction Schedule,Equipment,,Wkdy,41883,42004,Hourly,0,0,0,0,0,0,0,0,0.816666667,0.816666667,0.816666667,0.816666667,0.816666667,0.816666667,0.816666667,0.816666667,0.816666667,0.816666667,0.816666667,0.816666667,0.816666667,0,0,0,From DOE Prototype Buildings,,,,,,,,,,,,,,,,,,,,,,,,,,,,,,,,,,,,,,,,,,,,,,,,,,,,,,,,,,,,,,,,,,,
SchoolPrimary Kitchen Exhaust Fan Balanced Exhaust Fraction Schedule,Equipment,,Wkdy,41821,41883,Hourly,0,0,0,0,0,0,0,0,0.816666667,0.816666667,0.816666667,0.816666667,0.816666667,0.816666667,0.816666667,0.816666667,0.816666667,0.816666667,0.816666667,0.816666667,0.816666667,0,0,0,From DOE Prototype Buildings,,,,,,,,,,,,,,,,,,,,,,,,,,,,,,,,,,,,,,,,,,,,,,,,,,,,,,,,,,,,,,,,,,,
SchoolPrimary Kitchen Exhaust Fan Balanced Exhaust Fraction Schedule,Equipment,,Wkdy,41640,41820,Hourly,0,0,0,0,0,0,0,0,0.816666667,0.816666667,0.816666667,0.816666667,0.816666667,0.816666667,0.816666667,0.816666667,0.816666667,0,0,0,0,0,0,0,From DOE Prototype Buildings,,,,,,,,,,,,,,,,,,,,,,,,,,,,,,,,,,,,,,,,,,,,,,,,,,,,,,,,,,,,,,,,,,,
SchoolPrimary Kitchen Exhaust Fan Balanced Exhaust Fraction Schedule,Equipment,,Wknd,41821,41883,Constant,0,,,,,,,,,,,,,,,,,,,,,,,,From DOE Prototype Buildings,,,,,,,,,,,,,,,,,,,,,,,,,,,,,,,,,,,,,,,,,,,,,,,,,,,,,,,,,,,,,,,,,,,
SchoolPrimary Kitchen Exhaust Fan Balanced Exhaust Fraction Schedule,Equipment,,Wknd,41640,41820,Constant,0,,,,,,,,,,,,,,,,,,,,,,,,From DOE Prototype Buildings,,,,,,,,,,,,,,,,,,,,,,,,,,,,,,,,,,,,,,,,,,,,,,,,,,,,,,,,,,,,,,,,,,,
SchoolPrimary Kitchen Exhaust Fan Balanced Exhaust Fraction Schedule,Equipment,,WntrDsn|SmrDsn,41640,42004,Hourly,0,0,0,0,0,0,0,0,0.816666667,0.816666667,0.816666667,0.816666667,0.816666667,0.816666667,0.816666667,0.816666667,0.816666667,0.816666667,0.816666667,0.816666667,0.816666667,0,0,0,From DOE Prototype Buildings,,,,,,,,,,,,,,,,,,,,,,,,,,,,,,,,,,,,,,,,,,,,,,,,,,,,,,,,,,,,,,,,,,,
SchoolPrimary KITCHEN_ELEC_EQUIP_SCH,Equipment,,Default|WntrDsn,41640,42004,Constant,0.1,,,,,,,,,,,,,,,,,,,,,,,,From DOE Prototype Buildings,,,,,,,,,,,,,,,,,,,,,,,,,,,,,,,,,,,,,,,,,,,,,,,,,,,,,,,,,,,,,,,,,,,
SchoolPrimary KITCHEN_ELEC_EQUIP_SCH,Equipment,,SmrDsn,41640,42004,Hourly,0.1,0.1,0.1,0.1,0.1,0.1,0.1,0.1,0.15,0.15,0.25,0.25,0.25,0.15,0.15,0.1,0.1,0.1,0.1,0.1,0.1,0.1,0.1,0.1,From DOE Prototype Buildings,,,,,,,,,,,,,,,,,,,,,,,,,,,,,,,,,,,,,,,,,,,,,,,,,,,,,,,,,,,,,,,,,,,
SchoolPrimary KITCHEN_ELEC_EQUIP_SCH,Equipment,,Wkdy,41883,42004,Hourly,0.1,0.1,0.1,0.1,0.1,0.1,0.1,0.1,0.15,0.15,0.25,0.25,0.25,0.15,0.15,0.1,0.1,0.1,0.1,0.1,0.1,0.1,0.1,0.1,From DOE Prototype Buildings,,,,,,,,,,,,,,,,,,,,,,,,,,,,,,,,,,,,,,,,,,,,,,,,,,,,,,,,,,,,,,,,,,,
SchoolPrimary KITCHEN_ELEC_EQUIP_SCH,Equipment,,Wkdy,41821,41883,Hourly,0.1,0.1,0.1,0.1,0.1,0.1,0.1,0.1,0.15,0.15,0.25,0.25,0.25,0.15,0.15,0.1,0.1,0.1,0.1,0.1,0.1,0.1,0.1,0.1,From DOE Prototype Buildings,,,,,,,,,,,,,,,,,,,,,,,,,,,,,,,,,,,,,,,,,,,,,,,,,,,,,,,,,,,,,,,,,,,
SchoolPrimary KITCHEN_ELEC_EQUIP_SCH,Equipment,,Wkdy,41640,41820,Hourly,0.1,0.1,0.1,0.1,0.1,0.1,0.1,0.1,0.15,0.15,0.25,0.25,0.25,0.15,0.15,0.1,0.1,0.1,0.1,0.1,0.1,0.1,0.1,0.1,From DOE Prototype Buildings,,,,,,,,,,,,,,,,,,,,,,,,,,,,,,,,,,,,,,,,,,,,,,,,,,,,,,,,,,,,,,,,,,,
SchoolPrimary KITCHEN_ELEC_EQUIP_SCH,Equipment,,Wknd,41821,41883,Constant,0.1,,,,,,,,,,,,,,,,,,,,,,,,From DOE Prototype Buildings,,,,,,,,,,,,,,,,,,,,,,,,,,,,,,,,,,,,,,,,,,,,,,,,,,,,,,,,,,,,,,,,,,,
SchoolPrimary KITCHEN_ELEC_EQUIP_SCH,Equipment,,Wknd,41640,41820,Constant,0.1,,,,,,,,,,,,,,,,,,,,,,,,From DOE Prototype Buildings,,,,,,,,,,,,,,,,,,,,,,,,,,,,,,,,,,,,,,,,,,,,,,,,,,,,,,,,,,,,,,,,,,,
SchoolPrimary Kitchen_Exhaust_SCH,Equipment,,Default,41640,42004,Constant,0,,,,,,,,,,,,,,,,,,,,,,,,From DOE Prototype Buildings,,,,,,,,,,,,,,,,,,,,,,,,,,,,,,,,,,,,,,,,,,,,,,,,,,,,,,,,,,,,,,,,,,,
SchoolPrimary Kitchen_Exhaust_SCH,Equipment,,Wkdy,41883,42004,Hourly,0,0,0,0,0,0,0,0,1,1,1,1,1,1,1,1,1,1,1,1,1,0,0,0,From DOE Prototype Buildings,,,,,,,,,,,,,,,,,,,,,,,,,,,,,,,,,,,,,,,,,,,,,,,,,,,,,,,,,,,,,,,,,,,
SchoolPrimary Kitchen_Exhaust_SCH,Equipment,,Wkdy,41821,41883,Hourly,0,0,0,0,0,0,0,0,1,1,1,1,1,1,1,1,1,1,1,1,1,0,0,0,From DOE Prototype Buildings,,,,,,,,,,,,,,,,,,,,,,,,,,,,,,,,,,,,,,,,,,,,,,,,,,,,,,,,,,,,,,,,,,,
SchoolPrimary Kitchen_Exhaust_SCH,Equipment,,Wkdy,41640,41820,Hourly,0,0,0,0,0,0,0,0,1,1,1,1,1,1,1,1,1,0,0,0,0,0,0,0,From DOE Prototype Buildings,,,,,,,,,,,,,,,,,,,,,,,,,,,,,,,,,,,,,,,,,,,,,,,,,,,,,,,,,,,,,,,,,,,
SchoolPrimary Kitchen_Exhaust_SCH,Equipment,,Wknd,41821,41883,Constant,0,,,,,,,,,,,,,,,,,,,,,,,,From DOE Prototype Buildings,,,,,,,,,,,,,,,,,,,,,,,,,,,,,,,,,,,,,,,,,,,,,,,,,,,,,,,,,,,,,,,,,,,
SchoolPrimary Kitchen_Exhaust_SCH,Equipment,,Wknd,41640,41820,Constant,0,,,,,,,,,,,,,,,,,,,,,,,,From DOE Prototype Buildings,,,,,,,,,,,,,,,,,,,,,,,,,,,,,,,,,,,,,,,,,,,,,,,,,,,,,,,,,,,,,,,,,,,
SchoolPrimary Kitchen_Exhaust_SCH,Equipment,,WntrDsn|SmrDsn,41640,42004,Hourly,0,0,0,0,0,0,0,0,1,1,1,1,1,1,1,1,1,1,1,1,1,0,0,0,From DOE Prototype Buildings,,,,,,,,,,,,,,,,,,,,,,,,,,,,,,,,,,,,,,,,,,,,,,,,,,,,,,,,,,,,,,,,,,,
SchoolPrimary KITCHEN_GAS_EQUIP_SCH,Equipment,,Default|WntrDsn,41640,42004,Constant,0.02,,,,,,,,,,,,,,,,,,,,,,,,From DOE Prototype Buildings,,,,,,,,,,,,,,,,,,,,,,,,,,,,,,,,,,,,,,,,,,,,,,,,,,,,,,,,,,,,,,,,,,,
SchoolPrimary KITCHEN_GAS_EQUIP_SCH,Equipment,,SmrDsn,41640,42004,Hourly,0.02,0.02,0.02,0.02,0.02,0.02,0.02,0.02,0.15,0.15,0.2,0.2,0.2,0.1,0.1,0.02,0.02,0.02,0.02,0.02,0.02,0.02,0.02,0.02,From DOE Prototype Buildings,,,,,,,,,,,,,,,,,,,,,,,,,,,,,,,,,,,,,,,,,,,,,,,,,,,,,,,,,,,,,,,,,,,
SchoolPrimary KITCHEN_GAS_EQUIP_SCH,Equipment,,Wkdy,41883,42004,Hourly,0.02,0.02,0.02,0.02,0.02,0.02,0.02,0.02,0.15,0.15,0.2,0.2,0.2,0.1,0.1,0.02,0.02,0.02,0.02,0.02,0.02,0.02,0.02,0.02,From DOE Prototype Buildings,,,,,,,,,,,,,,,,,,,,,,,,,,,,,,,,,,,,,,,,,,,,,,,,,,,,,,,,,,,,,,,,,,,
SchoolPrimary KITCHEN_GAS_EQUIP_SCH,Equipment,,Wkdy,41821,41883,Hourly,0.02,0.02,0.02,0.02,0.02,0.02,0.02,0.02,0.15,0.15,0.2,0.2,0.2,0.1,0.1,0.02,0.02,0.02,0.02,0.02,0.02,0.02,0.02,0.02,From DOE Prototype Buildings,,,,,,,,,,,,,,,,,,,,,,,,,,,,,,,,,,,,,,,,,,,,,,,,,,,,,,,,,,,,,,,,,,,
SchoolPrimary KITCHEN_GAS_EQUIP_SCH,Equipment,,Wkdy,41640,41820,Hourly,0.02,0.02,0.02,0.02,0.02,0.02,0.02,0.02,0.15,0.15,0.2,0.2,0.2,0.1,0.1,0.02,0.02,0.02,0.02,0.02,0.02,0.02,0.02,0.02,From DOE Prototype Buildings,,,,,,,,,,,,,,,,,,,,,,,,,,,,,,,,,,,,,,,,,,,,,,,,,,,,,,,,,,,,,,,,,,,
SchoolPrimary KITCHEN_GAS_EQUIP_SCH,Equipment,,Wknd,41821,41883,Constant,0.02,,,,,,,,,,,,,,,,,,,,,,,,From DOE Prototype Buildings,,,,,,,,,,,,,,,,,,,,,,,,,,,,,,,,,,,,,,,,,,,,,,,,,,,,,,,,,,,,,,,,,,,
SchoolPrimary KITCHEN_GAS_EQUIP_SCH,Equipment,,Wknd,41640,41820,Constant,0.02,,,,,,,,,,,,,,,,,,,,,,,,From DOE Prototype Buildings,,,,,,,,,,,,,,,,,,,,,,,,,,,,,,,,,,,,,,,,,,,,,,,,,,,,,,,,,,,,,,,,,,,
SchoolPrimary Kitchen_ZN_1_FLR_1 SHW_default Hot Supply Temp Sched,Equipment,C,Default|WntrDsn|SmrDsn,41640,42004,Constant,55,,,,,,,,,,,,,,,,,,,,,,,,From DOE Prototype Buildings,,,,,,,,,,,,,,,,,,,,,,,,,,,,,,,,,,,,,,,,,,,,,,,,,,,,,,,,,,,,,,,,,,,
SchoolPrimary Kitchen_ZN_1_FLR_1 SHW_default Latent fract sched,Equipment,,Default|WntrDsn|SmrDsn,41640,42004,Constant,0.05,,,,,,,,,,,,,,,,,,,,,,,,From DOE Prototype Buildings,,,,,,,,,,,,,,,,,,,,,,,,,,,,,,,,,,,,,,,,,,,,,,,,,,,,,,,,,,,,,,,,,,,
SchoolPrimary Kitchen_ZN_1_FLR_1 SHW_default Sensible fract sched,Equipment,,Default|WntrDsn|SmrDsn,41640,42004,Constant,0.2,,,,,,,,,,,,,,,,,,,,,,,,From DOE Prototype Buildings,,,,,,,,,,,,,,,,,,,,,,,,,,,,,,,,,,,,,,,,,,,,,,,,,,,,,,,,,,,,,,,,,,,
SchoolPrimary Kitchen_ZN_1_FLR_1 SHW_default Temp Sched,Equipment,C,Default|WntrDsn|SmrDsn,41640,42004,Constant,60,,,,,,,,,,,,,,,,,,,,,,,,From DOE Prototype Buildings,,,,,,,,,,,,,,,,,,,,,,,,,,,,,,,,,,,,,,,,,,,,,,,,,,,,,,,,,,,,,,,,,,,
SchoolPrimary Kitchen_ZN_1_FLR_1_Case:1_WALKINFREEZER_WalkInStockingSched,Equipment,W,Default,41640,42004,Hourly,0,0,0,0,725,417,290,0,0,0,0,0,0,0,0,0,0,0,0,0,0,0,0,0,From DOE Prototype Buildings,,,,,,,,,,,,,,,,,,,,,,,,,,,,,,,,,,,,,,,,,,,,,,,,,,,,,,,,,,,,,,,,,,,
SchoolPrimary Kitchen_ZN_1_FLR_1_Case:1_WALKINFREEZER_WalkInStockingSched,Equipment,W,WntrDsn|SmrDsn|Wknd|Mon|Wed|Thu,41640,42004,Hourly,0,0,0,0,125,117,90,0,0,0,0,0,0,0,0,0,0,0,0,125,117,90,0,0,From DOE Prototype Buildings,,,,,,,,,,,,,,,,,,,,,,,,,,,,,,,,,,,,,,,,,,,,,,,,,,,,,,,,,,,,,,,,,,,
SchoolPrimary Kitchen_ZN_1_FLR_1_Case:2_SELFCONTAINEDDISPLAYCASE_CaseStockingSched,Equipment,W,Default|WntrDsn|SmrDsn,41640,42004,Constant,0,,,,,,,,,,,,,,,,,,,,,,,,From DOE Prototype Buildings,,,,,,,,,,,,,,,,,,,,,,,,,,,,,,,,,,,,,,,,,,,,,,,,,,,,,,,,,,,,,,,,,,,
SchoolPrimary MinOA_Kitchen_Sched,Equipment,,Default,41640,42004,Constant,0,,,,,,,,,,,,,,,,,,,,,,,,From DOE Prototype Buildings,,,,,,,,,,,,,,,,,,,,,,,,,,,,,,,,,,,,,,,,,,,,,,,,,,,,,,,,,,,,,,,,,,,
SchoolPrimary MinOA_Kitchen_Sched,Equipment,,WntrDsn|SmrDsn|Wkdy,41640,42004,Hourly,0,0,0,0,0,0,0,1,1,1,1,1,1,1,1,1,1,0,0,0,0,0,0,0,From DOE Prototype Buildings,,,,,,,,,,,,,,,,,,,,,,,,,,,,,,,,,,,,,,,,,,,,,,,,,,,,,,,,,,,,,,,,,,,
SchoolPrimary MinOA_MotorizedDamper_Sched,OA Air,,Default,41640,42004,Constant,0,,,,,,,,,,,,,,,,,,,,,,,,From DOE Prototype Buildings,,,,,,,,,,,,,,,,,,,,,,,,,,,,,,,,,,,,,,,,,,,,,,,,,,,,,,,,,,,,,,,,,,,
SchoolPrimary MinOA_MotorizedDamper_Sched,OA Air,,WntrDsn|SmrDsn|Wkdy,41640,42004,Hourly,0,0,0,0,0,0,0,0,1,1,1,1,1,1,1,1,1,1,1,1,1,0,0,0,From DOE Prototype Buildings,,,,,,,,,,,,,,,,,,,,,,,,,,,,,,,,,,,,,,,,,,,,,,,,,,,,,,,,,,,,,,,,,,,
SchoolPrimary MinOA_Sched,OA Air,,Default|WntrDsn|SmrDsn,41640,42004,Constant,1,,,,,,,,,,,,,,,,,,,,,,,,From DOE Prototype Buildings,,,,,,,,,,,,,,,,,,,,,,,,,,,,,,,,,,,,,,,,,,,,,,,,,,,,,,,,,,,,,,,,,,,
SchoolPrimary PlantOnSched,Unknown,W,Default|WntrDsn|SmrDsn,41640,42004,Constant,1,,,,,,,,,,,,,,,,,,,,,,,,From DOE Prototype Buildings,,,,,,,,,,,,,,,,,,,,,,,,,,,,,,,,,,,,,,,,,,,,,,,,,,,,,,,,,,,,,,,,,,,
SchoolPrimary ReheatCoilAvailSched,Unknown,W,Default|WntrDsn|SmrDsn,41640,42004,Constant,1,,,,,,,,,,,,,,,,,,,,,,,,From DOE Prototype Buildings,,,,,,,,,,,,,,,,,,,,,,,,,,,,,,,,,,,,,,,,,,,,,,,,,,,,,,,,,,,,,,,,,,,
SchoolPrimary Seasonal-Reset-Supply-Air-Temp-Sch,Unknown,C,Default|WntrDsn|SmrDsn,41640,42004,Constant,13,,,,,,,,,,,,,,,,,,,,,,,,From DOE Prototype Buildings,,,,,,,,,,,,,,,,,,,,,,,,,,,,,,,,,,,,,,,,,,,,,,,,,,,,,,,,,,,,,,,,,,,
SchoolPrimary Seasonal-Reset-Supply-Air-Temp-Sch,Unknown,C,Wknd|Wkdy,41913,42004,Constant,13,,,,,,,,,,,,,,,,,,,,,,,,From DOE Prototype Buildings,,,,,,,,,,,,,,,,,,,,,,,,,,,,,,,,,,,,,,,,,,,,,,,,,,,,,,,,,,,,,,,,,,,
SchoolPrimary Seasonal-Reset-Supply-Air-Temp-Sch,Unknown,C,Wknd|Wkdy,41640,41729,Constant,13,,,,,,,,,,,,,,,,,,,,,,,,From DOE Prototype Buildings,,,,,,,,,,,,,,,,,,,,,,,,,,,,,,,,,,,,,,,,,,,,,,,,,,,,,,,,,,,,,,,,,,,
SchoolPrimary SHADING_SCH,Unknown,W,Default|WntrDsn|SmrDsn,41640,42004,Constant,0,,,,,,,,,,,,,,,,,,,,,,,,From DOE Prototype Buildings,,,,,,,,,,,,,,,,,,,,,,,,,,,,,,,,,,,,,,,,,,,,,,,,,,,,,,,,,,,,,,,,,,,
SchoolPrimary SHWSys1 Water Heater Ambient Temperature Schedule Name,Service Water Heating,C,Default|WntrDsn|SmrDsn,41640,42004,Constant,22,,,,,,,,,,,,,,,,,,,,,,,,From DOE Prototype Buildings,,,,,,,,,,,,,,,,,,,,,,,,,,,,,,,,,,,,,,,,,,,,,,,,,,,,,,,,,,,,,,,,,,,
SchoolPrimary SHWSys1 Water Heater Setpoint Temperature Schedule Name,Service Water Heating,C,Default|WntrDsn|SmrDsn,41640,42004,Constant,60,,,,,,,,,,,,,,,,,,,,,,,,From DOE Prototype Buildings,,,,,,,,,,,,,,,,,,,,,,,,,,,,,,,,,,,,,,,,,,,,,,,,,,,,,,,,,,,,,,,,,,,
SchoolPrimary SHWSys1-Loop-Temp-Schedule,Service Water Heating,C,Default|WntrDsn|SmrDsn,41640,42004,Constant,60,,,,,,,,,,,,,,,,,,,,,,,,From DOE Prototype Buildings,,,,,,,,,,,,,,,,,,,,,,,,,,,,,,,,,,,,,,,,,,,,,,,,,,,,,,,,,,,,,,,,,,,
SchoolPrimary VAV-Supply-Air-Temp-Sch,Unknown,C,Default|WntrDsn|SmrDsn,41640,42004,Constant,12.8,,,,,,,,,,,,,,,,,,,,,,,,From DOE Prototype Buildings,,,,,,,,,,,,,,,,,,,,,,,,,,,,,,,,,,,,,,,,,,,,,,,,,,,,,,,,,,,,,,,,,,,
SchoolPrimary walkin_occ_lght_SCH,Occupancy,,Default,41640,42004,Constant,0.1773,,,,,,,,,,,,,,,,,,,,,,,,From DOE Prototype Buildings,,,,,,,,,,,,,,,,,,,,,,,,,,,,,,,,,,,,,,,,,,,,,,,,,,,,,,,,,,,,,,,,,,,
SchoolPrimary walkin_occ_lght_SCH,Occupancy,,SmrDsn,41640,42004,Constant,1,,,,,,,,,,,,,,,,,,,,,,,,From DOE Prototype Buildings,,,,,,,,,,,,,,,,,,,,,,,,,,,,,,,,,,,,,,,,,,,,,,,,,,,,,,,,,,,,,,,,,,,
SchoolPrimary walkin_occ_lght_SCH,Occupancy,,Wkdy,41883,42004,Hourly,0.1773,0.1773,0.1773,0.1773,0.1773,0.1773,0.1773,0.468,0.468,0.468,0.468,0.468,0.468,0.468,0.468,0.468,0.468,0.468,0.468,0.468,0.468,0.1773,0.1773,0.1773,From DOE Prototype Buildings,,,,,,,,,,,,,,,,,,,,,,,,,,,,,,,,,,,,,,,,,,,,,,,,,,,,,,,,,,,,,,,,,,,
SchoolPrimary walkin_occ_lght_SCH,Occupancy,,Wkdy,41821,41883,Hourly,0.1773,0.1773,0.1773,0.1773,0.1773,0.1773,0.1773,0.1773,0.26,0.26,0.26,0.26,0.26,0.26,0.26,0.26,0.26,0.26,0.26,0.26,0.1773,0.1773,0.1773,0.1773,From DOE Prototype Buildings,,,,,,,,,,,,,,,,,,,,,,,,,,,,,,,,,,,,,,,,,,,,,,,,,,,,,,,,,,,,,,,,,,,
SchoolPrimary walkin_occ_lght_SCH,Occupancy,,Wkdy,41640,41820,Hourly,0.1773,0.1773,0.1773,0.1773,0.1773,0.1773,0.1773,0.468,0.468,0.468,0.468,0.468,0.468,0.468,0.468,0.468,0.468,0.468,0.468,0.468,0.468,0.1773,0.1773,0.1773,From DOE Prototype Buildings,,,,,,,,,,,,,,,,,,,,,,,,,,,,,,,,,,,,,,,,,,,,,,,,,,,,,,,,,,,,,,,,,,,
SchoolPrimary walkin_occ_lght_SCH,Occupancy,,Wknd,41821,41883,Constant,0.1773,,,,,,,,,,,,,,,,,,,,,,,,From DOE Prototype Buildings,,,,,,,,,,,,,,,,,,,,,,,,,,,,,,,,,,,,,,,,,,,,,,,,,,,,,,,,,,,,,,,,,,,
SchoolPrimary walkin_occ_lght_SCH,Occupancy,,Wknd,41640,41820,Constant,0.1773,,,,,,,,,,,,,,,,,,,,,,,,From DOE Prototype Buildings,,,,,,,,,,,,,,,,,,,,,,,,,,,,,,,,,,,,,,,,,,,,,,,,,,,,,,,,,,,,,,,,,,,
SchoolPrimary walkin_occ_lght_SCH,Occupancy,,WntrDsn,41640,42004,Constant,0,,,,,,,,,,,,,,,,,,,,,,,,From DOE Prototype Buildings,,,,,,,,,,,,,,,,,,,,,,,,,,,,,,,,,,,,,,,,,,,,,,,,,,,,,,,,,,,,,,,,,,,
SchoolPrimary WORK_EFF_SCH,Unknown,,Default|WntrDsn|SmrDsn,41640,42004,Constant,0,,,,,,,,,,,,,,,,,,,,,,,,From DOE Prototype Buildings,,,,,,,,,,,,,,,,,,,,,,,,,,,,,,,,,,,,,,,,,,,,,,,,,,,,,,,,,,,,,,,,,,,
SchoolSecondary AIR_VELO_SCH,Unknown,W,Default|WntrDsn|SmrDsn,41640,42004,Constant,0.2,,,,,,,,,,,,,,,,,,,,,,,,From DOE Prototype Buildings,,,,,,,,,,,,,,,,,,,,,,,,,,,,,,,,,,,,,,,,,,,,,,,,,,,,,,,,,,,,,,,,,,,
SchoolSecondary ALWAYS_OFF,Unknown,,Default|WntrDsn|SmrDsn,41640,42004,Constant,0,,,,,,,,,,,,,,,,,,,,,,,,From DOE Prototype Buildings,,,,,,,,,,,,,,,,,,,,,,,,,,,,,,,,,,,,,,,,,,,,,,,,,,,,,,,,,,,,,,,,,,,
SchoolSecondary ALWAYS_ON,Unknown,,Default|WntrDsn|SmrDsn,41640,42004,Constant,1,,,,,,,,,,,,,,,,,,,,,,,,From DOE Prototype Buildings,,,,,,,,,,,,,,,,,,,,,,,,,,,,,,,,,,,,,,,,,,,,,,,,,,,,,,,,,,,,,,,,,,,
SchoolSecondary Bathrooms_ZN_1_FLR_1 SHW_default Hot Supply Temp Sched,Service Water Heating,C,Default|WntrDsn|SmrDsn,41640,42004,Constant,55,,,,,,,,,,,,,,,,,,,,,,,,From DOE Prototype Buildings,,,,,,,,,,,,,,,,,,,,,,,,,,,,,,,,,,,,,,,,,,,,,,,,,,,,,,,,,,,,,,,,,,,
SchoolSecondary Bathrooms_ZN_1_FLR_1 SHW_default Latent fract sched,Service Water Heating,,Default|WntrDsn|SmrDsn,41640,42004,Constant,0.05,,,,,,,,,,,,,,,,,,,,,,,,From DOE Prototype Buildings,,,,,,,,,,,,,,,,,,,,,,,,,,,,,,,,,,,,,,,,,,,,,,,,,,,,,,,,,,,,,,,,,,,
SchoolSecondary Bathrooms_ZN_1_FLR_1 SHW_default Sensible fract sched,Service Water Heating,,Default|WntrDsn|SmrDsn,41640,42004,Constant,0.2,,,,,,,,,,,,,,,,,,,,,,,,From DOE Prototype Buildings,,,,,,,,,,,,,,,,,,,,,,,,,,,,,,,,,,,,,,,,,,,,,,,,,,,,,,,,,,,,,,,,,,,
SchoolSecondary Bathrooms_ZN_1_FLR_1 SHW_default Temp Sched,Service Water Heating,C,Default|WntrDsn|SmrDsn,41640,42004,Constant,60,,,,,,,,,,,,,,,,,,,,,,,,From DOE Prototype Buildings,,,,,,,,,,,,,,,,,,,,,,,,,,,,,,,,,,,,,,,,,,,,,,,,,,,,,,,,,,,,,,,,,,,
SchoolSecondary Bathrooms_ZN_1_FLR_2 SHW_default Hot Supply Temp Sched,Service Water Heating,C,Default|WntrDsn|SmrDsn,41640,42004,Constant,55,,,,,,,,,,,,,,,,,,,,,,,,From DOE Prototype Buildings,,,,,,,,,,,,,,,,,,,,,,,,,,,,,,,,,,,,,,,,,,,,,,,,,,,,,,,,,,,,,,,,,,,
SchoolSecondary Bathrooms_ZN_1_FLR_2 SHW_default Latent fract sched,Service Water Heating,,Default|WntrDsn|SmrDsn,41640,42004,Constant,0.05,,,,,,,,,,,,,,,,,,,,,,,,From DOE Prototype Buildings,,,,,,,,,,,,,,,,,,,,,,,,,,,,,,,,,,,,,,,,,,,,,,,,,,,,,,,,,,,,,,,,,,,
SchoolSecondary Bathrooms_ZN_1_FLR_2 SHW_default Sensible fract sched,Service Water Heating,,Default|WntrDsn|SmrDsn,41640,42004,Constant,0.2,,,,,,,,,,,,,,,,,,,,,,,,From DOE Prototype Buildings,,,,,,,,,,,,,,,,,,,,,,,,,,,,,,,,,,,,,,,,,,,,,,,,,,,,,,,,,,,,,,,,,,,
SchoolSecondary Bathrooms_ZN_1_FLR_2 SHW_default Temp Sched,Service Water Heating,C,Default|WntrDsn|SmrDsn,41640,42004,Constant,60,,,,,,,,,,,,,,,,,,,,,,,,From DOE Prototype Buildings,,,,,,,,,,,,,,,,,,,,,,,,,,,,,,,,,,,,,,,,,,,,,,,,,,,,,,,,,,,,,,,,,,,
SchoolSecondary BLDG_ELEVATORS,Elevator,,Default|WntrDsn,41640,42004,Constant,0,,,,,,,,,,,,,,,,,,,,,,,,From DOE Prototype Buildings,,,,,,,,,,,,,,,,,,,,,,,,,,,,,,,,,,,,,,,,,,,,,,,,,,,,,,,,,,,,,,,,,,,
SchoolSecondary BLDG_ELEVATORS,Elevator,,SmrDsn,41640,42004,Constant,0.3,,,,,,,,,,,,,,,,,,,,,,,,From DOE Prototype Buildings,,,,,,,,,,,,,,,,,,,,,,,,,,,,,,,,,,,,,,,,,,,,,,,,,,,,,,,,,,,,,,,,,,,
SchoolSecondary BLDG_ELEVATORS,Elevator,,Wkdy,41640,42004,Hourly,0,0,0,0,0,0,0,0,0.3,0.3,0.3,0.3,0.3,0.3,0.3,0.15,0,0,0,0,0,0,0,0,From DOE Prototype Buildings,,,,,,,,,,,,,,,,,,,,,,,,,,,,,,,,,,,,,,,,,,,,,,,,,,,,,,,,,,,,,,,,,,,
SchoolSecondary BLDG_EQUIP_SCH,Equipment,,Default|WntrDsn,41640,42004,Constant,0.35,,,,,,,,,,,,,,,,,,,,,,,,From DOE Prototype Buildings,,,,,,,,,,,,,,,,,,,,,,,,,,,,,,,,,,,,,,,,,,,,,,,,,,,,,,,,,,,,,,,,,,,
SchoolSecondary BLDG_EQUIP_SCH,Equipment,,SmrDsn,41640,42004,Hourly,0.25,0.25,0.25,0.25,0.25,0.25,0.25,0.25,0.5,0.5,0.5,0.5,0.5,0.5,0.5,0.5,0.5,0.25,0.25,0.25,0.25,0.25,0.25,0.25,From DOE Prototype Buildings,,,,,,,,,,,,,,,,,,,,,,,,,,,,,,,,,,,,,,,,,,,,,,,,,,,,,,,,,,,,,,,,,,,
SchoolSecondary BLDG_EQUIP_SCH,Equipment,,Wkdy,41883,42004,Hourly,0.35,0.35,0.35,0.35,0.35,0.35,0.35,0.35,0.95,0.95,0.95,0.95,0.95,0.95,0.95,0.95,0.95,0.35,0.35,0.35,0.35,0.35,0.35,0.35,From DOE Prototype Buildings,,,,,,,,,,,,,,,,,,,,,,,,,,,,,,,,,,,,,,,,,,,,,,,,,,,,,,,,,,,,,,,,,,,
SchoolSecondary BLDG_EQUIP_SCH,Equipment,,Wkdy,41821,41883,Hourly,0.25,0.25,0.25,0.25,0.25,0.25,0.25,0.25,0.5,0.5,0.5,0.5,0.5,0.5,0.5,0.5,0.5,0.25,0.25,0.25,0.25,0.25,0.25,0.25,From DOE Prototype Buildings,,,,,,,,,,,,,,,,,,,,,,,,,,,,,,,,,,,,,,,,,,,,,,,,,,,,,,,,,,,,,,,,,,,
SchoolSecondary BLDG_EQUIP_SCH,Equipment,,Wkdy,41640,41820,Hourly,0.35,0.35,0.35,0.35,0.35,0.35,0.35,0.35,0.95,0.95,0.95,0.95,0.95,0.95,0.95,0.95,0.95,0.35,0.35,0.35,0.35,0.35,0.35,0.35,From DOE Prototype Buildings,,,,,,,,,,,,,,,,,,,,,,,,,,,,,,,,,,,,,,,,,,,,,,,,,,,,,,,,,,,,,,,,,,,
SchoolSecondary BLDG_EQUIP_SCH,Equipment,,Wknd,41821,41883,Constant,0.25,,,,,,,,,,,,,,,,,,,,,,,,From DOE Prototype Buildings,,,,,,,,,,,,,,,,,,,,,,,,,,,,,,,,,,,,,,,,,,,,,,,,,,,,,,,,,,,,,,,,,,,
SchoolSecondary BLDG_EQUIP_SCH,Equipment,,Wknd,41640,41820,Constant,0.35,,,,,,,,,,,,,,,,,,,,,,,,From DOE Prototype Buildings,,,,,,,,,,,,,,,,,,,,,,,,,,,,,,,,,,,,,,,,,,,,,,,,,,,,,,,,,,,,,,,,,,,
SchoolSecondary BLDG_LIGHT_BATH_SCH,Lighting,,Default,41640,42004,Constant,0.1773,,,,,,,,,,,,,,,,,,,,,,,,From DOE Prototype Buildings,,,,,,,,,,,,,,,,,,,,,,,,,,,,,,,,,,,,,,,,,,,,,,,,,,,,,,,,,,,,,,,,,,,
SchoolSecondary BLDG_LIGHT_BATH_SCH,Lighting,,SmrDsn,41640,42004,Constant,1,,,,,,,,,,,,,,,,,,,,,,,,From DOE Prototype Buildings,,,,,,,,,,,,,,,,,,,,,,,,,,,,,,,,,,,,,,,,,,,,,,,,,,,,,,,,,,,,,,,,,,,
SchoolSecondary BLDG_LIGHT_BATH_SCH,Lighting,,Wkdy,41883,42004,Hourly,0.1773,0.1773,0.1773,0.1773,0.1773,0.1773,0.1773,0.9,0.9,0.9,0.9,0.9,0.9,0.9,0.9,0.9,0.9,0.9,0.9,0.9,0.9,0.1773,0.1773,0.1773,From DOE Prototype Buildings,,,,,,,,,,,,,,,,,,,,,,,,,,,,,,,,,,,,,,,,,,,,,,,,,,,,,,,,,,,,,,,,,,,
SchoolSecondary BLDG_LIGHT_BATH_SCH,Lighting,,Wkdy,41821,41883,Hourly,0.1773,0.1773,0.1773,0.1773,0.1773,0.1773,0.1773,0.1773,0.5,0.5,0.5,0.5,0.5,0.5,0.5,0.5,0.5,0.5,0.5,0.5,0.1773,0.1773,0.1773,0.1773,From DOE Prototype Buildings,,,,,,,,,,,,,,,,,,,,,,,,,,,,,,,,,,,,,,,,,,,,,,,,,,,,,,,,,,,,,,,,,,,
SchoolSecondary BLDG_LIGHT_BATH_SCH,Lighting,,Wkdy,41640,41820,Hourly,0.1773,0.1773,0.1773,0.1773,0.1773,0.1773,0.1773,0.9,0.9,0.9,0.9,0.9,0.9,0.9,0.9,0.9,0.9,0.9,0.9,0.9,0.9,0.1773,0.1773,0.1773,From DOE Prototype Buildings,,,,,,,,,,,,,,,,,,,,,,,,,,,,,,,,,,,,,,,,,,,,,,,,,,,,,,,,,,,,,,,,,,,
SchoolSecondary BLDG_LIGHT_BATH_SCH,Lighting,,Wknd,41821,41883,Constant,0.1773,,,,,,,,,,,,,,,,,,,,,,,,From DOE Prototype Buildings,,,,,,,,,,,,,,,,,,,,,,,,,,,,,,,,,,,,,,,,,,,,,,,,,,,,,,,,,,,,,,,,,,,
SchoolSecondary BLDG_LIGHT_BATH_SCH,Lighting,,Wknd,41640,41820,Constant,0.1773,,,,,,,,,,,,,,,,,,,,,,,,From DOE Prototype Buildings,,,,,,,,,,,,,,,,,,,,,,,,,,,,,,,,,,,,,,,,,,,,,,,,,,,,,,,,,,,,,,,,,,,
SchoolSecondary BLDG_LIGHT_BATH_SCH,Lighting,,WntrDsn,41640,42004,Constant,0,,,,,,,,,,,,,,,,,,,,,,,,From DOE Prototype Buildings,,,,,,,,,,,,,,,,,,,,,,,,,,,,,,,,,,,,,,,,,,,,,,,,,,,,,,,,,,,,,,,,,,,
SchoolSecondary BLDG_LIGHT_CLASSROOM_SCH,Lighting,,Default,41640,42004,Constant,0.1773,,,,,,,,,,,,,,,,,,,,,,,,From DOE Prototype Buildings,,,,,,,,,,,,,,,,,,,,,,,,,,,,,,,,,,,,,,,,,,,,,,,,,,,,,,,,,,,,,,,,,,,
SchoolSecondary BLDG_LIGHT_CLASSROOM_SCH,Lighting,,SmrDsn,41640,42004,Constant,1,,,,,,,,,,,,,,,,,,,,,,,,From DOE Prototype Buildings,,,,,,,,,,,,,,,,,,,,,,,,,,,,,,,,,,,,,,,,,,,,,,,,,,,,,,,,,,,,,,,,,,,
SchoolSecondary BLDG_LIGHT_CLASSROOM_SCH,Lighting,,Wkdy,41883,42004,Hourly,0.1773,0.1773,0.1773,0.1773,0.1773,0.1773,0.1773,0.9,0.9,0.9,0.9,0.9,0.9,0.9,0.9,0.9,0.9,0.9,0.9,0.9,0.9,0.1773,0.1773,0.1773,From DOE Prototype Buildings,,,,,,,,,,,,,,,,,,,,,,,,,,,,,,,,,,,,,,,,,,,,,,,,,,,,,,,,,,,,,,,,,,,
SchoolSecondary BLDG_LIGHT_CLASSROOM_SCH,Lighting,,Wkdy,41821,41883,Hourly,0.1773,0.1773,0.1773,0.1773,0.1773,0.1773,0.1773,0.1773,0.5,0.5,0.5,0.5,0.5,0.5,0.5,0.5,0.5,0.5,0.5,0.5,0.1773,0.1773,0.1773,0.1773,From DOE Prototype Buildings,,,,,,,,,,,,,,,,,,,,,,,,,,,,,,,,,,,,,,,,,,,,,,,,,,,,,,,,,,,,,,,,,,,
SchoolSecondary BLDG_LIGHT_CLASSROOM_SCH,Lighting,,Wkdy,41640,41820,Hourly,0.1773,0.1773,0.1773,0.1773,0.1773,0.1773,0.1773,0.9,0.9,0.9,0.9,0.9,0.9,0.9,0.9,0.9,0.9,0.9,0.9,0.9,0.9,0.1773,0.1773,0.1773,From DOE Prototype Buildings,,,,,,,,,,,,,,,,,,,,,,,,,,,,,,,,,,,,,,,,,,,,,,,,,,,,,,,,,,,,,,,,,,,
SchoolSecondary BLDG_LIGHT_CLASSROOM_SCH,Lighting,,Wknd,41821,41883,Constant,0.1773,,,,,,,,,,,,,,,,,,,,,,,,From DOE Prototype Buildings,,,,,,,,,,,,,,,,,,,,,,,,,,,,,,,,,,,,,,,,,,,,,,,,,,,,,,,,,,,,,,,,,,,
SchoolSecondary BLDG_LIGHT_CLASSROOM_SCH,Lighting,,Wknd,41640,41820,Constant,0.1773,,,,,,,,,,,,,,,,,,,,,,,,From DOE Prototype Buildings,,,,,,,,,,,,,,,,,,,,,,,,,,,,,,,,,,,,,,,,,,,,,,,,,,,,,,,,,,,,,,,,,,,
SchoolSecondary BLDG_LIGHT_CLASSROOM_SCH,Lighting,,WntrDsn,41640,42004,Constant,0,,,,,,,,,,,,,,,,,,,,,,,,From DOE Prototype Buildings,,,,,,,,,,,,,,,,,,,,,,,,,,,,,,,,,,,,,,,,,,,,,,,,,,,,,,,,,,,,,,,,,,,
SchoolSecondary BLDG_LIGHT_CORRIDOR_SCH,Lighting,,Default,41640,42004,Constant,0.1773,,,,,,,,,,,,,,,,,,,,,,,,From DOE Prototype Buildings,,,,,,,,,,,,,,,,,,,,,,,,,,,,,,,,,,,,,,,,,,,,,,,,,,,,,,,,,,,,,,,,,,,
SchoolSecondary BLDG_LIGHT_CORRIDOR_SCH,Lighting,,SmrDsn,41640,42004,Constant,1,,,,,,,,,,,,,,,,,,,,,,,,From DOE Prototype Buildings,,,,,,,,,,,,,,,,,,,,,,,,,,,,,,,,,,,,,,,,,,,,,,,,,,,,,,,,,,,,,,,,,,,
SchoolSecondary BLDG_LIGHT_CORRIDOR_SCH,Lighting,,Wkdy,41883,42004,Hourly,0.1773,0.1773,0.1773,0.1773,0.1773,0.1773,0.1773,0.9,0.9,0.9,0.9,0.9,0.9,0.9,0.9,0.9,0.9,0.9,0.9,0.9,0.9,0.1773,0.1773,0.1773,From DOE Prototype Buildings,,,,,,,,,,,,,,,,,,,,,,,,,,,,,,,,,,,,,,,,,,,,,,,,,,,,,,,,,,,,,,,,,,,
SchoolSecondary BLDG_LIGHT_CORRIDOR_SCH,Lighting,,Wkdy,41821,41883,Hourly,0.1773,0.1773,0.1773,0.1773,0.1773,0.1773,0.1773,0.1773,0.5,0.5,0.5,0.5,0.5,0.5,0.5,0.5,0.5,0.5,0.5,0.5,0.1773,0.1773,0.1773,0.1773,From DOE Prototype Buildings,,,,,,,,,,,,,,,,,,,,,,,,,,,,,,,,,,,,,,,,,,,,,,,,,,,,,,,,,,,,,,,,,,,
SchoolSecondary BLDG_LIGHT_CORRIDOR_SCH,Lighting,,Wkdy,41640,41820,Hourly,0.1773,0.1773,0.1773,0.1773,0.1773,0.1773,0.1773,0.9,0.9,0.9,0.9,0.9,0.9,0.9,0.9,0.9,0.9,0.9,0.9,0.9,0.9,0.1773,0.1773,0.1773,From DOE Prototype Buildings,,,,,,,,,,,,,,,,,,,,,,,,,,,,,,,,,,,,,,,,,,,,,,,,,,,,,,,,,,,,,,,,,,,
SchoolSecondary BLDG_LIGHT_CORRIDOR_SCH,Lighting,,Wknd,41821,41883,Constant,0.1773,,,,,,,,,,,,,,,,,,,,,,,,From DOE Prototype Buildings,,,,,,,,,,,,,,,,,,,,,,,,,,,,,,,,,,,,,,,,,,,,,,,,,,,,,,,,,,,,,,,,,,,
SchoolSecondary BLDG_LIGHT_CORRIDOR_SCH,Lighting,,Wknd,41640,41820,Constant,0.1773,,,,,,,,,,,,,,,,,,,,,,,,From DOE Prototype Buildings,,,,,,,,,,,,,,,,,,,,,,,,,,,,,,,,,,,,,,,,,,,,,,,,,,,,,,,,,,,,,,,,,,,
SchoolSecondary BLDG_LIGHT_CORRIDOR_SCH,Lighting,,WntrDsn,41640,42004,Constant,0,,,,,,,,,,,,,,,,,,,,,,,,From DOE Prototype Buildings,,,,,,,,,,,,,,,,,,,,,,,,,,,,,,,,,,,,,,,,,,,,,,,,,,,,,,,,,,,,,,,,,,,
SchoolSecondary BLDG_LIGHT_GYM_SCH,Lighting,,Default,41640,42004,Constant,0.1773,,,,,,,,,,,,,,,,,,,,,,,,From DOE Prototype Buildings,,,,,,,,,,,,,,,,,,,,,,,,,,,,,,,,,,,,,,,,,,,,,,,,,,,,,,,,,,,,,,,,,,,
SchoolSecondary BLDG_LIGHT_GYM_SCH,Lighting,,SmrDsn,41640,42004,Constant,1,,,,,,,,,,,,,,,,,,,,,,,,From DOE Prototype Buildings,,,,,,,,,,,,,,,,,,,,,,,,,,,,,,,,,,,,,,,,,,,,,,,,,,,,,,,,,,,,,,,,,,,
SchoolSecondary BLDG_LIGHT_GYM_SCH,Lighting,,Wkdy,41883,42004,Hourly,0.1773,0.1773,0.1773,0.1773,0.1773,0.1773,0.1773,0.9,0.9,0.9,0.9,0.9,0.9,0.9,0.9,0.9,0.9,0.9,0.9,0.9,0.9,0.1773,0.1773,0.1773,From DOE Prototype Buildings,,,,,,,,,,,,,,,,,,,,,,,,,,,,,,,,,,,,,,,,,,,,,,,,,,,,,,,,,,,,,,,,,,,
SchoolSecondary BLDG_LIGHT_GYM_SCH,Lighting,,Wkdy,41821,41883,Hourly,0.1773,0.1773,0.1773,0.1773,0.1773,0.1773,0.1773,0.1773,0.5,0.5,0.5,0.5,0.5,0.5,0.5,0.5,0.5,0.5,0.5,0.5,0.1773,0.1773,0.1773,0.1773,From DOE Prototype Buildings,,,,,,,,,,,,,,,,,,,,,,,,,,,,,,,,,,,,,,,,,,,,,,,,,,,,,,,,,,,,,,,,,,,
SchoolSecondary BLDG_LIGHT_GYM_SCH,Lighting,,Wkdy,41640,41820,Hourly,0.1773,0.1773,0.1773,0.1773,0.1773,0.1773,0.1773,0.9,0.9,0.9,0.9,0.9,0.9,0.9,0.9,0.9,0.9,0.9,0.9,0.9,0.9,0.1773,0.1773,0.1773,From DOE Prototype Buildings,,,,,,,,,,,,,,,,,,,,,,,,,,,,,,,,,,,,,,,,,,,,,,,,,,,,,,,,,,,,,,,,,,,
SchoolSecondary BLDG_LIGHT_GYM_SCH,Lighting,,Wknd,41821,41883,Constant,0.1773,,,,,,,,,,,,,,,,,,,,,,,,From DOE Prototype Buildings,,,,,,,,,,,,,,,,,,,,,,,,,,,,,,,,,,,,,,,,,,,,,,,,,,,,,,,,,,,,,,,,,,,
SchoolSecondary BLDG_LIGHT_GYM_SCH,Lighting,,Wknd,41640,41820,Constant,0.1773,,,,,,,,,,,,,,,,,,,,,,,,From DOE Prototype Buildings,,,,,,,,,,,,,,,,,,,,,,,,,,,,,,,,,,,,,,,,,,,,,,,,,,,,,,,,,,,,,,,,,,,
SchoolSecondary BLDG_LIGHT_GYM_SCH,Lighting,,WntrDsn,41640,42004,Constant,0,,,,,,,,,,,,,,,,,,,,,,,,From DOE Prototype Buildings,,,,,,,,,,,,,,,,,,,,,,,,,,,,,,,,,,,,,,,,,,,,,,,,,,,,,,,,,,,,,,,,,,,
SchoolSecondary BLDG_LIGHT_LIBRARY_SCH,Lighting,,Default,41640,42004,Constant,0.1773,,,,,,,,,,,,,,,,,,,,,,,,From DOE Prototype Buildings,,,,,,,,,,,,,,,,,,,,,,,,,,,,,,,,,,,,,,,,,,,,,,,,,,,,,,,,,,,,,,,,,,,
SchoolSecondary BLDG_LIGHT_LIBRARY_SCH,Lighting,,SmrDsn,41640,42004,Constant,1,,,,,,,,,,,,,,,,,,,,,,,,From DOE Prototype Buildings,,,,,,,,,,,,,,,,,,,,,,,,,,,,,,,,,,,,,,,,,,,,,,,,,,,,,,,,,,,,,,,,,,,
SchoolSecondary BLDG_LIGHT_LIBRARY_SCH,Lighting,,Wkdy,41883,42004,Hourly,0.1773,0.1773,0.1773,0.1773,0.1773,0.1773,0.1773,0.9,0.9,0.9,0.9,0.9,0.9,0.9,0.9,0.9,0.9,0.9,0.9,0.9,0.9,0.1773,0.1773,0.1773,From DOE Prototype Buildings,,,,,,,,,,,,,,,,,,,,,,,,,,,,,,,,,,,,,,,,,,,,,,,,,,,,,,,,,,,,,,,,,,,
SchoolSecondary BLDG_LIGHT_LIBRARY_SCH,Lighting,,Wkdy,41821,41883,Hourly,0.1773,0.1773,0.1773,0.1773,0.1773,0.1773,0.1773,0.1773,0.5,0.5,0.5,0.5,0.5,0.5,0.5,0.5,0.5,0.5,0.5,0.5,0.1773,0.1773,0.1773,0.1773,From DOE Prototype Buildings,,,,,,,,,,,,,,,,,,,,,,,,,,,,,,,,,,,,,,,,,,,,,,,,,,,,,,,,,,,,,,,,,,,
SchoolSecondary BLDG_LIGHT_LIBRARY_SCH,Lighting,,Wkdy,41640,41820,Hourly,0.1773,0.1773,0.1773,0.1773,0.1773,0.1773,0.1773,0.9,0.9,0.9,0.9,0.9,0.9,0.9,0.9,0.9,0.9,0.9,0.9,0.9,0.9,0.1773,0.1773,0.1773,From DOE Prototype Buildings,,,,,,,,,,,,,,,,,,,,,,,,,,,,,,,,,,,,,,,,,,,,,,,,,,,,,,,,,,,,,,,,,,,
SchoolSecondary BLDG_LIGHT_LIBRARY_SCH,Lighting,,Wknd,41821,41883,Constant,0.1773,,,,,,,,,,,,,,,,,,,,,,,,From DOE Prototype Buildings,,,,,,,,,,,,,,,,,,,,,,,,,,,,,,,,,,,,,,,,,,,,,,,,,,,,,,,,,,,,,,,,,,,
SchoolSecondary BLDG_LIGHT_LIBRARY_SCH,Lighting,,Wknd,41640,41820,Constant,0.1773,,,,,,,,,,,,,,,,,,,,,,,,From DOE Prototype Buildings,,,,,,,,,,,,,,,,,,,,,,,,,,,,,,,,,,,,,,,,,,,,,,,,,,,,,,,,,,,,,,,,,,,
SchoolSecondary BLDG_LIGHT_LIBRARY_SCH,Lighting,,WntrDsn,41640,42004,Constant,0,,,,,,,,,,,,,,,,,,,,,,,,From DOE Prototype Buildings,,,,,,,,,,,,,,,,,,,,,,,,,,,,,,,,,,,,,,,,,,,,,,,,,,,,,,,,,,,,,,,,,,,
SchoolSecondary BLDG_LIGHT_LOBBYFLR1_SCH,Lighting,,Default,41640,42004,Constant,0.1773,,,,,,,,,,,,,,,,,,,,,,,,From DOE Prototype Buildings,,,,,,,,,,,,,,,,,,,,,,,,,,,,,,,,,,,,,,,,,,,,,,,,,,,,,,,,,,,,,,,,,,,
SchoolSecondary BLDG_LIGHT_LOBBYFLR1_SCH,Lighting,,SmrDsn,41640,42004,Constant,1,,,,,,,,,,,,,,,,,,,,,,,,From DOE Prototype Buildings,,,,,,,,,,,,,,,,,,,,,,,,,,,,,,,,,,,,,,,,,,,,,,,,,,,,,,,,,,,,,,,,,,,
SchoolSecondary BLDG_LIGHT_LOBBYFLR1_SCH,Lighting,,Wkdy,41883,42004,Hourly,0.1773,0.1773,0.1773,0.1773,0.1773,0.1773,0.1773,0.9,0.9,0.9,0.9,0.9,0.9,0.9,0.9,0.9,0.9,0.9,0.9,0.9,0.9,0.1773,0.1773,0.1773,From DOE Prototype Buildings,,,,,,,,,,,,,,,,,,,,,,,,,,,,,,,,,,,,,,,,,,,,,,,,,,,,,,,,,,,,,,,,,,,
SchoolSecondary BLDG_LIGHT_LOBBYFLR1_SCH,Lighting,,Wkdy,41821,41883,Hourly,0.1773,0.1773,0.1773,0.1773,0.1773,0.1773,0.1773,0.1773,0.5,0.5,0.5,0.5,0.5,0.5,0.5,0.5,0.5,0.5,0.5,0.5,0.1773,0.1773,0.1773,0.1773,From DOE Prototype Buildings,,,,,,,,,,,,,,,,,,,,,,,,,,,,,,,,,,,,,,,,,,,,,,,,,,,,,,,,,,,,,,,,,,,
SchoolSecondary BLDG_LIGHT_LOBBYFLR1_SCH,Lighting,,Wkdy,41640,41820,Hourly,0.1773,0.1773,0.1773,0.1773,0.1773,0.1773,0.1773,0.9,0.9,0.9,0.9,0.9,0.9,0.9,0.9,0.9,0.9,0.9,0.9,0.9,0.9,0.1773,0.1773,0.1773,From DOE Prototype Buildings,,,,,,,,,,,,,,,,,,,,,,,,,,,,,,,,,,,,,,,,,,,,,,,,,,,,,,,,,,,,,,,,,,,
SchoolSecondary BLDG_LIGHT_LOBBYFLR1_SCH,Lighting,,Wknd,41821,41883,Constant,0.1773,,,,,,,,,,,,,,,,,,,,,,,,From DOE Prototype Buildings,,,,,,,,,,,,,,,,,,,,,,,,,,,,,,,,,,,,,,,,,,,,,,,,,,,,,,,,,,,,,,,,,,,
SchoolSecondary BLDG_LIGHT_LOBBYFLR1_SCH,Lighting,,Wknd,41640,41820,Constant,0.1773,,,,,,,,,,,,,,,,,,,,,,,,From DOE Prototype Buildings,,,,,,,,,,,,,,,,,,,,,,,,,,,,,,,,,,,,,,,,,,,,,,,,,,,,,,,,,,,,,,,,,,,
SchoolSecondary BLDG_LIGHT_LOBBYFLR1_SCH,Lighting,,WntrDsn,41640,42004,Constant,0,,,,,,,,,,,,,,,,,,,,,,,,From DOE Prototype Buildings,,,,,,,,,,,,,,,,,,,,,,,,,,,,,,,,,,,,,,,,,,,,,,,,,,,,,,,,,,,,,,,,,,,
SchoolSecondary BLDG_LIGHT_OFFICE_SCH,Lighting,,Default,41640,42004,Constant,0.1773,,,,,,,,,,,,,,,,,,,,,,,,From DOE Prototype Buildings,,,,,,,,,,,,,,,,,,,,,,,,,,,,,,,,,,,,,,,,,,,,,,,,,,,,,,,,,,,,,,,,,,,
SchoolSecondary BLDG_LIGHT_OFFICE_SCH,Lighting,,SmrDsn,41640,42004,Constant,1,,,,,,,,,,,,,,,,,,,,,,,,From DOE Prototype Buildings,,,,,,,,,,,,,,,,,,,,,,,,,,,,,,,,,,,,,,,,,,,,,,,,,,,,,,,,,,,,,,,,,,,
SchoolSecondary BLDG_LIGHT_OFFICE_SCH,Lighting,,Wkdy,41883,42004,Hourly,0.1773,0.1773,0.1773,0.1773,0.1773,0.1773,0.1773,0.9,0.9,0.9,0.9,0.9,0.9,0.9,0.9,0.9,0.9,0.9,0.9,0.9,0.9,0.1773,0.1773,0.1773,From DOE Prototype Buildings,,,,,,,,,,,,,,,,,,,,,,,,,,,,,,,,,,,,,,,,,,,,,,,,,,,,,,,,,,,,,,,,,,,
SchoolSecondary BLDG_LIGHT_OFFICE_SCH,Lighting,,Wkdy,41821,41883,Hourly,0.1773,0.1773,0.1773,0.1773,0.1773,0.1773,0.1773,0.1773,0.5,0.5,0.5,0.5,0.5,0.5,0.5,0.5,0.5,0.5,0.5,0.5,0.1773,0.1773,0.1773,0.1773,From DOE Prototype Buildings,,,,,,,,,,,,,,,,,,,,,,,,,,,,,,,,,,,,,,,,,,,,,,,,,,,,,,,,,,,,,,,,,,,
SchoolSecondary BLDG_LIGHT_OFFICE_SCH,Lighting,,Wkdy,41640,41820,Hourly,0.1773,0.1773,0.1773,0.1773,0.1773,0.1773,0.1773,0.9,0.9,0.9,0.9,0.9,0.9,0.9,0.9,0.9,0.9,0.9,0.9,0.9,0.9,0.1773,0.1773,0.1773,From DOE Prototype Buildings,,,,,,,,,,,,,,,,,,,,,,,,,,,,,,,,,,,,,,,,,,,,,,,,,,,,,,,,,,,,,,,,,,,
SchoolSecondary BLDG_LIGHT_OFFICE_SCH,Lighting,,Wknd,41821,41883,Constant,0.1773,,,,,,,,,,,,,,,,,,,,,,,,From DOE Prototype Buildings,,,,,,,,,,,,,,,,,,,,,,,,,,,,,,,,,,,,,,,,,,,,,,,,,,,,,,,,,,,,,,,,,,,
SchoolSecondary BLDG_LIGHT_OFFICE_SCH,Lighting,,Wknd,41640,41820,Constant,0.1773,,,,,,,,,,,,,,,,,,,,,,,,From DOE Prototype Buildings,,,,,,,,,,,,,,,,,,,,,,,,,,,,,,,,,,,,,,,,,,,,,,,,,,,,,,,,,,,,,,,,,,,
SchoolSecondary BLDG_LIGHT_OFFICE_SCH,Lighting,,WntrDsn,41640,42004,Constant,0,,,,,,,,,,,,,,,,,,,,,,,,From DOE Prototype Buildings,,,,,,,,,,,,,,,,,,,,,,,,,,,,,,,,,,,,,,,,,,,,,,,,,,,,,,,,,,,,,,,,,,,
SchoolSecondary BLDG_LIGHT_SCH,Lighting,,Default,41640,42004,Constant,0.1773,,,,,,,,,,,,,,,,,,,,,,,,From DOE Prototype Buildings,,,,,,,,,,,,,,,,,,,,,,,,,,,,,,,,,,,,,,,,,,,,,,,,,,,,,,,,,,,,,,,,,,,
SchoolSecondary BLDG_LIGHT_SCH,Lighting,,SmrDsn,41640,42004,Constant,1,,,,,,,,,,,,,,,,,,,,,,,,From DOE Prototype Buildings,,,,,,,,,,,,,,,,,,,,,,,,,,,,,,,,,,,,,,,,,,,,,,,,,,,,,,,,,,,,,,,,,,,
SchoolSecondary BLDG_LIGHT_SCH,Lighting,,Wkdy,41883,42004,Hourly,0.1773,0.1773,0.1773,0.1773,0.1773,0.1773,0.1773,0.9,0.9,0.9,0.9,0.9,0.9,0.9,0.9,0.9,0.9,0.9,0.9,0.9,0.9,0.1773,0.1773,0.1773,From DOE Prototype Buildings,,,,,,,,,,,,,,,,,,,,,,,,,,,,,,,,,,,,,,,,,,,,,,,,,,,,,,,,,,,,,,,,,,,
SchoolSecondary BLDG_LIGHT_SCH,Lighting,,Wkdy,41821,41883,Hourly,0.1773,0.1773,0.1773,0.1773,0.1773,0.1773,0.1773,0.1773,0.5,0.5,0.5,0.5,0.5,0.5,0.5,0.5,0.5,0.5,0.5,0.5,0.1773,0.1773,0.1773,0.1773,From DOE Prototype Buildings,,,,,,,,,,,,,,,,,,,,,,,,,,,,,,,,,,,,,,,,,,,,,,,,,,,,,,,,,,,,,,,,,,,
SchoolSecondary BLDG_LIGHT_SCH,Lighting,,Wkdy,41640,41820,Hourly,0.1773,0.1773,0.1773,0.1773,0.1773,0.1773,0.1773,0.9,0.9,0.9,0.9,0.9,0.9,0.9,0.9,0.9,0.9,0.9,0.9,0.9,0.9,0.1773,0.1773,0.1773,From DOE Prototype Buildings,,,,,,,,,,,,,,,,,,,,,,,,,,,,,,,,,,,,,,,,,,,,,,,,,,,,,,,,,,,,,,,,,,,
SchoolSecondary BLDG_LIGHT_SCH,Lighting,,Wknd,41821,41883,Constant,0.1773,,,,,,,,,,,,,,,,,,,,,,,,From DOE Prototype Buildings,,,,,,,,,,,,,,,,,,,,,,,,,,,,,,,,,,,,,,,,,,,,,,,,,,,,,,,,,,,,,,,,,,,
SchoolSecondary BLDG_LIGHT_SCH,Lighting,,Wknd,41640,41820,Constant,0.1773,,,,,,,,,,,,,,,,,,,,,,,,From DOE Prototype Buildings,,,,,,,,,,,,,,,,,,,,,,,,,,,,,,,,,,,,,,,,,,,,,,,,,,,,,,,,,,,,,,,,,,,
SchoolSecondary BLDG_LIGHT_SCH,Lighting,,WntrDsn,41640,42004,Constant,0,,,,,,,,,,,,,,,,,,,,,,,,From DOE Prototype Buildings,,,,,,,,,,,,,,,,,,,,,,,,,,,,,,,,,,,,,,,,,,,,,,,,,,,,,,,,,,,,,,,,,,,
SchoolSecondary BLDG_OCC_SCH,Occupancy,,Default|WntrDsn,41640,42004,Constant,0,,,,,,,,,,,,,,,,,,,,,,,,From DOE Prototype Buildings,,,,,,,,,,,,,,,,,,,,,,,,,,,,,,,,,,,,,,,,,,,,,,,,,,,,,,,,,,,,,,,,,,,
SchoolSecondary BLDG_OCC_SCH,Occupancy,,SmrDsn,41640,42004,Hourly,0,0,0,0,0,0,0,0,0.15,0.15,0.15,0.15,0.15,0.15,0.15,0.15,0.15,0.15,0.15,0.15,0.15,0,0,0,From DOE Prototype Buildings,,,,,,,,,,,,,,,,,,,,,,,,,,,,,,,,,,,,,,,,,,,,,,,,,,,,,,,,,,,,,,,,,,,
SchoolSecondary BLDG_OCC_SCH,Occupancy,,Wkdy,41898,42004,Hourly,0,0,0,0,0,0,0,0,0.95,0.95,0.95,0.95,0.95,0.95,0.95,0.95,0.15,0.15,0.15,0.15,0.15,0,0,0,From DOE Prototype Buildings,,,,,,,,,,,,,,,,,,,,,,,,,,,,,,,,,,,,,,,,,,,,,,,,,,,,,,,,,,,,,,,,,,,
SchoolSecondary BLDG_OCC_SCH,Occupancy,,Wkdy,41806,41897,Hourly,0,0,0,0,0,0,0,0,0.15,0.15,0.15,0.15,0.15,0.15,0.15,0.15,0.15,0.15,0.15,0.15,0.15,0,0,0,From DOE Prototype Buildings,,,,,,,,,,,,,,,,,,,,,,,,,,,,,,,,,,,,,,,,,,,,,,,,,,,,,,,,,,,,,,,,,,,
SchoolSecondary BLDG_OCC_SCH,Occupancy,,Wkdy,41640,41805,Hourly,0,0,0,0,0,0,0,0,0.95,0.95,0.95,0.95,0.95,0.95,0.95,0.95,0.15,0.15,0.15,0.15,0.15,0,0,0,From DOE Prototype Buildings,,,,,,,,,,,,,,,,,,,,,,,,,,,,,,,,,,,,,,,,,,,,,,,,,,,,,,,,,,,,,,,,,,,
SchoolSecondary BLDG_OCC_SCH,Occupancy,,Wknd,41806,41897,Constant,0,,,,,,,,,,,,,,,,,,,,,,,,From DOE Prototype Buildings,,,,,,,,,,,,,,,,,,,,,,,,,,,,,,,,,,,,,,,,,,,,,,,,,,,,,,,,,,,,,,,,,,,
SchoolSecondary BLDG_OCC_SCH,Occupancy,,Wknd,41640,41805,Constant,0,,,,,,,,,,,,,,,,,,,,,,,,From DOE Prototype Buildings,,,,,,,,,,,,,,,,,,,,,,,,,,,,,,,,,,,,,,,,,,,,,,,,,,,,,,,,,,,,,,,,,,,
SchoolSecondary BLDG_OCC_SCH_Auditorium,Occupancy,,Default|WntrDsn,41640,42004,Constant,0,,,,,,,,,,,,,,,,,,,,,,,,From DOE Prototype Buildings,,,,,,,,,,,,,,,,,,,,,,,,,,,,,,,,,,,,,,,,,,,,,,,,,,,,,,,,,,,,,,,,,,,
SchoolSecondary BLDG_OCC_SCH_Auditorium,Occupancy,,SmrDsn,41640,42004,Hourly,0,0,0,0,0,0,0,0,0.15,0.15,0.15,0.15,0.15,0.15,0.15,0.15,0.15,0.35,0.35,0,0,0,0,0,From DOE Prototype Buildings,,,,,,,,,,,,,,,,,,,,,,,,,,,,,,,,,,,,,,,,,,,,,,,,,,,,,,,,,,,,,,,,,,,
SchoolSecondary BLDG_OCC_SCH_Auditorium,Occupancy,,Wkdy,41883,42004,Hourly,0,0,0,0,0,0,0,0,0.25,0.25,0.25,0.25,0.25,0.25,0.25,0.95,0.95,0.95,0.95,0.95,0,0,0,0,From DOE Prototype Buildings,,,,,,,,,,,,,,,,,,,,,,,,,,,,,,,,,,,,,,,,,,,,,,,,,,,,,,,,,,,,,,,,,,,
SchoolSecondary BLDG_OCC_SCH_Auditorium,Occupancy,,Wkdy,41821,41883,Hourly,0,0,0,0,0,0,0,0,0.15,0.15,0.15,0.15,0.15,0.15,0.15,0.15,0.15,0.35,0.35,0,0,0,0,0,From DOE Prototype Buildings,,,,,,,,,,,,,,,,,,,,,,,,,,,,,,,,,,,,,,,,,,,,,,,,,,,,,,,,,,,,,,,,,,,
SchoolSecondary BLDG_OCC_SCH_Auditorium,Occupancy,,Wkdy,41640,41820,Hourly,0,0,0,0,0,0,0,0,0.25,0.25,0.25,0.25,0.25,0.25,0.25,0.95,0.95,0.95,0.95,0.95,0,0,0,0,From DOE Prototype Buildings,,,,,,,,,,,,,,,,,,,,,,,,,,,,,,,,,,,,,,,,,,,,,,,,,,,,,,,,,,,,,,,,,,,
SchoolSecondary BLDG_OCC_SCH_Auditorium,Occupancy,,Wknd,41821,41883,Constant,0,,,,,,,,,,,,,,,,,,,,,,,,From DOE Prototype Buildings,,,,,,,,,,,,,,,,,,,,,,,,,,,,,,,,,,,,,,,,,,,,,,,,,,,,,,,,,,,,,,,,,,,
SchoolSecondary BLDG_OCC_SCH_Auditorium,Occupancy,,Wknd,41640,41820,Constant,0,,,,,,,,,,,,,,,,,,,,,,,,From DOE Prototype Buildings,,,,,,,,,,,,,,,,,,,,,,,,,,,,,,,,,,,,,,,,,,,,,,,,,,,,,,,,,,,,,,,,,,,
SchoolSecondary BLDG_OCC_SCH_Cafeteria,Occupancy,,Default|WntrDsn,41640,42004,Constant,0,,,,,,,,,,,,,,,,,,,,,,,,From DOE Prototype Buildings,,,,,,,,,,,,,,,,,,,,,,,,,,,,,,,,,,,,,,,,,,,,,,,,,,,,,,,,,,,,,,,,,,,
SchoolSecondary BLDG_OCC_SCH_Cafeteria,Occupancy,,SmrDsn,41640,42004,Hourly,0,0,0,0,0,0,0,0,0,0.15,0.15,0.15,0.15,0.15,0.15,0.15,0.15,0.35,0.35,0,0,0,0,0,From DOE Prototype Buildings,,,,,,,,,,,,,,,,,,,,,,,,,,,,,,,,,,,,,,,,,,,,,,,,,,,,,,,,,,,,,,,,,,,
SchoolSecondary BLDG_OCC_SCH_Cafeteria,Occupancy,,Wkdy,41883,42004,Hourly,0,0,0,0,0,0,0,0,0,0.95,0.95,0.95,0.95,0.95,0.95,0.35,0.35,0.35,0.35,0.35,0,0,0,0,From DOE Prototype Buildings,,,,,,,,,,,,,,,,,,,,,,,,,,,,,,,,,,,,,,,,,,,,,,,,,,,,,,,,,,,,,,,,,,,
SchoolSecondary BLDG_OCC_SCH_Cafeteria,Occupancy,,Wkdy,41821,41883,Hourly,0,0,0,0,0,0,0,0,0,0.15,0.15,0.15,0.15,0.15,0.15,0.15,0.15,0.35,0.35,0,0,0,0,0,From DOE Prototype Buildings,,,,,,,,,,,,,,,,,,,,,,,,,,,,,,,,,,,,,,,,,,,,,,,,,,,,,,,,,,,,,,,,,,,
SchoolSecondary BLDG_OCC_SCH_Cafeteria,Occupancy,,Wkdy,41640,41820,Hourly,0,0,0,0,0,0,0,0,0,0.95,0.95,0.95,0.95,0.95,0.95,0.35,0.35,0.35,0.35,0.35,0,0,0,0,From DOE Prototype Buildings,,,,,,,,,,,,,,,,,,,,,,,,,,,,,,,,,,,,,,,,,,,,,,,,,,,,,,,,,,,,,,,,,,,
SchoolSecondary BLDG_OCC_SCH_Cafeteria,Occupancy,,Wknd,41821,41883,Constant,0,,,,,,,,,,,,,,,,,,,,,,,,From DOE Prototype Buildings,,,,,,,,,,,,,,,,,,,,,,,,,,,,,,,,,,,,,,,,,,,,,,,,,,,,,,,,,,,,,,,,,,,
SchoolSecondary BLDG_OCC_SCH_Cafeteria,Occupancy,,Wknd,41640,41820,Constant,0,,,,,,,,,,,,,,,,,,,,,,,,From DOE Prototype Buildings,,,,,,,,,,,,,,,,,,,,,,,,,,,,,,,,,,,,,,,,,,,,,,,,,,,,,,,,,,,,,,,,,,,
SchoolSecondary BLDG_OCC_SCH_Extend,Occupancy,,Default|WntrDsn,41640,42004,Constant,0,,,,,,,,,,,,,,,,,,,,,,,,From DOE Prototype Buildings,,,,,,,,,,,,,,,,,,,,,,,,,,,,,,,,,,,,,,,,,,,,,,,,,,,,,,,,,,,,,,,,,,,
SchoolSecondary BLDG_OCC_SCH_Extend,Occupancy,,SmrDsn,41640,42004,Hourly,0,0,0,0,0,0,0,0,0.5,0.5,0.5,0.5,0.5,0.5,0.5,0.5,0.5,0.5,0.5,0.5,0.5,0,0,0,From DOE Prototype Buildings,,,,,,,,,,,,,,,,,,,,,,,,,,,,,,,,,,,,,,,,,,,,,,,,,,,,,,,,,,,,,,,,,,,
SchoolSecondary BLDG_OCC_SCH_Extend,Occupancy,,Wkdy,41883,42004,Hourly,0,0,0,0,0,0,0,0,0.95,0.95,0.95,0.95,0.95,0.95,0.95,0.95,0.95,0.95,0.95,0.95,0.95,0,0,0,From DOE Prototype Buildings,,,,,,,,,,,,,,,,,,,,,,,,,,,,,,,,,,,,,,,,,,,,,,,,,,,,,,,,,,,,,,,,,,,
SchoolSecondary BLDG_OCC_SCH_Extend,Occupancy,,Wkdy,41821,41883,Hourly,0,0,0,0,0,0,0,0,0.5,0.5,0.5,0.5,0.5,0.5,0.5,0.5,0.5,0.5,0.5,0.5,0.5,0,0,0,From DOE Prototype Buildings,,,,,,,,,,,,,,,,,,,,,,,,,,,,,,,,,,,,,,,,,,,,,,,,,,,,,,,,,,,,,,,,,,,
SchoolSecondary BLDG_OCC_SCH_Extend,Occupancy,,Wkdy,41640,41820,Hourly,0,0,0,0,0,0,0,0,0.95,0.95,0.95,0.95,0.95,0.95,0.95,0.95,0.95,0.95,0.95,0.95,0.95,0,0,0,From DOE Prototype Buildings,,,,,,,,,,,,,,,,,,,,,,,,,,,,,,,,,,,,,,,,,,,,,,,,,,,,,,,,,,,,,,,,,,,
SchoolSecondary BLDG_OCC_SCH_Extend,Occupancy,,Wknd,41821,41883,Constant,0,,,,,,,,,,,,,,,,,,,,,,,,From DOE Prototype Buildings,,,,,,,,,,,,,,,,,,,,,,,,,,,,,,,,,,,,,,,,,,,,,,,,,,,,,,,,,,,,,,,,,,,
SchoolSecondary BLDG_OCC_SCH_Extend,Occupancy,,Wknd,41640,41820,Constant,0,,,,,,,,,,,,,,,,,,,,,,,,From DOE Prototype Buildings,,,,,,,,,,,,,,,,,,,,,,,,,,,,,,,,,,,,,,,,,,,,,,,,,,,,,,,,,,,,,,,,,,,
SchoolSecondary BLDG_OCC_SCH_Gym,Occupancy,,Default|WntrDsn,41640,42004,Constant,0,,,,,,,,,,,,,,,,,,,,,,,,From DOE Prototype Buildings,,,,,,,,,,,,,,,,,,,,,,,,,,,,,,,,,,,,,,,,,,,,,,,,,,,,,,,,,,,,,,,,,,,
SchoolSecondary BLDG_OCC_SCH_Gym,Occupancy,,SmrDsn,41640,42004,Hourly,0,0,0,0,0,0,0,0,0.35,0.35,0.35,0.35,0.35,0.35,0.35,0.35,0.95,0.95,0.95,0.95,0.95,0,0,0,From DOE Prototype Buildings,,,,,,,,,,,,,,,,,,,,,,,,,,,,,,,,,,,,,,,,,,,,,,,,,,,,,,,,,,,,,,,,,,,
SchoolSecondary BLDG_OCC_SCH_Gym,Occupancy,,Wkdy,41883,42004,Hourly,0,0,0,0,0,0,0,0,0.35,0.35,0.35,0.35,0.35,0.35,0.35,0.35,0.95,0.95,0.95,0.95,0.95,0,0,0,From DOE Prototype Buildings,,,,,,,,,,,,,,,,,,,,,,,,,,,,,,,,,,,,,,,,,,,,,,,,,,,,,,,,,,,,,,,,,,,
SchoolSecondary BLDG_OCC_SCH_Gym,Occupancy,,Wkdy,41821,41883,Hourly,0,0,0,0,0,0,0,0,0.35,0.35,0.35,0.35,0.35,0.35,0.35,0.35,0.35,0.35,0.35,0.35,0.35,0,0,0,From DOE Prototype Buildings,,,,,,,,,,,,,,,,,,,,,,,,,,,,,,,,,,,,,,,,,,,,,,,,,,,,,,,,,,,,,,,,,,,
SchoolSecondary BLDG_OCC_SCH_Gym,Occupancy,,Wkdy,41640,41820,Hourly,0,0,0,0,0,0,0,0,0.35,0.35,0.35,0.35,0.35,0.35,0.35,0.35,0.95,0.95,0.95,0.95,0.95,0,0,0,From DOE Prototype Buildings,,,,,,,,,,,,,,,,,,,,,,,,,,,,,,,,,,,,,,,,,,,,,,,,,,,,,,,,,,,,,,,,,,,
SchoolSecondary BLDG_OCC_SCH_Gym,Occupancy,,Wknd,41821,41883,Constant,0,,,,,,,,,,,,,,,,,,,,,,,,From DOE Prototype Buildings,,,,,,,,,,,,,,,,,,,,,,,,,,,,,,,,,,,,,,,,,,,,,,,,,,,,,,,,,,,,,,,,,,,
SchoolSecondary BLDG_OCC_SCH_Gym,Occupancy,,Wknd,41640,41820,Constant,0,,,,,,,,,,,,,,,,,,,,,,,,From DOE Prototype Buildings,,,,,,,,,,,,,,,,,,,,,,,,,,,,,,,,,,,,,,,,,,,,,,,,,,,,,,,,,,,,,,,,,,,
SchoolSecondary BLDG_OCC_SCH_Offices,Occupancy,,Default|WntrDsn,41640,42004,Constant,0,,,,,,,,,,,,,,,,,,,,,,,,From DOE Prototype Buildings,,,,,,,,,,,,,,,,,,,,,,,,,,,,,,,,,,,,,,,,,,,,,,,,,,,,,,,,,,,,,,,,,,,
SchoolSecondary BLDG_OCC_SCH_Offices,Occupancy,,SmrDsn,41640,42004,Hourly,0,0,0,0,0,0,0,0,0.5,0.5,0.5,0.5,0.5,0.5,0.5,0.5,0.5,0.15,0.15,0.15,0.15,0,0,0,From DOE Prototype Buildings,,,,,,,,,,,,,,,,,,,,,,,,,,,,,,,,,,,,,,,,,,,,,,,,,,,,,,,,,,,,,,,,,,,
SchoolSecondary BLDG_OCC_SCH_Offices,Occupancy,,Wkdy,41883,42004,Hourly,0,0,0,0,0,0,0,0,0.95,0.95,0.95,0.95,0.95,0.95,0.95,0.95,0.95,0.15,0.15,0.15,0.15,0,0,0,From DOE Prototype Buildings,,,,,,,,,,,,,,,,,,,,,,,,,,,,,,,,,,,,,,,,,,,,,,,,,,,,,,,,,,,,,,,,,,,
SchoolSecondary BLDG_OCC_SCH_Offices,Occupancy,,Wkdy,41821,41883,Hourly,0,0,0,0,0,0,0,0,0.5,0.5,0.5,0.5,0.5,0.5,0.5,0.5,0.5,0.15,0.15,0.15,0.15,0,0,0,From DOE Prototype Buildings,,,,,,,,,,,,,,,,,,,,,,,,,,,,,,,,,,,,,,,,,,,,,,,,,,,,,,,,,,,,,,,,,,,
SchoolSecondary BLDG_OCC_SCH_Offices,Occupancy,,Wkdy,41640,41820,Hourly,0,0,0,0,0,0,0,0,0.95,0.95,0.95,0.95,0.95,0.95,0.95,0.95,0.95,0.15,0.15,0.15,0.15,0,0,0,From DOE Prototype Buildings,,,,,,,,,,,,,,,,,,,,,,,,,,,,,,,,,,,,,,,,,,,,,,,,,,,,,,,,,,,,,,,,,,,
SchoolSecondary BLDG_OCC_SCH_Offices,Occupancy,,Wknd,41821,41883,Constant,0,,,,,,,,,,,,,,,,,,,,,,,,From DOE Prototype Buildings,,,,,,,,,,,,,,,,,,,,,,,,,,,,,,,,,,,,,,,,,,,,,,,,,,,,,,,,,,,,,,,,,,,
SchoolSecondary BLDG_OCC_SCH_Offices,Occupancy,,Wknd,41640,41820,Constant,0,,,,,,,,,,,,,,,,,,,,,,,,From DOE Prototype Buildings,,,,,,,,,,,,,,,,,,,,,,,,,,,,,,,,,,,,,,,,,,,,,,,,,,,,,,,,,,,,,,,,,,,
SchoolSecondary BLDG_SWH_SCH,Service Water Heating,,Default,41640,42004,Constant,0,,,,,,,,,,,,,,,,,,,,,,,,From DOE Prototype Buildings,,,,,,,,,,,,,,,,,,,,,,,,,,,,,,,,,,,,,,,,,,,,,,,,,,,,,,,,,,,,,,,,,,,
SchoolSecondary BLDG_SWH_SCH,Service Water Heating,,Sat,41898,42004,Constant,0,,,,,,,,,,,,,,,,,,,,,,,,From DOE Prototype Buildings,,,,,,,,,,,,,,,,,,,,,,,,,,,,,,,,,,,,,,,,,,,,,,,,,,,,,,,,,,,,,,,,,,,
SchoolSecondary BLDG_SWH_SCH,Service Water Heating,,SmrDsn,41640,42004,Hourly,0.05,0.05,0.05,0.05,0.05,0.05,0.05,0.1,0.34,0.6,0.63,0.72,0.79,0.83,0.61,0.65,0.1,0.1,0.19,0.25,0.22,0.22,0.12,0.09,From DOE Prototype Buildings,,,,,,,,,,,,,,,,,,,,,,,,,,,,,,,,,,,,,,,,,,,,,,,,,,,,,,,,,,,,,,,,,,,
SchoolSecondary BLDG_SWH_SCH,Service Water Heating,,Sun|Sat,41806,41897,Constant,0,,,,,,,,,,,,,,,,,,,,,,,,From DOE Prototype Buildings,,,,,,,,,,,,,,,,,,,,,,,,,,,,,,,,,,,,,,,,,,,,,,,,,,,,,,,,,,,,,,,,,,,
SchoolSecondary BLDG_SWH_SCH,Service Water Heating,,Sun|Sat,41640,41805,Constant,0,,,,,,,,,,,,,,,,,,,,,,,,From DOE Prototype Buildings,,,,,,,,,,,,,,,,,,,,,,,,,,,,,,,,,,,,,,,,,,,,,,,,,,,,,,,,,,,,,,,,,,,
SchoolSecondary BLDG_SWH_SCH,Service Water Heating,,Wkdy,41898,42004,Hourly,0,0,0,0,0,0,0,0,0.34,0.6,0.63,0.72,0.79,0.83,0.61,0.65,0.1,0.1,0.19,0.25,0,0,0,0,From DOE Prototype Buildings,,,,,,,,,,,,,,,,,,,,,,,,,,,,,,,,,,,,,,,,,,,,,,,,,,,,,,,,,,,,,,,,,,,
SchoolSecondary BLDG_SWH_SCH,Service Water Heating,,Wkdy,41806,41897,Hourly,0,0,0,0,0,0,0,0,0.1,0.1,0.1,0.1,0.1,0.1,0.1,0.1,0.1,0.1,0.19,0.25,0,0,0,0,From DOE Prototype Buildings,,,,,,,,,,,,,,,,,,,,,,,,,,,,,,,,,,,,,,,,,,,,,,,,,,,,,,,,,,,,,,,,,,,
SchoolSecondary BLDG_SWH_SCH,Service Water Heating,,Wkdy,41640,41805,Hourly,0,0,0,0,0,0,0,0,0.34,0.6,0.63,0.72,0.79,0.83,0.61,0.65,0.1,0.1,0.19,0.25,0,0,0,0,From DOE Prototype Buildings,,,,,,,,,,,,,,,,,,,,,,,,,,,,,,,,,,,,,,,,,,,,,,,,,,,,,,,,,,,,,,,,,,,
SchoolSecondary BLDG_SWH_SCH,Service Water Heating,,WntrDsn,41640,42004,Hourly,0.03,0.03,0.03,0.03,0.03,0.03,0.03,0.03,0.03,0.05,0.05,0.05,0.05,0.03,0.03,0.03,0.03,0.03,0.03,0.03,0.03,0.03,0.03,0.03,From DOE Prototype Buildings,,,,,,,,,,,,,,,,,,,,,,,,,,,,,,,,,,,,,,,,,,,,,,,,,,,,,,,,,,,,,,,,,,,
SchoolSecondary Booster Water Inlet Temp Schedule,Unknown,W,Default|WntrDsn|SmrDsn,41640,42004,Constant,60,,,,,,,,,,,,,,,,,,,,,,,,From DOE Prototype Buildings,,,,,,,,,,,,,,,,,,,,,,,,,,,,,,,,,,,,,,,,,,,,,,,,,,,,,,,,,,,,,,,,,,,
SchoolSecondary Booster Water Setpoint Temp Schedule,Unknown,W,Default|WntrDsn|SmrDsn,41640,42004,Constant,82.22,,,,,,,,,,,,,,,,,,,,,,,,From DOE Prototype Buildings,,,,,,,,,,,,,,,,,,,,,,,,,,,,,,,,,,,,,,,,,,,,,,,,,,,,,,,,,,,,,,,,,,,
SchoolSecondary CLGSETP_SCH_NO_OPTIMUM,Thermostat Setpoint,C,Default|WntrDsn,41640,42004,Constant,29.44,,,,,,,,,,,,,,,,,,,,,,,,From DOE Prototype Buildings,,,,,,,,,,,,,,,,,,,,,,,,,,,,,,,,,,,,,,,,,,,,,,,,,,,,,,,,,,,,,,,,,,,
SchoolSecondary CLGSETP_SCH_NO_OPTIMUM,Thermostat Setpoint,C,SmrDsn,41640,42004,Constant,24,,,,,,,,,,,,,,,,,,,,,,,,From DOE Prototype Buildings,,,,,,,,,,,,,,,,,,,,,,,,,,,,,,,,,,,,,,,,,,,,,,,,,,,,,,,,,,,,,,,,,,,
SchoolSecondary CLGSETP_SCH_NO_OPTIMUM,Thermostat Setpoint,C,Wkdy,41640,42004,Hourly,29.44,29.44,29.44,29.44,29.44,29.44,24,24,24,24,24,24,24,24,24,24,24,24,24,24,24,29.44,29.44,29.44,From DOE Prototype Buildings,,,,,,,,,,,,,,,,,,,,,,,,,,,,,,,,,,,,,,,,,,,,,,,,,,,,,,,,,,,,,,,,,,,
SchoolSecondary CLGSETP_SCH_NO_SETBACK,Thermostat Setpoint,C,Default|SmrDsn,41640,42004,Constant,24,,,,,,,,,,,,,,,,,,,,,,,,From DOE Prototype Buildings,,,,,,,,,,,,,,,,,,,,,,,,,,,,,,,,,,,,,,,,,,,,,,,,,,,,,,,,,,,,,,,,,,,
SchoolSecondary CLGSETP_SCH_NO_SETBACK,Thermostat Setpoint,C,WntrDsn,41640,42004,Constant,29.44,,,,,,,,,,,,,,,,,,,,,,,,From DOE Prototype Buildings,,,,,,,,,,,,,,,,,,,,,,,,,,,,,,,,,,,,,,,,,,,,,,,,,,,,,,,,,,,,,,,,,,,
SchoolSecondary CLGSETP_SCH_PSZ_AC,Thermostat Setpoint,C,Default|WntrDsn,41640,42004,Constant,29.44,,,,,,,,,,,,,,,,,,,,,,,,From DOE Prototype Buildings,,,,,,,,,,,,,,,,,,,,,,,,,,,,,,,,,,,,,,,,,,,,,,,,,,,,,,,,,,,,,,,,,,,
SchoolSecondary CLGSETP_SCH_PSZ_AC,Thermostat Setpoint,C,SmrDsn,41640,42004,Constant,24,,,,,,,,,,,,,,,,,,,,,,,,From DOE Prototype Buildings,,,,,,,,,,,,,,,,,,,,,,,,,,,,,,,,,,,,,,,,,,,,,,,,,,,,,,,,,,,,,,,,,,,
SchoolSecondary CLGSETP_SCH_PSZ_AC,Thermostat Setpoint,C,Wkdy,41640,42004,Hourly,29.44,29.44,29.44,29.44,29.44,29.44,24,24,24,24,24,24,24,24,24,24,24,24,24,24,24,29.44,29.44,29.44,From DOE Prototype Buildings,,,,,,,,,,,,,,,,,,,,,,,,,,,,,,,,,,,,,,,,,,,,,,,,,,,,,,,,,,,,,,,,,,,
SchoolSecondary CLGSETP_SCH_Setback,Thermostat Setpoint,C,Default|WntrDsn|Wkdy,41640,42004,Constant,29.44,,,,,,,,,,,,,,,,,,,,,,,,From DOE Prototype Buildings,,,,,,,,,,,,,,,,,,,,,,,,,,,,,,,,,,,,,,,,,,,,,,,,,,,,,,,,,,,,,,,,,,,
SchoolSecondary CLGSETP_SCH_Setback,Thermostat Setpoint,C,SmrDsn,41640,42004,Constant,24,,,,,,,,,,,,,,,,,,,,,,,,From DOE Prototype Buildings,,,,,,,,,,,,,,,,,,,,,,,,,,,,,,,,,,,,,,,,,,,,,,,,,,,,,,,,,,,,,,,,,,,
SchoolSecondary CLGSETP_SCH_YES_OPTIMUM,Thermostat Setpoint,C,Default|WntrDsn,41640,42004,Constant,29.44,,,,,,,,,,,,,,,,,,,,,,,,From DOE Prototype Buildings,,,,,,,,,,,,,,,,,,,,,,,,,,,,,,,,,,,,,,,,,,,,,,,,,,,,,,,,,,,,,,,,,,,
SchoolSecondary CLGSETP_SCH_YES_OPTIMUM,Thermostat Setpoint,C,SmrDsn,41640,42004,Constant,24,,,,,,,,,,,,,,,,,,,,,,,,From DOE Prototype Buildings,,,,,,,,,,,,,,,,,,,,,,,,,,,,,,,,,,,,,,,,,,,,,,,,,,,,,,,,,,,,,,,,,,,
SchoolSecondary CLGSETP_SCH_YES_OPTIMUM,Thermostat Setpoint,C,Wkdy,41640,42004,Hourly,29.44,29.44,29.44,29.44,29.44,29.44,27.8,25.6,24,24,24,24,24,24,24,24,24,24,24,24,24,29.44,29.44,29.44,From DOE Prototype Buildings,,,,,,,,,,,,,,,,,,,,,,,,,,,,,,,,,,,,,,,,,,,,,,,,,,,,,,,,,,,,,,,,,,,
SchoolSecondary CLGSETP_SCH_Yes_Optimum_Original,Thermostat Setpoint,C,Default|WntrDsn,41640,42004,Constant,29.44,,,,,,,,,,,,,,,,,,,,,,,,From DOE Prototype Buildings,,,,,,,,,,,,,,,,,,,,,,,,,,,,,,,,,,,,,,,,,,,,,,,,,,,,,,,,,,,,,,,,,,,
SchoolSecondary CLGSETP_SCH_Yes_Optimum_Original,Thermostat Setpoint,C,SmrDsn,41640,42004,Constant,24,,,,,,,,,,,,,,,,,,,,,,,,From DOE Prototype Buildings,,,,,,,,,,,,,,,,,,,,,,,,,,,,,,,,,,,,,,,,,,,,,,,,,,,,,,,,,,,,,,,,,,,
SchoolSecondary CLGSETP_SCH_Yes_Optimum_Original,Thermostat Setpoint,C,Wkdy,41640,42004,Hourly,29.44,29.44,29.44,29.44,29.44,29.44,27.8,25.6,24,24,24,24,24,24,24,24,24,24,24,24,24,29.44,29.44,29.44,From DOE Prototype Buildings,,,,,,,,,,,,,,,,,,,,,,,,,,,,,,,,,,,,,,,,,,,,,,,,,,,,,,,,,,,,,,,,,,,
SchoolSecondary CLOTHING_SCH,Clothing,W,Default|SmrDsn,41640,42004,Constant,0.6,,,,,,,,,,,,,,,,,,,,,,,,From DOE Prototype Buildings,,,,,,,,,,,,,,,,,,,,,,,,,,,,,,,,,,,,,,,,,,,,,,,,,,,,,,,,,,,,,,,,,,,
SchoolSecondary CLOTHING_SCH,Clothing,W,Wknd|Wkdy,41913,42004,Constant,1.1,,,,,,,,,,,,,,,,,,,,,,,,From DOE Prototype Buildings,,,,,,,,,,,,,,,,,,,,,,,,,,,,,,,,,,,,,,,,,,,,,,,,,,,,,,,,,,,,,,,,,,,
SchoolSecondary CLOTHING_SCH,Clothing,W,Wknd|Wkdy,41640,41759,Constant,1.1,,,,,,,,,,,,,,,,,,,,,,,,From DOE Prototype Buildings,,,,,,,,,,,,,,,,,,,,,,,,,,,,,,,,,,,,,,,,,,,,,,,,,,,,,,,,,,,,,,,,,,,
SchoolSecondary CLOTHING_SCH,Clothing,W,WntrDsn,41640,42004,Constant,1.1,,,,,,,,,,,,,,,,,,,,,,,,From DOE Prototype Buildings,,,,,,,,,,,,,,,,,,,,,,,,,,,,,,,,,,,,,,,,,,,,,,,,,,,,,,,,,,,,,,,,,,,
SchoolSecondary CoolingCoilAvailSched,Unknown,W,Default|WntrDsn|SmrDsn,41640,42004,Constant,1,,,,,,,,,,,,,,,,,,,,,,,,From DOE Prototype Buildings,,,,,,,,,,,,,,,,,,,,,,,,,,,,,,,,,,,,,,,,,,,,,,,,,,,,,,,,,,,,,,,,,,,
SchoolSecondary CW-Loop-Temp-Schedule,Unknown,C,Default|WntrDsn|SmrDsn,41640,42004,Constant,6.7,,,,,,,,,,,,,,,,,,,,,,,,From DOE Prototype Buildings,,,,,,,,,,,,,,,,,,,,,,,,,,,,,,,,,,,,,,,,,,,,,,,,,,,,,,,,,,,,,,,,,,,
SchoolSecondary Dual Zone Control Type Sched,Unknown,,Default|WntrDsn|SmrDsn,41640,42004,Constant,4,,,,,,,,,,,,,,,,,,,,,,,,From DOE Prototype Buildings,,,,,,,,,,,,,,,,,,,,,,,,,,,,,,,,,,,,,,,,,,,,,,,,,,,,,,,,,,,,,,,,,,,
SchoolSecondary ELEV_LIGHT_FAN_SCH_24_7,Lighting,,Default|WntrDsn|SmrDsn,41640,42004,Constant,1,,,,,,,,,,,,,,,,,,,,,,,,From DOE Prototype Buildings,,,,,,,,,,,,,,,,,,,,,,,,,,,,,,,,,,,,,,,,,,,,,,,,,,,,,,,,,,,,,,,,,,,
SchoolSecondary ELEV_LIGHT_FAN_SCH_ADD_DF,Lighting,,Default|WntrDsn,41640,42004,Constant,0,,,,,,,,,,,,,,,,,,,,,,,,From DOE Prototype Buildings,,,,,,,,,,,,,,,,,,,,,,,,,,,,,,,,,,,,,,,,,,,,,,,,,,,,,,,,,,,,,,,,,,,
SchoolSecondary ELEV_LIGHT_FAN_SCH_ADD_DF,Lighting,,SmrDsn,41640,42004,Constant,0.3,,,,,,,,,,,,,,,,,,,,,,,,From DOE Prototype Buildings,,,,,,,,,,,,,,,,,,,,,,,,,,,,,,,,,,,,,,,,,,,,,,,,,,,,,,,,,,,,,,,,,,,
SchoolSecondary ELEV_LIGHT_FAN_SCH_ADD_DF,Lighting,,Wkdy,41640,42004,Hourly,0,0,0,0,0,0,0,0,0.3,0.3,0.3,0.3,0.3,0.3,0.3,0.15,0,0,0,0,0,0,0,0,From DOE Prototype Buildings,,,,,,,,,,,,,,,,,,,,,,,,,,,,,,,,,,,,,,,,,,,,,,,,,,,,,,,,,,,,,,,,,,,
SchoolSecondary Exterior_Lgt_189_1,Unknown,,Default|WntrDsn|SmrDsn,41640,42004,Constant,0.5,,,,,,,,,,,,,,,,,,,,,,,,From DOE Prototype Buildings,,,,,,,,,,,,,,,,,,,,,,,,,,,,,,,,,,,,,,,,,,,,,,,,,,,,,,,,,,,,,,,,,,,
SchoolSecondary Exterior_Lgt_ALWAYS_ON,Unknown,,Default|WntrDsn|SmrDsn,41640,42004,Constant,1,,,,,,,,,,,,,,,,,,,,,,,,From DOE Prototype Buildings,,,,,,,,,,,,,,,,,,,,,,,,,,,,,,,,,,,,,,,,,,,,,,,,,,,,,,,,,,,,,,,,,,,
SchoolSecondary Exterior_lighting_schedule_a,Lighting,,Default|WntrDsn|SmrDsn,41640,42004,Hourly,0,0,0,0,0,0,1,1,1,1,1,1,1,1,1,1,1,1,1,1,1,1,1,1,From DOE Prototype Buildings,,,,,,,,,,,,,,,,,,,,,,,,,,,,,,,,,,,,,,,,,,,,,,,,,,,,,,,,,,,,,,,,,,,
SchoolSecondary Exterior_lighting_schedule_b,Lighting,,Default|WntrDsn|SmrDsn,41640,42004,Hourly,0.7,0.7,0.7,0.7,0.7,0.7,1,1,1,1,1,1,1,1,1,1,1,1,1,1,1,1,1,1,From DOE Prototype Buildings,,,,,,,,,,,,,,,,,,,,,,,,,,,,,,,,,,,,,,,,,,,,,,,,,,,,,,,,,,,,,,,,,,,
SchoolSecondary FAN_SCH,Unknown,W,Default|WntrDsn|SmrDsn,41640,42004,Constant,1,,,,,,,,,,,,,,,,,,,,,,,,From DOE Prototype Buildings,,,,,,,,,,,,,,,,,,,,,,,,,,,,,,,,,,,,,,,,,,,,,,,,,,,,,,,,,,,,,,,,,,,
SchoolSecondary Heating-Supply-Air-Temp-Sch,Unknown,C,Default|WntrDsn|SmrDsn,41640,42004,Constant,16,,,,,,,,,,,,,,,,,,,,,,,,From DOE Prototype Buildings,,,,,,,,,,,,,,,,,,,,,,,,,,,,,,,,,,,,,,,,,,,,,,,,,,,,,,,,,,,,,,,,,,,
SchoolSecondary Hours_of_operation,Operation,,Default,41640,42004,Constant,0,,,,,,,,,,,,,,,,,,,,,,,,From DOE Prototype Buildings,,,,,,,,,,,,,,,,,,,,,,,,,,,,,,,,,,,,,,,,,,,,,,,,,,,,,,,,,,,,,,,,,,,
SchoolSecondary Hours_of_operation,Operation,,WntrDsn|SmrDsn|Wkdy,41640,42004,Hourly,0,0,0,0,0,0,0,1,1,1,1,1,1,1,1,1,1,1,1,1,1,0,0,0,From DOE Prototype Buildings,,,,,,,,,,,,,,,,,,,,,,,,,,,,,,,,,,,,,,,,,,,,,,,,,,,,,,,,,,,,,,,,,,,
SchoolSecondary HTGSETP_SCH_NO_OPTIMUM,Thermostat Setpoint,C,Default|SmrDsn,41640,42004,Constant,15.6,,,,,,,,,,,,,,,,,,,,,,,,From DOE Prototype Buildings,,,,,,,,,,,,,,,,,,,,,,,,,,,,,,,,,,,,,,,,,,,,,,,,,,,,,,,,,,,,,,,,,,,
SchoolSecondary HTGSETP_SCH_NO_OPTIMUM,Thermostat Setpoint,C,Wkdy,41640,42004,Hourly,15.6,15.6,15.6,15.6,15.6,15.6,21,21,21,21,21,21,21,21,21,21,21,21,21,21,21,15.6,15.6,15.6,From DOE Prototype Buildings,,,,,,,,,,,,,,,,,,,,,,,,,,,,,,,,,,,,,,,,,,,,,,,,,,,,,,,,,,,,,,,,,,,
SchoolSecondary HTGSETP_SCH_NO_OPTIMUM,Thermostat Setpoint,C,WntrDsn,41640,42004,Constant,21,,,,,,,,,,,,,,,,,,,,,,,,From DOE Prototype Buildings,,,,,,,,,,,,,,,,,,,,,,,,,,,,,,,,,,,,,,,,,,,,,,,,,,,,,,,,,,,,,,,,,,,
SchoolSecondary HTGSETP_SCH_PSZ_AC,Thermostat Setpoint,C,Default|SmrDsn,41640,42004,Constant,15.6,,,,,,,,,,,,,,,,,,,,,,,,From DOE Prototype Buildings,,,,,,,,,,,,,,,,,,,,,,,,,,,,,,,,,,,,,,,,,,,,,,,,,,,,,,,,,,,,,,,,,,,
SchoolSecondary HTGSETP_SCH_PSZ_AC,Thermostat Setpoint,C,Wkdy,41640,42004,Hourly,15.6,15.6,15.6,15.6,15.6,15.6,21,21,21,21,21,21,21,21,21,21,21,21,21,21,21,15.6,15.6,15.6,From DOE Prototype Buildings,,,,,,,,,,,,,,,,,,,,,,,,,,,,,,,,,,,,,,,,,,,,,,,,,,,,,,,,,,,,,,,,,,,
SchoolSecondary HTGSETP_SCH_PSZ_AC,Thermostat Setpoint,C,WntrDsn,41640,42004,Constant,21,,,,,,,,,,,,,,,,,,,,,,,,From DOE Prototype Buildings,,,,,,,,,,,,,,,,,,,,,,,,,,,,,,,,,,,,,,,,,,,,,,,,,,,,,,,,,,,,,,,,,,,
SchoolSecondary HTGSETP_SCH_Setback,Thermostat Setpoint,C,Default|SmrDsn|Wkdy,41640,42004,Constant,15.6,,,,,,,,,,,,,,,,,,,,,,,,From DOE Prototype Buildings,,,,,,,,,,,,,,,,,,,,,,,,,,,,,,,,,,,,,,,,,,,,,,,,,,,,,,,,,,,,,,,,,,,
SchoolSecondary HTGSETP_SCH_Setback,Thermostat Setpoint,C,WntrDsn,41640,42004,Constant,21,,,,,,,,,,,,,,,,,,,,,,,,From DOE Prototype Buildings,,,,,,,,,,,,,,,,,,,,,,,,,,,,,,,,,,,,,,,,,,,,,,,,,,,,,,,,,,,,,,,,,,,
SchoolSecondary HTGSETP_SCH_YES_OPTIMUM,Thermostat Setpoint,C,Default|SmrDsn,41640,42004,Constant,15.6,,,,,,,,,,,,,,,,,,,,,,,,From DOE Prototype Buildings,,,,,,,,,,,,,,,,,,,,,,,,,,,,,,,,,,,,,,,,,,,,,,,,,,,,,,,,,,,,,,,,,,,
SchoolSecondary HTGSETP_SCH_YES_OPTIMUM,Thermostat Setpoint,C,Wkdy,41640,42004,Hourly,15.6,15.6,15.6,15.6,15.6,15.6,17.8,20,21,21,21,21,21,21,21,21,21,21,21,21,21,15.6,15.6,15.6,From DOE Prototype Buildings,,,,,,,,,,,,,,,,,,,,,,,,,,,,,,,,,,,,,,,,,,,,,,,,,,,,,,,,,,,,,,,,,,,
SchoolSecondary HTGSETP_SCH_YES_OPTIMUM,Thermostat Setpoint,C,WntrDsn,41640,42004,Constant,21,,,,,,,,,,,,,,,,,,,,,,,,From DOE Prototype Buildings,,,,,,,,,,,,,,,,,,,,,,,,,,,,,,,,,,,,,,,,,,,,,,,,,,,,,,,,,,,,,,,,,,,
SchoolSecondary HTGSETP_SCH_Yes_Optimum_Original,Thermostat Setpoint,C,Default|SmrDsn,41640,42004,Constant,15.6,,,,,,,,,,,,,,,,,,,,,,,,From DOE Prototype Buildings,,,,,,,,,,,,,,,,,,,,,,,,,,,,,,,,,,,,,,,,,,,,,,,,,,,,,,,,,,,,,,,,,,,
SchoolSecondary HTGSETP_SCH_Yes_Optimum_Original,Thermostat Setpoint,C,Wkdy,41640,42004,Hourly,15.6,15.6,15.6,15.6,15.6,15.6,17.8,20,21,21,21,21,21,21,21,21,21,21,21,21,21,15.6,15.6,15.6,From DOE Prototype Buildings,,,,,,,,,,,,,,,,,,,,,,,,,,,,,,,,,,,,,,,,,,,,,,,,,,,,,,,,,,,,,,,,,,,
SchoolSecondary HTGSETP_SCH_Yes_Optimum_Original,Thermostat Setpoint,C,WntrDsn,41640,42004,Constant,21,,,,,,,,,,,,,,,,,,,,,,,,From DOE Prototype Buildings,,,,,,,,,,,,,,,,,,,,,,,,,,,,,,,,,,,,,,,,,,,,,,,,,,,,,,,,,,,,,,,,,,,
SchoolSecondary Humidity Setpoint Schedule,Unknown,,Default|WntrDsn|SmrDsn,41640,42004,Constant,65,,,,,,,,,,,,,,,,,,,,,,,,From DOE Prototype Buildings,,,,,,,,,,,,,,,,,,,,,,,,,,,,,,,,,,,,,,,,,,,,,,,,,,,,,,,,,,,,,,,,,,,
SchoolSecondary HVACOperationSchd,Operation,,Default,41640,42004,Constant,0,,,,,,,,,,,,,,,,,,,,,,,,From DOE Prototype Buildings,,,,,,,,,,,,,,,,,,,,,,,,,,,,,,,,,,,,,,,,,,,,,,,,,,,,,,,,,,,,,,,,,,,
SchoolSecondary HVACOperationSchd,Operation,,WntrDsn|SmrDsn|Wkdy,41640,42004,Hourly,0,0,0,0,0,0,0,1,1,1,1,1,1,1,1,1,1,1,1,1,1,0,0,0,From DOE Prototype Buildings,,,,,,,,,,,,,,,,,,,,,,,,,,,,,,,,,,,,,,,,,,,,,,,,,,,,,,,,,,,,,,,,,,,
SchoolSecondary HW-Loop-Temp-Schedule,Unknown,C,Default|WntrDsn|SmrDsn,41640,42004,Constant,82,,,,,,,,,,,,,,,,,,,,,,,,From DOE Prototype Buildings,,,,,,,,,,,,,,,,,,,,,,,,,,,,,,,,,,,,,,,,,,,,,,,,,,,,,,,,,,,,,,,,,,,
SchoolSecondary INFIL_Door_Opening_SCH,Infiltration,,Default|WntrDsn|SmrDsn,41640,42004,Constant,0,,,,,,,,,,,,,,,,,,,,,,,,From DOE Prototype Buildings,,,,,,,,,,,,,,,,,,,,,,,,,,,,,,,,,,,,,,,,,,,,,,,,,,,,,,,,,,,,,,,,,,,
SchoolSecondary INFIL_Door_Opening_SCH,Infiltration,,Wkdy,41640,42004,Hourly,0,0,0,0,0,0,0,1,0.144,0.144,0.144,0.144,0.144,0.144,0.144,1,1,0.144,0.144,0,0,0,0,0,From DOE Prototype Buildings,,,,,,,,,,,,,,,,,,,,,,,,,,,,,,,,,,,,,,,,,,,,,,,,,,,,,,,,,,,,,,,,,,,
SchoolSecondary INFIL_SCH,Infiltration,,Default|WntrDsn|SmrDsn,41640,42004,Hourly,1,1,1,1,1,1,1,0.25,0.25,0.25,0.25,0.25,0.25,0.25,0.25,0.25,0.25,0.25,0.25,0.25,0.25,1,1,1,From DOE Prototype Buildings,,,,,,,,,,,,,,,,,,,,,,,,,,,,,,,,,,,,,,,,,,,,,,,,,,,,,,,,,,,,,,,,,,,
SchoolSecondary INFIL_SCH_PNNL,Infiltration,,Default|WntrDsn,41640,42004,Constant,1,,,,,,,,,,,,,,,,,,,,,,,,From DOE Prototype Buildings,,,,,,,,,,,,,,,,,,,,,,,,,,,,,,,,,,,,,,,,,,,,,,,,,,,,,,,,,,,,,,,,,,,
SchoolSecondary INFIL_SCH_PNNL,Infiltration,,SmrDsn|Wkdy,41640,42004,Hourly,1,1,1,1,1,1,1,0.25,0.25,0.25,0.25,0.25,0.25,0.25,0.25,0.25,0.25,0.25,0.25,0.25,0.25,1,1,1,From DOE Prototype Buildings,,,,,,,,,,,,,,,,,,,,,,,,,,,,,,,,,,,,,,,,,,,,,,,,,,,,,,,,,,,,,,,,,,,
SchoolSecondary Kitchen Exhaust Fan Balanced Exhaust Fraction Schedule,Equipment,,Default,41640,42004,Constant,0,,,,,,,,,,,,,,,,,,,,,,,,From DOE Prototype Buildings,,,,,,,,,,,,,,,,,,,,,,,,,,,,,,,,,,,,,,,,,,,,,,,,,,,,,,,,,,,,,,,,,,,
SchoolSecondary Kitchen Exhaust Fan Balanced Exhaust Fraction Schedule,Equipment,,Wkdy,41883,42004,Hourly,0,0,0,0,0,0,0,0,0.746296296,0.746296296,0.746296296,0.746296296,0.746296296,0.746296296,0.746296296,0.746296296,0.746296296,0.746296296,0.746296296,0.746296296,0.746296296,0,0,0,From DOE Prototype Buildings,,,,,,,,,,,,,,,,,,,,,,,,,,,,,,,,,,,,,,,,,,,,,,,,,,,,,,,,,,,,,,,,,,,
SchoolSecondary Kitchen Exhaust Fan Balanced Exhaust Fraction Schedule,Equipment,,Wkdy,41821,41883,Hourly,0,0,0,0,0,0,0,0,0.746296296,0.746296296,0.746296296,0.746296296,0.746296296,0.746296296,0.746296296,0.746296296,0.746296296,0.746296296,0.746296296,0.746296296,0.746296296,0,0,0,From DOE Prototype Buildings,,,,,,,,,,,,,,,,,,,,,,,,,,,,,,,,,,,,,,,,,,,,,,,,,,,,,,,,,,,,,,,,,,,
SchoolSecondary Kitchen Exhaust Fan Balanced Exhaust Fraction Schedule,Equipment,,Wkdy,41640,41820,Hourly,0,0,0,0,0,0,0,0,0.746296296,0.746296296,0.746296296,0.746296296,0.746296296,0.746296296,0.746296296,0.746296296,0.746296296,0,0,0,0,0,0,0,From DOE Prototype Buildings,,,,,,,,,,,,,,,,,,,,,,,,,,,,,,,,,,,,,,,,,,,,,,,,,,,,,,,,,,,,,,,,,,,
SchoolSecondary Kitchen Exhaust Fan Balanced Exhaust Fraction Schedule,Equipment,,Wknd,41821,41883,Constant,0,,,,,,,,,,,,,,,,,,,,,,,,From DOE Prototype Buildings,,,,,,,,,,,,,,,,,,,,,,,,,,,,,,,,,,,,,,,,,,,,,,,,,,,,,,,,,,,,,,,,,,,
SchoolSecondary Kitchen Exhaust Fan Balanced Exhaust Fraction Schedule,Equipment,,Wknd,41640,41820,Constant,0,,,,,,,,,,,,,,,,,,,,,,,,From DOE Prototype Buildings,,,,,,,,,,,,,,,,,,,,,,,,,,,,,,,,,,,,,,,,,,,,,,,,,,,,,,,,,,,,,,,,,,,
SchoolSecondary Kitchen Exhaust Fan Balanced Exhaust Fraction Schedule,Equipment,,WntrDsn|SmrDsn,41640,42004,Hourly,0,0,0,0,0,0,0,0,0.746296296,0.746296296,0.746296296,0.746296296,0.746296296,0.746296296,0.746296296,0.746296296,0.746296296,0.746296296,0.746296296,0.746296296,0.746296296,0,0,0,From DOE Prototype Buildings,,,,,,,,,,,,,,,,,,,,,,,,,,,,,,,,,,,,,,,,,,,,,,,,,,,,,,,,,,,,,,,,,,,
SchoolSecondary KITCHEN_ELEC_EQUIP_SCH,Equipment,,Default|WntrDsn,41640,42004,Constant,0.1,,,,,,,,,,,,,,,,,,,,,,,,From DOE Prototype Buildings,,,,,,,,,,,,,,,,,,,,,,,,,,,,,,,,,,,,,,,,,,,,,,,,,,,,,,,,,,,,,,,,,,,
SchoolSecondary KITCHEN_ELEC_EQUIP_SCH,Equipment,,SmrDsn,41640,42004,Hourly,0.1,0.1,0.1,0.1,0.1,0.1,0.1,0.1,0.15,0.15,0.25,0.25,0.25,0.15,0.15,0.1,0.1,0.1,0.1,0.1,0.1,0.1,0.1,0.1,From DOE Prototype Buildings,,,,,,,,,,,,,,,,,,,,,,,,,,,,,,,,,,,,,,,,,,,,,,,,,,,,,,,,,,,,,,,,,,,
SchoolSecondary KITCHEN_ELEC_EQUIP_SCH,Equipment,,Wkdy,41883,42004,Hourly,0.1,0.1,0.1,0.1,0.1,0.1,0.1,0.1,0.15,0.15,0.25,0.25,0.25,0.15,0.15,0.1,0.1,0.1,0.1,0.1,0.1,0.1,0.1,0.1,From DOE Prototype Buildings,,,,,,,,,,,,,,,,,,,,,,,,,,,,,,,,,,,,,,,,,,,,,,,,,,,,,,,,,,,,,,,,,,,
SchoolSecondary KITCHEN_ELEC_EQUIP_SCH,Equipment,,Wkdy,41821,41883,Hourly,0.1,0.1,0.1,0.1,0.1,0.1,0.1,0.1,0.15,0.15,0.25,0.25,0.25,0.15,0.15,0.1,0.1,0.1,0.1,0.1,0.1,0.1,0.1,0.1,From DOE Prototype Buildings,,,,,,,,,,,,,,,,,,,,,,,,,,,,,,,,,,,,,,,,,,,,,,,,,,,,,,,,,,,,,,,,,,,
SchoolSecondary KITCHEN_ELEC_EQUIP_SCH,Equipment,,Wkdy,41640,41820,Hourly,0.1,0.1,0.1,0.1,0.1,0.1,0.1,0.1,0.15,0.15,0.25,0.25,0.25,0.15,0.15,0.1,0.1,0.1,0.1,0.1,0.1,0.1,0.1,0.1,From DOE Prototype Buildings,,,,,,,,,,,,,,,,,,,,,,,,,,,,,,,,,,,,,,,,,,,,,,,,,,,,,,,,,,,,,,,,,,,
SchoolSecondary KITCHEN_ELEC_EQUIP_SCH,Equipment,,Wknd,41821,41883,Constant,0.1,,,,,,,,,,,,,,,,,,,,,,,,From DOE Prototype Buildings,,,,,,,,,,,,,,,,,,,,,,,,,,,,,,,,,,,,,,,,,,,,,,,,,,,,,,,,,,,,,,,,,,,
SchoolSecondary KITCHEN_ELEC_EQUIP_SCH,Equipment,,Wknd,41640,41820,Constant,0.1,,,,,,,,,,,,,,,,,,,,,,,,From DOE Prototype Buildings,,,,,,,,,,,,,,,,,,,,,,,,,,,,,,,,,,,,,,,,,,,,,,,,,,,,,,,,,,,,,,,,,,,
SchoolSecondary Kitchen_Exhaust_SCH,Equipment,,Default,41640,42004,Constant,0,,,,,,,,,,,,,,,,,,,,,,,,From DOE Prototype Buildings,,,,,,,,,,,,,,,,,,,,,,,,,,,,,,,,,,,,,,,,,,,,,,,,,,,,,,,,,,,,,,,,,,,
SchoolSecondary Kitchen_Exhaust_SCH,Equipment,,Wkdy,41883,42004,Hourly,0,0,0,0,0,0,0,0,1,1,1,1,1,1,1,1,1,1,1,1,1,0,0,0,From DOE Prototype Buildings,,,,,,,,,,,,,,,,,,,,,,,,,,,,,,,,,,,,,,,,,,,,,,,,,,,,,,,,,,,,,,,,,,,
SchoolSecondary Kitchen_Exhaust_SCH,Equipment,,Wkdy,41821,41883,Hourly,0,0,0,0,0,0,0,0,1,1,1,1,1,1,1,1,1,1,1,1,1,0,0,0,From DOE Prototype Buildings,,,,,,,,,,,,,,,,,,,,,,,,,,,,,,,,,,,,,,,,,,,,,,,,,,,,,,,,,,,,,,,,,,,
SchoolSecondary Kitchen_Exhaust_SCH,Equipment,,Wkdy,41640,41820,Hourly,0,0,0,0,0,0,0,0,1,1,1,1,1,1,1,1,1,0,0,0,0,0,0,0,From DOE Prototype Buildings,,,,,,,,,,,,,,,,,,,,,,,,,,,,,,,,,,,,,,,,,,,,,,,,,,,,,,,,,,,,,,,,,,,
SchoolSecondary Kitchen_Exhaust_SCH,Equipment,,Wknd,41821,41883,Constant,0,,,,,,,,,,,,,,,,,,,,,,,,From DOE Prototype Buildings,,,,,,,,,,,,,,,,,,,,,,,,,,,,,,,,,,,,,,,,,,,,,,,,,,,,,,,,,,,,,,,,,,,
SchoolSecondary Kitchen_Exhaust_SCH,Equipment,,Wknd,41640,41820,Constant,0,,,,,,,,,,,,,,,,,,,,,,,,From DOE Prototype Buildings,,,,,,,,,,,,,,,,,,,,,,,,,,,,,,,,,,,,,,,,,,,,,,,,,,,,,,,,,,,,,,,,,,,
SchoolSecondary Kitchen_Exhaust_SCH,Equipment,,WntrDsn|SmrDsn,41640,42004,Hourly,0,0,0,0,0,0,0,0,1,1,1,1,1,1,1,1,1,1,1,1,1,0,0,0,From DOE Prototype Buildings,,,,,,,,,,,,,,,,,,,,,,,,,,,,,,,,,,,,,,,,,,,,,,,,,,,,,,,,,,,,,,,,,,,
SchoolSecondary Kitchen_Exhaust_SCH_DCV,Equipment,,Default|WntrDsn|SmrDsn,41640,42004,Constant,1,,,,,,,,,,,,,,,,,,,,,,,,From DOE Prototype Buildings,,,,,,,,,,,,,,,,,,,,,,,,,,,,,,,,,,,,,,,,,,,,,,,,,,,,,,,,,,,,,,,,,,,
SchoolSecondary KITCHEN_GAS_EQUIP_SCH,Equipment,,Default|WntrDsn,41640,42004,Constant,0.02,,,,,,,,,,,,,,,,,,,,,,,,From DOE Prototype Buildings,,,,,,,,,,,,,,,,,,,,,,,,,,,,,,,,,,,,,,,,,,,,,,,,,,,,,,,,,,,,,,,,,,,
SchoolSecondary KITCHEN_GAS_EQUIP_SCH,Equipment,,SmrDsn,41640,42004,Hourly,0.02,0.02,0.02,0.02,0.02,0.02,0.02,0.02,0.15,0.15,0.2,0.2,0.2,0.1,0.1,0.02,0.02,0.02,0.02,0.02,0.02,0.02,0.02,0.02,From DOE Prototype Buildings,,,,,,,,,,,,,,,,,,,,,,,,,,,,,,,,,,,,,,,,,,,,,,,,,,,,,,,,,,,,,,,,,,,
SchoolSecondary KITCHEN_GAS_EQUIP_SCH,Equipment,,Wkdy,41883,42004,Hourly,0.02,0.02,0.02,0.02,0.02,0.02,0.02,0.02,0.15,0.15,0.2,0.2,0.2,0.1,0.1,0.02,0.02,0.02,0.02,0.02,0.02,0.02,0.02,0.02,From DOE Prototype Buildings,,,,,,,,,,,,,,,,,,,,,,,,,,,,,,,,,,,,,,,,,,,,,,,,,,,,,,,,,,,,,,,,,,,
SchoolSecondary KITCHEN_GAS_EQUIP_SCH,Equipment,,Wkdy,41821,41883,Hourly,0.02,0.02,0.02,0.02,0.02,0.02,0.02,0.02,0.15,0.15,0.2,0.2,0.2,0.1,0.1,0.02,0.02,0.02,0.02,0.02,0.02,0.02,0.02,0.02,From DOE Prototype Buildings,,,,,,,,,,,,,,,,,,,,,,,,,,,,,,,,,,,,,,,,,,,,,,,,,,,,,,,,,,,,,,,,,,,
SchoolSecondary KITCHEN_GAS_EQUIP_SCH,Equipment,,Wkdy,41640,41820,Hourly,0.02,0.02,0.02,0.02,0.02,0.02,0.02,0.02,0.15,0.15,0.2,0.2,0.2,0.1,0.1,0.02,0.02,0.02,0.02,0.02,0.02,0.02,0.02,0.02,From DOE Prototype Buildings,,,,,,,,,,,,,,,,,,,,,,,,,,,,,,,,,,,,,,,,,,,,,,,,,,,,,,,,,,,,,,,,,,,
SchoolSecondary KITCHEN_GAS_EQUIP_SCH,Equipment,,Wknd,41821,41883,Constant,0.02,,,,,,,,,,,,,,,,,,,,,,,,From DOE Prototype Buildings,,,,,,,,,,,,,,,,,,,,,,,,,,,,,,,,,,,,,,,,,,,,,,,,,,,,,,,,,,,,,,,,,,,
SchoolSecondary KITCHEN_GAS_EQUIP_SCH,Equipment,,Wknd,41640,41820,Constant,0.02,,,,,,,,,,,,,,,,,,,,,,,,From DOE Prototype Buildings,,,,,,,,,,,,,,,,,,,,,,,,,,,,,,,,,,,,,,,,,,,,,,,,,,,,,,,,,,,,,,,,,,,
SchoolSecondary Kitchen_ZN_1_FLR_1 SHW_default Hot Supply Temp Sched,Equipment,C,Default|WntrDsn|SmrDsn,41640,42004,Constant,55,,,,,,,,,,,,,,,,,,,,,,,,From DOE Prototype Buildings,,,,,,,,,,,,,,,,,,,,,,,,,,,,,,,,,,,,,,,,,,,,,,,,,,,,,,,,,,,,,,,,,,,
SchoolSecondary Kitchen_ZN_1_FLR_1 SHW_default Latent fract sched,Equipment,,Default|WntrDsn|SmrDsn,41640,42004,Constant,0.05,,,,,,,,,,,,,,,,,,,,,,,,From DOE Prototype Buildings,,,,,,,,,,,,,,,,,,,,,,,,,,,,,,,,,,,,,,,,,,,,,,,,,,,,,,,,,,,,,,,,,,,
SchoolSecondary Kitchen_ZN_1_FLR_1 SHW_default Sensible fract sched,Equipment,,Default|WntrDsn|SmrDsn,41640,42004,Constant,0.2,,,,,,,,,,,,,,,,,,,,,,,,From DOE Prototype Buildings,,,,,,,,,,,,,,,,,,,,,,,,,,,,,,,,,,,,,,,,,,,,,,,,,,,,,,,,,,,,,,,,,,,
SchoolSecondary Kitchen_ZN_1_FLR_1 SHW_default Temp Sched,Equipment,C,Default|WntrDsn|SmrDsn,41640,42004,Constant,60,,,,,,,,,,,,,,,,,,,,,,,,From DOE Prototype Buildings,,,,,,,,,,,,,,,,,,,,,,,,,,,,,,,,,,,,,,,,,,,,,,,,,,,,,,,,,,,,,,,,,,,
SchoolSecondary Kitchen_ZN_1_FLR_1_Case:1_WALKINFREEZER_WalkInStockingSched,Equipment,W,Default,41640,42004,Hourly,0,0,0,0,725,417,290,0,0,0,0,0,0,0,0,0,0,0,0,0,0,0,0,0,From DOE Prototype Buildings,,,,,,,,,,,,,,,,,,,,,,,,,,,,,,,,,,,,,,,,,,,,,,,,,,,,,,,,,,,,,,,,,,,
SchoolSecondary Kitchen_ZN_1_FLR_1_Case:1_WALKINFREEZER_WalkInStockingSched,Equipment,W,WntrDsn|SmrDsn|Wknd|Mon|Wed|Thu,41640,42004,Hourly,0,0,0,0,125,117,90,0,0,0,0,0,0,0,0,0,0,0,0,125,117,90,0,0,From DOE Prototype Buildings,,,,,,,,,,,,,,,,,,,,,,,,,,,,,,,,,,,,,,,,,,,,,,,,,,,,,,,,,,,,,,,,,,,
SchoolSecondary Kitchen_ZN_1_FLR_1_Case:2_SELFCONTAINEDDISPLAYCASE_CaseStockingSched,Equipment,W,Default|WntrDsn|SmrDsn,41640,42004,Constant,0,,,,,,,,,,,,,,,,,,,,,,,,From DOE Prototype Buildings,,,,,,,,,,,,,,,,,,,,,,,,,,,,,,,,,,,,,,,,,,,,,,,,,,,,,,,,,,,,,,,,,,,
SchoolSecondary MinOA_MotorizedDamper_Sched,OA Air,,Default,41640,42004,Constant,0,,,,,,,,,,,,,,,,,,,,,,,,From DOE Prototype Buildings,,,,,,,,,,,,,,,,,,,,,,,,,,,,,,,,,,,,,,,,,,,,,,,,,,,,,,,,,,,,,,,,,,,
SchoolSecondary MinOA_MotorizedDamper_Sched,OA Air,,WntrDsn|SmrDsn|Wkdy,41640,42004,Hourly,0,0,0,0,0,0,0,0,1,1,1,1,1,1,1,1,1,1,1,1,1,0,0,0,From DOE Prototype Buildings,,,,,,,,,,,,,,,,,,,,,,,,,,,,,,,,,,,,,,,,,,,,,,,,,,,,,,,,,,,,,,,,,,,
SchoolSecondary MinOA_Sched,OA Air,,Default|WntrDsn|SmrDsn|Wkdy,41640,42004,Constant,1,,,,,,,,,,,,,,,,,,,,,,,,From DOE Prototype Buildings,,,,,,,,,,,,,,,,,,,,,,,,,,,,,,,,,,,,,,,,,,,,,,,,,,,,,,,,,,,,,,,,,,,
SchoolSecondary PlantOnSched,Unknown,W,Default|WntrDsn|SmrDsn,41640,42004,Constant,1,,,,,,,,,,,,,,,,,,,,,,,,From DOE Prototype Buildings,,,,,,,,,,,,,,,,,,,,,,,,,,,,,,,,,,,,,,,,,,,,,,,,,,,,,,,,,,,,,,,,,,,
SchoolSecondary ReheatCoilAvailSched,Unknown,W,Default|WntrDsn|SmrDsn,41640,42004,Constant,1,,,,,,,,,,,,,,,,,,,,,,,,From DOE Prototype Buildings,,,,,,,,,,,,,,,,,,,,,,,,,,,,,,,,,,,,,,,,,,,,,,,,,,,,,,,,,,,,,,,,,,,
SchoolSecondary Seasonal-Reset-Supply-Air-Temp-Sch,Unknown,C,Default|WntrDsn|SmrDsn,41640,42004,Constant,13,,,,,,,,,,,,,,,,,,,,,,,,From DOE Prototype Buildings,,,,,,,,,,,,,,,,,,,,,,,,,,,,,,,,,,,,,,,,,,,,,,,,,,,,,,,,,,,,,,,,,,,
SchoolSecondary Seasonal-Reset-Supply-Air-Temp-Sch,Unknown,C,Wknd|Wkdy,41913,42004,Constant,13,,,,,,,,,,,,,,,,,,,,,,,,From DOE Prototype Buildings,,,,,,,,,,,,,,,,,,,,,,,,,,,,,,,,,,,,,,,,,,,,,,,,,,,,,,,,,,,,,,,,,,,
SchoolSecondary Seasonal-Reset-Supply-Air-Temp-Sch,Unknown,C,Wknd|Wkdy,41640,41729,Constant,13,,,,,,,,,,,,,,,,,,,,,,,,From DOE Prototype Buildings,,,,,,,,,,,,,,,,,,,,,,,,,,,,,,,,,,,,,,,,,,,,,,,,,,,,,,,,,,,,,,,,,,,
SchoolSecondary SHADING_SCH,Unknown,W,Default|WntrDsn|SmrDsn,41640,42004,Constant,0,,,,,,,,,,,,,,,,,,,,,,,,From DOE Prototype Buildings,,,,,,,,,,,,,,,,,,,,,,,,,,,,,,,,,,,,,,,,,,,,,,,,,,,,,,,,,,,,,,,,,,,
SchoolSecondary SHWSys1 Water Heater Ambient Temperature Schedule Name,Service Water Heating,C,Default|WntrDsn|SmrDsn,41640,42004,Constant,22,,,,,,,,,,,,,,,,,,,,,,,,From DOE Prototype Buildings,,,,,,,,,,,,,,,,,,,,,,,,,,,,,,,,,,,,,,,,,,,,,,,,,,,,,,,,,,,,,,,,,,,
SchoolSecondary SHWSys1 Water Heater Setpoint Temperature Schedule Name,Service Water Heating,C,Default|WntrDsn|SmrDsn,41640,42004,Constant,60,,,,,,,,,,,,,,,,,,,,,,,,From DOE Prototype Buildings,,,,,,,,,,,,,,,,,,,,,,,,,,,,,,,,,,,,,,,,,,,,,,,,,,,,,,,,,,,,,,,,,,,
SchoolSecondary SHWSys1-Loop-Temp-Schedule,Service Water Heating,C,Default|WntrDsn|SmrDsn,41640,42004,Constant,60,,,,,,,,,,,,,,,,,,,,,,,,From DOE Prototype Buildings,,,,,,,,,,,,,,,,,,,,,,,,,,,,,,,,,,,,,,,,,,,,,,,,,,,,,,,,,,,,,,,,,,,
SchoolSecondary VAV-Supply-Air-Temp-Sch,Unknown,C,Default|WntrDsn|SmrDsn,41640,42004,Constant,12.8,,,,,,,,,,,,,,,,,,,,,,,,From DOE Prototype Buildings,,,,,,,,,,,,,,,,,,,,,,,,,,,,,,,,,,,,,,,,,,,,,,,,,,,,,,,,,,,,,,,,,,,
SchoolSecondary walkin_occ_lght_SCH,Occupancy,,Default,41640,42004,Constant,0.1773,,,,,,,,,,,,,,,,,,,,,,,,From DOE Prototype Buildings,,,,,,,,,,,,,,,,,,,,,,,,,,,,,,,,,,,,,,,,,,,,,,,,,,,,,,,,,,,,,,,,,,,
SchoolSecondary walkin_occ_lght_SCH,Occupancy,,SmrDsn,41640,42004,Constant,1,,,,,,,,,,,,,,,,,,,,,,,,From DOE Prototype Buildings,,,,,,,,,,,,,,,,,,,,,,,,,,,,,,,,,,,,,,,,,,,,,,,,,,,,,,,,,,,,,,,,,,,
SchoolSecondary walkin_occ_lght_SCH,Occupancy,,Wkdy,41883,42004,Hourly,0.1773,0.1773,0.1773,0.1773,0.1773,0.1773,0.1773,0.468,0.468,0.468,0.468,0.468,0.468,0.468,0.468,0.468,0.468,0.468,0.468,0.468,0.468,0.1773,0.1773,0.1773,From DOE Prototype Buildings,,,,,,,,,,,,,,,,,,,,,,,,,,,,,,,,,,,,,,,,,,,,,,,,,,,,,,,,,,,,,,,,,,,
SchoolSecondary walkin_occ_lght_SCH,Occupancy,,Wkdy,41821,41883,Hourly,0.1773,0.1773,0.1773,0.1773,0.1773,0.1773,0.1773,0.1773,0.26,0.26,0.26,0.26,0.26,0.26,0.26,0.26,0.26,0.26,0.26,0.26,0.1773,0.1773,0.1773,0.1773,From DOE Prototype Buildings,,,,,,,,,,,,,,,,,,,,,,,,,,,,,,,,,,,,,,,,,,,,,,,,,,,,,,,,,,,,,,,,,,,
SchoolSecondary walkin_occ_lght_SCH,Occupancy,,Wkdy,41640,41820,Hourly,0.1773,0.1773,0.1773,0.1773,0.1773,0.1773,0.1773,0.468,0.468,0.468,0.468,0.468,0.468,0.468,0.468,0.468,0.468,0.468,0.468,0.468,0.468,0.1773,0.1773,0.1773,From DOE Prototype Buildings,,,,,,,,,,,,,,,,,,,,,,,,,,,,,,,,,,,,,,,,,,,,,,,,,,,,,,,,,,,,,,,,,,,
SchoolSecondary walkin_occ_lght_SCH,Occupancy,,Wknd,41821,41883,Constant,0.1773,,,,,,,,,,,,,,,,,,,,,,,,From DOE Prototype Buildings,,,,,,,,,,,,,,,,,,,,,,,,,,,,,,,,,,,,,,,,,,,,,,,,,,,,,,,,,,,,,,,,,,,
SchoolSecondary walkin_occ_lght_SCH,Occupancy,,Wknd,41640,41820,Constant,0.1773,,,,,,,,,,,,,,,,,,,,,,,,From DOE Prototype Buildings,,,,,,,,,,,,,,,,,,,,,,,,,,,,,,,,,,,,,,,,,,,,,,,,,,,,,,,,,,,,,,,,,,,
SchoolSecondary walkin_occ_lght_SCH,Occupancy,,WntrDsn,41640,42004,Constant,0,,,,,,,,,,,,,,,,,,,,,,,,From DOE Prototype Buildings,,,,,,,,,,,,,,,,,,,,,,,,,,,,,,,,,,,,,,,,,,,,,,,,,,,,,,,,,,,,,,,,,,,
SchoolSecondary WORK_EFF_SCH,Unknown,,Default|WntrDsn|SmrDsn,41640,42004,Constant,0,,,,,,,,,,,,,,,,,,,,,,,,From DOE Prototype Buildings,,,,,,,,,,,,,,,,,,,,,,,,,,,,,,,,,,,,,,,,,,,,,,,,,,,,,,,,,,,,,,,,,,,
SecondarySchool Auditorium Occ,Occupancy,,Default|SmrDsn,41640,42004,Hourly,0,0,0,0,0,0,0,0,0.25,0.25,0.25,0.25,0.25,0.25,0.25,0.95,0.95,0.1,0.1,0.1,0,0,0,0,From DOE Reference Buildings ,,,,,,,,,,,,,,,,,,,,,,,,,,,,,,,,,,,,,,,,,,,,,,,,,,,,,,,,,,,,,,,,,,,
SecondarySchool Auditorium Occ,Occupancy,,Wkdy,41883,42004,Hourly,0,0,0,0,0,0,0,0,0.25,0.25,0.25,0.25,0.25,0.25,0.25,0.95,0.95,0.1,0.1,0.1,0,0,0,0,From DOE Reference Buildings ,,,,,,,,,,,,,,,,,,,,,,,,,,,,,,,,,,,,,,,,,,,,,,,,,,,,,,,,,,,,,,,,,,,
SecondarySchool Auditorium Occ,Occupancy,,Wkdy,41821,41883,Hourly,0,0,0,0,0,0,0,0,0.15,0.15,0.15,0.15,0.15,0.15,0.15,0.15,0.15,0.35,0.35,0,0,0,0,0,From DOE Reference Buildings ,,,,,,,,,,,,,,,,,,,,,,,,,,,,,,,,,,,,,,,,,,,,,,,,,,,,,,,,,,,,,,,,,,,
SecondarySchool Auditorium Occ,Occupancy,,Wknd,41883,42004,Constant,0,,,,,,,,,,,,,,,,,,,,,,,,From DOE Reference Buildings ,,,,,,,,,,,,,,,,,,,,,,,,,,,,,,,,,,,,,,,,,,,,,,,,,,,,,,,,,,,,,,,,,,,
SecondarySchool Auditorium Occ,Occupancy,,Wknd,41821,41883,Constant,0,,,,,,,,,,,,,,,,,,,,,,,,From DOE Reference Buildings ,,,,,,,,,,,,,,,,,,,,,,,,,,,,,,,,,,,,,,,,,,,,,,,,,,,,,,,,,,,,,,,,,,,
SecondarySchool Auditorium Occ,Occupancy,,Wknd,41640,41820,Constant,0,,,,,,,,,,,,,,,,,,,,,,,,From DOE Reference Buildings ,,,,,,,,,,,,,,,,,,,,,,,,,,,,,,,,,,,,,,,,,,,,,,,,,,,,,,,,,,,,,,,,,,,
SecondarySchool Auditorium Occ,Occupancy,,WntrDsn,41640,42004,Constant,0,,,,,,,,,,,,,,,,,,,,,,,,From DOE Reference Buildings ,,,,,,,,,,,,,,,,,,,,,,,,,,,,,,,,,,,,,,,,,,,,,,,,,,,,,,,,,,,,,,,,,,,
SecondarySchool BLDG ELEVATORS,Elevator,,Default|SmrDsn,41640,42004,Hourly,0,0,0,0,0,0,0,0,0.3,0.3,0.3,0.3,0.3,0.3,0.3,0.15,0,0,0,0,0,0,0,0,From DOE Reference Buildings ,,,,,,,,,,,,,,,,,,,,,,,,,,,,,,,,,,,,,,,,,,,,,,,,,,,,,,,,,,,,,,,,,,,
SecondarySchool BLDG ELEVATORS,Elevator,,WntrDsn|Wknd,41640,42004,Constant,0,,,,,,,,,,,,,,,,,,,,,,,,From DOE Reference Buildings ,,,,,,,,,,,,,,,,,,,,,,,,,,,,,,,,,,,,,,,,,,,,,,,,,,,,,,,,,,,,,,,,,,,
SecondarySchool Bldg Equip,Equipment,,Default|SmrDsn,41640,42004,Hourly,0.35,0.35,0.35,0.35,0.35,0.35,0.35,0.35,0.95,0.95,0.95,0.95,0.95,0.95,0.95,0.95,0.95,0.35,0.35,0.35,0.35,0.35,0.35,0.35,From DOE Reference Buildings ,,,,,,,,,,,,,,,,,,,,,,,,,,,,,,,,,,,,,,,,,,,,,,,,,,,,,,,,,,,,,,,,,,,
SecondarySchool Bldg Equip,Equipment,,Wkdy,41883,42004,Hourly,0.35,0.35,0.35,0.35,0.35,0.35,0.35,0.35,0.95,0.95,0.95,0.95,0.95,0.95,0.95,0.95,0.95,0.35,0.35,0.35,0.35,0.35,0.35,0.35,From DOE Reference Buildings ,,,,,,,,,,,,,,,,,,,,,,,,,,,,,,,,,,,,,,,,,,,,,,,,,,,,,,,,,,,,,,,,,,,
SecondarySchool Bldg Equip,Equipment,,Wkdy,41821,41883,Hourly,0.25,0.25,0.25,0.25,0.25,0.25,0.25,0.25,0.5,0.5,0.5,0.5,0.5,0.5,0.5,0.5,0.5,0.25,0.25,0.25,0.25,0.25,0.25,0.25,From DOE Reference Buildings ,,,,,,,,,,,,,,,,,,,,,,,,,,,,,,,,,,,,,,,,,,,,,,,,,,,,,,,,,,,,,,,,,,,
SecondarySchool Bldg Equip,Equipment,,Wknd,41883,42004,Constant,0.35,,,,,,,,,,,,,,,,,,,,,,,,From DOE Reference Buildings ,,,,,,,,,,,,,,,,,,,,,,,,,,,,,,,,,,,,,,,,,,,,,,,,,,,,,,,,,,,,,,,,,,,
SecondarySchool Bldg Equip,Equipment,,Wknd,41821,41883,Constant,0.25,,,,,,,,,,,,,,,,,,,,,,,,From DOE Reference Buildings ,,,,,,,,,,,,,,,,,,,,,,,,,,,,,,,,,,,,,,,,,,,,,,,,,,,,,,,,,,,,,,,,,,,
SecondarySchool Bldg Equip,Equipment,,Wknd,41640,41820,Constant,0.35,,,,,,,,,,,,,,,,,,,,,,,,From DOE Reference Buildings ,,,,,,,,,,,,,,,,,,,,,,,,,,,,,,,,,,,,,,,,,,,,,,,,,,,,,,,,,,,,,,,,,,,
SecondarySchool Bldg Equip,Equipment,,WntrDsn,41640,42004,Constant,0.35,,,,,,,,,,,,,,,,,,,,,,,,From DOE Reference Buildings ,,,,,,,,,,,,,,,,,,,,,,,,,,,,,,,,,,,,,,,,,,,,,,,,,,,,,,,,,,,,,,,,,,,
SecondarySchool Bldg Light,Lighting,,Default|SmrDsn,41640,42004,Hourly,0.1773,0.1773,0.1773,0.1773,0.1773,0.1773,0.1773,0.9,0.9,0.9,0.9,0.9,0.9,0.9,0.9,0.9,0.9,0.9,0.9,0.9,0.9,0.1773,0.1773,0.1773,From DOE Reference Buildings ,,,,,,,,,,,,,,,,,,,,,,,,,,,,,,,,,,,,,,,,,,,,,,,,,,,,,,,,,,,,,,,,,,,
SecondarySchool Bldg Light,Lighting,,Wkdy,41883,42004,Hourly,0.1773,0.1773,0.1773,0.1773,0.1773,0.1773,0.1773,0.9,0.9,0.9,0.9,0.9,0.9,0.9,0.9,0.9,0.9,0.9,0.9,0.9,0.9,0.1773,0.1773,0.1773,From DOE Reference Buildings ,,,,,,,,,,,,,,,,,,,,,,,,,,,,,,,,,,,,,,,,,,,,,,,,,,,,,,,,,,,,,,,,,,,
SecondarySchool Bldg Light,Lighting,,Wkdy,41821,41883,Hourly,0.1773,0.1773,0.1773,0.1773,0.1773,0.1773,0.1773,0.1773,0.5,0.5,0.5,0.5,0.5,0.5,0.5,0.5,0.5,0.5,0.5,0.5,0.1773,0.1773,0.1773,0.1773,From DOE Reference Buildings ,,,,,,,,,,,,,,,,,,,,,,,,,,,,,,,,,,,,,,,,,,,,,,,,,,,,,,,,,,,,,,,,,,,
SecondarySchool Bldg Light,Lighting,,Wknd,41883,42004,Constant,0.1773,,,,,,,,,,,,,,,,,,,,,,,,From DOE Reference Buildings ,,,,,,,,,,,,,,,,,,,,,,,,,,,,,,,,,,,,,,,,,,,,,,,,,,,,,,,,,,,,,,,,,,,
SecondarySchool Bldg Light,Lighting,,Wknd,41821,41883,Constant,0.1773,,,,,,,,,,,,,,,,,,,,,,,,From DOE Reference Buildings ,,,,,,,,,,,,,,,,,,,,,,,,,,,,,,,,,,,,,,,,,,,,,,,,,,,,,,,,,,,,,,,,,,,
SecondarySchool Bldg Light,Lighting,,Wknd,41640,41820,Constant,0.1773,,,,,,,,,,,,,,,,,,,,,,,,From DOE Reference Buildings ,,,,,,,,,,,,,,,,,,,,,,,,,,,,,,,,,,,,,,,,,,,,,,,,,,,,,,,,,,,,,,,,,,,
SecondarySchool Bldg Light,Lighting,,WntrDsn,41640,42004,Constant,0.1773,,,,,,,,,,,,,,,,,,,,,,,,From DOE Reference Buildings ,,,,,,,,,,,,,,,,,,,,,,,,,,,,,,,,,,,,,,,,,,,,,,,,,,,,,,,,,,,,,,,,,,,
SecondarySchool Bldg Occ,Occupancy,,Default|SmrDsn,41640,42004,Hourly,0,0,0,0,0,0,0,0,0.7,0.7,0.7,0.7,0.7,0.7,0.7,0.7,0.15,0.15,0.15,0.15,0.15,0,0,0,From DOE Reference Buildings ,,,,,,,,,,,,,,,,,,,,,,,,,,,,,,,,,,,,,,,,,,,,,,,,,,,,,,,,,,,,,,,,,,,
SecondarySchool Bldg Occ,Occupancy,,Wkdy,41883,42004,Hourly,0,0,0,0,0,0,0,0,0.7,0.7,0.7,0.7,0.7,0.7,0.7,0.7,0.15,0.15,0.15,0.15,0.15,0,0,0,From DOE Reference Buildings ,,,,,,,,,,,,,,,,,,,,,,,,,,,,,,,,,,,,,,,,,,,,,,,,,,,,,,,,,,,,,,,,,,,
SecondarySchool Bldg Occ,Occupancy,,Wkdy,41821,41883,Hourly,0,0,0,0,0,0,0,0,0.15,0.15,0.15,0.15,0.15,0.15,0.15,0.15,0.15,0.15,0.15,0.15,0.15,0,0,0,From DOE Reference Buildings ,,,,,,,,,,,,,,,,,,,,,,,,,,,,,,,,,,,,,,,,,,,,,,,,,,,,,,,,,,,,,,,,,,,
SecondarySchool Bldg Occ,Occupancy,,Wknd,41883,42004,Constant,0,,,,,,,,,,,,,,,,,,,,,,,,From DOE Reference Buildings ,,,,,,,,,,,,,,,,,,,,,,,,,,,,,,,,,,,,,,,,,,,,,,,,,,,,,,,,,,,,,,,,,,,
SecondarySchool Bldg Occ,Occupancy,,Wknd,41821,41883,Constant,0,,,,,,,,,,,,,,,,,,,,,,,,From DOE Reference Buildings ,,,,,,,,,,,,,,,,,,,,,,,,,,,,,,,,,,,,,,,,,,,,,,,,,,,,,,,,,,,,,,,,,,,
SecondarySchool Bldg Occ,Occupancy,,Wknd,41640,41820,Constant,0,,,,,,,,,,,,,,,,,,,,,,,,From DOE Reference Buildings ,,,,,,,,,,,,,,,,,,,,,,,,,,,,,,,,,,,,,,,,,,,,,,,,,,,,,,,,,,,,,,,,,,,
SecondarySchool Bldg Occ,Occupancy,,WntrDsn,41640,42004,Constant,0,,,,,,,,,,,,,,,,,,,,,,,,From DOE Reference Buildings ,,,,,,,,,,,,,,,,,,,,,,,,,,,,,,,,,,,,,,,,,,,,,,,,,,,,,,,,,,,,,,,,,,,
SecondarySchool Cafeteria Bldg Occ,Occupancy,,Default|SmrDsn,41640,42004,Hourly,0,0,0,0,0,0,0,0.15,0.15,0.05,0.05,0.95,0.95,0.15,0.15,0,0,0,0,0,0,0,0,0,From DOE Reference Buildings ,,,,,,,,,,,,,,,,,,,,,,,,,,,,,,,,,,,,,,,,,,,,,,,,,,,,,,,,,,,,,,,,,,,
SecondarySchool Cafeteria Bldg Occ,Occupancy,,Wkdy,41883,42004,Hourly,0,0,0,0,0,0,0,0.15,0.15,0.05,0.05,0.95,0.95,0.15,0.15,0,0,0,0,0,0,0,0,0,From DOE Reference Buildings ,,,,,,,,,,,,,,,,,,,,,,,,,,,,,,,,,,,,,,,,,,,,,,,,,,,,,,,,,,,,,,,,,,,
SecondarySchool Cafeteria Bldg Occ,Occupancy,,Wkdy,41821,41883,Hourly,0,0,0,0,0,0,0,0,0,0.25,0.25,0.25,0.25,0.25,0.25,0,0,0,0,0,0,0,0,0,From DOE Reference Buildings ,,,,,,,,,,,,,,,,,,,,,,,,,,,,,,,,,,,,,,,,,,,,,,,,,,,,,,,,,,,,,,,,,,,
SecondarySchool Cafeteria Bldg Occ,Occupancy,,Wknd,41883,42004,Constant,0,,,,,,,,,,,,,,,,,,,,,,,,From DOE Reference Buildings ,,,,,,,,,,,,,,,,,,,,,,,,,,,,,,,,,,,,,,,,,,,,,,,,,,,,,,,,,,,,,,,,,,,
SecondarySchool Cafeteria Bldg Occ,Occupancy,,Wknd,41821,41883,Constant,0,,,,,,,,,,,,,,,,,,,,,,,,From DOE Reference Buildings ,,,,,,,,,,,,,,,,,,,,,,,,,,,,,,,,,,,,,,,,,,,,,,,,,,,,,,,,,,,,,,,,,,,
SecondarySchool Cafeteria Bldg Occ,Occupancy,,Wknd,41640,41820,Constant,0,,,,,,,,,,,,,,,,,,,,,,,,From DOE Reference Buildings ,,,,,,,,,,,,,,,,,,,,,,,,,,,,,,,,,,,,,,,,,,,,,,,,,,,,,,,,,,,,,,,,,,,
SecondarySchool Cafeteria Bldg Occ,Occupancy,,WntrDsn,41640,42004,Constant,0,,,,,,,,,,,,,,,,,,,,,,,,From DOE Reference Buildings ,,,,,,,,,,,,,,,,,,,,,,,,,,,,,,,,,,,,,,,,,,,,,,,,,,,,,,,,,,,,,,,,,,,
SecondarySchool ClgSetp,Thermostat Setpoint,C,Default,41640,42004,Hourly,27,27,27,27,27,27,24,24,24,24,24,24,24,24,24,24,24,24,24,24,24,27,27,27,From DOE Reference Buildings ,,,,,,,,,,,,,,,,,,,,,,,,,,,,,,,,,,,,,,,,,,,,,,,,,,,,,,,,,,,,,,,,,,,
SecondarySchool ClgSetp,Thermostat Setpoint,C,SmrDsn,41640,42004,Constant,24,,,,,,,,,,,,,,,,,,,,,,,,From DOE Reference Buildings ,,,,,,,,,,,,,,,,,,,,,,,,,,,,,,,,,,,,,,,,,,,,,,,,,,,,,,,,,,,,,,,,,,,
SecondarySchool ClgSetp,Thermostat Setpoint,C,Wknd|Wkdy,41883,42004,Hourly,27,27,27,27,27,27,24,24,24,24,24,24,24,24,24,24,24,24,24,24,24,27,27,27,From DOE Reference Buildings ,,,,,,,,,,,,,,,,,,,,,,,,,,,,,,,,,,,,,,,,,,,,,,,,,,,,,,,,,,,,,,,,,,,
SecondarySchool ClgSetp,Thermostat Setpoint,C,Wknd|Wkdy,41821,41883,Hourly,27,27,27,27,27,27,27,24,24,24,24,24,24,24,24,24,24,24,27,27,27,27,27,27,From DOE Reference Buildings ,,,,,,,,,,,,,,,,,,,,,,,,,,,,,,,,,,,,,,,,,,,,,,,,,,,,,,,,,,,,,,,,,,,
SecondarySchool ClgSetp,Thermostat Setpoint,C,WntrDsn,41640,42004,Constant,27,,,,,,,,,,,,,,,,,,,,,,,,From DOE Reference Buildings ,,,,,,,,,,,,,,,,,,,,,,,,,,,,,,,,,,,,,,,,,,,,,,,,,,,,,,,,,,,,,,,,,,,
SecondarySchool ClgSetp BathCorrMechKitchen,Thermostat Setpoint,C,Default|WntrDsn,41640,42004,Constant,27,,,,,,,,,,,,,,,,,,,,,,,,From DOE Reference Buildings ,,,,,,,,,,,,,,,,,,,,,,,,,,,,,,,,,,,,,,,,,,,,,,,,,,,,,,,,,,,,,,,,,,,
SecondarySchool ClgSetp BathCorrMechKitchen,Thermostat Setpoint,C,SmrDsn,41640,42004,Hourly,27,27,27,27,27,27,24,24,24,24,24,24,24,24,24,24,24,24,24,24,24,27,27,27,From DOE Reference Buildings ,,,,,,,,,,,,,,,,,,,,,,,,,,,,,,,,,,,,,,,,,,,,,,,,,,,,,,,,,,,,,,,,,,,
SecondarySchool Clothing,Clothing,,Default|WntrDsn,41640,42004,Constant,1.1,,,,,,,,,,,,,,,,,,,,,,,,From DOE Reference Buildings ,,,,,,,,,,,,,,,,,,,,,,,,,,,,,,,,,,,,,,,,,,,,,,,,,,,,,,,,,,,,,,,,,,,
SecondarySchool Clothing,Clothing,,SmrDsn,41640,42004,Constant,0.6,,,,,,,,,,,,,,,,,,,,,,,,From DOE Reference Buildings ,,,,,,,,,,,,,,,,,,,,,,,,,,,,,,,,,,,,,,,,,,,,,,,,,,,,,,,,,,,,,,,,,,,
SecondarySchool Clothing,Clothing,,Wknd|Wkdy,41913,42004,Constant,1.1,,,,,,,,,,,,,,,,,,,,,,,,From DOE Reference Buildings ,,,,,,,,,,,,,,,,,,,,,,,,,,,,,,,,,,,,,,,,,,,,,,,,,,,,,,,,,,,,,,,,,,,
SecondarySchool Clothing,Clothing,,Wknd|Wkdy,41760,41912,Constant,0.6,,,,,,,,,,,,,,,,,,,,,,,,From DOE Reference Buildings ,,,,,,,,,,,,,,,,,,,,,,,,,,,,,,,,,,,,,,,,,,,,,,,,,,,,,,,,,,,,,,,,,,,
SecondarySchool Extend Bldg Occ,Occupancy,,Default|SmrDsn,41640,42004,Hourly,0,0,0,0,0,0,0,0,0.7,0.7,0.7,0.7,0.7,0.7,0.7,0.7,0.7,0.7,0.7,0.7,0.7,0,0,0,From DOE Reference Buildings ,,,,,,,,,,,,,,,,,,,,,,,,,,,,,,,,,,,,,,,,,,,,,,,,,,,,,,,,,,,,,,,,,,,
SecondarySchool Extend Bldg Occ,Occupancy,,Wkdy,41883,42004,Hourly,0,0,0,0,0,0,0,0,0.7,0.7,0.7,0.7,0.7,0.7,0.7,0.7,0.7,0.7,0.7,0.7,0.7,0,0,0,From DOE Reference Buildings ,,,,,,,,,,,,,,,,,,,,,,,,,,,,,,,,,,,,,,,,,,,,,,,,,,,,,,,,,,,,,,,,,,,
SecondarySchool Extend Bldg Occ,Occupancy,,Wkdy,41821,41883,Hourly,0,0,0,0,0,0,0,0,0.5,0.5,0.5,0.5,0.5,0.5,0.5,0.5,0.5,0.5,0.5,0.5,0.5,0,0,0,From DOE Reference Buildings ,,,,,,,,,,,,,,,,,,,,,,,,,,,,,,,,,,,,,,,,,,,,,,,,,,,,,,,,,,,,,,,,,,,
SecondarySchool Extend Bldg Occ,Occupancy,,Wknd,41883,42004,Constant,0,,,,,,,,,,,,,,,,,,,,,,,,From DOE Reference Buildings ,,,,,,,,,,,,,,,,,,,,,,,,,,,,,,,,,,,,,,,,,,,,,,,,,,,,,,,,,,,,,,,,,,,
SecondarySchool Extend Bldg Occ,Occupancy,,Wknd,41821,41883,Constant,0,,,,,,,,,,,,,,,,,,,,,,,,From DOE Reference Buildings ,,,,,,,,,,,,,,,,,,,,,,,,,,,,,,,,,,,,,,,,,,,,,,,,,,,,,,,,,,,,,,,,,,,
SecondarySchool Extend Bldg Occ,Occupancy,,Wknd,41640,41820,Constant,0,,,,,,,,,,,,,,,,,,,,,,,,From DOE Reference Buildings ,,,,,,,,,,,,,,,,,,,,,,,,,,,,,,,,,,,,,,,,,,,,,,,,,,,,,,,,,,,,,,,,,,,
SecondarySchool Extend Bldg Occ,Occupancy,,WntrDsn,41640,42004,Constant,0,,,,,,,,,,,,,,,,,,,,,,,,From DOE Reference Buildings ,,,,,,,,,,,,,,,,,,,,,,,,,,,,,,,,,,,,,,,,,,,,,,,,,,,,,,,,,,,,,,,,,,,
SecondarySchool Exterior Lights,Lighting,Dimensionless,Default|WntrDsn|SmrDsn,41640,42004,Hourly,0,0,0,0,0,0,0,1,1,1,1,1,1,1,1,1,1,1,1,1,1,1,1,1,,,,,,,,,,,,,,,,,,,,,,,,,,,,,,,,,,,,,,,,,,,,,,,,,,,,,,,,,,,,,,,,,,,,
SecondarySchool Exterior Lights Always On,Lighting,Dimensionless,Default|WntrDsn|SmrDsn,41640,42004,Constant,1,,,,,,,,,,,,,,,,,,,,,,,,,,,,,,,,,,,,,,,,,,,,,,,,,,,,,,,,,,,,,,,,,,,,,,,,,,,,,,,,,,,,,,,,,,,
SecondarySchool Gym Occ,Occupancy,,Default|SmrDsn,41640,42004,Hourly,0,0,0,0,0,0,0,0,0.35,0.35,0.35,0.35,0.35,0.35,0.35,0.35,0.95,0.95,0.95,0.95,0.95,0,0,0,From DOE Reference Buildings ,,,,,,,,,,,,,,,,,,,,,,,,,,,,,,,,,,,,,,,,,,,,,,,,,,,,,,,,,,,,,,,,,,,
SecondarySchool Gym Occ,Occupancy,,Wkdy,41883,42004,Hourly,0,0,0,0,0,0,0,0,0.35,0.35,0.35,0.35,0.35,0.35,0.35,0.35,0.95,0.95,0.95,0.95,0.95,0,0,0,From DOE Reference Buildings ,,,,,,,,,,,,,,,,,,,,,,,,,,,,,,,,,,,,,,,,,,,,,,,,,,,,,,,,,,,,,,,,,,,
SecondarySchool Gym Occ,Occupancy,,Wkdy,41821,41883,Hourly,0,0,0,0,0,0,0,0,0.35,0.35,0.35,0.35,0.35,0.35,0.35,0.35,0.35,0.35,0.35,0.35,0.35,0,0,0,From DOE Reference Buildings ,,,,,,,,,,,,,,,,,,,,,,,,,,,,,,,,,,,,,,,,,,,,,,,,,,,,,,,,,,,,,,,,,,,
SecondarySchool Gym Occ,Occupancy,,Wknd,41883,42004,Constant,0,,,,,,,,,,,,,,,,,,,,,,,,From DOE Reference Buildings ,,,,,,,,,,,,,,,,,,,,,,,,,,,,,,,,,,,,,,,,,,,,,,,,,,,,,,,,,,,,,,,,,,,
SecondarySchool Gym Occ,Occupancy,,Wknd,41821,41883,Constant,0,,,,,,,,,,,,,,,,,,,,,,,,From DOE Reference Buildings ,,,,,,,,,,,,,,,,,,,,,,,,,,,,,,,,,,,,,,,,,,,,,,,,,,,,,,,,,,,,,,,,,,,
SecondarySchool Gym Occ,Occupancy,,Wknd,41640,41820,Constant,0,,,,,,,,,,,,,,,,,,,,,,,,From DOE Reference Buildings ,,,,,,,,,,,,,,,,,,,,,,,,,,,,,,,,,,,,,,,,,,,,,,,,,,,,,,,,,,,,,,,,,,,
SecondarySchool Gym Occ,Occupancy,,WntrDsn,41640,42004,Constant,0,,,,,,,,,,,,,,,,,,,,,,,,From DOE Reference Buildings ,,,,,,,,,,,,,,,,,,,,,,,,,,,,,,,,,,,,,,,,,,,,,,,,,,,,,,,,,,,,,,,,,,,
SecondarySchool HtgSetp,Thermostat Setpoint,C,Default,41640,42004,Hourly,16,16,16,16,16,16,21,21,21,21,21,21,21,21,21,21,21,21,21,21,21,16,16,16,From DOE Reference Buildings ,,,,,,,,,,,,,,,,,,,,,,,,,,,,,,,,,,,,,,,,,,,,,,,,,,,,,,,,,,,,,,,,,,,
SecondarySchool HtgSetp,Thermostat Setpoint,C,SmrDsn,41640,42004,Constant,16,,,,,,,,,,,,,,,,,,,,,,,,From DOE Reference Buildings ,,,,,,,,,,,,,,,,,,,,,,,,,,,,,,,,,,,,,,,,,,,,,,,,,,,,,,,,,,,,,,,,,,,
SecondarySchool HtgSetp,Thermostat Setpoint,C,Wknd|Wkdy,41883,42004,Hourly,16,16,16,16,16,16,21,21,21,21,21,21,21,21,21,21,21,21,21,21,21,16,16,16,From DOE Reference Buildings ,,,,,,,,,,,,,,,,,,,,,,,,,,,,,,,,,,,,,,,,,,,,,,,,,,,,,,,,,,,,,,,,,,,
SecondarySchool HtgSetp,Thermostat Setpoint,C,Wknd|Wkdy,41821,41883,Hourly,16,16,16,16,16,16,16,21,21,21,21,21,21,21,21,21,21,21,16,16,16,16,16,16,From DOE Reference Buildings ,,,,,,,,,,,,,,,,,,,,,,,,,,,,,,,,,,,,,,,,,,,,,,,,,,,,,,,,,,,,,,,,,,,
SecondarySchool HtgSetp,Thermostat Setpoint,C,WntrDsn,41640,42004,Constant,21,,,,,,,,,,,,,,,,,,,,,,,,From DOE Reference Buildings ,,,,,,,,,,,,,,,,,,,,,,,,,,,,,,,,,,,,,,,,,,,,,,,,,,,,,,,,,,,,,,,,,,,
SecondarySchool HtgSetp BathCorrMechKitchen,Thermostat Setpoint,C,Default|SmrDsn,41640,42004,Constant,16,,,,,,,,,,,,,,,,,,,,,,,,From DOE Reference Buildings ,,,,,,,,,,,,,,,,,,,,,,,,,,,,,,,,,,,,,,,,,,,,,,,,,,,,,,,,,,,,,,,,,,,
SecondarySchool HtgSetp BathCorrMechKitchen,Thermostat Setpoint,C,WntrDsn,41640,42004,Hourly,16,16,16,16,16,16,21,21,21,21,21,21,21,21,21,21,21,21,21,21,21,16,16,16,From DOE Reference Buildings ,,,,,,,,,,,,,,,,,,,,,,,,,,,,,,,,,,,,,,,,,,,,,,,,,,,,,,,,,,,,,,,,,,,
SecondarySchool Infil,Infiltration,,Default|WntrDsn|SmrDsn,41640,42004,Hourly,1,1,1,1,1,1,1,0.5,0.5,0.5,0.5,0.5,0.5,0.5,0.5,0.5,0.5,0.5,0.5,0.5,0.5,1,1,1,From DOE Reference Buildings ,,,,,,,,,,,,,,,,,,,,,,,,,,,,,,,,,,,,,,,,,,,,,,,,,,,,,,,,,,,,,,,,,,,
SecondarySchool Kitchen Equip,Equipment,,Default|SmrDsn,41640,42004,Hourly,0.1,0.1,0.1,0.1,0.1,0.1,0.1,0.1,0.15,0.15,0.25,0.25,0.25,0.15,0.15,0.1,0.1,0.1,0.1,0.1,0.1,0.1,0.1,0.1,From DOE Reference Buildings ,,,,,,,,,,,,,,,,,,,,,,,,,,,,,,,,,,,,,,,,,,,,,,,,,,,,,,,,,,,,,,,,,,,
SecondarySchool Kitchen Equip,Equipment,,Wkdy,41883,42004,Hourly,0.1,0.1,0.1,0.1,0.1,0.1,0.1,0.1,0.15,0.15,0.25,0.25,0.25,0.15,0.15,0.1,0.1,0.1,0.1,0.1,0.1,0.1,0.1,0.1,From DOE Reference Buildings ,,,,,,,,,,,,,,,,,,,,,,,,,,,,,,,,,,,,,,,,,,,,,,,,,,,,,,,,,,,,,,,,,,,
SecondarySchool Kitchen Equip,Equipment,,Wkdy,41821,41883,Hourly,0.1,0.1,0.1,0.1,0.1,0.1,0.1,0.1,0.13,0.13,0.2,0.2,0.2,0.13,0.13,0.1,0.1,0.1,0.1,0.1,0.1,0.1,0.1,0.1,From DOE Reference Buildings ,,,,,,,,,,,,,,,,,,,,,,,,,,,,,,,,,,,,,,,,,,,,,,,,,,,,,,,,,,,,,,,,,,,
SecondarySchool Kitchen Equip,Equipment,,Wknd,41883,42004,Constant,0.1,,,,,,,,,,,,,,,,,,,,,,,,From DOE Reference Buildings ,,,,,,,,,,,,,,,,,,,,,,,,,,,,,,,,,,,,,,,,,,,,,,,,,,,,,,,,,,,,,,,,,,,
SecondarySchool Kitchen Equip,Equipment,,Wknd,41821,41883,Constant,0.1,,,,,,,,,,,,,,,,,,,,,,,,From DOE Reference Buildings ,,,,,,,,,,,,,,,,,,,,,,,,,,,,,,,,,,,,,,,,,,,,,,,,,,,,,,,,,,,,,,,,,,,
SecondarySchool Kitchen Equip,Equipment,,Wknd,41640,41820,Constant,0.1,,,,,,,,,,,,,,,,,,,,,,,,From DOE Reference Buildings ,,,,,,,,,,,,,,,,,,,,,,,,,,,,,,,,,,,,,,,,,,,,,,,,,,,,,,,,,,,,,,,,,,,
SecondarySchool Kitchen Equip,Equipment,,WntrDsn,41640,42004,Constant,0.1,,,,,,,,,,,,,,,,,,,,,,,,From DOE Reference Buildings ,,,,,,,,,,,,,,,,,,,,,,,,,,,,,,,,,,,,,,,,,,,,,,,,,,,,,,,,,,,,,,,,,,,
SecondarySchool Kitchen Exhaust,Equipment,,Default|SmrDsn,41640,42004,Hourly,0,0,0,0,0,0,1,1,1,1,1,1,1,1,1,1,1,1,1,1,1,0,0,0,From DOE Reference Buildings ,,,,,,,,,,,,,,,,,,,,,,,,,,,,,,,,,,,,,,,,,,,,,,,,,,,,,,,,,,,,,,,,,,,
SecondarySchool Kitchen Exhaust,Equipment,,WntrDsn|Wknd,41640,42004,Constant,0,,,,,,,,,,,,,,,,,,,,,,,,From DOE Reference Buildings ,,,,,,,,,,,,,,,,,,,,,,,,,,,,,,,,,,,,,,,,,,,,,,,,,,,,,,,,,,,,,,,,,,,
SecondarySchool Kitchen Gas,Equipment,,Default|SmrDsn,41640,42004,Hourly,0.02,0.02,0.02,0.02,0.02,0.02,0.02,0.02,0.15,0.15,0.2,0.2,0.2,0.1,0.1,0.02,0.02,0.02,0.02,0.02,0.02,0.02,0.02,0.02,From DOE Reference Buildings ,,,,,,,,,,,,,,,,,,,,,,,,,,,,,,,,,,,,,,,,,,,,,,,,,,,,,,,,,,,,,,,,,,,
SecondarySchool Kitchen Gas,Equipment,,Wkdy,41883,42004,Hourly,0.02,0.02,0.02,0.02,0.02,0.02,0.02,0.02,0.15,0.15,0.2,0.2,0.2,0.1,0.1,0.02,0.02,0.02,0.02,0.02,0.02,0.02,0.02,0.02,From DOE Reference Buildings ,,,,,,,,,,,,,,,,,,,,,,,,,,,,,,,,,,,,,,,,,,,,,,,,,,,,,,,,,,,,,,,,,,,
SecondarySchool Kitchen Gas,Equipment,,Wkdy,41821,41883,Hourly,0.02,0.02,0.02,0.02,0.02,0.02,0.02,0.02,0.1,0.1,0.15,0.15,0.15,0.1,0.1,0.02,0.02,0.02,0.02,0.02,0.02,0.02,0.02,0.02,From DOE Reference Buildings ,,,,,,,,,,,,,,,,,,,,,,,,,,,,,,,,,,,,,,,,,,,,,,,,,,,,,,,,,,,,,,,,,,,
SecondarySchool Kitchen Gas,Equipment,,Wknd,41883,42004,Constant,0.02,,,,,,,,,,,,,,,,,,,,,,,,From DOE Reference Buildings ,,,,,,,,,,,,,,,,,,,,,,,,,,,,,,,,,,,,,,,,,,,,,,,,,,,,,,,,,,,,,,,,,,,
SecondarySchool Kitchen Gas,Equipment,,Wknd,41821,41883,Constant,0.02,,,,,,,,,,,,,,,,,,,,,,,,From DOE Reference Buildings ,,,,,,,,,,,,,,,,,,,,,,,,,,,,,,,,,,,,,,,,,,,,,,,,,,,,,,,,,,,,,,,,,,,
SecondarySchool Kitchen Gas,Equipment,,Wknd,41640,41820,Constant,0.02,,,,,,,,,,,,,,,,,,,,,,,,From DOE Reference Buildings ,,,,,,,,,,,,,,,,,,,,,,,,,,,,,,,,,,,,,,,,,,,,,,,,,,,,,,,,,,,,,,,,,,,
SecondarySchool Kitchen Gas,Equipment,,WntrDsn,41640,42004,Constant,0.02,,,,,,,,,,,,,,,,,,,,,,,,From DOE Reference Buildings ,,,,,,,,,,,,,,,,,,,,,,,,,,,,,,,,,,,,,,,,,,,,,,,,,,,,,,,,,,,,,,,,,,,
SecondarySchool Office Occ,Occupancy,,Default|SmrDsn,41640,42004,Hourly,0,0,0,0,0,0,0,0,0.95,0.95,0.95,0.95,0.95,0.95,0.95,0.95,0.95,0.15,0.15,0.15,0.15,0,0,0,From DOE Reference Buildings ,,,,,,,,,,,,,,,,,,,,,,,,,,,,,,,,,,,,,,,,,,,,,,,,,,,,,,,,,,,,,,,,,,,
SecondarySchool Office Occ,Occupancy,,Wkdy,41883,42004,Hourly,0,0,0,0,0,0,0,0,0.95,0.95,0.95,0.95,0.95,0.95,0.95,0.95,0.95,0.15,0.15,0.15,0.15,0,0,0,From DOE Reference Buildings ,,,,,,,,,,,,,,,,,,,,,,,,,,,,,,,,,,,,,,,,,,,,,,,,,,,,,,,,,,,,,,,,,,,
SecondarySchool Office Occ,Occupancy,,Wkdy,41821,41883,Hourly,0,0,0,0,0,0,0,0,0.5,0.5,0.5,0.5,0.5,0.5,0.5,0.5,0.5,0,0,0,0,0,0,0,From DOE Reference Buildings ,,,,,,,,,,,,,,,,,,,,,,,,,,,,,,,,,,,,,,,,,,,,,,,,,,,,,,,,,,,,,,,,,,,
SecondarySchool Office Occ,Occupancy,,Wknd,41883,42004,Constant,0,,,,,,,,,,,,,,,,,,,,,,,,From DOE Reference Buildings ,,,,,,,,,,,,,,,,,,,,,,,,,,,,,,,,,,,,,,,,,,,,,,,,,,,,,,,,,,,,,,,,,,,
SecondarySchool Office Occ,Occupancy,,Wknd,41821,41883,Constant,0,,,,,,,,,,,,,,,,,,,,,,,,From DOE Reference Buildings ,,,,,,,,,,,,,,,,,,,,,,,,,,,,,,,,,,,,,,,,,,,,,,,,,,,,,,,,,,,,,,,,,,,
SecondarySchool Office Occ,Occupancy,,Wknd,41640,41820,Constant,0,,,,,,,,,,,,,,,,,,,,,,,,From DOE Reference Buildings ,,,,,,,,,,,,,,,,,,,,,,,,,,,,,,,,,,,,,,,,,,,,,,,,,,,,,,,,,,,,,,,,,,,
SecondarySchool Office Occ,Occupancy,,WntrDsn,41640,42004,Constant,0,,,,,,,,,,,,,,,,,,,,,,,,From DOE Reference Buildings ,,,,,,,,,,,,,,,,,,,,,,,,,,,,,,,,,,,,,,,,,,,,,,,,,,,,,,,,,,,,,,,,,,,
SecondarySchool PSZ-AC OA Damper,Operation,Dimensionless,Default|SmrDsn,41640,42004,Hourly,0,0,0,0,0,0,1,1,1,1,1,1,1,1,1,1,1,1,1,0,0,0,0,0,,,,,,,,,,,,,,,,,,,,,,,,,,,,,,,,,,,,,,,,,,,,,,,,,,,,,,,,,,,,,,,,,,,,
SecondarySchool PSZ-AC OA Damper,Operation,Dimensionless,Sat|WntrDsn,41640,42004,Hourly,0,0,0,0,0,0,1,1,1,1,1,1,1,1,1,1,1,1,1,0,0,0,0,0,,,,,,,,,,,,,,,,,,,,,,,,,,,,,,,,,,,,,,,,,,,,,,,,,,,,,,,,,,,,,,,,,,,,
SecondarySchool PSZ-AC OA Damper,Operation,Dimensionless,Sun,41640,42004,Constant,0,,,,,,,,,,,,,,,,,,,,,,,,,,,,,,,,,,,,,,,,,,,,,,,,,,,,,,,,,,,,,,,,,,,,,,,,,,,,,,,,,,,,,,,,,,,
SecondarySchool PSZ-AC Operation,Operation,Dimensionless,Default|SmrDsn,41640,42004,Hourly,0,0,0,0,0,0,1,1,1,1,1,1,1,1,1,1,1,1,1,0,0,0,0,0,,,,,,,,,,,,,,,,,,,,,,,,,,,,,,,,,,,,,,,,,,,,,,,,,,,,,,,,,,,,,,,,,,,,
SecondarySchool PSZ-AC Operation,Operation,Dimensionless,Sat|WntrDsn,41640,42004,Hourly,0,0,0,0,0,0,1,1,1,1,1,1,1,1,1,1,1,1,1,0,0,0,0,0,,,,,,,,,,,,,,,,,,,,,,,,,,,,,,,,,,,,,,,,,,,,,,,,,,,,,,,,,,,,,,,,,,,,
SecondarySchool PSZ-AC Operation,Operation,Dimensionless,Sun,41640,42004,Constant,0,,,,,,,,,,,,,,,,,,,,,,,,,,,,,,,,,,,,,,,,,,,,,,,,,,,,,,,,,,,,,,,,,,,,,,,,,,,,,,,,,,,,,,,,,,,
SecondarySchool VAV OA Damper,Operation,Dimensionless,Default|SmrDsn,41640,42004,Hourly,0,0,0,0,0,0,1,1,1,1,1,1,1,1,1,1,1,1,1,1,1,1,0,0,,,,,,,,,,,,,,,,,,,,,,,,,,,,,,,,,,,,,,,,,,,,,,,,,,,,,,,,,,,,,,,,,,,,
SecondarySchool VAV OA Damper,Operation,Dimensionless,Sat|Sun|WntrDsn,41640,42004,Constant,0,,,,,,,,,,,,,,,,,,,,,,,,,,,,,,,,,,,,,,,,,,,,,,,,,,,,,,,,,,,,,,,,,,,,,,,,,,,,,,,,,,,,,,,,,,,
SecondarySchool VAV Operation,Operation,Dimensionless,Default|SmrDsn,41640,42004,Hourly,0,0,0,0,0,0,1,1,1,1,1,1,1,1,1,1,1,1,1,1,1,1,0,0,,,,,,,,,,,,,,,,,,,,,,,,,,,,,,,,,,,,,,,,,,,,,,,,,,,,,,,,,,,,,,,,,,,,
SecondarySchool VAV Operation,Operation,Dimensionless,Sat|WntrDsn,41640,42004,Hourly,0,0,0,0,0,0,1,1,1,1,1,1,1,1,1,1,1,1,0,0,0,0,0,0,,,,,,,,,,,,,,,,,,,,,,,,,,,,,,,,,,,,,,,,,,,,,,,,,,,,,,,,,,,,,,,,,,,,
SecondarySchool VAV Operation,Operation,Dimensionless,Sun,41640,42004,Constant,0,,,,,,,,,,,,,,,,,,,,,,,,,,,,,,,,,,,,,,,,,,,,,,,,,,,,,,,,,,,,,,,,,,,,,,,,,,,,,,,,,,,,,,,,,,,
SecondarySchool Work Eff,Unknown,,Default|WntrDsn|SmrDsn,41640,42004,Constant,0,,,,,,,,,,,,,,,,,,,,,,,,From DOE Reference Buildings ,,,,,,,,,,,,,,,,,,,,,,,,,,,,,,,,,,,,,,,,,,,,,,,,,,,,,,,,,,,,,,,,,,,
Small Office Bldg Equip,Equipment,,Default,41640,42004,Hourly,0.4,0.4,0.4,0.4,0.4,0.4,0.4,0.4,0.9,0.9,0.9,0.9,0.8,0.9,0.9,0.9,0.9,0.5,0.4,0.4,0.4,0.4,0.4,0.4,From DOE Reference Buildings ,,,,,,,,,,,,,,,,,,,,,,,,,,,,,,,,,,,,,,,,,,,,,,,,,,,,,,,,,,,,,,,,,,,
Small Office Bldg Equip,Equipment,,Sat,41640,42004,Hourly,0.3,0.3,0.3,0.3,0.3,0.3,0.4,0.4,0.5,0.5,0.5,0.5,0.35,0.35,0.35,0.35,0.35,0.3,0.3,0.3,0.3,0.3,0.3,0.3,From DOE Reference Buildings ,,,,,,,,,,,,,,,,,,,,,,,,,,,,,,,,,,,,,,,,,,,,,,,,,,,,,,,,,,,,,,,,,,,
Small Office Bldg Equip,Equipment,,SmrDsn,41640,42004,Constant,1,,,,,,,,,,,,,,,,,,,,,,,,From DOE Reference Buildings ,,,,,,,,,,,,,,,,,,,,,,,,,,,,,,,,,,,,,,,,,,,,,,,,,,,,,,,,,,,,,,,,,,,
Small Office Bldg Equip,Equipment,,Sun,41640,42004,Constant,0.3,,,,,,,,,,,,,,,,,,,,,,,,From DOE Reference Buildings ,,,,,,,,,,,,,,,,,,,,,,,,,,,,,,,,,,,,,,,,,,,,,,,,,,,,,,,,,,,,,,,,,,,
Small Office Bldg Equip,Equipment,,WntrDsn,41640,42004,Constant,0,,,,,,,,,,,,,,,,,,,,,,,,From DOE Reference Buildings ,,,,,,,,,,,,,,,,,,,,,,,,,,,,,,,,,,,,,,,,,,,,,,,,,,,,,,,,,,,,,,,,,,,
Small Office Bldg Light,Lighting,,Default,41640,42004,Hourly,0.05,0.05,0.05,0.05,0.05,0.1,0.1,0.3,0.9,0.9,0.9,0.9,0.9,0.9,0.9,0.9,0.9,0.5,0.3,0.3,0.2,0.2,0.1,0.05,From DOE Reference Buildings ,,,,,,,,,,,,,,,,,,,,,,,,,,,,,,,,,,,,,,,,,,,,,,,,,,,,,,,,,,,,,,,,,,,
Small Office Bldg Light,Lighting,,Sat,41640,42004,Hourly,0.05,0.05,0.05,0.05,0.05,0.05,0.1,0.1,0.3,0.3,0.3,0.3,0.15,0.15,0.15,0.15,0.15,0.05,0.05,0.05,0.05,0.05,0.05,0.05,From DOE Reference Buildings ,,,,,,,,,,,,,,,,,,,,,,,,,,,,,,,,,,,,,,,,,,,,,,,,,,,,,,,,,,,,,,,,,,,
Small Office Bldg Light,Lighting,,SmrDsn,41640,42004,Constant,1,,,,,,,,,,,,,,,,,,,,,,,,From DOE Reference Buildings ,,,,,,,,,,,,,,,,,,,,,,,,,,,,,,,,,,,,,,,,,,,,,,,,,,,,,,,,,,,,,,,,,,,
Small Office Bldg Light,Lighting,,Sun,41640,42004,Constant,0.05,,,,,,,,,,,,,,,,,,,,,,,,From DOE Reference Buildings ,,,,,,,,,,,,,,,,,,,,,,,,,,,,,,,,,,,,,,,,,,,,,,,,,,,,,,,,,,,,,,,,,,,
Small Office Bldg Light,Lighting,,WntrDsn,41640,42004,Constant,0,,,,,,,,,,,,,,,,,,,,,,,,From DOE Reference Buildings ,,,,,,,,,,,,,,,,,,,,,,,,,,,,,,,,,,,,,,,,,,,,,,,,,,,,,,,,,,,,,,,,,,,
Small Office Bldg Occ,Occupancy,,Default,41640,42004,Hourly,0,0,0,0,0,0,0.1,0.2,0.95,0.95,0.95,0.95,0.5,0.95,0.95,0.95,0.95,0.3,0.1,0.1,0.05,0.05,0.05,0.05,From DOE Reference Buildings ,,,,,,,,,,,,,,,,,,,,,,,,,,,,,,,,,,,,,,,,,,,,,,,,,,,,,,,,,,,,,,,,,,,
Small Office Bldg Occ,Occupancy,,Sat,41640,42004,Hourly,0,0,0,0,0,0,0.1,0.1,0.3,0.3,0.3,0.3,0.1,0.1,0.1,0.1,0.1,0,0,0,0,0,0,0,From DOE Reference Buildings ,,,,,,,,,,,,,,,,,,,,,,,,,,,,,,,,,,,,,,,,,,,,,,,,,,,,,,,,,,,,,,,,,,,
Small Office Bldg Occ,Occupancy,,SmrDsn,41640,42004,Hourly,0,0,0,0,0,0,1,1,1,1,1,1,1,1,1,1,1,1,1,1,1,1,0.05,0.05,From DOE Reference Buildings ,,,,,,,,,,,,,,,,,,,,,,,,,,,,,,,,,,,,,,,,,,,,,,,,,,,,,,,,,,,,,,,,,,,
Small Office Bldg Occ,Occupancy,,WntrDsn|Sun,41640,42004,Constant,0,,,,,,,,,,,,,,,,,,,,,,,,From DOE Reference Buildings ,,,,,,,,,,,,,,,,,,,,,,,,,,,,,,,,,,,,,,,,,,,,,,,,,,,,,,,,,,,,,,,,,,,
Small Office ClgSetp,Thermostat Setpoint,C,Default|SmrDsn,41640,42004,Hourly,26.7,26.7,26.7,26.7,26.7,26.7,24,24,24,24,24,24,24,24,24,24,24,24,24,24,24,24,26.7,26.7,From DOE Reference Buildings ,,,,,,,,,,,,,,,,,,,,,,,,,,,,,,,,,,,,,,,,,,,,,,,,,,,,,,,,,,,,,,,,,,,
Small Office ClgSetp,Thermostat Setpoint,C,Sat,41640,42004,Hourly,26.7,26.7,26.7,26.7,26.7,26.7,24,24,24,24,24,24,24,24,24,24,24,24,26.7,26.7,26.7,26.7,26.7,26.7,From DOE Reference Buildings ,,,,,,,,,,,,,,,,,,,,,,,,,,,,,,,,,,,,,,,,,,,,,,,,,,,,,,,,,,,,,,,,,,,
Small Office ClgSetp,Thermostat Setpoint,C,WntrDsn|Sun,41640,42004,Constant,26.7,,,,,,,,,,,,,,,,,,,,,,,,From DOE Reference Buildings ,,,,,,,,,,,,,,,,,,,,,,,,,,,,,,,,,,,,,,,,,,,,,,,,,,,,,,,,,,,,,,,,,,,
Small Office Clothing,Clothing,,Default|WntrDsn,41640,42004,Constant,1,,,,,,,,,,,,,,,,,,,,,,,,From DOE Reference Buildings ,,,,,,,,,,,,,,,,,,,,,,,,,,,,,,,,,,,,,,,,,,,,,,,,,,,,,,,,,,,,,,,,,,,
Small Office Clothing,Clothing,,SmrDsn,41640,42004,Constant,0.5,,,,,,,,,,,,,,,,,,,,,,,,From DOE Reference Buildings ,,,,,,,,,,,,,,,,,,,,,,,,,,,,,,,,,,,,,,,,,,,,,,,,,,,,,,,,,,,,,,,,,,,
Small Office Clothing,Clothing,,Wknd|Wkdy,41913,42004,Constant,1,,,,,,,,,,,,,,,,,,,,,,,,From DOE Reference Buildings ,,,,,,,,,,,,,,,,,,,,,,,,,,,,,,,,,,,,,,,,,,,,,,,,,,,,,,,,,,,,,,,,,,,
Small Office Clothing,Clothing,,Wknd|Wkdy,41760,41912,Constant,0.5,,,,,,,,,,,,,,,,,,,,,,,,From DOE Reference Buildings ,,,,,,,,,,,,,,,,,,,,,,,,,,,,,,,,,,,,,,,,,,,,,,,,,,,,,,,,,,,,,,,,,,,
Small Office HtgSetp,Thermostat Setpoint,C,Default,41640,42004,Hourly,15.6,15.6,15.6,15.6,15.6,15.6,21,21,21,21,21,21,21,21,21,21,21,21,21,21,21,21,15.6,15.6,From DOE Reference Buildings ,,,,,,,,,,,,,,,,,,,,,,,,,,,,,,,,,,,,,,,,,,,,,,,,,,,,,,,,,,,,,,,,,,,
Small Office HtgSetp,Thermostat Setpoint,C,Sat,41640,42004,Hourly,15.6,15.6,15.6,15.6,15.6,15.6,21,21,21,21,21,21,21,21,21,21,21,21,15.6,15.6,15.6,15.6,15.6,15.6,From DOE Reference Buildings ,,,,,,,,,,,,,,,,,,,,,,,,,,,,,,,,,,,,,,,,,,,,,,,,,,,,,,,,,,,,,,,,,,,
Small Office HtgSetp,Thermostat Setpoint,C,SmrDsn|Sun,41640,42004,Constant,15.6,,,,,,,,,,,,,,,,,,,,,,,,From DOE Reference Buildings ,,,,,,,,,,,,,,,,,,,,,,,,,,,,,,,,,,,,,,,,,,,,,,,,,,,,,,,,,,,,,,,,,,,
Small Office HtgSetp,Thermostat Setpoint,C,WntrDsn,41640,42004,Constant,21,,,,,,,,,,,,,,,,,,,,,,,,From DOE Reference Buildings ,,,,,,,,,,,,,,,,,,,,,,,,,,,,,,,,,,,,,,,,,,,,,,,,,,,,,,,,,,,,,,,,,,,
Small Office Infil Quarter On,Infiltration,,Default|SmrDsn,41640,42004,Hourly,1,1,1,1,1,1,0.25,0.25,0.25,0.25,0.25,0.25,0.25,0.25,0.25,0.25,0.25,0.25,0.25,0.25,0.25,0.25,1,1,From DOE Reference Buildings ,,,,,,,,,,,,,,,,,,,,,,,,,,,,,,,,,,,,,,,,,,,,,,,,,,,,,,,,,,,,,,,,,,,
Small Office Infil Quarter On,Infiltration,,Sun,41640,42004,Constant,1,,,,,,,,,,,,,,,,,,,,,,,,From DOE Reference Buildings ,,,,,,,,,,,,,,,,,,,,,,,,,,,,,,,,,,,,,,,,,,,,,,,,,,,,,,,,,,,,,,,,,,,
Small Office Infil Quarter On,Infiltration,,WntrDsn|Sat,41640,42004,Hourly,1,1,1,1,1,1,0.25,0.25,0.25,0.25,0.25,0.25,0.25,0.25,0.25,0.25,0.25,0.25,1,1,1,1,1,1,From DOE Reference Buildings ,,,,,,,,,,,,,,,,,,,,,,,,,,,,,,,,,,,,,,,,,,,,,,,,,,,,,,,,,,,,,,,,,,,
Small Office Work Eff,Unknown,,Default|WntrDsn|SmrDsn,41640,42004,Constant,0,,,,,,,,,,,,,,,,,,,,,,,,From DOE Reference Buildings ,,,,,,,,,,,,,,,,,,,,,,,,,,,,,,,,,,,,,,,,,,,,,,,,,,,,,,,,,,,,,,,,,,,
SmallHotel BLDG ELEVATORS,Elevator,,Default|WntrDsn|SmrDsn,41640,42004,Hourly,0.05,0.05,0.05,0.05,0.1,0.2,0.4,0.5,0.5,0.35,0.15,0.15,0.15,0.15,0.15,0.15,0.35,0.5,0.5,0.4,0.4,0.3,0.2,0.1,From DOE Reference Buildings ,,,,,,,,,,,,,,,,,,,,,,,,,,,,,,,,,,,,,,,,,,,,,,,,,,,,,,,,,,,,,,,,,,,
SmallHotel Bldg Equip,Equipment,,Default,41640,42004,Hourly,0.3,0.25,0.2,0.2,0.2,0.3,0.5,0.6,0.5,0.5,0.35,0.35,0.35,0.35,0.35,0.35,0.35,0.35,0.7,0.9,0.95,0.9,0.7,0.4,From DOE Reference Buildings ,,,,,,,,,,,,,,,,,,,,,,,,,,,,,,,,,,,,,,,,,,,,,,,,,,,,,,,,,,,,,,,,,,,
SmallHotel Bldg Equip,Equipment,,Sat,41640,42004,Hourly,0.3,0.3,0.2,0.2,0.2,0.2,0.4,0.4,0.5,0.5,0.4,0.35,0.35,0.35,0.35,0.35,0.35,0.35,0.7,0.8,0.8,0.8,0.7,0.4,From DOE Reference Buildings ,,,,,,,,,,,,,,,,,,,,,,,,,,,,,,,,,,,,,,,,,,,,,,,,,,,,,,,,,,,,,,,,,,,
SmallHotel Bldg Equip,Equipment,,SmrDsn,41640,42004,Constant,1,,,,,,,,,,,,,,,,,,,,,,,,From DOE Reference Buildings ,,,,,,,,,,,,,,,,,,,,,,,,,,,,,,,,,,,,,,,,,,,,,,,,,,,,,,,,,,,,,,,,,,,
SmallHotel Bldg Equip,Equipment,,Sun,41640,42004,Hourly,0.4,0.4,0.3,0.3,0.3,0.3,0.4,0.5,0.5,0.4,0.4,0.4,0.4,0.3,0.3,0.3,0.3,0.3,0.6,0.8,0.9,0.7,0.6,0.4,From DOE Reference Buildings ,,,,,,,,,,,,,,,,,,,,,,,,,,,,,,,,,,,,,,,,,,,,,,,,,,,,,,,,,,,,,,,,,,,
SmallHotel Bldg Equip,Equipment,,WntrDsn,41640,42004,Constant,0,,,,,,,,,,,,,,,,,,,,,,,,From DOE Reference Buildings ,,,,,,,,,,,,,,,,,,,,,,,,,,,,,,,,,,,,,,,,,,,,,,,,,,,,,,,,,,,,,,,,,,,
SmallHotel Bldg Light,Lighting,,Default,41640,42004,Hourly,0.2,0.15,0.1,0.1,0.1,0.2,0.4,0.5,0.4,0.4,0.25,0.25,0.25,0.25,0.25,0.25,0.25,0.25,0.6,0.8,0.9,0.8,0.6,0.3,From DOE Reference Buildings ,,,,,,,,,,,,,,,,,,,,,,,,,,,,,,,,,,,,,,,,,,,,,,,,,,,,,,,,,,,,,,,,,,,
SmallHotel Bldg Light,Lighting,,Sat,41640,42004,Hourly,0.2,0.2,0.1,0.1,0.1,0.1,0.3,0.3,0.4,0.4,0.3,0.25,0.25,0.25,0.25,0.25,0.25,0.25,0.6,0.7,0.7,0.7,0.6,0.3,From DOE Reference Buildings ,,,,,,,,,,,,,,,,,,,,,,,,,,,,,,,,,,,,,,,,,,,,,,,,,,,,,,,,,,,,,,,,,,,
SmallHotel Bldg Light,Lighting,,SmrDsn,41640,42004,Constant,1,,,,,,,,,,,,,,,,,,,,,,,,From DOE Reference Buildings ,,,,,,,,,,,,,,,,,,,,,,,,,,,,,,,,,,,,,,,,,,,,,,,,,,,,,,,,,,,,,,,,,,,
SmallHotel Bldg Light,Lighting,,Sun,41640,42004,Hourly,0.3,0.3,0.2,0.2,0.2,0.2,0.3,0.4,0.4,0.3,0.3,0.3,0.3,0.2,0.2,0.2,0.2,0.2,0.5,0.7,0.8,0.6,0.5,0.3,From DOE Reference Buildings ,,,,,,,,,,,,,,,,,,,,,,,,,,,,,,,,,,,,,,,,,,,,,,,,,,,,,,,,,,,,,,,,,,,
SmallHotel Bldg Light,Lighting,,WntrDsn,41640,42004,Constant,0,,,,,,,,,,,,,,,,,,,,,,,,From DOE Reference Buildings ,,,,,,,,,,,,,,,,,,,,,,,,,,,,,,,,,,,,,,,,,,,,,,,,,,,,,,,,,,,,,,,,,,,
SmallHotel Bldg Occ,Occupancy,,Default,41640,42004,Hourly,0.9,0.9,0.9,0.9,0.9,0.9,0.7,0.4,0.4,0.2,0.2,0.2,0.2,0.2,0.2,0.3,0.5,0.5,0.5,0.7,0.7,0.8,0.9,0.9,From DOE Reference Buildings ,,,,,,,,,,,,,,,,,,,,,,,,,,,,,,,,,,,,,,,,,,,,,,,,,,,,,,,,,,,,,,,,,,,
SmallHotel Bldg Occ,Occupancy,,Sat,41640,42004,Hourly,0.9,0.9,0.9,0.9,0.9,0.9,0.7,0.5,0.5,0.3,0.3,0.3,0.3,0.3,0.3,0.3,0.3,0.5,0.6,0.6,0.6,0.7,0.7,0.7,From DOE Reference Buildings ,,,,,,,,,,,,,,,,,,,,,,,,,,,,,,,,,,,,,,,,,,,,,,,,,,,,,,,,,,,,,,,,,,,
SmallHotel Bldg Occ,Occupancy,,SmrDsn,41640,42004,Constant,1,,,,,,,,,,,,,,,,,,,,,,,,From DOE Reference Buildings ,,,,,,,,,,,,,,,,,,,,,,,,,,,,,,,,,,,,,,,,,,,,,,,,,,,,,,,,,,,,,,,,,,,
SmallHotel Bldg Occ,Occupancy,,Sun,41640,42004,Hourly,0.7,0.7,0.7,0.7,0.7,0.7,0.7,0.7,0.5,0.5,0.5,0.3,0.3,0.2,0.2,0.2,0.3,0.4,0.4,0.6,0.6,0.8,0.8,0.8,From DOE Reference Buildings ,,,,,,,,,,,,,,,,,,,,,,,,,,,,,,,,,,,,,,,,,,,,,,,,,,,,,,,,,,,,,,,,,,,
SmallHotel Bldg Occ,Occupancy,,WntrDsn,41640,42004,Constant,0,,,,,,,,,,,,,,,,,,,,,,,,From DOE Reference Buildings ,,,,,,,,,,,,,,,,,,,,,,,,,,,,,,,,,,,,,,,,,,,,,,,,,,,,,,,,,,,,,,,,,,,
SmallHotel ClgSetp,Thermostat Setpoint,C,Default|WntrDsn|SmrDsn,41640,42004,Constant,24,,,,,,,,,,,,,,,,,,,,,,,,From DOE Reference Buildings ,,,,,,,,,,,,,,,,,,,,,,,,,,,,,,,,,,,,,,,,,,,,,,,,,,,,,,,,,,,,,,,,,,,
SmallHotel Clothing,Clothing,,Default|WntrDsn,41640,42004,Constant,1,,,,,,,,,,,,,,,,,,,,,,,,From DOE Reference Buildings ,,,,,,,,,,,,,,,,,,,,,,,,,,,,,,,,,,,,,,,,,,,,,,,,,,,,,,,,,,,,,,,,,,,
SmallHotel Clothing,Clothing,,SmrDsn,41640,42004,Constant,0.5,,,,,,,,,,,,,,,,,,,,,,,,From DOE Reference Buildings ,,,,,,,,,,,,,,,,,,,,,,,,,,,,,,,,,,,,,,,,,,,,,,,,,,,,,,,,,,,,,,,,,,,
SmallHotel Clothing,Clothing,,Wknd|Wkdy,41913,42004,Constant,1,,,,,,,,,,,,,,,,,,,,,,,,From DOE Reference Buildings ,,,,,,,,,,,,,,,,,,,,,,,,,,,,,,,,,,,,,,,,,,,,,,,,,,,,,,,,,,,,,,,,,,,
SmallHotel Clothing,Clothing,,Wknd|Wkdy,41760,41912,Constant,0.5,,,,,,,,,,,,,,,,,,,,,,,,From DOE Reference Buildings ,,,,,,,,,,,,,,,,,,,,,,,,,,,,,,,,,,,,,,,,,,,,,,,,,,,,,,,,,,,,,,,,,,,
SmallHotel Corridor Light,Lighting,,Default|WntrDsn|SmrDsn,41640,42004,Constant,1,,,,,,,,,,,,,,,,,,,,,,,,From DOE Reference Buildings ,,,,,,,,,,,,,,,,,,,,,,,,,,,,,,,,,,,,,,,,,,,,,,,,,,,,,,,,,,,,,,,,,,,
SmallHotel Exercise Equip,Equipment,,Default|WntrDsn|SmrDsn,41640,42004,Hourly,0,0,0,0,0,0,0.5,1,1,0.5,0.5,0.5,0,0.5,0.5,0.5,1,0.5,0.5,1,1,0.5,0.5,0,From DOE Reference Buildings ,,,,,,,,,,,,,,,,,,,,,,,,,,,,,,,,,,,,,,,,,,,,,,,,,,,,,,,,,,,,,,,,,,,
SmallHotel Exercise Light,Lighting,,Default|WntrDsn|SmrDsn,41640,42004,Hourly,0,0,0,0,0,0,0.5,1,1,1,1,1,1,1,1,1,1,1,1,1,1,1,0.5,0,From DOE Reference Buildings ,,,,,,,,,,,,,,,,,,,,,,,,,,,,,,,,,,,,,,,,,,,,,,,,,,,,,,,,,,,,,,,,,,,
SmallHotel Exercise Occ,Occupancy,,Default|WntrDsn|SmrDsn,41640,42004,Hourly,0,0,0,0,0,0,0.5,1,1,1,1,0.5,0,1,1,1,1,1,1,1,1,1,0.5,0,From DOE Reference Buildings ,,,,,,,,,,,,,,,,,,,,,,,,,,,,,,,,,,,,,,,,,,,,,,,,,,,,,,,,,,,,,,,,,,,
SmallHotel Exterior Lights,Lighting,Dimensionless,Default|WntrDsn|SmrDsn,41640,42004,Constant,1,,,,,,,,,,,,,,,,,,,,,,,,,,,,,,,,,,,,,,,,,,,,,,,,,,,,,,,,,,,,,,,,,,,,,,,,,,,,,,,,,,,,,,,,,,,
SmallHotel GuestRoom Equip,Equipment,,Default,41640,42004,Hourly,0.2,0.2,0.2,0.2,0.2,0.2,0.62,0.9,0.43,0.43,0.26,0.26,0.26,0.26,0.26,0.26,0.26,0.51,0.51,0.49,0.66,0.7,0.35,0.2,From DOE Reference Buildings ,,,,,,,,,,,,,,,,,,,,,,,,,,,,,,,,,,,,,,,,,,,,,,,,,,,,,,,,,,,,,,,,,,,
SmallHotel GuestRoom Equip,Equipment,,SmrDsn,41640,42004,Constant,1,,,,,,,,,,,,,,,,,,,,,,,,From DOE Reference Buildings ,,,,,,,,,,,,,,,,,,,,,,,,,,,,,,,,,,,,,,,,,,,,,,,,,,,,,,,,,,,,,,,,,,,
SmallHotel GuestRoom Equip,Equipment,,Wknd,41640,42004,Hourly,0.2,0.2,0.2,0.2,0.2,0.2,0.3,0.62,0.9,0.62,0.29,0.29,0.29,0.29,0.29,0.29,0.29,0.43,0.51,0.49,0.66,0.7,0.35,0.2,From DOE Reference Buildings ,,,,,,,,,,,,,,,,,,,,,,,,,,,,,,,,,,,,,,,,,,,,,,,,,,,,,,,,,,,,,,,,,,,
SmallHotel GuestRoom Equip,Equipment,,WntrDsn,41640,42004,Constant,0,,,,,,,,,,,,,,,,,,,,,,,,From DOE Reference Buildings ,,,,,,,,,,,,,,,,,,,,,,,,,,,,,,,,,,,,,,,,,,,,,,,,,,,,,,,,,,,,,,,,,,,
SmallHotel GuestRoom Light,Lighting,,Default,41640,42004,Hourly,0.22,0.17,0.11,0.11,0.11,0.22,0.44,0.56,0.44,0.44,0.28,0.28,0.28,0.28,0.28,0.28,0.28,0.28,0.67,0.89,1,0.89,0.67,0.33,From DOE Reference Buildings ,,,,,,,,,,,,,,,,,,,,,,,,,,,,,,,,,,,,,,,,,,,,,,,,,,,,,,,,,,,,,,,,,,,
SmallHotel GuestRoom Light,Lighting,,SmrDsn,41640,42004,Constant,1,,,,,,,,,,,,,,,,,,,,,,,,From DOE Reference Buildings ,,,,,,,,,,,,,,,,,,,,,,,,,,,,,,,,,,,,,,,,,,,,,,,,,,,,,,,,,,,,,,,,,,,
SmallHotel GuestRoom Light,Lighting,,Wknd,41640,42004,Hourly,0.26,0.26,0.11,0.11,0.11,0.11,0.41,0.41,0.56,0.56,0.41,0.33,0.33,0.33,0.33,0.33,0.33,0.33,0.85,1,1,1,0.85,0.41,From DOE Reference Buildings ,,,,,,,,,,,,,,,,,,,,,,,,,,,,,,,,,,,,,,,,,,,,,,,,,,,,,,,,,,,,,,,,,,,
SmallHotel GuestRoom Light,Lighting,,WntrDsn,41640,42004,Constant,0,,,,,,,,,,,,,,,,,,,,,,,,From DOE Reference Buildings ,,,,,,,,,,,,,,,,,,,,,,,,,,,,,,,,,,,,,,,,,,,,,,,,,,,,,,,,,,,,,,,,,,,
SmallHotel GuestRoom Occ,Occupancy,,Default,41640,42004,Hourly,0.65,0.65,0.65,0.65,0.65,0.65,0.5,0.28,0.28,0.13,0.13,0.13,0.13,0.13,0.13,0.2,0.35,0.35,0.35,0.5,0.5,0.58,0.65,0.65,From DOE Reference Buildings ,,,,,,,,,,,,,,,,,,,,,,,,,,,,,,,,,,,,,,,,,,,,,,,,,,,,,,,,,,,,,,,,,,,
SmallHotel GuestRoom Occ,Occupancy,,SmrDsn,41640,42004,Constant,1,,,,,,,,,,,,,,,,,,,,,,,,From DOE Reference Buildings ,,,,,,,,,,,,,,,,,,,,,,,,,,,,,,,,,,,,,,,,,,,,,,,,,,,,,,,,,,,,,,,,,,,
SmallHotel GuestRoom Occ,Occupancy,,Wknd,41640,42004,Hourly,0.65,0.65,0.65,0.65,0.65,0.65,0.5,0.34,0.34,0.2,0.2,0.2,0.2,0.2,0.2,0.2,0.2,0.34,0.35,0.65,0.65,0.5,0.5,0.5,From DOE Reference Buildings ,,,,,,,,,,,,,,,,,,,,,,,,,,,,,,,,,,,,,,,,,,,,,,,,,,,,,,,,,,,,,,,,,,,
SmallHotel GuestRoom Occ,Occupancy,,WntrDsn,41640,42004,Constant,0,,,,,,,,,,,,,,,,,,,,,,,,From DOE Reference Buildings ,,,,,,,,,,,,,,,,,,,,,,,,,,,,,,,,,,,,,,,,,,,,,,,,,,,,,,,,,,,,,,,,,,,
SmallHotel HtgSetp,Thermostat Setpoint,C,Default|WntrDsn|SmrDsn,41640,42004,Constant,21,,,,,,,,,,,,,,,,,,,,,,,,From DOE Reference Buildings ,,,,,,,,,,,,,,,,,,,,,,,,,,,,,,,,,,,,,,,,,,,,,,,,,,,,,,,,,,,,,,,,,,,
SmallHotel Infil,Infiltration,,Default|WntrDsn|SmrDsn,41640,42004,Constant,1,,,,,,,,,,,,,,,,,,,,,,,,From DOE Reference Buildings ,,,,,,,,,,,,,,,,,,,,,,,,,,,,,,,,,,,,,,,,,,,,,,,,,,,,,,,,,,,,,,,,,,,
SmallHotel Infil Half On,Infiltration,,Default|WntrDsn|SmrDsn,41640,42004,Constant,0.5,,,,,,,,,,,,,,,,,,,,,,,,From DOE Reference Buildings ,,,,,,,,,,,,,,,,,,,,,,,,,,,,,,,,,,,,,,,,,,,,,,,,,,,,,,,,,,,,,,,,,,,
SmallHotel Laundry Equip,Equipment,,Default,41640,42004,Hourly,0,0,0,0,0,0,0,0,1,1,1,1,1,1,1,1,0,0,0,0,0,0,0,0,From DOE Reference Buildings ,,,,,,,,,,,,,,,,,,,,,,,,,,,,,,,,,,,,,,,,,,,,,,,,,,,,,,,,,,,,,,,,,,,
SmallHotel Laundry Equip,Equipment,,SmrDsn,41640,42004,Constant,1,,,,,,,,,,,,,,,,,,,,,,,,From DOE Reference Buildings ,,,,,,,,,,,,,,,,,,,,,,,,,,,,,,,,,,,,,,,,,,,,,,,,,,,,,,,,,,,,,,,,,,,
SmallHotel Laundry Equip,Equipment,,WntrDsn,41640,42004,Constant,0,,,,,,,,,,,,,,,,,,,,,,,,From DOE Reference Buildings ,,,,,,,,,,,,,,,,,,,,,,,,,,,,,,,,,,,,,,,,,,,,,,,,,,,,,,,,,,,,,,,,,,,
SmallHotel Laundry Gas,Equipment,,Default,41640,42004,Hourly,0,0,0,0,0,0,0,0,0,1,1,1,1,1,1,1,1,0,0,0,0,0,0,0,From DOE Reference Buildings ,,,,,,,,,,,,,,,,,,,,,,,,,,,,,,,,,,,,,,,,,,,,,,,,,,,,,,,,,,,,,,,,,,,
SmallHotel Laundry Gas,Equipment,,SmrDsn,41640,42004,Constant,1,,,,,,,,,,,,,,,,,,,,,,,,From DOE Reference Buildings ,,,,,,,,,,,,,,,,,,,,,,,,,,,,,,,,,,,,,,,,,,,,,,,,,,,,,,,,,,,,,,,,,,,
SmallHotel Laundry Gas,Equipment,,WntrDsn,41640,42004,Constant,0,,,,,,,,,,,,,,,,,,,,,,,,From DOE Reference Buildings ,,,,,,,,,,,,,,,,,,,,,,,,,,,,,,,,,,,,,,,,,,,,,,,,,,,,,,,,,,,,,,,,,,,
SmallHotel Laundry Light,Lighting,,Default|WntrDsn|SmrDsn,41640,42004,Hourly,0,0,0,0,0,0,0,0,1,1,1,1,1,1,1,1,1,0,0,0,0,0,0,0,From DOE Reference Buildings ,,,,,,,,,,,,,,,,,,,,,,,,,,,,,,,,,,,,,,,,,,,,,,,,,,,,,,,,,,,,,,,,,,,
SmallHotel Laundry Occ,Occupancy,,Default|Wknd,41640,42004,Hourly,0,0,0,0,0,0,0,0,0.09,0.09,0.18,0.18,0,0.18,0.18,0.18,0.09,0,0,0,0,0,0,0,From DOE Reference Buildings ,,,,,,,,,,,,,,,,,,,,,,,,,,,,,,,,,,,,,,,,,,,,,,,,,,,,,,,,,,,,,,,,,,,
SmallHotel Laundry Occ,Occupancy,,SmrDsn,41640,42004,Constant,1,,,,,,,,,,,,,,,,,,,,,,,,From DOE Reference Buildings ,,,,,,,,,,,,,,,,,,,,,,,,,,,,,,,,,,,,,,,,,,,,,,,,,,,,,,,,,,,,,,,,,,,
SmallHotel Laundry Occ,Occupancy,,WntrDsn,41640,42004,Constant,0,,,,,,,,,,,,,,,,,,,,,,,,From DOE Reference Buildings ,,,,,,,,,,,,,,,,,,,,,,,,,,,,,,,,,,,,,,,,,,,,,,,,,,,,,,,,,,,,,,,,,,,
SmallHotel Meeting Equip,Equipment,,Default|WntrDsn|SmrDsn,41640,42004,Hourly,0,0,0,0,0,0,0,0.05,0.54,0.54,0.26,0.26,0.05,0.54,0.54,0.26,0.26,0.26,0.05,0.05,0,0,0,0,From DOE Reference Buildings ,,,,,,,,,,,,,,,,,,,,,,,,,,,,,,,,,,,,,,,,,,,,,,,,,,,,,,,,,,,,,,,,,,,
SmallHotel Meeting Light,Lighting,,Default,41640,42004,Hourly,0,0,0,0,0,0.2,0.3,0.5,1,1,1,1,1,1,1,1,1,1,0.5,0.3,0.2,0.05,0,0,From DOE Reference Buildings ,,,,,,,,,,,,,,,,,,,,,,,,,,,,,,,,,,,,,,,,,,,,,,,,,,,,,,,,,,,,,,,,,,,
SmallHotel Meeting Light,Lighting,,SmrDsn,41640,42004,Constant,1,,,,,,,,,,,,,,,,,,,,,,,,From DOE Reference Buildings ,,,,,,,,,,,,,,,,,,,,,,,,,,,,,,,,,,,,,,,,,,,,,,,,,,,,,,,,,,,,,,,,,,,
SmallHotel Meeting Light,Lighting,,WntrDsn,41640,42004,Constant,0,,,,,,,,,,,,,,,,,,,,,,,,From DOE Reference Buildings ,,,,,,,,,,,,,,,,,,,,,,,,,,,,,,,,,,,,,,,,,,,,,,,,,,,,,,,,,,,,,,,,,,,
SmallHotel Meeting Occ,Occupancy,,Default|Wknd,41640,42004,Hourly,0,0,0,0,0,0,0,0.05,0.5,0.5,0.2,0.2,0.05,0.5,0.5,0.2,0.2,0.2,0.05,0.05,0,0,0,0,From DOE Reference Buildings ,,,,,,,,,,,,,,,,,,,,,,,,,,,,,,,,,,,,,,,,,,,,,,,,,,,,,,,,,,,,,,,,,,,
SmallHotel Meeting Occ,Occupancy,,SmrDsn,41640,42004,Constant,1,,,,,,,,,,,,,,,,,,,,,,,,From DOE Reference Buildings ,,,,,,,,,,,,,,,,,,,,,,,,,,,,,,,,,,,,,,,,,,,,,,,,,,,,,,,,,,,,,,,,,,,
SmallHotel Meeting Occ,Occupancy,,WntrDsn,41640,42004,Constant,0,,,,,,,,,,,,,,,,,,,,,,,,From DOE Reference Buildings ,,,,,,,,,,,,,,,,,,,,,,,,,,,,,,,,,,,,,,,,,,,,,,,,,,,,,,,,,,,,,,,,,,,
SmallHotel Office Equip,Equipment,,Default,41640,42004,Hourly,0.33,0.33,0.33,0.33,0.33,0.38,0.38,0.43,0.43,0.43,1,1,0.94,1,1,1,1,0.75,0.63,0.63,0.48,0.48,0.33,0.33,From DOE Reference Buildings ,,,,,,,,,,,,,,,,,,,,,,,,,,,,,,,,,,,,,,,,,,,,,,,,,,,,,,,,,,,,,,,,,,,
SmallHotel Office Equip,Equipment,,SmrDsn,41640,42004,Constant,1,,,,,,,,,,,,,,,,,,,,,,,,From DOE Reference Buildings ,,,,,,,,,,,,,,,,,,,,,,,,,,,,,,,,,,,,,,,,,,,,,,,,,,,,,,,,,,,,,,,,,,,
SmallHotel Office Equip,Equipment,,Wknd,41640,42004,Hourly,0.33,0.33,0.33,0.33,0.33,0.38,0.38,0.43,0.63,0.63,0.63,0.63,0.63,0.63,0.63,0.63,0.63,0.63,0.48,0.48,0.48,0.48,0.33,0.33,From DOE Reference Buildings ,,,,,,,,,,,,,,,,,,,,,,,,,,,,,,,,,,,,,,,,,,,,,,,,,,,,,,,,,,,,,,,,,,,
SmallHotel Office Equip,Equipment,,WntrDsn,41640,42004,Constant,0,,,,,,,,,,,,,,,,,,,,,,,,From DOE Reference Buildings ,,,,,,,,,,,,,,,,,,,,,,,,,,,,,,,,,,,,,,,,,,,,,,,,,,,,,,,,,,,,,,,,,,,
SmallHotel Office Light,Lighting,,Default,41640,42004,Hourly,0.5,0.5,0.5,0.5,0.5,0.5,0.5,0.61,0.9,0.9,0.9,0.9,0.8,0.9,0.9,0.9,0.9,0.61,0.5,0.5,0.5,0.5,0.5,0.5,From DOE Reference Buildings ,,,,,,,,,,,,,,,,,,,,,,,,,,,,,,,,,,,,,,,,,,,,,,,,,,,,,,,,,,,,,,,,,,,
SmallHotel Office Light,Lighting,,SmrDsn,41640,42004,Constant,1,,,,,,,,,,,,,,,,,,,,,,,,From DOE Reference Buildings ,,,,,,,,,,,,,,,,,,,,,,,,,,,,,,,,,,,,,,,,,,,,,,,,,,,,,,,,,,,,,,,,,,,
SmallHotel Office Light,Lighting,,WntrDsn,41640,42004,Constant,0,,,,,,,,,,,,,,,,,,,,,,,,From DOE Reference Buildings ,,,,,,,,,,,,,,,,,,,,,,,,,,,,,,,,,,,,,,,,,,,,,,,,,,,,,,,,,,,,,,,,,,,
SmallHotel Office Occ,Occupancy,,Default,41640,42004,Hourly,0.2,0.2,0.2,0.2,0.2,0.2,0.3,0.4,1,1,1,1,0.5,1,1,1,1,0.4,0.3,0.2,0.2,0.2,0.2,0.2,From DOE Reference Buildings ,,,,,,,,,,,,,,,,,,,,,,,,,,,,,,,,,,,,,,,,,,,,,,,,,,,,,,,,,,,,,,,,,,,
SmallHotel Office Occ,Occupancy,,SmrDsn,41640,42004,Constant,1,,,,,,,,,,,,,,,,,,,,,,,,From DOE Reference Buildings ,,,,,,,,,,,,,,,,,,,,,,,,,,,,,,,,,,,,,,,,,,,,,,,,,,,,,,,,,,,,,,,,,,,
SmallHotel Office Occ,Occupancy,,Wknd,41640,42004,Hourly,0.2,0.2,0.2,0.2,0.2,0.2,0.2,0.3,0.5,0.5,0.5,0.5,0.5,0.5,0.5,0.5,0.5,0.3,0.2,0.2,0.2,0.2,0.2,0.2,From DOE Reference Buildings ,,,,,,,,,,,,,,,,,,,,,,,,,,,,,,,,,,,,,,,,,,,,,,,,,,,,,,,,,,,,,,,,,,,
SmallHotel Office Occ,Occupancy,,WntrDsn,41640,42004,Constant,0,,,,,,,,,,,,,,,,,,,,,,,,From DOE Reference Buildings ,,,,,,,,,,,,,,,,,,,,,,,,,,,,,,,,,,,,,,,,,,,,,,,,,,,,,,,,,,,,,,,,,,,
SmallHotel PSZ-AC OA Damper,Operation,Dimensionless,Default,41640,42004,Constant,1,,,,,,,,,,,,,,,,,,,,,,,,,,,,,,,,,,,,,,,,,,,,,,,,,,,,,,,,,,,,,,,,,,,,,,,,,,,,,,,,,,,,,,,,,,,
SmallHotel PSZ-AC Operation,Operation,Dimensionless,Default,41640,42004,Constant,1,,,,,,,,,,,,,,,,,,,,,,,,,,,,,,,,,,,,,,,,,,,,,,,,,,,,,,,,,,,,,,,,,,,,,,,,,,,,,,,,,,,,,,,,,,,
SmallHotel PTAC OA Damper,Operation,Dimensionless,Default,41640,42004,Constant,0,,,,,,,,,,,,,,,,,,,,,,,,,,,,,,,,,,,,,,,,,,,,,,,,,,,,,,,,,,,,,,,,,,,,,,,,,,,,,,,,,,,,,,,,,,,
SmallHotel PTAC Operation,Operation,Dimensionless,Default,41640,42004,Constant,1,,,,,,,,,,,,,,,,,,,,,,,,,,,,,,,,,,,,,,,,,,,,,,,,,,,,,,,,,,,,,,,,,,,,,,,,,,,,,,,,,,,,,,,,,,,
SmallHotel Split-AC OA Damper,Operation,Dimensionless,Default,41640,42004,Constant,1,,,,,,,,,,,,,,,,,,,,,,,,,,,,,,,,,,,,,,,,,,,,,,,,,,,,,,,,,,,,,,,,,,,,,,,,,,,,,,,,,,,,,,,,,,,
SmallHotel Split-AC Operation,Operation,Dimensionless,Default,41640,42004,Constant,1,,,,,,,,,,,,,,,,,,,,,,,,,,,,,,,,,,,,,,,,,,,,,,,,,,,,,,,,,,,,,,,,,,,,,,,,,,,,,,,,,,,,,,,,,,,
SmallHotel StaffLounge Equip,Equipment,,Default|Wknd,41640,42004,Hourly,0.11,0.11,0.11,0.11,0.11,0.19,0.19,0.25,1,1,0.86,0.86,1,0.86,0.86,0.86,0.86,0.86,0.25,0.19,0.11,0.11,0.11,0.11,From DOE Reference Buildings ,,,,,,,,,,,,,,,,,,,,,,,,,,,,,,,,,,,,,,,,,,,,,,,,,,,,,,,,,,,,,,,,,,,
SmallHotel StaffLounge Equip,Equipment,,SmrDsn,41640,42004,Constant,1,,,,,,,,,,,,,,,,,,,,,,,,From DOE Reference Buildings ,,,,,,,,,,,,,,,,,,,,,,,,,,,,,,,,,,,,,,,,,,,,,,,,,,,,,,,,,,,,,,,,,,,
SmallHotel StaffLounge Equip,Equipment,,WntrDsn,41640,42004,Constant,0,,,,,,,,,,,,,,,,,,,,,,,,From DOE Reference Buildings ,,,,,,,,,,,,,,,,,,,,,,,,,,,,,,,,,,,,,,,,,,,,,,,,,,,,,,,,,,,,,,,,,,,
SmallHotel StaffLounge Light,Lighting,,Default,41640,42004,Hourly,0.05,0.05,0.05,0.05,0.05,0.15,0.4,0.5,1,1,1,1,1,1,1,1,1,1,0.5,0.4,0.15,0.15,0.05,0.05,From DOE Reference Buildings ,,,,,,,,,,,,,,,,,,,,,,,,,,,,,,,,,,,,,,,,,,,,,,,,,,,,,,,,,,,,,,,,,,,
SmallHotel StaffLounge Light,Lighting,,SmrDsn,41640,42004,Constant,1,,,,,,,,,,,,,,,,,,,,,,,,From DOE Reference Buildings ,,,,,,,,,,,,,,,,,,,,,,,,,,,,,,,,,,,,,,,,,,,,,,,,,,,,,,,,,,,,,,,,,,,
SmallHotel StaffLounge Light,Lighting,,Wknd,41640,42004,Hourly,0.05,0.05,0.05,0.05,0.05,0.15,0.3,0.4,0.6,0.6,0.6,0.6,0.6,0.6,0.6,0.6,0.6,0.6,0.4,0.3,0.15,0.15,0.05,0.05,From DOE Reference Buildings ,,,,,,,,,,,,,,,,,,,,,,,,,,,,,,,,,,,,,,,,,,,,,,,,,,,,,,,,,,,,,,,,,,,
SmallHotel StaffLounge Light,Lighting,,WntrDsn,41640,42004,Constant,0,,,,,,,,,,,,,,,,,,,,,,,,From DOE Reference Buildings ,,,,,,,,,,,,,,,,,,,,,,,,,,,,,,,,,,,,,,,,,,,,,,,,,,,,,,,,,,,,,,,,,,,
SmallHotel StaffLounge Occ,Occupancy,,Default,41640,42004,Hourly,0,0,0,0,0,0.1,0.1,0.2,0.2,0.2,0.2,0.2,0.7,0.2,0.2,0.2,0.2,0.2,0.1,0.1,0,0,0,0,From DOE Reference Buildings ,,,,,,,,,,,,,,,,,,,,,,,,,,,,,,,,,,,,,,,,,,,,,,,,,,,,,,,,,,,,,,,,,,,
SmallHotel StaffLounge Occ,Occupancy,,SmrDsn,41640,42004,Constant,1,,,,,,,,,,,,,,,,,,,,,,,,From DOE Reference Buildings ,,,,,,,,,,,,,,,,,,,,,,,,,,,,,,,,,,,,,,,,,,,,,,,,,,,,,,,,,,,,,,,,,,,
SmallHotel StaffLounge Occ,Occupancy,,Wknd,41640,42004,Hourly,0,0,0,0,0,0.05,0.05,0.05,0.1,0.1,0.1,0.1,0.2,0.1,0.1,0.1,0.1,0.1,0.05,0.05,0,0,0,0,From DOE Reference Buildings ,,,,,,,,,,,,,,,,,,,,,,,,,,,,,,,,,,,,,,,,,,,,,,,,,,,,,,,,,,,,,,,,,,,
SmallHotel StaffLounge Occ,Occupancy,,WntrDsn,41640,42004,Constant,0,,,,,,,,,,,,,,,,,,,,,,,,From DOE Reference Buildings ,,,,,,,,,,,,,,,,,,,,,,,,,,,,,,,,,,,,,,,,,,,,,,,,,,,,,,,,,,,,,,,,,,,
SmallHotel Storage Light,Lighting,,Default|Wknd,41640,42004,Hourly,0.1,0.1,0.1,0.1,0.1,0.1,0.1,0.2,0.4,0.4,0.4,0.4,0.4,0.4,0.4,0.4,0.4,0.4,0.2,0.2,0.2,0.2,0.1,0.1,From DOE Reference Buildings ,,,,,,,,,,,,,,,,,,,,,,,,,,,,,,,,,,,,,,,,,,,,,,,,,,,,,,,,,,,,,,,,,,,
SmallHotel Storage Light,Lighting,,SmrDsn,41640,42004,Constant,1,,,,,,,,,,,,,,,,,,,,,,,,From DOE Reference Buildings ,,,,,,,,,,,,,,,,,,,,,,,,,,,,,,,,,,,,,,,,,,,,,,,,,,,,,,,,,,,,,,,,,,,
SmallHotel Storage Light,Lighting,,WntrDsn,41640,42004,Constant,0,,,,,,,,,,,,,,,,,,,,,,,,From DOE Reference Buildings ,,,,,,,,,,,,,,,,,,,,,,,,,,,,,,,,,,,,,,,,,,,,,,,,,,,,,,,,,,,,,,,,,,,
SmallHotel UnitHeater ClgSP Sch,Thermostat Setpoint,,Default|WntrDsn|SmrDsn,41640,42004,Constant,40,,,,,,,,,,,,,,,,,,,,,,,,From DOE Reference Buildings ,,,,,,,,,,,,,,,,,,,,,,,,,,,,,,,,,,,,,,,,,,,,,,,,,,,,,,,,,,,,,,,,,,,
SmallHotel UnitHeater HtgSP Sch,Thermostat Setpoint,,Default|WntrDsn|SmrDsn,41640,42004,Constant,15.6,,,,,,,,,,,,,,,,,,,,,,,,From DOE Reference Buildings ,,,,,,,,,,,,,,,,,,,,,,,,,,,,,,,,,,,,,,,,,,,,,,,,,,,,,,,,,,,,,,,,,,,
SmallHotel Work Eff,Unknown,,Default|WntrDsn|SmrDsn,41640,42004,Constant,0,,,,,,,,,,,,,,,,,,,,,,,,From DOE Reference Buildings ,,,,,,,,,,,,,,,,,,,,,,,,,,,,,,,,,,,,,,,,,,,,,,,,,,,,,,,,,,,,,,,,,,,
SmallOffice Exterior Lights,Lighting,Dimensionless,Default|WntrDsn|SmrDsn,41640,42004,Hourly,0,0,0,0,0,0,0,1,1,1,1,1,1,1,1,1,1,1,1,1,1,1,1,1,,,,,,,,,,,,,,,,,,,,,,,,,,,,,,,,,,,,,,,,,,,,,,,,,,,,,,,,,,,,,,,,,,,,
SmallOffice Exterior Lights Always On,Lighting,Dimensionless,Default|WntrDsn|SmrDsn,41640,42004,Constant,1,,,,,,,,,,,,,,,,,,,,,,,,,,,,,,,,,,,,,,,,,,,,,,,,,,,,,,,,,,,,,,,,,,,,,,,,,,,,,,,,,,,,,,,,,,,
SmallOffice PSZ-AC OA Damper,Operation,Dimensionless,Sat|WntrDsn,41640,42004,Hourly,0,0,0,0,0,0,0,1,1,1,1,1,1,1,1,1,1,1,0,0,0,0,0,0,,,,,,,,,,,,,,,,,,,,,,,,,,,,,,,,,,,,,,,,,,,,,,,,,,,,,,,,,,,,,,,,,,,,
SmallOffice PSZ-AC OA Damper,Operation,Dimensionless,Sun,41640,42004,Constant,0,,,,,,,,,,,,,,,,,,,,,,,,,,,,,,,,,,,,,,,,,,,,,,,,,,,,,,,,,,,,,,,,,,,,,,,,,,,,,,,,,,,,,,,,,,,
SmallOffice PSZ-AC Operation,Operation,Dimensionless,Default|SmrDsn,41640,42004,Hourly,0,0,0,0,0,0,1,1,1,1,1,1,1,1,1,1,1,1,1,0,0,0,0,0,,,,,,,,,,,,,,,,,,,,,,,,,,,,,,,,,,,,,,,,,,,,,,,,,,,,,,,,,,,,,,,,,,,,
SmallOffice PSZ-AC Operation,Operation,Dimensionless,Default|SmrDsn,41640,42004,Hourly,0,0,0,0,0,0,0,1,1,1,1,1,1,1,1,1,1,1,1,1,1,1,0,0,,,,,,,,,,,,,,,,,,,,,,,,,,,,,,,,,,,,,,,,,,,,,,,,,,,,,,,,,,,,,,,,,,,,
SmallOffice PSZ-AC Operation,Operation,Dimensionless,Sat|WntrDsn,41640,42004,Constant,0,,,,,,,,,,,,,,,,,,,,,,,,,,,,,,,,,,,,,,,,,,,,,,,,,,,,,,,,,,,,,,,,,,,,,,,,,,,,,,,,,,,,,,,,,,,
StripMall Bldg Equip,Equipment,,Default,41640,42004,Hourly,0.2,0.2,0.2,0.2,0.2,0.2,0.2,0.4,0.7,0.9,0.9,0.9,0.9,0.9,0.9,0.9,0.9,0.9,0.8,0.8,0.7,0.4,0.2,0.2,From DOE Reference Buildings ,,,,,,,,,,,,,,,,,,,,,,,,,,,,,,,,,,,,,,,,,,,,,,,,,,,,,,,,,,,,,,,,,,,
StripMall Bldg Equip,Equipment,,Sat,41640,42004,Hourly,0.15,0.15,0.15,0.15,0.15,0.15,0.15,0.3,0.5,0.8,0.9,0.9,0.9,0.9,0.9,0.9,0.9,0.9,0.7,0.5,0.5,0.3,0.15,0.15,From DOE Reference Buildings ,,,,,,,,,,,,,,,,,,,,,,,,,,,,,,,,,,,,,,,,,,,,,,,,,,,,,,,,,,,,,,,,,,,
StripMall Bldg Equip,Equipment,,SmrDsn,41640,42004,Constant,1,,,,,,,,,,,,,,,,,,,,,,,,From DOE Reference Buildings ,,,,,,,,,,,,,,,,,,,,,,,,,,,,,,,,,,,,,,,,,,,,,,,,,,,,,,,,,,,,,,,,,,,
StripMall Bldg Equip,Equipment,,Sun,41640,42004,Hourly,0.15,0.15,0.15,0.15,0.15,0.15,0.15,0.15,0.3,0.3,0.6,0.6,0.8,0.8,0.8,0.8,0.8,0.6,0.4,0.15,0.15,0.15,0.15,0.15,From DOE Reference Buildings ,,,,,,,,,,,,,,,,,,,,,,,,,,,,,,,,,,,,,,,,,,,,,,,,,,,,,,,,,,,,,,,,,,,
StripMall Bldg Equip,Equipment,,WntrDsn,41640,42004,Constant,0,,,,,,,,,,,,,,,,,,,,,,,,From DOE Reference Buildings ,,,,,,,,,,,,,,,,,,,,,,,,,,,,,,,,,,,,,,,,,,,,,,,,,,,,,,,,,,,,,,,,,,,
StripMall Bldg Light,Lighting,,Default,41640,42004,Hourly,0.05,0.05,0.05,0.05,0.05,0.05,0.05,0.2,0.5,0.9,0.9,0.9,0.9,0.9,0.9,0.9,0.9,0.9,0.6,0.6,0.5,0.2,0.05,0.05,From DOE Reference Buildings ,,,,,,,,,,,,,,,,,,,,,,,,,,,,,,,,,,,,,,,,,,,,,,,,,,,,,,,,,,,,,,,,,,,
StripMall Bldg Light,Lighting,,Sat,41640,42004,Hourly,0.05,0.05,0.05,0.05,0.05,0.05,0.05,0.1,0.3,0.6,0.9,0.9,0.9,0.9,0.9,0.9,0.9,0.9,0.5,0.3,0.3,0.1,0.05,0.05,From DOE Reference Buildings ,,,,,,,,,,,,,,,,,,,,,,,,,,,,,,,,,,,,,,,,,,,,,,,,,,,,,,,,,,,,,,,,,,,
StripMall Bldg Light,Lighting,,SmrDsn,41640,42004,Constant,1,,,,,,,,,,,,,,,,,,,,,,,,From DOE Reference Buildings ,,,,,,,,,,,,,,,,,,,,,,,,,,,,,,,,,,,,,,,,,,,,,,,,,,,,,,,,,,,,,,,,,,,
StripMall Bldg Light,Lighting,,Sun,41640,42004,Hourly,0.05,0.05,0.05,0.05,0.05,0.05,0.05,0.05,0.1,0.1,0.4,0.4,0.6,0.6,0.6,0.6,0.6,0.4,0.2,0.05,0.05,0.05,0.05,0.05,From DOE Reference Buildings ,,,,,,,,,,,,,,,,,,,,,,,,,,,,,,,,,,,,,,,,,,,,,,,,,,,,,,,,,,,,,,,,,,,
StripMall Bldg Light,Lighting,,WntrDsn,41640,42004,Constant,0,,,,,,,,,,,,,,,,,,,,,,,,From DOE Reference Buildings ,,,,,,,,,,,,,,,,,,,,,,,,,,,,,,,,,,,,,,,,,,,,,,,,,,,,,,,,,,,,,,,,,,,
StripMall Bldg Occ,Occupancy,,Default,41640,42004,Hourly,0,0,0,0,0,0,0,0.1,0.2,0.5,0.5,0.7,0.7,0.7,0.7,0.8,0.7,0.5,0.5,0.3,0.3,0,0,0,From DOE Reference Buildings ,,,,,,,,,,,,,,,,,,,,,,,,,,,,,,,,,,,,,,,,,,,,,,,,,,,,,,,,,,,,,,,,,,,
StripMall Bldg Occ,Occupancy,,Sat,41640,42004,Hourly,0,0,0,0,0,0,0,0.1,0.2,0.5,0.6,0.8,0.8,0.8,0.8,0.8,0.8,0.6,0.2,0.2,0.2,0.1,0,0,From DOE Reference Buildings ,,,,,,,,,,,,,,,,,,,,,,,,,,,,,,,,,,,,,,,,,,,,,,,,,,,,,,,,,,,,,,,,,,,
StripMall Bldg Occ,Occupancy,,Sun,41640,42004,Hourly,0,0,0,0,0,0,0,0,0,0.1,0.2,0.2,0.4,0.4,0.4,0.4,0.4,0.2,0.1,0,0,0,0,0,From DOE Reference Buildings ,,,,,,,,,,,,,,,,,,,,,,,,,,,,,,,,,,,,,,,,,,,,,,,,,,,,,,,,,,,,,,,,,,,
StripMall Bldg Occ,Occupancy,,WntrDsn|SmrDsn,41640,42004,Constant,1,,,,,,,,,,,,,,,,,,,,,,,,From DOE Reference Buildings ,,,,,,,,,,,,,,,,,,,,,,,,,,,,,,,,,,,,,,,,,,,,,,,,,,,,,,,,,,,,,,,,,,,
StripMall ClgSetp,Thermostat Setpoint,C,Default|SmrDsn,41640,42004,Hourly,30,30,30,30,30,30,24,24,24,24,24,24,24,24,24,24,24,24,24,24,24,30,30,30,From DOE Reference Buildings ,,,,,,,,,,,,,,,,,,,,,,,,,,,,,,,,,,,,,,,,,,,,,,,,,,,,,,,,,,,,,,,,,,,
StripMall ClgSetp,Thermostat Setpoint,C,Sat,41640,42004,Hourly,30,30,30,30,30,30,24,24,24,24,24,24,24,24,24,24,24,24,24,24,24,24,30,30,From DOE Reference Buildings ,,,,,,,,,,,,,,,,,,,,,,,,,,,,,,,,,,,,,,,,,,,,,,,,,,,,,,,,,,,,,,,,,,,
StripMall ClgSetp,Thermostat Setpoint,C,Sun,41640,42004,Hourly,30,30,30,30,30,30,30,30,24,24,24,24,24,24,24,24,24,24,24,30,30,30,30,30,From DOE Reference Buildings ,,,,,,,,,,,,,,,,,,,,,,,,,,,,,,,,,,,,,,,,,,,,,,,,,,,,,,,,,,,,,,,,,,,
StripMall ClgSetp,Thermostat Setpoint,C,WntrDsn,41640,42004,Constant,30,,,,,,,,,,,,,,,,,,,,,,,,From DOE Reference Buildings ,,,,,,,,,,,,,,,,,,,,,,,,,,,,,,,,,,,,,,,,,,,,,,,,,,,,,,,,,,,,,,,,,,,
StripMall Clothing,Clothing,,Default|WntrDsn,41640,42004,Constant,1,,,,,,,,,,,,,,,,,,,,,,,,From DOE Reference Buildings ,,,,,,,,,,,,,,,,,,,,,,,,,,,,,,,,,,,,,,,,,,,,,,,,,,,,,,,,,,,,,,,,,,,
StripMall Clothing,Clothing,,SmrDsn,41640,42004,Constant,0.5,,,,,,,,,,,,,,,,,,,,,,,,From DOE Reference Buildings ,,,,,,,,,,,,,,,,,,,,,,,,,,,,,,,,,,,,,,,,,,,,,,,,,,,,,,,,,,,,,,,,,,,
StripMall Clothing,Clothing,,Wknd|Wkdy,41913,42004,Constant,1,,,,,,,,,,,,,,,,,,,,,,,,From DOE Reference Buildings ,,,,,,,,,,,,,,,,,,,,,,,,,,,,,,,,,,,,,,,,,,,,,,,,,,,,,,,,,,,,,,,,,,,
StripMall Clothing,Clothing,,Wknd|Wkdy,41760,41912,Constant,0.5,,,,,,,,,,,,,,,,,,,,,,,,From DOE Reference Buildings ,,,,,,,,,,,,,,,,,,,,,,,,,,,,,,,,,,,,,,,,,,,,,,,,,,,,,,,,,,,,,,,,,,,
StripMall HtgSetp,Thermostat Setpoint,C,Default,41640,42004,Hourly,15.6,15.6,15.6,15.6,15.6,15.6,21,21,21,21,21,21,21,21,21,21,21,21,21,21,21,15.6,15.6,15.6,From DOE Reference Buildings ,,,,,,,,,,,,,,,,,,,,,,,,,,,,,,,,,,,,,,,,,,,,,,,,,,,,,,,,,,,,,,,,,,,
StripMall HtgSetp,Thermostat Setpoint,C,Sat,41640,42004,Hourly,15.6,15.6,15.6,15.6,15.6,15.6,21,21,21,21,21,21,21,21,21,21,21,21,21,21,21,21,15.6,15.6,From DOE Reference Buildings ,,,,,,,,,,,,,,,,,,,,,,,,,,,,,,,,,,,,,,,,,,,,,,,,,,,,,,,,,,,,,,,,,,,
StripMall HtgSetp,Thermostat Setpoint,C,SmrDsn,41640,42004,Constant,15.6,,,,,,,,,,,,,,,,,,,,,,,,From DOE Reference Buildings ,,,,,,,,,,,,,,,,,,,,,,,,,,,,,,,,,,,,,,,,,,,,,,,,,,,,,,,,,,,,,,,,,,,
StripMall HtgSetp,Thermostat Setpoint,C,Sun,41640,42004,Hourly,15.6,15.6,15.6,15.6,15.6,15.6,15.6,15.6,21,21,21,21,21,21,21,21,21,21,21,15.6,15.6,15.6,15.6,15.6,From DOE Reference Buildings ,,,,,,,,,,,,,,,,,,,,,,,,,,,,,,,,,,,,,,,,,,,,,,,,,,,,,,,,,,,,,,,,,,,
StripMall HtgSetp,Thermostat Setpoint,C,WntrDsn,41640,42004,Constant,21,,,,,,,,,,,,,,,,,,,,,,,,From DOE Reference Buildings ,,,,,,,,,,,,,,,,,,,,,,,,,,,,,,,,,,,,,,,,,,,,,,,,,,,,,,,,,,,,,,,,,,,
Stripmall HVACOperationSchd,Equipment,,Default,41640,42004,Hourly,0,0,0,0,0,0,0,0,1,1,1,1,1,1,1,1,1,1,1,0,0,0,0,0,From DOE Prototype Buildings,,,,,,,,,,,,,,,,,,,,,,,,,,,,,,,,,,,,,,,,,,,,,,,,,,,,,,,,,,,,,,,,,,,
Stripmall HVACOperationSchd,Equipment,,Sat|WntrDsn,41640,42004,Hourly,0,0,0,0,0,0,1,1,1,1,1,1,1,1,1,1,1,1,1,1,1,1,0,0,From DOE Prototype Buildings,,,,,,,,,,,,,,,,,,,,,,,,,,,,,,,,,,,,,,,,,,,,,,,,,,,,,,,,,,,,,,,,,,,
Stripmall HVACOperationSchd,Equipment,,SmrDsn|Wkdy,41640,42004,Hourly,0,0,0,0,0,0,1,1,1,1,1,1,1,1,1,1,1,1,1,1,1,0,0,0,From DOE Prototype Buildings,,,,,,,,,,,,,,,,,,,,,,,,,,,,,,,,,,,,,,,,,,,,,,,,,,,,,,,,,,,,,,,,,,,
StripMall Infil Half On,Infiltration,,Default|SmrDsn,41640,42004,Hourly,1,1,1,1,1,1,0.5,0.5,0.5,0.5,0.5,0.5,0.5,0.5,0.5,0.5,0.5,0.5,0.5,0.5,0.5,1,1,1,From DOE Reference Buildings ,,,,,,,,,,,,,,,,,,,,,,,,,,,,,,,,,,,,,,,,,,,,,,,,,,,,,,,,,,,,,,,,,,,
StripMall Infil Half On,Infiltration,,Sat,41640,42004,Hourly,1,1,1,1,1,1,0.5,0.5,0.5,0.5,0.5,0.5,0.5,0.5,0.5,0.5,0.5,0.5,0.5,0.5,0.5,0.5,1,1,From DOE Reference Buildings ,,,,,,,,,,,,,,,,,,,,,,,,,,,,,,,,,,,,,,,,,,,,,,,,,,,,,,,,,,,,,,,,,,,
StripMall Infil Half On,Infiltration,,Sun,41640,42004,Hourly,1,1,1,1,1,1,1,1,0.5,0.5,0.5,0.5,0.5,0.5,0.5,0.5,0.5,1,1,1,1,1,1,1,From DOE Reference Buildings ,,,,,,,,,,,,,,,,,,,,,,,,,,,,,,,,,,,,,,,,,,,,,,,,,,,,,,,,,,,,,,,,,,,
StripMall Infil Half On,Infiltration,,WntrDsn,41640,42004,Constant,1,,,,,,,,,,,,,,,,,,,,,,,,From DOE Reference Buildings ,,,,,,,,,,,,,,,,,,,,,,,,,,,,,,,,,,,,,,,,,,,,,,,,,,,,,,,,,,,,,,,,,,,
Stripmall MinOA_Sched,Equipment,,Default,41640,42004,Hourly,0,0,0,0,0,0,0,0,1,1,1,1,1,1,1,1,1,1,1,0,0,0,0,0,From DOE Prototype Buildings,,,,,,,,,,,,,,,,,,,,,,,,,,,,,,,,,,,,,,,,,,,,,,,,,,,,,,,,,,,,,,,,,,,
Stripmall MinOA_Sched,Equipment,,Sat|WntrDsn,41640,42004,Hourly,0,0,0,0,0,0,1,1,1,1,1,1,1,1,1,1,1,1,1,1,1,1,0,0,From DOE Prototype Buildings,,,,,,,,,,,,,,,,,,,,,,,,,,,,,,,,,,,,,,,,,,,,,,,,,,,,,,,,,,,,,,,,,,,
Stripmall MinOA_Sched,Equipment,,SmrDsn|Wkdy,41640,42004,Hourly,0,0,0,0,0,0,1,1,1,1,1,1,1,1,1,1,1,1,1,1,1,0,0,0,From DOE Prototype Buildings,,,,,,,,,,,,,,,,,,,,,,,,,,,,,,,,,,,,,,,,,,,,,,,,,,,,,,,,,,,,,,,,,,,
StripMall Work Eff,Unknown,,Default|WntrDsn|SmrDsn,41640,42004,Constant,0,,,,,,,,,,,,,,,,,,,,,,,,From DOE Reference Buildings ,,,,,,,,,,,,,,,,,,,,,,,,,,,,,,,,,,,,,,,,,,,,,,,,,,,,,,,,,,,,,,,,,,,
SuperMarket Bldg Equip,Equipment,,Default,41640,42004,Hourly,0.2,0.2,0.2,0.2,0.2,0.2,0.4,0.4,0.7,0.9,0.9,0.9,0.9,0.9,0.9,0.9,0.9,0.9,0.8,0.8,0.7,0.4,0.2,0.2,From DOE Reference Buildings ,,,,,,,,,,,,,,,,,,,,,,,,,,,,,,,,,,,,,,,,,,,,,,,,,,,,,,,,,,,,,,,,,,,
SuperMarket Bldg Equip,Equipment,,Sat,41640,42004,Hourly,0.15,0.15,0.15,0.15,0.15,0.15,0.3,0.3,0.5,0.8,0.9,0.9,0.9,0.9,0.9,0.9,0.9,0.9,0.7,0.5,0.5,0.3,0.15,0.15,From DOE Reference Buildings ,,,,,,,,,,,,,,,,,,,,,,,,,,,,,,,,,,,,,,,,,,,,,,,,,,,,,,,,,,,,,,,,,,,
SuperMarket Bldg Equip,Equipment,,SmrDsn,41640,42004,Constant,1,,,,,,,,,,,,,,,,,,,,,,,,From DOE Reference Buildings ,,,,,,,,,,,,,,,,,,,,,,,,,,,,,,,,,,,,,,,,,,,,,,,,,,,,,,,,,,,,,,,,,,,
SuperMarket Bldg Equip,Equipment,,Sun,41640,42004,Hourly,0.15,0.15,0.15,0.15,0.15,0.15,0.3,0.3,0.3,0.3,0.6,0.6,0.8,0.8,0.8,0.8,0.8,0.6,0.4,0.4,0.4,0.4,0.15,0.15,From DOE Reference Buildings ,,,,,,,,,,,,,,,,,,,,,,,,,,,,,,,,,,,,,,,,,,,,,,,,,,,,,,,,,,,,,,,,,,,
SuperMarket Bldg Equip,Equipment,,WntrDsn,41640,42004,Constant,0,,,,,,,,,,,,,,,,,,,,,,,,From DOE Reference Buildings ,,,,,,,,,,,,,,,,,,,,,,,,,,,,,,,,,,,,,,,,,,,,,,,,,,,,,,,,,,,,,,,,,,,
SuperMarket Bldg Light,Lighting,,Default,41640,42004,Hourly,0.05,0.05,0.05,0.05,0.05,0.05,0.2,0.2,0.5,0.9,0.9,0.9,0.9,0.9,0.9,0.9,0.9,0.9,0.6,0.6,0.5,0.2,0.05,0.05,From DOE Reference Buildings ,,,,,,,,,,,,,,,,,,,,,,,,,,,,,,,,,,,,,,,,,,,,,,,,,,,,,,,,,,,,,,,,,,,
SuperMarket Bldg Light,Lighting,,Sat,41640,42004,Hourly,0.05,0.05,0.05,0.05,0.05,0.05,0.1,0.1,0.3,0.6,0.9,0.9,0.9,0.9,0.9,0.9,0.9,0.9,0.5,0.3,0.3,0.1,0.05,0.05,From DOE Reference Buildings ,,,,,,,,,,,,,,,,,,,,,,,,,,,,,,,,,,,,,,,,,,,,,,,,,,,,,,,,,,,,,,,,,,,
SuperMarket Bldg Light,Lighting,,SmrDsn,41640,42004,Constant,1,,,,,,,,,,,,,,,,,,,,,,,,From DOE Reference Buildings ,,,,,,,,,,,,,,,,,,,,,,,,,,,,,,,,,,,,,,,,,,,,,,,,,,,,,,,,,,,,,,,,,,,
SuperMarket Bldg Light,Lighting,,Sun,41640,42004,Hourly,0.05,0.05,0.05,0.05,0.05,0.05,0.1,0.1,0.1,0.1,0.4,0.4,0.6,0.6,0.6,0.6,0.6,0.4,0.2,0.2,0.2,0.2,0.05,0.05,From DOE Reference Buildings ,,,,,,,,,,,,,,,,,,,,,,,,,,,,,,,,,,,,,,,,,,,,,,,,,,,,,,,,,,,,,,,,,,,
SuperMarket Bldg Light,Lighting,,WntrDsn,41640,42004,Constant,0,,,,,,,,,,,,,,,,,,,,,,,,From DOE Reference Buildings ,,,,,,,,,,,,,,,,,,,,,,,,,,,,,,,,,,,,,,,,,,,,,,,,,,,,,,,,,,,,,,,,,,,
SuperMarket Bldg Occ,Occupancy,,Default,41640,42004,Hourly,0,0,0,0,0,0,0.1,0.1,0.2,0.5,0.5,0.7,0.7,0.7,0.7,0.8,0.7,0.5,0.5,0.3,0.3,0.3,0,0,From DOE Reference Buildings ,,,,,,,,,,,,,,,,,,,,,,,,,,,,,,,,,,,,,,,,,,,,,,,,,,,,,,,,,,,,,,,,,,,
SuperMarket Bldg Occ,Occupancy,,Sat,41640,42004,Hourly,0,0,0,0,0,0,0.1,0.1,0.2,0.5,0.6,0.8,0.8,0.8,0.8,0.8,0.8,0.6,0.2,0.2,0.2,0.1,0,0,From DOE Reference Buildings ,,,,,,,,,,,,,,,,,,,,,,,,,,,,,,,,,,,,,,,,,,,,,,,,,,,,,,,,,,,,,,,,,,,
SuperMarket Bldg Occ,Occupancy,,SmrDsn,41640,42004,Constant,1,,,,,,,,,,,,,,,,,,,,,,,,From DOE Reference Buildings ,,,,,,,,,,,,,,,,,,,,,,,,,,,,,,,,,,,,,,,,,,,,,,,,,,,,,,,,,,,,,,,,,,,
SuperMarket Bldg Occ,Occupancy,,Sun,41640,42004,Hourly,0,0,0,0,0,0,0.1,0.1,0.1,0.1,0.2,0.2,0.4,0.4,0.4,0.4,0.4,0.2,0.1,0.1,0.1,0.1,0,0,From DOE Reference Buildings ,,,,,,,,,,,,,,,,,,,,,,,,,,,,,,,,,,,,,,,,,,,,,,,,,,,,,,,,,,,,,,,,,,,
SuperMarket Bldg Occ,Occupancy,,WntrDsn,41640,42004,Constant,0,,,,,,,,,,,,,,,,,,,,,,,,From DOE Reference Buildings ,,,,,,,,,,,,,,,,,,,,,,,,,,,,,,,,,,,,,,,,,,,,,,,,,,,,,,,,,,,,,,,,,,,
SuperMarket Bldg Swh,Service Water Heating,,Default|SmrDsn,41640,42004,Hourly,0.04,0.05,0.05,0.04,0.04,0.04,0.04,0.15,0.23,0.32,0.41,0.57,0.62,0.61,0.5,0.45,0.46,0.47,0.42,0.34,0.33,0.23,0.13,0.08,From DOE Reference Buildings ,,,,,,,,,,,,,,,,,,,,,,,,,,,,,,,,,,,,,,,,,,,,,,,,,,,,,,,,,,,,,,,,,,,
SuperMarket Bldg Swh,Service Water Heating,,Sun,41640,42004,Hourly,0.07,0.07,0.07,0.06,0.06,0.06,0.07,0.1,0.12,0.14,0.29,0.31,0.36,0.36,0.34,0.35,0.37,0.34,0.25,0.27,0.21,0.16,0.1,0.06,From DOE Reference Buildings ,,,,,,,,,,,,,,,,,,,,,,,,,,,,,,,,,,,,,,,,,,,,,,,,,,,,,,,,,,,,,,,,,,,
SuperMarket Bldg Swh,Service Water Heating,,WntrDsn|Sat,41640,42004,Hourly,0.11,0.1,0.08,0.06,0.06,0.06,0.07,0.2,0.24,0.27,0.42,0.54,0.59,0.6,0.49,0.48,0.47,0.46,0.44,0.36,0.29,0.22,0.16,0.13,From DOE Reference Buildings ,,,,,,,,,,,,,,,,,,,,,,,,,,,,,,,,,,,,,,,,,,,,,,,,,,,,,,,,,,,,,,,,,,,
SuperMarket ClgSetp,Thermostat Setpoint,C,Default|SmrDsn,41640,42004,Hourly,30,30,30,30,30,30,24,24,24,24,24,24,24,24,24,24,24,24,24,24,24,24,30,30,From DOE Reference Buildings ,,,,,,,,,,,,,,,,,,,,,,,,,,,,,,,,,,,,,,,,,,,,,,,,,,,,,,,,,,,,,,,,,,,
SuperMarket ClgSetp,Thermostat Setpoint,C,WntrDsn,41640,42004,Constant,30,,,,,,,,,,,,,,,,,,,,,,,,From DOE Reference Buildings ,,,,,,,,,,,,,,,,,,,,,,,,,,,,,,,,,,,,,,,,,,,,,,,,,,,,,,,,,,,,,,,,,,,
SuperMarket Clothing,Clothing,,Default|WntrDsn,41640,42004,Constant,1,,,,,,,,,,,,,,,,,,,,,,,,From DOE Reference Buildings ,,,,,,,,,,,,,,,,,,,,,,,,,,,,,,,,,,,,,,,,,,,,,,,,,,,,,,,,,,,,,,,,,,,
SuperMarket Clothing,Clothing,,SmrDsn,41640,42004,Constant,0.5,,,,,,,,,,,,,,,,,,,,,,,,From DOE Reference Buildings ,,,,,,,,,,,,,,,,,,,,,,,,,,,,,,,,,,,,,,,,,,,,,,,,,,,,,,,,,,,,,,,,,,,
SuperMarket Clothing,Clothing,,Wknd|Wkdy,41913,42004,Constant,1,,,,,,,,,,,,,,,,,,,,,,,,From DOE Reference Buildings ,,,,,,,,,,,,,,,,,,,,,,,,,,,,,,,,,,,,,,,,,,,,,,,,,,,,,,,,,,,,,,,,,,,
SuperMarket Clothing,Clothing,,Wknd|Wkdy,41760,41912,Constant,0.5,,,,,,,,,,,,,,,,,,,,,,,,From DOE Reference Buildings ,,,,,,,,,,,,,,,,,,,,,,,,,,,,,,,,,,,,,,,,,,,,,,,,,,,,,,,,,,,,,,,,,,,
SuperMarket HtgSetp,Thermostat Setpoint,C,Default|WntrDsn,41640,42004,Hourly,15.6,15.6,15.6,15.6,15.6,15.6,21,21,21,21,21,21,21,21,21,21,21,21,21,21,21,21,15.6,15.6,From DOE Reference Buildings ,,,,,,,,,,,,,,,,,,,,,,,,,,,,,,,,,,,,,,,,,,,,,,,,,,,,,,,,,,,,,,,,,,,
SuperMarket HtgSetp,Thermostat Setpoint,C,SmrDsn,41640,42004,Constant,15.6,,,,,,,,,,,,,,,,,,,,,,,,From DOE Reference Buildings ,,,,,,,,,,,,,,,,,,,,,,,,,,,,,,,,,,,,,,,,,,,,,,,,,,,,,,,,,,,,,,,,,,,
SuperMarket Infil Half On,Infiltration,,Default|SmrDsn|Sat,41640,42004,Hourly,1,1,1,1,1,1,0.5,0.5,0.5,0.5,0.5,0.5,0.5,0.5,0.5,0.5,0.5,0.5,0.5,0.5,0.5,0.5,1,1,From DOE Reference Buildings ,,,,,,,,,,,,,,,,,,,,,,,,,,,,,,,,,,,,,,,,,,,,,,,,,,,,,,,,,,,,,,,,,,,
SuperMarket Infil Half On,Infiltration,,Sun,41640,42004,Hourly,1,1,1,1,1,1,1,1,0.5,0.5,0.5,0.5,0.5,0.5,0.5,0.5,0.5,1,1,1,1,1,1,1,From DOE Reference Buildings ,,,,,,,,,,,,,,,,,,,,,,,,,,,,,,,,,,,,,,,,,,,,,,,,,,,,,,,,,,,,,,,,,,,
SuperMarket Infil Half On,Infiltration,,WntrDsn,41640,42004,Constant,1,,,,,,,,,,,,,,,,,,,,,,,,From DOE Reference Buildings ,,,,,,,,,,,,,,,,,,,,,,,,,,,,,,,,,,,,,,,,,,,,,,,,,,,,,,,,,,,,,,,,,,,
SuperMarket Work Eff,Unknown,,Default|WntrDsn|SmrDsn,41640,42004,Constant,0,,,,,,,,,,,,,,,,,,,,,,,,From DOE Reference Buildings ,,,,,,,,,,,,,,,,,,,,,,,,,,,,,,,,,,,,,,,,,,,,,,,,,,,,,,,,,,,,,,,,,,,
Warehouse Always Off Schedule,Unknown,,Default|WntrDsn|SmrDsn,41640,42004,Constant,0,,,,,,,,,,,,,,,,,,,,,,,,From DOE Prototype Buildings,,,,,,,,,,,,,,,,,,,,,,,,,,,,,,,,,,,,,,,,,,,,,,,,,,,,,,,,,,,,,,,,,,,
Warehouse Always On Schedule,Unknown,,Default|WntrDsn|SmrDsn,41640,42004,Constant,1,,,,,,,,,,,,,,,,,,,,,,,,From DOE Prototype Buildings,,,,,,,,,,,,,,,,,,,,,,,,,,,,,,,,,,,,,,,,,,,,,,,,,,,,,,,,,,,,,,,,,,,
Warehouse ALWAYS_OFF,Unknown,,Default|WntrDsn|SmrDsn,41640,42004,Constant,0,,,,,,,,,,,,,,,,,,,,,,,,From DOE Prototype Buildings,,,,,,,,,,,,,,,,,,,,,,,,,,,,,,,,,,,,,,,,,,,,,,,,,,,,,,,,,,,,,,,,,,,
Warehouse ALWAYS_ON,Unknown,,Default|WntrDsn|SmrDsn,41640,42004,Constant,1,,,,,,,,,,,,,,,,,,,,,,,,From DOE Prototype Buildings,,,,,,,,,,,,,,,,,,,,,,,,,,,,,,,,,,,,,,,,,,,,,,,,,,,,,,,,,,,,,,,,,,,
Warehouse Bldg Equip,Equipment,,Default,41640,42004,Hourly,0.1,0.1,0.1,0.1,0.1,0.1,0.1,0.5,0.8,0.9,0.9,0.9,0.8,0.9,0.9,0.9,0.9,0.4,0.1,0.1,0.1,0.1,0.1,0.1,From DOE Reference Buildings ,,,,,,,,,,,,,,,,,,,,,,,,,,,,,,,,,,,,,,,,,,,,,,,,,,,,,,,,,,,,,,,,,,,
Warehouse Bldg Equip,Equipment,,Sat,41640,42004,Hourly,0.1,0.1,0.1,0.1,0.1,0.1,0.1,0.1,0.2,0.4,0.4,0.4,0.1,0.1,0.1,0.1,0.1,0.1,0.1,0.1,0.1,0.1,0.1,0.1,From DOE Reference Buildings ,,,,,,,,,,,,,,,,,,,,,,,,,,,,,,,,,,,,,,,,,,,,,,,,,,,,,,,,,,,,,,,,,,,
Warehouse Bldg Equip,Equipment,,SmrDsn,41640,42004,Constant,1,,,,,,,,,,,,,,,,,,,,,,,,From DOE Reference Buildings ,,,,,,,,,,,,,,,,,,,,,,,,,,,,,,,,,,,,,,,,,,,,,,,,,,,,,,,,,,,,,,,,,,,
Warehouse Bldg Equip,Equipment,,Sun,41640,42004,Constant,0.1,,,,,,,,,,,,,,,,,,,,,,,,From DOE Reference Buildings ,,,,,,,,,,,,,,,,,,,,,,,,,,,,,,,,,,,,,,,,,,,,,,,,,,,,,,,,,,,,,,,,,,,
Warehouse Bldg Equip,Equipment,,WntrDsn,41640,42004,Constant,0,,,,,,,,,,,,,,,,,,,,,,,,From DOE Reference Buildings ,,,,,,,,,,,,,,,,,,,,,,,,,,,,,,,,,,,,,,,,,,,,,,,,,,,,,,,,,,,,,,,,,,,
Warehouse Bldg Light,Lighting,,Default,41640,42004,Hourly,0.1,0.1,0.1,0.1,0.1,0.1,0.1,0.4,0.7,0.9,0.9,0.9,0.8,0.9,0.9,0.9,0.9,0.3,0.1,0.1,0.1,0.1,0.1,0.1,From DOE Reference Buildings ,,,,,,,,,,,,,,,,,,,,,,,,,,,,,,,,,,,,,,,,,,,,,,,,,,,,,,,,,,,,,,,,,,,
Warehouse Bldg Light,Lighting,,Sat,41640,42004,Hourly,0.1,0.1,0.1,0.1,0.1,0.1,0.1,0.1,0.1,0.24,0.24,0.24,0.1,0.1,0.1,0.1,0.1,0.1,0.1,0.1,0.1,0.1,0.1,0.1,From DOE Reference Buildings ,,,,,,,,,,,,,,,,,,,,,,,,,,,,,,,,,,,,,,,,,,,,,,,,,,,,,,,,,,,,,,,,,,,
Warehouse Bldg Light,Lighting,,SmrDsn,41640,42004,Constant,1,,,,,,,,,,,,,,,,,,,,,,,,From DOE Reference Buildings ,,,,,,,,,,,,,,,,,,,,,,,,,,,,,,,,,,,,,,,,,,,,,,,,,,,,,,,,,,,,,,,,,,,
Warehouse Bldg Light,Lighting,,Sun,41640,42004,Constant,0.1,,,,,,,,,,,,,,,,,,,,,,,,From DOE Reference Buildings ,,,,,,,,,,,,,,,,,,,,,,,,,,,,,,,,,,,,,,,,,,,,,,,,,,,,,,,,,,,,,,,,,,,
Warehouse Bldg Light,Lighting,,WntrDsn,41640,42004,Constant,0,,,,,,,,,,,,,,,,,,,,,,,,From DOE Reference Buildings ,,,,,,,,,,,,,,,,,,,,,,,,,,,,,,,,,,,,,,,,,,,,,,,,,,,,,,,,,,,,,,,,,,,
Warehouse Bldg Occ,Occupancy,,Default,41640,42004,Hourly,0,0,0,0,0,0,0,0.15,0.7,0.9,0.9,0.9,0.5,0.85,0.85,0.85,0.2,0,0,0,0,0,0,0,From DOE Reference Buildings ,,,,,,,,,,,,,,,,,,,,,,,,,,,,,,,,,,,,,,,,,,,,,,,,,,,,,,,,,,,,,,,,,,,
Warehouse Bldg Occ,Occupancy,,Sat,41640,42004,Hourly,0,0,0,0,0,0,0,0,0.2,0.2,0.2,0.2,0.1,0.1,0.1,0.1,0,0,0,0,0,0,0,0,From DOE Reference Buildings ,,,,,,,,,,,,,,,,,,,,,,,,,,,,,,,,,,,,,,,,,,,,,,,,,,,,,,,,,,,,,,,,,,,
Warehouse Bldg Occ,Occupancy,,SmrDsn,41640,42004,Constant,1,,,,,,,,,,,,,,,,,,,,,,,,From DOE Reference Buildings ,,,,,,,,,,,,,,,,,,,,,,,,,,,,,,,,,,,,,,,,,,,,,,,,,,,,,,,,,,,,,,,,,,,
Warehouse Bldg Occ,Occupancy,,WntrDsn|Sun,41640,42004,Constant,0,,,,,,,,,,,,,,,,,,,,,,,,From DOE Reference Buildings ,,,,,,,,,,,,,,,,,,,,,,,,,,,,,,,,,,,,,,,,,,,,,,,,,,,,,,,,,,,,,,,,,,,
Warehouse BLDG_LIGHT_OFFICE_SCH,Lighting,,Default,41640,42004,Constant,0.18,,,,,,,,,,,,,,,,,,,,,,,,From DOE Prototype Buildings,,,,,,,,,,,,,,,,,,,,,,,,,,,,,,,,,,,,,,,,,,,,,,,,,,,,,,,,,,,,,,,,,,,
Warehouse BLDG_LIGHT_OFFICE_SCH,Lighting,,Sat|Wkdy,41640,42004,Hourly,0.18,0.18,0.18,0.18,0.18,0.18,0.23,0.42,0.77,0.77,0.77,0.77,0.68,0.77,0.77,0.77,0.77,0.61,0.18,0.18,0.18,0.18,0.18,0.18,From DOE Prototype Buildings,,,,,,,,,,,,,,,,,,,,,,,,,,,,,,,,,,,,,,,,,,,,,,,,,,,,,,,,,,,,,,,,,,,
Warehouse BLDG_LIGHT_OFFICE_SCH,Lighting,,SmrDsn,41640,42004,Constant,1,,,,,,,,,,,,,,,,,,,,,,,,From DOE Prototype Buildings,,,,,,,,,,,,,,,,,,,,,,,,,,,,,,,,,,,,,,,,,,,,,,,,,,,,,,,,,,,,,,,,,,,
Warehouse BLDG_LIGHT_OFFICE_SCH,Lighting,,WntrDsn,41640,42004,Constant,0,,,,,,,,,,,,,,,,,,,,,,,,From DOE Prototype Buildings,,,,,,,,,,,,,,,,,,,,,,,,,,,,,,,,,,,,,,,,,,,,,,,,,,,,,,,,,,,,,,,,,,,
Warehouse BLDG_LIGHT_STORAGE_SCH,Lighting,,Default,41640,42004,Constant,0.1,,,,,,,,,,,,,,,,,,,,,,,,From DOE Prototype Buildings,,,,,,,,,,,,,,,,,,,,,,,,,,,,,,,,,,,,,,,,,,,,,,,,,,,,,,,,,,,,,,,,,,,
Warehouse BLDG_LIGHT_STORAGE_SCH,Lighting,,Sat|Wkdy,41640,42004,Hourly,0.1,0.1,0.1,0.1,0.1,0.1,0.1,0.6,0.75,0.85,0.85,0.85,0.85,0.85,0.85,0.85,0.75,0.6,0.1,0.1,0.1,0.1,0.1,0.1,From DOE Prototype Buildings,,,,,,,,,,,,,,,,,,,,,,,,,,,,,,,,,,,,,,,,,,,,,,,,,,,,,,,,,,,,,,,,,,,
Warehouse BLDG_LIGHT_STORAGE_SCH,Lighting,,SmrDsn,41640,42004,Constant,1,,,,,,,,,,,,,,,,,,,,,,,,From DOE Prototype Buildings,,,,,,,,,,,,,,,,,,,,,,,,,,,,,,,,,,,,,,,,,,,,,,,,,,,,,,,,,,,,,,,,,,,
Warehouse BLDG_LIGHT_STORAGE_SCH,Lighting,,WntrDsn,41640,42004,Constant,0,,,,,,,,,,,,,,,,,,,,,,,,From DOE Prototype Buildings,,,,,,,,,,,,,,,,,,,,,,,,,,,,,,,,,,,,,,,,,,,,,,,,,,,,,,,,,,,,,,,,,,,
Warehouse BLDG_OCC_SCH,Occupancy,,Default,41640,42004,Constant,0,,,,,,,,,,,,,,,,,,,,,,,,From DOE Prototype Buildings,,,,,,,,,,,,,,,,,,,,,,,,,,,,,,,,,,,,,,,,,,,,,,,,,,,,,,,,,,,,,,,,,,,
Warehouse BLDG_OCC_SCH,Occupancy,,WntrDsn|SmrDsn|Sat|Wkdy,41640,42004,Hourly,0,0,0,0,0,0,0.11,0.21,1,1,1,1,0.53,1,1,1,1,0.32,0,0,0,0,0,0,From DOE Prototype Buildings,,,,,,,,,,,,,,,,,,,,,,,,,,,,,,,,,,,,,,,,,,,,,,,,,,,,,,,,,,,,,,,,,,,
Warehouse Bulk Storage Heating Setpoint Schedule,Unknown,C,Default|WntrDsn|SmrDsn,41640,42004,Constant,10,,,,,,,,,,,,,,,,,,,,,,,,From DOE Prototype Buildings,,,,,,,,,,,,,,,,,,,,,,,,,,,,,,,,,,,,,,,,,,,,,,,,,,,,,,,,,,,,,,,,,,,
Warehouse ClgSetp,Thermostat Setpoint,C,Default|SmrDsn,41640,42004,Hourly,30,30,30,30,30,30,30,24,24,24,24,24,24,24,24,24,24,30,30,30,30,30,30,30,From DOE Reference Buildings ,,,,,,,,,,,,,,,,,,,,,,,,,,,,,,,,,,,,,,,,,,,,,,,,,,,,,,,,,,,,,,,,,,,
Warehouse ClgSetp,Thermostat Setpoint,C,Sat,41640,42004,Hourly,30,30,30,30,30,30,30,30,24,24,24,24,24,24,24,24,30,30,30,30,30,30,30,30,From DOE Reference Buildings ,,,,,,,,,,,,,,,,,,,,,,,,,,,,,,,,,,,,,,,,,,,,,,,,,,,,,,,,,,,,,,,,,,,
Warehouse ClgSetp,Thermostat Setpoint,C,WntrDsn|Sun,41640,42004,Constant,30,,,,,,,,,,,,,,,,,,,,,,,,From DOE Reference Buildings ,,,,,,,,,,,,,,,,,,,,,,,,,,,,,,,,,,,,,,,,,,,,,,,,,,,,,,,,,,,,,,,,,,,
Warehouse ClgSetp FineStorage,Thermostat Setpoint,C,Default|WntrDsn|SmrDsn,41640,42004,Constant,26.7,,,,,,,,,,,,,,,,,,,,,,,,From DOE Reference Buildings ,,,,,,,,,,,,,,,,,,,,,,,,,,,,,,,,,,,,,,,,,,,,,,,,,,,,,,,,,,,,,,,,,,,
Warehouse Clothing,Clothing,,Default|WntrDsn,41640,42004,Constant,1,,,,,,,,,,,,,,,,,,,,,,,,From DOE Reference Buildings ,,,,,,,,,,,,,,,,,,,,,,,,,,,,,,,,,,,,,,,,,,,,,,,,,,,,,,,,,,,,,,,,,,,
Warehouse Clothing,Clothing,,SmrDsn,41640,42004,Constant,0.5,,,,,,,,,,,,,,,,,,,,,,,,From DOE Reference Buildings ,,,,,,,,,,,,,,,,,,,,,,,,,,,,,,,,,,,,,,,,,,,,,,,,,,,,,,,,,,,,,,,,,,,
Warehouse Clothing,Clothing,,Wknd|Wkdy,41913,42004,Constant,1,,,,,,,,,,,,,,,,,,,,,,,,From DOE Reference Buildings ,,,,,,,,,,,,,,,,,,,,,,,,,,,,,,,,,,,,,,,,,,,,,,,,,,,,,,,,,,,,,,,,,,,
Warehouse Clothing,Clothing,,Wknd|Wkdy,41760,41912,Constant,0.5,,,,,,,,,,,,,,,,,,,,,,,,From DOE Reference Buildings ,,,,,,,,,,,,,,,,,,,,,,,,,,,,,,,,,,,,,,,,,,,,,,,,,,,,,,,,,,,,,,,,,,,
Warehouse COMPACT HVAC-ALWAYS 1,Unknown,,Default|WntrDsn|SmrDsn,41640,42004,Constant,1,,,,,,,,,,,,,,,,,,,,,,,,From DOE Prototype Buildings,,,,,,,,,,,,,,,,,,,,,,,,,,,,,,,,,,,,,,,,,,,,,,,,,,,,,,,,,,,,,,,,,,,
Warehouse COMPACT HVAC-ALWAYS 4,Unknown,,Default|WntrDsn|SmrDsn,41640,42004,Constant,4,,,,,,,,,,,,,,,,,,,,,,,,From DOE Prototype Buildings,,,,,,,,,,,,,,,,,,,,,,,,,,,,,,,,,,,,,,,,,,,,,,,,,,,,,,,,,,,,,,,,,,,
Warehouse Exterior_Lgt_189_1,Unknown,,Default|WntrDsn|SmrDsn,41640,42004,Constant,0.5,,,,,,,,,,,,,,,,,,,,,,,,From DOE Prototype Buildings,,,,,,,,,,,,,,,,,,,,,,,,,,,,,,,,,,,,,,,,,,,,,,,,,,,,,,,,,,,,,,,,,,,
Warehouse Exterior_Lgt_ALWAYS_ON,Unknown,,Default|WntrDsn|SmrDsn,41640,42004,Constant,1,,,,,,,,,,,,,,,,,,,,,,,,From DOE Prototype Buildings,,,,,,,,,,,,,,,,,,,,,,,,,,,,,,,,,,,,,,,,,,,,,,,,,,,,,,,,,,,,,,,,,,,
Warehouse Exterior_lighting_schedule_a,Lighting,,Default|WntrDsn|SmrDsn,41640,42004,Hourly,0,0,0,0,0,0,1,1,1,1,1,1,1,1,1,1,1,1,1,1,1,1,1,1,From DOE Prototype Buildings,,,,,,,,,,,,,,,,,,,,,,,,,,,,,,,,,,,,,,,,,,,,,,,,,,,,,,,,,,,,,,,,,,,
Warehouse Exterior_lighting_schedule_b,Lighting,,Default|WntrDsn|SmrDsn,41640,42004,Hourly,0.7,0.7,0.7,0.7,0.7,0.7,1,1,1,1,1,1,1,1,1,1,1,1,1,1,1,1,1,1,From DOE Prototype Buildings,,,,,,,,,,,,,,,,,,,,,,,,,,,,,,,,,,,,,,,,,,,,,,,,,,,,,,,,,,,,,,,,,,,
Warehouse Exterior_Ltg_Sch,Unknown,,Default|WntrDsn|SmrDsn,41640,42004,Hourly,1,1,1,1,0,1,1,0,0,0,0,0,0,0,0,0,0,0,0,1,1,1,1,1,From DOE Prototype Buildings,,,,,,,,,,,,,,,,,,,,,,,,,,,,,,,,,,,,,,,,,,,,,,,,,,,,,,,,,,,,,,,,,,,
Warehouse FanSched,Unknown,,Default,41640,42004,Constant,0,,,,,,,,,,,,,,,,,,,,,,,,From DOE Prototype Buildings,,,,,,,,,,,,,,,,,,,,,,,,,,,,,,,,,,,,,,,,,,,,,,,,,,,,,,,,,,,,,,,,,,,
Warehouse FanSched,Unknown,,Sat|Wkdy,41640,42004,Hourly,0,0,0,0,0,0,0,1,1,1,1,1,1,1,1,1,1,1,0,0,0,0,0,0,From DOE Prototype Buildings,,,,,,,,,,,,,,,,,,,,,,,,,,,,,,,,,,,,,,,,,,,,,,,,,,,,,,,,,,,,,,,,,,,
Warehouse FanSched,Unknown,,WntrDsn|SmrDsn,41640,42004,Constant,1,,,,,,,,,,,,,,,,,,,,,,,,From DOE Prototype Buildings,,,,,,,,,,,,,,,,,,,,,,,,,,,,,,,,,,,,,,,,,,,,,,,,,,,,,,,,,,,,,,,,,,,
Warehouse Fine Storage Cooling Setpoint Schedule,Unknown,C,Default|WntrDsn|SmrDsn,41640,42004,Constant,26.7,,,,,,,,,,,,,,,,,,,,,,,,From DOE Prototype Buildings,,,,,,,,,,,,,,,,,,,,,,,,,,,,,,,,,,,,,,,,,,,,,,,,,,,,,,,,,,,,,,,,,,,
Warehouse Fine Storage Heating Setpoint Schedule,Unknown,C,Default|WntrDsn|SmrDsn,41640,42004,Constant,15.56,,,,,,,,,,,,,,,,,,,,,,,,From DOE Prototype Buildings,,,,,,,,,,,,,,,,,,,,,,,,,,,,,,,,,,,,,,,,,,,,,,,,,,,,,,,,,,,,,,,,,,,
Warehouse Hot Water Setpoint Temp Schedule,Unknown,W,Default|WntrDsn|SmrDsn,41640,42004,Constant,60,,,,,,,,,,,,,,,,,,,,,,,,From DOE Prototype Buildings,,,,,,,,,,,,,,,,,,,,,,,,,,,,,,,,,,,,,,,,,,,,,,,,,,,,,,,,,,,,,,,,,,,
Warehouse HtgSetp,Thermostat Setpoint,C,Default,41640,42004,Hourly,15.5,15.5,15.5,15.5,15.5,15.5,21,21,21,21,21,21,21,21,21,21,21,15.5,15.5,15.5,15.5,15.5,15.5,15.5,From DOE Reference Buildings ,,,,,,,,,,,,,,,,,,,,,,,,,,,,,,,,,,,,,,,,,,,,,,,,,,,,,,,,,,,,,,,,,,,
Warehouse HtgSetp,Thermostat Setpoint,C,Sat,41640,42004,Hourly,15.5,15.5,15.5,15.5,15.5,15.5,15.5,21,21,21,21,21,21,21,21,21,15.5,15.5,15.5,15.5,15.5,15.5,15.5,15.5,From DOE Reference Buildings ,,,,,,,,,,,,,,,,,,,,,,,,,,,,,,,,,,,,,,,,,,,,,,,,,,,,,,,,,,,,,,,,,,,
Warehouse HtgSetp,Thermostat Setpoint,C,SmrDsn|Sun,41640,42004,Constant,15.5,,,,,,,,,,,,,,,,,,,,,,,,From DOE Reference Buildings ,,,,,,,,,,,,,,,,,,,,,,,,,,,,,,,,,,,,,,,,,,,,,,,,,,,,,,,,,,,,,,,,,,,
Warehouse HtgSetp,Thermostat Setpoint,C,WntrDsn,41640,42004,Constant,21,,,,,,,,,,,,,,,,,,,,,,,,From DOE Reference Buildings ,,,,,,,,,,,,,,,,,,,,,,,,,,,,,,,,,,,,,,,,,,,,,,,,,,,,,,,,,,,,,,,,,,,
Warehouse HtgSetp BulkStorage,Thermostat Setpoint,C,Default|WntrDsn|SmrDsn,41640,42004,Constant,7.2,,,,,,,,,,,,,,,,,,,,,,,,From DOE Reference Buildings ,,,,,,,,,,,,,,,,,,,,,,,,,,,,,,,,,,,,,,,,,,,,,,,,,,,,,,,,,,,,,,,,,,,
Warehouse HtgSetp FineStorage,Thermostat Setpoint,C,Default|WntrDsn|SmrDsn,41640,42004,Constant,15.6,,,,,,,,,,,,,,,,,,,,,,,,From DOE Reference Buildings ,,,,,,,,,,,,,,,,,,,,,,,,,,,,,,,,,,,,,,,,,,,,,,,,,,,,,,,,,,,,,,,,,,,
Warehouse INFIL_Door_Opening_SCH,Infiltration,,Default|WntrDsn|SmrDsn,41640,42004,Constant,0,,,,,,,,,,,,,,,,,,,,,,,,From DOE Prototype Buildings,,,,,,,,,,,,,,,,,,,,,,,,,,,,,,,,,,,,,,,,,,,,,,,,,,,,,,,,,,,,,,,,,,,
Warehouse INFIL_Door_Opening_SCH,Infiltration,,Wkdy,41640,42004,Hourly,0,0,0,0,0,0,0.144,1,0.144,0.144,0.144,0.144,1,0.144,0.144,0.144,0.144,1,0.144,0,0,0,0,0,From DOE Prototype Buildings,,,,,,,,,,,,,,,,,,,,,,,,,,,,,,,,,,,,,,,,,,,,,,,,,,,,,,,,,,,,,,,,,,,
Warehouse MinOA_MotorizedDamper_Sched,OA Air,,Default,41640,42004,Constant,0,,,,,,,,,,,,,,,,,,,,,,,,From DOE Prototype Buildings,,,,,,,,,,,,,,,,,,,,,,,,,,,,,,,,,,,,,,,,,,,,,,,,,,,,,,,,,,,,,,,,,,,
Warehouse MinOA_MotorizedDamper_Sched,OA Air,,Sat|Wkdy,41640,42004,Hourly,0,0,0,0,0,0,0,0,1,1,1,1,1,1,1,1,1,1,0,0,0,0,0,0,From DOE Prototype Buildings,,,,,,,,,,,,,,,,,,,,,,,,,,,,,,,,,,,,,,,,,,,,,,,,,,,,,,,,,,,,,,,,,,,
Warehouse MinOA_MotorizedDamper_Sched,OA Air,,WntrDsn|SmrDsn,41640,42004,Constant,1,,,,,,,,,,,,,,,,,,,,,,,,From DOE Prototype Buildings,,,,,,,,,,,,,,,,,,,,,,,,,,,,,,,,,,,,,,,,,,,,,,,,,,,,,,,,,,,,,,,,,,,
Warehouse MinOA_Sched,OA Air,,Default|WntrDsn|SmrDsn,41640,42004,Constant,1,,,,,,,,,,,,,,,,,,,,,,,,From DOE Prototype Buildings,,,,,,,,,,,,,,,,,,,,,,,,,,,,,,,,,,,,,,,,,,,,,,,,,,,,,,,,,,,,,,,,,,,
Warehouse OA Damper Always ON Schedule,OA Air,,Default|WntrDsn|SmrDsn,41640,42004,Constant,1,,,,,,,,,,,,,,,,,,,,,,,,From DOE Prototype Buildings,,,,,,,,,,,,,,,,,,,,,,,,,,,,,,,,,,,,,,,,,,,,,,,,,,,,,,,,,,,,,,,,,,,
Warehouse OA Damper Off during off hrs Schedule,OA Air,,Default|Sun,41640,42004,Constant,0,,,,,,,,,,,,,,,,,,,,,,,,From DOE Prototype Buildings,,,,,,,,,,,,,,,,,,,,,,,,,,,,,,,,,,,,,,,,,,,,,,,,,,,,,,,,,,,,,,,,,,,
Warehouse OA Damper Off during off hrs Schedule,OA Air,,Sat,41640,42004,Hourly,0,0,0,0,0,0,0,0,1,1,1,1,1,1,1,1,1,0,0,0,0,0,0,0,From DOE Prototype Buildings,,,,,,,,,,,,,,,,,,,,,,,,,,,,,,,,,,,,,,,,,,,,,,,,,,,,,,,,,,,,,,,,,,,
Warehouse OA Damper Off during off hrs Schedule,OA Air,,WntrDsn|SmrDsn,41640,42004,Constant,1,,,,,,,,,,,,,,,,,,,,,,,,From DOE Prototype Buildings,,,,,,,,,,,,,,,,,,,,,,,,,,,,,,,,,,,,,,,,,,,,,,,,,,,,,,,,,,,,,,,,,,,
Warehouse Office_Plug_SCH,Unknown,,Default,41640,42004,Constant,0.3,,,,,,,,,,,,,,,,,,,,,,,,From DOE Prototype Buildings,,,,,,,,,,,,,,,,,,,,,,,,,,,,,,,,,,,,,,,,,,,,,,,,,,,,,,,,,,,,,,,,,,,
Warehouse Office_Plug_SCH,Unknown,,Sat|Wkdy,41640,42004,Hourly,0.3,0.3,0.3,0.3,0.3,0.3,0.3,0.5,1,1,1,1,0.94,1,1,1,1,0.5,0.3,0.3,0.3,0.3,0.3,0.3,From DOE Prototype Buildings,,,,,,,,,,,,,,,,,,,,,,,,,,,,,,,,,,,,,,,,,,,,,,,,,,,,,,,,,,,,,,,,,,,
Warehouse Office_Plug_SCH,Unknown,,SmrDsn,41640,42004,Constant,1,,,,,,,,,,,,,,,,,,,,,,,,From DOE Prototype Buildings,,,,,,,,,,,,,,,,,,,,,,,,,,,,,,,,,,,,,,,,,,,,,,,,,,,,,,,,,,,,,,,,,,,
Warehouse Office_Plug_SCH,Unknown,,WntrDsn,41640,42004,Constant,0,,,,,,,,,,,,,,,,,,,,,,,,From DOE Prototype Buildings,,,,,,,,,,,,,,,,,,,,,,,,,,,,,,,,,,,,,,,,,,,,,,,,,,,,,,,,,,,,,,,,,,,
Warehouse Work Eff,Unknown,,Default|WntrDsn|SmrDsn,41640,42004,Constant,0,,,,,,,,,,,,,,,,,,,,,,,,From DOE Reference Buildings ,,,,,,,,,,,,,,,,,,,,,,,,,,,,,,,,,,,,,,,,,,,,,,,,,,,,,,,,,,,,,,,,,,,
Warehouse ZoneControlSchedule,Unknown,,Default|WntrDsn|SmrDsn,41640,42004,Constant,1,,,,,,,,,,,,,,,,,,,,,,,,From DOE Prototype Buildings,,,,,,,,,,,,,,,,,,,,,,,,,,,,,,,,,,,,,,,,,,,,,,,,,,,,,,,,,,,,,,,,,,,
NCC-C3-Occupancy,Occupancy,FRACTION,Default,41640,42004,Hourly,0.9,0.9,0.9,0.9,0.9,0.8,0.7,0.6,0.6,0.3,0.1,0.1,0.1,0.1,0.1,0.1,0.2,0.3,0.4,0.5,0.6,0.7,0.7,0.9,NCC S35C2b (daily),,,,,,,,,,,,,,,,,,,,,,,,,,,,,,,,,,,,,,,,,,,,,,,,,,,,,,,,,,,,,,,,,,,
NCC-C3-Electric-Equipment,Equipment,FRACTION,Default,41640,42004,Hourly,0.2,0.2,0.15,0.15,0.15,0.15,0.4,0.8,0.5,0.3,0.2,0.2,0.2,0.2,0.2,0.2,0.2,0.4,0.4,0.5,0.6,0.6,0.4,0.2,NCC S35C2b (daily),,,,,,,,,,,,,,,,,,,,,,,,,,,,,,,,,,,,,,,,,,,,,,,,,,,,,,,,,,,,,,,,,,,
NCC-C3-Lighting,Lighting,FRACTION,Default,41640,42004,Hourly,0.05,0.05,0.05,0.05,0.05,0.25,0.8,0.8,0.5,0.2,0.2,0.2,0.2,0.2,0.2,0.2,0.2,0.5,0.5,0.5,0.5,0.5,0.5,0.5,NCC S35C2b (daily),,,,,,,,,,,,,,,,,,,,,,,,,,,,,,,,,,,,,,,,,,,,,,,,,,,,,,,,,,,,,,,,,,,
NCC-BizHours-Occupancy,Occupancy,FRACTION,Default|Wkdy,41640,42004,Hourly,0,0,0,0,0,0,0,0.1,0.2,0.7,0.7,0.7,0.7,0.7,0.7,0.7,0.7,0.35,0.1,0.05,0.05,0,0,0,NCC S35C2c (wkdy) / S35C2d (wknd+hol),,,,,,,,,,,,,,,,,,,,,,,,,,,,,,,,,,,,,,,,,,,,,,,,,,,,,,,,,,,,,,,,,,,
NCC-BizHours-Occupancy,Occupancy,FRACTION,Sat,41640,42004,Hourly,0,0,0,0,0,0,0,0,0.05,0.05,0.05,0.05,0.05,0.05,0.05,0.05,0.05,0,0,0,0,0,0,0,NCC S35C2c (wkdy) / S35C2d (wknd+hol),,,,,,,,,,,,,,,,,,,,,,,,,,,,,,,,,,,,,,,,,,,,,,,,,,,,,,,,,,,,,,,,,,,
NCC-BizHours-Occupancy,Occupancy,FRACTION,Sun|Hol,41640,42004,Hourly,0,0,0,0,0,0,0,0,0.05,0.05,0.05,0.05,0.05,0.05,0.05,0.05,0.05,0,0,0,0,0,0,0,NCC S35C2c (wkdy) / S35C2d (wknd+hol),,,,,,,,,,,,,,,,,,,,,,,,,,,,,,,,,,,,,,,,,,,,,,,,,,,,,,,,,,,,,,,,,,,
NCC-BizHours-Electric-Equipment,Equipment,FRACTION,Default|Wkdy,41640,42004,Hourly,0.25,0.25,0.25,0.25,0.25,0.25,0.25,0.65,0.8,1,1,1,1,1,1,1,1,0.8,0.65,0.55,0.25,0.25,0.25,0.25,NCC S35C2c (wkdy) / S35C2d (wknd+hol),,,,,,,,,,,,,,,,,,,,,,,,,,,,,,,,,,,,,,,,,,,,,,,,,,,,,,,,,,,,,,,,,,,
NCC-BizHours-Electric-Equipment,Equipment,FRACTION,Sat,41640,42004,Hourly,0.25,0.25,0.25,0.25,0.25,0.25,0.25,0.25,0.25,0.25,0.25,0.25,0.25,0.25,0.25,0.25,0.25,0.25,0.25,0.25,0.25,0.25,0.25,0.25,NCC S35C2c (wkdy) / S35C2d (wknd+hol),,,,,,,,,,,,,,,,,,,,,,,,,,,,,,,,,,,,,,,,,,,,,,,,,,,,,,,,,,,,,,,,,,,
NCC-BizHours-Electric-Equipment,Equipment,FRACTION,Sun|Hol,41640,42004,Hourly,0.25,0.25,0.25,0.25,0.25,0.25,0.25,0.25,0.25,0.25,0.25,0.25,0.25,0.25,0.25,0.25,0.25,0.25,0.25,0.25,0.25,0.25,0.25,0.25,NCC S35C2c (wkdy) / S35C2d (wknd+hol),,,,,,,,,,,,,,,,,,,,,,,,,,,,,,,,,,,,,,,,,,,,,,,,,,,,,,,,,,,,,,,,,,,
NCC-BizHours-Lighting,Lighting,FRACTION,Default|Wkdy,41640,42004,Hourly,0,0,0,0,0,0,0,0.4,0.9,1,1,1,1,1,1,1,1,0.8,0.6,0.6,0.5,0,0,0,NCC S35C2c (wkdy) / S35C2d (wknd+hol),,,,,,,,,,,,,,,,,,,,,,,,,,,,,,,,,,,,,,,,,,,,,,,,,,,,,,,,,,,,,,,,,,,
NCC-BizHours-Lighting,Lighting,FRACTION,Sat,41640,42004,Hourly,0,0,0,0,0,0,0,0,0.15,0.15,0.15,0.15,0.15,0.15,0.15,0.15,0.15,0,0,0,0,0,0,0,NCC S35C2c (wkdy) / S35C2d (wknd+hol),,,,,,,,,,,,,,,,,,,,,,,,,,,,,,,,,,,,,,,,,,,,,,,,,,,,,,,,,,,,,,,,,,,
NCC-BizHours-Lighting,Lighting,FRACTION,Sun|Hol,41640,42004,Hourly,0,0,0,0,0,0,0,0,0.15,0.15,0.15,0.15,0.15,0.15,0.15,0.15,0.15,0,0,0,0,0,0,0,NCC S35C2c (wkdy) / S35C2d (wknd+hol),,,,,,,,,,,,,,,,,,,,,,,,,,,,,,,,,,,,,,,,,,,,,,,,,,,,,,,,,,,,,,,,,,,
NCC-C6Shop-Occupancy,Occupancy,FRACTION,Default,41640,42004,Hourly,0,0,0,0,0,0,0,0.1,0.2,0.2,0.15,0.25,0.25,0.2,0.2,0.2,0.2,0.05,0.05,0,0,0,0,0,NCC S35C2e (daily),,,,,,,,,,,,,,,,,,,,,,,,,,,,,,,,,,,,,,,,,,,,,,,,,,,,,,,,,,,,,,,,,,,
NCC-C6Shop-Electric-Equipment,Equipment,FRACTION,Default,41640,42004,Hourly,0.25,0.25,0.25,0.25,0.25,0.25,0.25,0.7,0.7,0.7,0.7,0.7,0.7,0.7,0.7,0.7,0.7,0.7,0.7,0.1,0.1,0.1,0.1,0.1,NCC S35C2e (daily),,,,,,,,,,,,,,,,,,,,,,,,,,,,,,,,,,,,,,,,,,,,,,,,,,,,,,,,,,,,,,,,,,,
NCC-C6Shop-Lighting,Lighting,FRACTION,Default,41640,42004,Hourly,0,0,0,0,0,0,0,1,1,1,1,1,1,1,1,1,1,1,1,0,0,0,0,0,NCC S35C2e (daily),,,,,,,,,,,,,,,,,,,,,,,,,,,,,,,,,,,,,,,,,,,,,,,,,,,,,,,,,,,,,,,,,,,
NCC-C6Restaurant-Occupancy,Occupancy,FRACTION,Default|Wkdy|Sat,41640,42004,Hourly,0,0,0,0,0,0,0.05,0.05,0.05,0.05,0.2,0.5,0.8,0.7,0.4,0.2,0.25,0.5,0.8,0.8,0.8,0.5,0.35,0.2,NCC S35C2f (Mon-Sat) / Sunday note (0% occ),,,,,,,,,,,,,,,,,,,,,,,,,,,,,,,,,,,,,,,,,,,,,,,,,,,,,,,,,,,,,,,,,,,
NCC-C6Restaurant-Occupancy,Occupancy,FRACTION,Sun|Hol,41640,42004,Hourly,0,0,0,0,0,0,0,0,0,0,0,0,0,0,0,0,0,0,0,0,0,0,0,0,NCC S35C2f (Mon-Sat) / Sunday note (0% occ),,,,,,,,,,,,,,,,,,,,,,,,,,,,,,,,,,,,,,,,,,,,,,,,,,,,,,,,,,,,,,,,,,,
NCC-C6Restaurant-Electric-Equipment,Equipment,FRACTION,Default|Wkdy|Sat,41640,42004,Hourly,0.15,0.15,0.15,0.15,0.15,0.15,0.4,0.4,0.6,0.6,0.9,0.9,0.9,0.9,0.9,0.9,0.9,0.9,0.9,0.9,0.9,0.9,0.5,0.3,NCC S35C2f (Mon-Sat) / Sunday note (5% continuous),,,,,,,,,,,,,,,,,,,,,,,,,,,,,,,,,,,,,,,,,,,,,,,,,,,,,,,,,,,,,,,,,,,
NCC-C6Restaurant-Electric-Equipment,Equipment,FRACTION,Sun|Hol,41640,42004,Hourly,0.05,0.05,0.05,0.05,0.05,0.05,0.05,0.05,0.05,0.05,0.05,0.05,0.05,0.05,0.05,0.05,0.05,0.05,0.05,0.05,0.05,0.05,0.05,0.05,NCC S35C2f (Mon-Sat) / Sunday note (5% continuous),,,,,,,,,,,,,,,,,,,,,,,,,,,,,,,,,,,,,,,,,,,,,,,,,,,,,,,,,,,,,,,,,,,
NCC-C6Restaurant-Lighting,Lighting,FRACTION,Default|Wkdy|Sat,41640,42004,Hourly,0.05,0.05,0.05,0.05,0.05,0.05,0.4,0.4,0.6,0.6,0.9,0.9,0.9,0.9,0.9,0.9,0.9,0.9,0.9,0.9,0.9,0.9,0.5,0.3,NCC S35C2f (Mon-Sat) / Sunday note (5% continuous),,,,,,,,,,,,,,,,,,,,,,,,,,,,,,,,,,,,,,,,,,,,,,,,,,,,,,,,,,,,,,,,,,,
NCC-C6Restaurant-Lighting,Lighting,FRACTION,Sun|Hol,41640,42004,Hourly,0.05,0.05,0.05,0.05,0.05,0.05,0.05,0.05,0.05,0.05,0.05,0.05,0.05,0.05,0.05,0.05,0.05,0.05,0.05,0.05,0.05,0.05,0.05,0.05,NCC S35C2f (Mon-Sat) / Sunday note (5% continuous),,,,,,,,,,,,,,,,,,,,,,,,,,,,,,,,,,,,,,,,,,,,,,,,,,,,,,,,,,,,,,,,,,,
NCC-C9aWard-Occupancy,Occupancy,FRACTION,Default,41640,42004,Hourly,0.7,0.7,0.7,0.7,0.7,0.7,0.7,0.7,0.7,0.7,0.7,0.7,0.7,0.7,0.7,0.7,0.7,0.7,0.7,0.7,0.7,0.7,0.7,0.7,NCC S35C2g (daily),,,,,,,,,,,,,,,,,,,,,,,,,,,,,,,,,,,,,,,,,,,,,,,,,,,,,,,,,,,,,,,,,,,
NCC-C9aWard-Lighting,Lighting,FRACTION,Default,41640,42004,Hourly,0.05,0.05,0.05,0.05,0.05,0.25,0.8,0.8,0.5,0.2,0.2,0.2,0.2,0.2,0.2,0.2,0.2,0.5,0.5,0.5,0.5,0.5,0.5,0.05,NCC S35C2g (daily),,,,,,,,,,,,,,,,,,,,,,,,,,,,,,,,,,,,,,,,,,,,,,,,,,,,,,,,,,,,,,,,,,,
NCC-C9bTheatre-Occupancy,Occupancy,FRACTION,Default|Wkdy,41640,42004,Hourly,0,0,0,0,0,0,0,0,0,0,0,0,0.2,0.7,0.7,0.7,0.7,0.2,0.2,0.7,0.7,0.7,0.7,0.1,NCC S35C2h (Mon-Fri) / (Sat-Sun),,,,,,,,,,,,,,,,,,,,,,,,,,,,,,,,,,,,,,,,,,,,,,,,,,,,,,,,,,,,,,,,,,,
NCC-C9bTheatre-Occupancy,Occupancy,FRACTION,Sat,41640,42004,Hourly,0,0,0,0,0,0,0,0,0.2,0.7,0.7,0.7,0.2,0.7,0.7,0.7,0.7,0.2,0.2,0.7,0.7,0.7,0.7,0.1,NCC S35C2h (Mon-Fri) / (Sat-Sun),,,,,,,,,,,,,,,,,,,,,,,,,,,,,,,,,,,,,,,,,,,,,,,,,,,,,,,,,,,,,,,,,,,
NCC-C9bTheatre-Occupancy,Occupancy,FRACTION,Sun|Hol,41640,42004,Hourly,0,0,0,0,0,0,0,0,0.2,0.7,0.7,0.7,0.2,0.7,0.7,0.7,0.7,0.2,0.2,0.7,0.7,0.7,0.7,0.1,NCC S35C2h (Mon-Fri) / (Sat-Sun),,,,,,,,,,,,,,,,,,,,,,,,,,,,,,,,,,,,,,,,,,,,,,,,,,,,,,,,,,,,,,,,,,,
NCC-C9bTheatre-Lighting,Lighting,FRACTION,Default,41640,42004,Hourly,0.05,0.05,0.05,0.05,0.05,0.05,0.05,0.05,1,0.1,0.1,0.1,1,0.05,0.05,0.05,0.05,1,1,1,0.05,0.05,0.05,1,NCC S35C2h (identical Mon-Fri/Sat-Sun),,,,,,,,,,,,,,,,,,,,,,,,,,,,,,,,,,,,,,,,,,,,,,,,,,,,,,,,,,,,,,,,,,,
NCC-C9bConference-Occupancy,Occupancy,FRACTION,Default,41640,42004,Hourly,0,0,0,0,0,0,0.05,0.1,0.2,0.2,0.25,0.3,0.3,0.35,0.3,0.3,0.35,0.25,0.2,0.15,0.1,0.1,0.1,0.05,NCC S35C2i (daily),,,,,,,,,,,,,,,,,,,,,,,,,,,,,,,,,,,,,,,,,,,,,,,,,,,,,,,,,,,,,,,,,,,
NCC-C9bConference-LightingEquipment,Lighting/Equipment,FRACTION,Default,41640,42004,Hourly,0.15,0.15,0.15,0.15,0.15,0.15,0.25,0.45,0.45,0.45,0.6,0.6,0.6,0.6,0.45,0.6,0.6,0.6,0.6,0.25,0.25,0.25,0.25,0.25,"NCC S35C2i (daily, combined lighting+equipment column)",,,,,,,,,,,,,,,,,,,,,,,,,,,,,,,,,,,,,,,,,,,,,,,,,,,,,,,,,,,,,,,,,,,
NCC-C9bSchool-Occupancy,Occupancy,FRACTION,Default|Wkdy,41640,42004,Hourly,0,0,0,0,0,0,0,0.05,0.75,0.9,0.9,0.9,0.5,0.5,0.9,0.7,0.5,0.2,0.2,0.2,0.1,0.05,0.05,0.05,NCC S35C2j (Mon-Fri) / weekend note (0% occ),,,,,,,,,,,,,,,,,,,,,,,,,,,,,,,,,,,,,,,,,,,,,,,,,,,,,,,,,,,,,,,,,,,
NCC-C9bSchool-Occupancy,Occupancy,FRACTION,Sat|Sun|Hol,41640,42004,Hourly,0,0,0,0,0,0,0,0,0,0,0,0,0,0,0,0,0,0,0,0,0,0,0,0,NCC S35C2j (Mon-Fri) / weekend note (0% occ),,,,,,,,,,,,,,,,,,,,,,,,,,,,,,,,,,,,,,,,,,,,,,,,,,,,,,,,,,,,,,,,,,,
NCC-C9bSchool-Electric-Equipment,Equipment,FRACTION,Default|Wkdy,41640,42004,Hourly,0.05,0.05,0.05,0.05,0.05,0.05,0.05,0.3,0.85,0.95,0.95,0.95,0.7,0.7,0.95,0.8,0.6,0.2,0.2,0.2,0.1,0.05,0.05,0.05,NCC S35C2j (Mon-Fri) / weekend note (5% continuous),,,,,,,,,,,,,,,,,,,,,,,,,,,,,,,,,,,,,,,,,,,,,,,,,,,,,,,,,,,,,,,,,,,
NCC-C9bSchool-Electric-Equipment,Equipment,FRACTION,Sat|Sun|Hol,41640,42004,Hourly,0.05,0.05,0.05,0.05,0.05,0.05,0.05,0.05,0.05,0.05,0.05,0.05,0.05,0.05,0.05,0.05,0.05,0.05,0.05,0.05,0.05,0.05,0.05,0.05,NCC S35C2j (Mon-Fri) / weekend note (5% continuous),,,,,,,,,,,,,,,,,,,,,,,,,,,,,,,,,,,,,,,,,,,,,,,,,,,,,,,,,,,,,,,,,,,
NCC-C9bSchool-Lighting,Lighting,FRACTION,Default|Wkdy,41640,42004,Hourly,0,0,0,0,0,0,0,0.2,0.85,0.95,0.95,0.95,0.6,0.6,0.95,0.9,0.7,0.2,0.2,0.2,0.05,0,0,0,NCC S35C2j (Mon-Fri) / weekend note (5% continuous),,,,,,,,,,,,,,,,,,,,,,,,,,,,,,,,,,,,,,,,,,,,,,,,,,,,,,,,,,,,,,,,,,,
NCC-C9bSchool-Lighting,Lighting,FRACTION,Sat|Sun|Hol,41640,42004,Hourly,0.05,0.05,0.05,0.05,0.05,0.05,0.05,0.05,0.05,0.05,0.05,0.05,0.05,0.05,0.05,0.05,0.05,0.05,0.05,0.05,0.05,0.05,0.05,0.05,NCC S35C2j (Mon-Fri) / weekend note (5% continuous),,,,,,,,,,,,,,,,,,,,,,,,,,,,,,,,,,,,,,,,,,,,,,,,,,,,,,,,,,,,,,,,,,,
NCC-C9cAgedCare-Occupancy,Occupancy,FRACTION,Default|Wkdy,41640,42004,Hourly,0.85,0.85,0.85,0.85,0.85,0.85,0.85,0.8,0.5,0.5,0.5,0.5,0.5,0.5,0.5,0.5,0.5,0.5,0.7,0.7,0.8,0.85,0.85,0.85,"NCC S35C2k (Mon-Fri) / (Sat, Sun, holidays)",,,,,,,,,,,,,,,,,,,,,,,,,,,,,,,,,,,,,,,,,,,,,,,,,,,,,,,,,,,,,,,,,,,
NCC-C9cAgedCare-Occupancy,Occupancy,FRACTION,Sat|Sun|Hol,41640,42004,Hourly,0.85,0.85,0.85,0.85,0.85,0.85,0.85,0.85,0.5,0.5,0.5,0.5,0.5,0.5,0.5,0.5,0.5,0.5,0.5,0.7,0.8,0.8,0.85,0.85,"NCC S35C2k (Mon-Fri) / (Sat, Sun, holidays)",,,,,,,,,,,,,,,,,,,,,,,,,,,,,,,,,,,,,,,,,,,,,,,,,,,,,,,,,,,,,,,,,,,
NCC-C9cAgedCare-Lighting,Lighting,FRACTION,Default,41640,42004,Hourly,0.05,0.05,0.05,0.05,0.05,0.25,0.8,0.8,0.5,0.2,0.2,0.2,0.2,0.2,0.2,0.2,0.2,0.5,0.5,0.5,0.5,0.5,0.5,0.05,NCC S35C2k (identical every day),,,,,,,,,,,,,,,,,,,,,,,,,,,,,,,,,,,,,,,,,,,,,,,,,,,,,,,,,,,,,,,,,,,
