OS:SpaceType,,,,,,,,,,,,OS:People:Definition,,,,,,,,,,,,,,,,,,OS:DesignSpecification:OutdoorAir,,,,,,,,,,,,OS:ElectricEquipment:Definition,,,,,,,,,,OS:Lights:Definition,,,,,,,,,OS:GasEquipment:Definition,,,,,,,,,,,OS:SpaceInfiltration:DesignFlowRate,,,,,,,,,,OS:InternalMass:Definition,,,,,,,,,,,,,,,,
,,,,,,,OS:Rendering:Color,OS:Rendering:Color,OS:Rendering:Color,OS:SpaceType,OS:Schedule,,,OS:People:Definition,,,,,OS:Schedule,OS:Schedule,OS:Schedule,OS:People:Definition,,,,,OS:People:Definition,,OS:Schedule,,OS:DesignSpecification:OutdoorAir,,OS:DesignSpecification:OutdoorAir,,,OS:DesignSpecification:OutdoorAir,,,,,OS:DesignSpecification:OutdoorAir,,OS:ElectricEquipment:Definition,OS:ElectricEquipment:Definition,OS:ElectricEquipment:Definition,OS:ElectricEquipment:Definition,,,,OS:ElectricEquipment:Definition,OS:Schedule,,OS:Lights:Definition,OS:Lights:Definition,OS:Lights:Definition,,,,OS:Lights:Definition,OS:Schedule,,,OS:GasEquipment:Definition,OS:GasEquipment:Definition,OS:GasEquipment:Definition,OS:GasEquipment:Definition,,,,OS:GasEquipment:Definition,OS:Schedule,,OS:SpaceInfiltration:DesignFlowRate,,,,,OS:SpaceInfiltration:DesignFlowRate,OS:Schedule,,,OS:InternalMass:Definition,OS:InternalMass:Definition,OS:InternalMass:Definition,OS:Material,OS:Material,OS:Material,OS:Material,OS:Material,OS:Material,OS:Material,OS:Material,OS:Construction and OS:Material,,,,,OS:InternalMass:Definition
CATEGORY,!- Standards Template,!- Standards Building Type,!- Standards Space Type,Code Year,State,Code,!- Rendering Red Value,!- Rendering Green Value,!- Rendering Blue Value,!- Name,Schedule Set !- Name,OCCUPANT DENSITY FT2/person,OCCUPANT DENSITY #/1000 FT2,!- People per Space Floor Area {person/m2},Sensible Heat Gain (Btu/h-person),Sensible Heat Gain (W/person),Latent Heat Gain  (Btu/h-person),Latent Heat Gain  (W/person),Summer Design Day Total Heat Gain (W/person),Winter Design Day Total Heat Gain (W/person),Default Day Total Heat Gain (W/person),!- Sensible Heat Fraction,Source_1,Additional Info_1,Source_2,Additional Info_2,!- Name,!- Number of People Schedule Name,Occupancy Activity Schedule !- Name,"PEOPLE OUTDOOR 
AIRFLOW RATE IN 
BREATHING ZONE Rp 
CFM/PERSON ",!- Outdoor Air Flow per Person {m3/s-person},"AREA OUTDOOR 
AIRFLOW RATE IN 
BREATHING ZONE Ra 
CFM/FT2a ",!- Outdoor Air Flow per Floor Area {m3/s-m2},"EXHAUST 
AIRFLOW RATE 
CFM/FT
2 ","EXHAUST 
AIRFLOW RATE 
m3/s-m2",!- Outdoor Air Flow Air Changes per Hour {1/hr},Source_1,Additional Info_1,Source_2,Additional Info_2,!- Name,Default  Power Density (W/ft2),!- Watts per Space Floor Area {W/m2},!- Fraction Latent,!- Fraction Radiant,!- Fraction Lost,Source_1,Source_2,Additional Info,!- Name,Electric Equipment Schedule,Default  Power Density (W/ft2),!- Watts per Space Floor Area {W/m2},!- Fraction Radiant,!- Fraction Visible,Source_1,Source_2,Additional Info,!- Name,Lighting Schedule,Interior Gas Appliance Power Density       (W/ft2),Interior Gas Appliance Power Density       (Btu/h-ft2),!- Power per Zone Floor Area {W/m2},!- Fraction Latent,!- Fraction Radiant,!- Fraction Lost,Source_1,Source_2,Additional Info,!- Name,Gas Equipment Schedule,Infiltration per Exterior Area (ft^3/min*ft^2 ext),!- Flow per Exterior Surface Area {m3/s-m2},Source_1,Additional Info_1,Source_2,Additional Info_2,!- Name,Infiltration Schedule,Building Type,Space Type,!- Surface Area {m2},!- Surface Area per Space Floor Area {dimensionless},!- Surface Area per Person {m2/person}, !- Roughness, !- Thickness {m}, !- Conductivity {W/m-K}, !- Density {kg/m3}, !- Specific Heat {J/kg-K},  !- Thermal Absorptance,  !- Solar Absorptance,  !- Visible Absorptance, !- Name,Source_1,Additional Info_1,Source_2,Additional Info_2,!- Name
d83d8e85-c973-43f1-8010-e8f36dc62725,464b7a91-abc0-48af-b607-07922fa703df,789d7a7f-91a3-4dde-9310-9a74c14d32e5,c3101f12-7b66-41ad-90b5-0c5afec65227,,,,bb3bf4f1-c80b-43b9-93a6-263313c59141,f48c2a4a-3151-4163-b625-b93c6c227f62,35292a8f-2c31-428e-b12b-ecb42e41f30c,c318426a-e0cf-4c00-830e-9470f81507bb,36715673-fabf-4b26-bcb3-54efccbcf6ca,,,1f550d2e-d956-4855-8f6c-850193633ba2,,,,,f70f21e0-e825-4f34-a3a0-3417ba47b289,0a44a70a-025f-4b95-b067-1905cd773228,f3e926b6-9054-43e5-b214-72715fea5476,7e5f790a-2539-4f59-b04d-75858ff1caa0,,,,,0e52365f-0968-4865-98c8-5a391db72fe1,729982cd-0e35-4f56-90dd-aa3ce52c45a4,7c329b17-a9b9-429d-87d6-8d696bb1a0f1,,a791e0a0-108f-4ea5-ac55-ffbc9ef41f04,,03d16ff5-015b-4c1f-89e1-fb9e8f3c323e,,,41dd9f25-8df0-46e6-9f29-cceef9210ae8,,,,,f8a27cd2-f746-4301-a112-59d13e40d78d,,dd740279-a043-472e-9440-1247838bdebd,93c3190c-58c6-4fa6-b31d-e972f017b622,e7668a0e-eeeb-49fe-b68d-e4673ff0492f,17a128c0-8bb3-42fe-8fa8-e9b6c9857c61,,,,88a913cc-2e7a-402c-8f68-e04d9aea2bfe,922e17af-4f99-4a08-92d5-c8797f685f91,,da106b8e-74c8-48ae-9585-c42116b2ba37,37274c8e-ef2a-4273-be16-1568ef1010d8,2f6014cb-8ffd-48ef-8c06-e2f22e8f09fb,,,,8cd22776-3059-4312-be9f-414a4cc9a5d4,06a4bb43-86fe-4d0d-b323-df7f797ddedf,,,75657b05-6269-49ed-9dde-0685e47cd2e8,d7a052b3-0fd2-4248-aceb-14699019a4a4,fa38e540-d001-49d9-b3f1-d1a707fc1579,297cff0e-3751-4d1e-8c51-b492f8bae160,,,,4478951e-a465-46c5-913d-bcea7a66cb2a,be6b6705-67ab-46ec-a6e5-80adf6c48c0a,,821df950-1005-42a1-bb71-94e21d06f843,,,,,f0b3db32-813a-495e-9ca0-dde8056737c8,94e29b50-ba90-424a-98b8-c2dc37ad1d28,,,620be5d0-583e-43e9-b3de-0b70c7cf5176,953b161f-1acf-4fc3-a393-bdce6b3c5153,b80aad76-63a0-4cbf-802e-5e89b172c4f9,1bd0cfbf-ead3-4e72-b15b-e4980f9b59db,dc1f4078-c6b5-4ccb-a537-4da64d413107,cff5961c-e380-4d30-9a4d-0bfdf353115f,5a6d7588-d7ab-4a8a-be29-d0e69477a2d9,51ff4529-089d-43c6-90c4-e6bdcb13b9fe,dc5451c6-9cf1-4680-bb77-8c264cd2f1ec,50e1157d-9579-4ef9-b50e-099cefad7e0f,2810bb86-71f1-4ece-94e6-b7427b2274ef,feb23d72-7ec3-4505-84ec-987e02009258,,,,,65c47774-d0bf-4ce9-ba77-1b1304459dc7
BA Automotive Facility,2021_WA_BuildingCode,WholeBuilding,Automotive Facility,2021,WA,BuildingCode,255,255,255,BA Automotive Facility_2021WABuildingCode,BA Automotive Facility_2021WABuildingCodeScheduleSet,143,7,0.075,375,110,625,183,293,97,120,0.38,COMNET-REV9,WholeBuilding,,,COMNET-REV9WholeBuildingBA Automotive FacilityPeopleDef,NECB-E-Occupancy,BA Automotive FacilityActivity,,,0.25,0.00127,,,,COMNET-REV9,WholeBuilding,,,COMNET-REV9WholeBuildingBA Automotive FacilityVent,0.50,5.42,0.00,0.50,0.00,COMNET-REV9,NREL 956/Eley Analysis,DOEPrototype,COMNET-REV9NREL 956/Eley AnalysisDOEPrototypeBA Automotive FacilityElectricalEquipDef,NECB-E-Electric-Equipment,0.64,6.89,0.37,0.20,Washington State Energy Code Commercial TABLE C405.4.2,,Automotive facility,Washington State Energy Code Commercial TABLE C405.4.2Automotive facilityLightingDef,NECB-E-Lighting,0.22,0.75,8.11,0.00,0.75,0.25,COMNET-REV9,California Commercial End-Use Survey (CEUS),93%ThermEffRadiant,COMNET-REV9California Commercial End-Use Survey (CEUS)93%ThermEffRadiantBA Automotive FacilityGasEquipDef,NECB-E-Electric-Equipment,0.049225,2.32316E-05,PNNL-,NECB 2011,DOE_Prototype,Automotive facility_WholeBuilding,PNNL-NECB 2011BA Automotive FacilityInfil,Always On,Automotive facility,WholeBuilding,,2,,MediumSmooth,0.15,0.12,540,1210,0.9,0.7,0.7,Std Wood 6inch,OpenStudio-Prototype-Buildings,,,Std Wood 6inch,OpenStudio-Prototype-BuildingsStd Wood 6inchInternalMassDef
BA Convention Center,2021_WA_BuildingCode,WholeBuilding,Convention Center,2021,WA,BuildingCode,255,255,255,BA Convention Center_2021WABuildingCode,BA Convention Center_2021WABuildingCodeScheduleSet,20,50,0.538,250,73,200,59,132,97,120,0.56,COMNET-REV9,WholeBuilding,,,COMNET-REV9WholeBuildingBA Convention CenterPeopleDef,NECB-C-Occupancy,BA Convention CenterActivity,,,0.31,0.0015748,,,,COMNET-REV9,WholeBuilding,,,COMNET-REV9WholeBuildingBA Convention CenterVent,0.75,8.05,0.00,0.50,0.00,COMNET-REV9,NREL 956/Eley Analysis,DOEPrototype,COMNET-REV9NREL 956/Eley AnalysisDOEPrototypeBA Convention CenterElectricalEquipDef,NECB-C-Electric-Equipment,0.64,6.89,0.37,0.20,Washington State Energy Code Commercial TABLE C405.4.2,,Convention center,Washington State Energy Code Commercial TABLE C405.4.2Convention centerLightingDef,NECB-C-Lighting,0.01,0.02,0.25,0.00,0.75,0.25,COMNET-REV9,California Commercial End-Use Survey (CEUS),93%ThermEffRadiant,COMNET-REV9California Commercial End-Use Survey (CEUS)93%ThermEffRadiantBA Convention CenterGasEquipDef,NECB-C-Electric-Equipment,0.049225,2.32316E-05,PNNL-,NECB 2011,DOE_Prototype,Convention centre_WholeBuilding,PNNL-NECB 2011BA Convention CenterInfil,Always On,Convention centre,WholeBuilding,,2,,MediumSmooth,0.15,0.12,540,1210,0.9,0.7,0.7,Std Wood 6inch,OpenStudio-Prototype-Buildings,,,Std Wood 6inch,OpenStudio-Prototype-BuildingsStd Wood 6inchInternalMassDef
BA Courthouse,2021_WA_BuildingCode,WholeBuilding,Courthouse,2021,WA,BuildingCode,255,255,255,BA Courthouse_2021WABuildingCode,BA Courthouse_2021WABuildingCodeScheduleSet,14,71,0.769,250,73,200,59,132,97,120,0.56,COMNET-REV9,WholeBuilding,,,COMNET-REV9WholeBuildingBA CourthousePeopleDef,NECB-A-Occupancy,BA CourthouseActivity,,,0.41,0.0020828,,,,COMNET-REV9,WholeBuilding,,,COMNET-REV9WholeBuildingBA CourthouseVent,1.67,17.96,0.00,0.50,0.00,COMNET-REV9,NREL 956/Eley Analysis,DOEPrototype,COMNET-REV9NREL 956/Eley AnalysisDOEPrototypeBA CourthouseElectricalEquipDef,NECB-A-Electric-Equipment,0.79,8.50,0.37,0.20,Washington State Energy Code Commercial TABLE C405.4.2,,Court house,Washington State Energy Code Commercial TABLE C405.4.2Court houseLightingDef,NECB-A-Lighting,0.05,0.17,1.84,0.01,0.40,0.40,COMNET-REV9,California Commercial End-Use Survey (CEUS),60%ThermEffProcess,COMNET-REV9California Commercial End-Use Survey (CEUS)60%ThermEffProcessBA CourthouseGasEquipDef,NECB-A-Electric-Equipment,0.049225,2.32316E-05,PNNL-,NECB 2011,DOE_Prototype,Courthouse_WholeBuilding,PNNL-NECB 2011BA CourthouseInfil,Always On,Courthouse,WholeBuilding,,2,,MediumSmooth,0.15,0.12,540,1210,0.9,0.7,0.7,Std Wood 6inch,OpenStudio-Prototype-Buildings,,,Std Wood 6inch,OpenStudio-Prototype-BuildingsStd Wood 6inchInternalMassDef
BA Dining: Bar Lounge/Leisure,2021_WA_BuildingCode,WholeBuilding,Dining: Bar Lounge/Leisure,2021,WA,BuildingCode,255,255,255,BA Dining: Bar Lounge/Leisure_2021WABuildingCode,BA Dining: Bar Lounge/Leisure_2021WABuildingCodeScheduleSet,10,100,1.076,275,81,275,81,161,97,120,0.50,COMNET-REV9,WholeBuilding,,,COMNET-REV9WholeBuildingBA Dining: Bar Lounge/LeisurePeopleDef,NECB-B-Occupancy,BA Dining: Bar Lounge/LeisureActivity,,,0.93,0.0047244,,,,COMNET-REV9,WholeBuilding,,,COMNET-REV9WholeBuildingBA Dining: Bar Lounge/LeisureVent,1.32,14.17,0.00,0.50,0.00,COMNET-REV9,NREL 956/Eley Analysis,DOEPrototype,COMNET-REV9NREL 956/Eley AnalysisDOEPrototypeBA Dining: Bar Lounge/LeisureElectricalEquipDef,NECB-B-Electric-Equipment,0.79,8.50,0.37,0.20,Washington State Energy Code Commercial TABLE C405.4.2,,Dining: Bar lounge/leisure,Washington State Energy Code Commercial TABLE C405.4.2Dining: Bar lounge/leisureLightingDef,NECB-B-Lighting,5.14,17.53,188.74,0.00,0.75,0.25,COMNET-REV9,California Commercial End-Use Survey (CEUS),93%ThermEffRadiant,COMNET-REV9California Commercial End-Use Survey (CEUS)93%ThermEffRadiantBA Dining: Bar Lounge/LeisureGasEquipDef,RestaurantFastFood BLDG_EQUIP_SCH,0.049225,2.32316E-05,PNNL-,NECB 2011,DOE_Prototype,Dining - bar/lounge_WholeBuilding,PNNL-NECB 2011BA Dining: Bar Lounge/LeisureInfil,Always On,Dining - bar/lounge,WholeBuilding,,2,,MediumSmooth,0.15,0.12,540,1210,0.9,0.7,0.7,Std Wood 6inch,OpenStudio-Prototype-Buildings,,,Std Wood 6inch,OpenStudio-Prototype-BuildingsStd Wood 6inchInternalMassDef
BA Dining: Cafeteria/Fast Food,2021_WA_BuildingCode,WholeBuilding,Dining: Cafeteria/Fast Food,2021,WA,BuildingCode,255,255,255,BA Dining: Cafeteria/Fast Food_2021WABuildingCode,BA Dining: Cafeteria/Fast Food_2021WABuildingCodeScheduleSet,10,100,1.076,275,81,275,81,161,97,120,0.50,COMNET-REV9,WholeBuilding,,,COMNET-REV9WholeBuildingBA Dining: Cafeteria/Fast FoodPeopleDef,NECB-B-Occupancy,BA Dining: Cafeteria/Fast FoodActivity,,,0.93,0.0047244,,,,COMNET-REV9,WholeBuilding,,,COMNET-REV9WholeBuildingBA Dining: Cafeteria/Fast FoodVent,1.37,14.73,0.00,0.50,0.00,COMNET-REV9,NREL 956/Eley Analysis,DOEPrototype,COMNET-REV9NREL 956/Eley AnalysisDOEPrototypeBA Dining: Cafeteria/Fast FoodElectricalEquipDef,NECB-B-Electric-Equipment,0.72,7.75,0.37,0.20,Washington State Energy Code Commercial TABLE C405.4.2,,Dining: Cafeteria/fast food,Washington State Energy Code Commercial TABLE C405.4.2Dining: Cafeteria/fast foodLightingDef,NECB-B-Lighting,5.14,17.53,188.74,0.00,0.75,0.25,COMNET-REV9,California Commercial End-Use Survey (CEUS),93%ThermEffRadiant,COMNET-REV9California Commercial End-Use Survey (CEUS)93%ThermEffRadiantBA Dining: Cafeteria/Fast FoodGasEquipDef,RestaurantFastFood BLDG_EQUIP_SCH,0.049225,2.32316E-05,PNNL-,NECB 2011,DOE_Prototype,Dining - cafeteria_WholeBuilding,PNNL-NECB 2011BA Dining: Cafeteria/Fast FoodInfil,Always On,Dining - cafeteria,WholeBuilding,,2,,MediumSmooth,0.15,0.12,540,1210,0.9,0.7,0.7,Std Wood 6inch,OpenStudio-Prototype-Buildings,,,Std Wood 6inch,OpenStudio-Prototype-BuildingsStd Wood 6inchInternalMassDef
BA Dining: Family,2021_WA_BuildingCode,WholeBuilding,Dining: Family,2021,WA,BuildingCode,255,255,255,BA Dining: Family_2021WABuildingCode,BA Dining: Family_2021WABuildingCodeScheduleSet,14,71,0.769,275,81,275,81,161,97,120,0.50,COMNET-REV9,WholeBuilding,,,COMNET-REV9WholeBuildingBA Dining: FamilyPeopleDef,NECB-B-Occupancy,BA Dining: FamilyActivity,,,0.71,0.0036068,,,,COMNET-REV9,WholeBuilding,,,COMNET-REV9WholeBuildingBA Dining: FamilyVent,1.26,13.59,0.00,0.50,0.00,COMNET-REV9,NREL 956/Eley Analysis,DOEPrototype,COMNET-REV9NREL 956/Eley AnalysisDOEPrototypeBA Dining: FamilyElectricalEquipDef,NECB-B-Electric-Equipment,0.71,7.64,0.37,0.20,Washington State Energy Code Commercial TABLE C405.4.2,,Dining: Family,Washington State Energy Code Commercial TABLE C405.4.2Dining: FamilyLightingDef,NECB-B-Lighting,5.14,17.53,188.74,0.05,0.40,0.40,COMNET-REV9,California Commercial End-Use Survey (CEUS),60%ThermEffProcess,COMNET-REV9California Commercial End-Use Survey (CEUS)60%ThermEffProcessBA Dining: FamilyGasEquipDef,RestaurantSitDown BLDG_EQUIP_SCH,0.049225,2.32316E-05,PNNL-,NECB 2011,DOE_Prototype,Dining - family_WholeBuilding,PNNL-NECB 2011BA Dining: FamilyInfil,Always On,Dining - family,WholeBuilding,,2,,MediumSmooth,0.15,0.12,540,1210,0.9,0.7,0.7,Std Wood 6inch,OpenStudio-Prototype-Buildings,,,Std Wood 6inch,OpenStudio-Prototype-BuildingsStd Wood 6inchInternalMassDef
BA Dormitory,2021_WA_BuildingCode,WholeBuilding,Dormitory,2021,WA,BuildingCode,255,255,255,BA Dormitory_2021WABuildingCode,BA Dormitory_2021WABuildingCodeScheduleSet,100,10,0.108,250,73,200,59,132,97,120,0.56,COMNET-REV9,WholeBuilding,,,COMNET-REV9WholeBuildingBA DormitoryPeopleDef,NECB-G-Occupancy,BA DormitoryActivity,,,0.11,0.0005588,,,,COMNET-REV9,WholeBuilding,,,COMNET-REV9WholeBuildingBA DormitoryVent,1.96,21.06,0.00,0.50,0.00,COMNET-REV9,NREL 956/Eley Analysis,DOEPrototype,COMNET-REV9NREL 956/Eley AnalysisDOEPrototypeBA DormitoryElectricalEquipDef,NECB-G-Electric-Equipment,0.46,4.95,0.37,0.20,Washington State Energy Code Commercial TABLE C405.4.2,,Dormitory,Washington State Energy Code Commercial TABLE C405.4.2DormitoryLightingDef,NECB-G-Lighting,0.20,0.70,7.50,0.01,0.40,0.40,COMNET-REV9,California Commercial End-Use Survey (CEUS),60%ThermEffProcess,COMNET-REV9California Commercial End-Use Survey (CEUS)60%ThermEffProcessBA DormitoryGasEquipDef,ApartmentMidRise EQP_APT_SCH,0.049225,2.32316E-05,PNNL-,NECB 2011,DOE_Prototype,Dormitory_WholeBuilding,PNNL-NECB 2011BA DormitoryInfil,Always On,Dormitory,WholeBuilding,,2,,MediumSmooth,0.15,0.12,540,1210,0.9,0.7,0.7,Std Wood 6inch,OpenStudio-Prototype-Buildings,,,Std Wood 6inch,OpenStudio-Prototype-BuildingsStd Wood 6inchInternalMassDef
BA Exercise Center,2021_WA_BuildingCode,WholeBuilding,Exercise Center,2021,WA,BuildingCode,255,255,255,BA Exercise Center_2021WABuildingCode,BA Exercise Center_2021WABuildingCodeScheduleSet,100,10,0.108,710,208,1090,319,528,97,120,0.39,COMNET-REV9,WholeBuilding,,,COMNET-REV9WholeBuildingBA Exercise CenterPeopleDef,NECB-B-Occupancy,BA Exercise CenterActivity,,,0.26,0.0013208,,,,COMNET-REV9,WholeBuilding,,,COMNET-REV9WholeBuildingBA Exercise CenterVent,0.67,7.26,0.00,0.50,0.00,COMNET-REV9,NREL 956/Eley Analysis,DOEPrototype,COMNET-REV9NREL 956/Eley AnalysisDOEPrototypeBA Exercise CenterElectricalEquipDef,NECB-B-Electric-Equipment,0.67,7.21,0.37,0.20,Washington State Energy Code Commercial TABLE C405.4.2,,Exercise center,Washington State Energy Code Commercial TABLE C405.4.2Exercise centerLightingDef,NECB-B-Lighting,0.01,0.02,0.25,0.05,0.40,0.40,COMNET-REV9,California Commercial End-Use Survey (CEUS),60%ThermEffProcess,COMNET-REV9California Commercial End-Use Survey (CEUS)60%ThermEffProcessBA Exercise CenterGasEquipDef,HotelSmall ExerciseCenter_Eqp_Sch,0.049225,2.32316E-05,PNNL-,NECB 2011,DOE_Prototype,Exercise centre_WholeBuilding,PNNL-NECB 2011BA Exercise CenterInfil,Always On,Exercise centre,WholeBuilding,,2,,MediumSmooth,0.15,0.12,540,1210,0.9,0.7,0.7,Std Wood 6inch,OpenStudio-Prototype-Buildings,,,Std Wood 6inch,OpenStudio-Prototype-BuildingsStd Wood 6inchInternalMassDef
BA Fire Station,2021_WA_BuildingCode,WholeBuilding,Fire Station,2021,WA,BuildingCode,255,255,255,BA Fire Station_2021WABuildingCode,BA Fire Station_2021WABuildingCodeScheduleSet,33,30,0.326,250,73,200,59,132,97,120,0.56,COMNET-REV9,WholeBuilding,,,COMNET-REV9WholeBuildingBA Fire StationPeopleDef,NECB-F-Occupancy,BA Fire StationActivity,,,0.21,0.0010668,,,,COMNET-REV9,WholeBuilding,,,COMNET-REV9WholeBuildingBA Fire StationVent,1.54,16.58,0.00,0.50,0.00,COMNET-REV9,NREL 956/Eley Analysis,DOEPrototype,COMNET-REV9NREL 956/Eley AnalysisDOEPrototypeBA Fire StationElectricalEquipDef,NECB-F-Electric-Equipment,0.54,5.81,0.37,0.20,Washington State Energy Code Commercial TABLE C405.4.2,,Fire station,Washington State Energy Code Commercial TABLE C405.4.2Fire stationLightingDef,NECB-F-Lighting,0.22,0.75,8.11,0.00,0.75,0.25,COMNET-REV9,California Commercial End-Use Survey (CEUS),93%ThermEffRadiant,COMNET-REV9California Commercial End-Use Survey (CEUS)93%ThermEffRadiantBA Fire StationGasEquipDef,NECB-F-Electric-Equipment,0.049225,2.32316E-05,PNNL-,NECB 2011,DOE_Prototype,Fire station_WholeBuilding,PNNL-NECB 2011BA Fire StationInfil,Always On,Fire station,WholeBuilding,,2,,MediumSmooth,0.15,0.12,540,1210,0.9,0.7,0.7,Std Wood 6inch,OpenStudio-Prototype-Buildings,,,Std Wood 6inch,OpenStudio-Prototype-BuildingsStd Wood 6inchInternalMassDef
BA Gymnasium,2021_WA_BuildingCode,WholeBuilding,Gymnasium,2021,WA,BuildingCode,255,255,255,BA Gymnasium_2021WABuildingCode,BA Gymnasium_2021WABuildingCodeScheduleSet,33,30,0.326,710,208,1090,319,528,97,120,0.39,COMNET-REV9,WholeBuilding,,,COMNET-REV9WholeBuildingBA GymnasiumPeopleDef,NECB-B-Occupancy,BA GymnasiumActivity,,,0.3,0.001524,,,,COMNET-REV9,WholeBuilding,,,COMNET-REV9WholeBuildingBA GymnasiumVent,0.67,7.26,0.00,0.50,0.00,COMNET-REV9,NREL 956/Eley Analysis,DOEPrototype,COMNET-REV9NREL 956/Eley AnalysisDOEPrototypeBA GymnasiumElectricalEquipDef,NECB-B-Electric-Equipment,0.75,8.07,0.37,0.20,Washington State Energy Code Commercial TABLE C405.4.2,,Gymnasium,Washington State Energy Code Commercial TABLE C405.4.2GymnasiumLightingDef,NECB-B-Lighting,0.01,0.02,0.25,0.00,0.75,0.25,COMNET-REV9,California Commercial End-Use Survey (CEUS),93%ThermEffRadiant,COMNET-REV9California Commercial End-Use Survey (CEUS)93%ThermEffRadiantBA GymnasiumGasEquipDef,SchoolSecondary BLDG_EQUIP_SCH,0.049225,2.32316E-05,PNNL-,NECB 2011,DOE_Prototype,Gymnasium_WholeBuilding,PNNL-NECB 2011BA GymnasiumInfil,Always On,Gymnasium,WholeBuilding,,2,,MediumSmooth,0.15,0.12,540,1210,0.9,0.7,0.7,Std Wood 6inch,OpenStudio-Prototype-Buildings,,,Std Wood 6inch,OpenStudio-Prototype-BuildingsStd Wood 6inchInternalMassDef
BA Healthcare Clinic,2021_WA_BuildingCode,WholeBuilding,Healthcare Clinic,2021,WA,BuildingCode,255,255,255,BA Healthcare Clinic_2021WABuildingCode,BA Healthcare Clinic_2021WABuildingCodeScheduleSet,200,5,0.054,250,73,200,59,132,97,120,0.56,COMNET-REV9,WholeBuilding,,,COMNET-REV9WholeBuildingBA Healthcare ClinicPeopleDef,NECB-A-Occupancy,BA Healthcare ClinicActivity,,,0.47,0.0023876,,,,COMNET-REV9,WholeBuilding,,,COMNET-REV9WholeBuildingBA Healthcare ClinicVent,1.22,13.13,0.00,0.50,0.00,COMNET-REV9,NREL 956/Eley Analysis,DOEPrototype,COMNET-REV9NREL 956/Eley AnalysisDOEPrototypeBA Healthcare ClinicElectricalEquipDef,NECB-A-Electric-Equipment,0.7,7.53,0.37,0.20,Washington State Energy Code Commercial TABLE C405.4.2,,Health care clinic,Washington State Energy Code Commercial TABLE C405.4.2Health care clinicLightingDef,NECB-A-Lighting,0.33,1.13,12.16,0.00,0.00,0.50,COMNET-REV9,California Commercial End-Use Survey (CEUS),DOEPrototype,COMNET-REV9California Commercial End-Use Survey (CEUS)DOEPrototypeBA Healthcare ClinicGasEquipDef,OutPatientHealthCare BLDG_EQUIP_SCH_BASE,0.049225,2.32316E-05,PNNL-,NECB 2011,DOE_Prototype,Health-care clinic_WholeBuilding,PNNL-NECB 2011BA Healthcare ClinicInfil,Always On,Health-care clinic,WholeBuilding,,2,,MediumSmooth,0.15,0.12,540,1210,0.9,0.7,0.7,Std Wood 6inch,OpenStudio-Prototype-Buildings,,,Std Wood 6inch,OpenStudio-Prototype-BuildingsStd Wood 6inchInternalMassDef
BA Hospital,2021_WA_BuildingCode,WholeBuilding,Hospital,2021,WA,BuildingCode,255,255,255,BA Hospital_2021WABuildingCode,BA Hospital_2021WABuildingCodeScheduleSet,200,5,0.054,250,73,200,59,132,97,120,0.56,COMNET-REV9,WholeBuilding,,,COMNET-REV9WholeBuildingBA HospitalPeopleDef,NECB-H-Occupancy,BA HospitalActivity,,,0.47,0.0023876,,,,COMNET-REV9,WholeBuilding,,,COMNET-REV9WholeBuildingBA HospitalVent,1.25,13.44,0.00,0.50,0.00,COMNET-REV9,NREL 956/Eley Analysis,DOEPrototype,COMNET-REV9NREL 956/Eley AnalysisDOEPrototypeBA HospitalElectricalEquipDef,NECB-H-Electric-Equipment,0.84,9.04,0.37,0.20,Washington State Energy Code Commercial TABLE C405.4.2,,Hospital,Washington State Energy Code Commercial TABLE C405.4.2HospitalLightingDef,NECB-H-Lighting,0.33,1.13,12.16,0.01,0.20,0.70,COMNET-REV9,California Commercial End-Use Survey (CEUS),DOEPrototype,COMNET-REV9California Commercial End-Use Survey (CEUS)DOEPrototypeBA HospitalGasEquipDef,Hospital BLDG_EQUIP_SCH,0.049225,2.32316E-05,PNNL-,NECB 2011,DOE_Prototype,Hospital_WholeBuilding,PNNL-NECB 2011BA HospitalInfil,Always On,Hospital,WholeBuilding,,2,,MediumSmooth,0.15,0.12,540,1210,0.9,0.7,0.7,Std Wood 6inch,OpenStudio-Prototype-Buildings,,,Std Wood 6inch,OpenStudio-Prototype-BuildingsStd Wood 6inchInternalMassDef
BA Hotel,2021_WA_BuildingCode,WholeBuilding,Hotel,2021,WA,BuildingCode,255,255,255,BA Hotel_2021WABuildingCode,BA Hotel_2021WABuildingCodeScheduleSet,250,4,0.043,250,73,200,59,132,97,120,0.56,COMNET-REV9,WholeBuilding,,,COMNET-REV9WholeBuildingBA HotelPeopleDef,NECB-F-Occupancy,BA HotelActivity,,,0.08,0.0004064,,,,COMNET-REV9,WholeBuilding,,,COMNET-REV9WholeBuildingBA HotelVent,1.56,16.84,0.00,0.50,0.00,COMNET-REV9,NREL 956/Eley Analysis,DOEPrototype,COMNET-REV9NREL 956/Eley AnalysisDOEPrototypeBA HotelElectricalEquipDef,NECB-F-Electric-Equipment,0.56,6.03,0.37,0.20,Washington State Energy Code Commercial TABLE C405.4.2,,Hotel,Washington State Energy Code Commercial TABLE C405.4.2HotelLightingDef,NECB-F-Lighting,0.20,0.70,7.50,0.00,0.50,0.00,COMNET-REV9,California Commercial End-Use Survey (CEUS),DOEPrototype,COMNET-REV9California Commercial End-Use Survey (CEUS)DOEPrototypeBA HotelGasEquipDef,HotelLarge BLDG_EQUIP_SCH,0.049225,2.32316E-05,PNNL-,NECB 2011,DOE_Prototype,Hotel_WholeBuilding,PNNL-NECB 2011BA HotelInfil,Always On,Hotel,WholeBuilding,,2,,MediumSmooth,0.15,0.12,540,1210,0.9,0.7,0.7,Std Wood 6inch,OpenStudio-Prototype-Buildings,,,Std Wood 6inch,OpenStudio-Prototype-BuildingsStd Wood 6inchInternalMassDef
BA Library,2021_WA_BuildingCode,WholeBuilding,Library,2021,WA,BuildingCode,255,255,255,BA Library_2021WABuildingCode,BA Library_2021WABuildingCodeScheduleSet,100,10,0.108,250,73,200,59,132,97,120,0.56,COMNET-REV9,WholeBuilding,,,COMNET-REV9WholeBuildingBA LibraryPeopleDef,NECB-C-Occupancy,BA LibraryActivity,,,0.11,0.0005588,,,,COMNET-REV9,WholeBuilding,,,COMNET-REV9WholeBuildingBA LibraryVent,0.94,10.09,0.00,0.50,0.00,COMNET-REV9,NREL 956/Eley Analysis,DOEPrototype,COMNET-REV9NREL 956/Eley AnalysisDOEPrototypeBA LibraryElectricalEquipDef,NECB-C-Electric-Equipment,0.83,8.93,0.37,0.20,Washington State Energy Code Commercial TABLE C405.4.2,,Library,Washington State Energy Code Commercial TABLE C405.4.2LibraryLightingDef,NECB-C-Lighting,0.01,0.02,0.25,0.01,0.40,0.40,COMNET-REV9,California Commercial End-Use Survey (CEUS),60%ThermEffProcess,COMNET-REV9California Commercial End-Use Survey (CEUS)60%ThermEffProcessBA LibraryGasEquipDef,NECB-C-Electric-Equipment,0.049225,2.32316E-05,PNNL-,NECB 2011,DOE_Prototype,Library_WholeBuilding,PNNL-NECB 2011BA LibraryInfil,Always On,Library,WholeBuilding,,2,,MediumSmooth,0.15,0.12,540,1210,0.9,0.7,0.7,Std Wood 6inch,OpenStudio-Prototype-Buildings,,,Std Wood 6inch,OpenStudio-Prototype-BuildingsStd Wood 6inchInternalMassDef
BA Manufacturing Facility,2021_WA_BuildingCode,WholeBuilding,Manufacturing Facility,2021,WA,BuildingCode,255,255,255,BA Manufacturing Facility_2021WABuildingCode,BA Manufacturing Facility_2021WABuildingCodeScheduleSet,143,7,0.075,580,170,870,255,425,97,120,0.40,COMNET-REV9,WholeBuilding,,,COMNET-REV9WholeBuildingBA Manufacturing FacilityPeopleDef,NECB-A-Occupancy,BA Manufacturing FacilityActivity,,,0.25,0.00127,,,,COMNET-REV9,WholeBuilding,,,COMNET-REV9WholeBuildingBA Manufacturing FacilityVent,0.34,3.71,0.00,0.50,0.00,COMNET-REV9,NREL 956/Eley Analysis,DOEPrototype,COMNET-REV9NREL 956/Eley AnalysisDOEPrototypeBA Manufacturing FacilityElectricalEquipDef,NECB-A-Electric-Equipment,0.82,8.83,0.37,0.20,Washington State Energy Code Commercial TABLE C405.4.2,,Manufacturing facility,Washington State Energy Code Commercial TABLE C405.4.2Manufacturing facilityLightingDef,NECB-A-Lighting,0.22,0.75,8.11,0.00,0.75,0.25,COMNET-REV9,California Commercial End-Use Survey (CEUS),93%ThermEffRadiant,COMNET-REV9California Commercial End-Use Survey (CEUS)93%ThermEffRadiantBA Manufacturing FacilityGasEquipDef,NECB-A-Electric-Equipment,0.049225,2.32316E-05,PNNL-,NECB 2011,DOE_Prototype,Manufacturing facility_WholeBuilding,PNNL-NECB 2011BA Manufacturing FacilityInfil,Always On,Manufacturing facility,WholeBuilding,,2,,MediumSmooth,0.15,0.12,540,1210,0.9,0.7,0.7,Std Wood 6inch,OpenStudio-Prototype-Buildings,,,Std Wood 6inch,OpenStudio-Prototype-BuildingsStd Wood 6inchInternalMassDef
BA Motel,2021_WA_BuildingCode,WholeBuilding,Motel,2021,WA,BuildingCode,255,255,255,BA Motel_2021WABuildingCode,BA Motel_2021WABuildingCodeScheduleSet,250,4,0.043,250,73,200,59,132,97,120,0.56,COMNET-REV9,WholeBuilding,,,COMNET-REV9WholeBuildingBA MotelPeopleDef,NECB-F-Occupancy,BA MotelActivity,,,0.08,0.0004064,,,,COMNET-REV9,WholeBuilding,,,COMNET-REV9WholeBuildingBA MotelVent,1.56,16.84,0.00,0.50,0.00,COMNET-REV9,NREL 956/Eley Analysis,DOEPrototype,COMNET-REV9NREL 956/Eley AnalysisDOEPrototypeBA MotelElectricalEquipDef,NECB-F-Electric-Equipment,0.56,6.03,0.37,0.20,Washington State Energy Code Commercial TABLE C405.4.2,,Hotel,Washington State Energy Code Commercial TABLE C405.4.2HotelLightingDef,NECB-F-Lighting,0.20,0.70,7.50,0.01,0.40,0.40,COMNET-REV9,California Commercial End-Use Survey (CEUS),60%ThermEffProcess,COMNET-REV9California Commercial End-Use Survey (CEUS)60%ThermEffProcessBA MotelGasEquipDef,NECB-F-Electric-Equipment,0.049225,2.32316E-05,PNNL-,NECB 2011,DOE_Prototype,Motel_WholeBuilding,PNNL-NECB 2011BA MotelInfil,Always On,Motel,WholeBuilding,,2,,MediumSmooth,0.15,0.12,540,1210,0.9,0.7,0.7,Std Wood 6inch,OpenStudio-Prototype-Buildings,,,Std Wood 6inch,OpenStudio-Prototype-BuildingsStd Wood 6inchInternalMassDef
BA Motion Picture Theater,2021_WA_BuildingCode,WholeBuilding,Motion Picture Theater,2021,WA,BuildingCode,255,255,255,BA Motion Picture Theater_2021WABuildingCode,BA Motion Picture Theater_2021WABuildingCodeScheduleSet,7,143,1.538,225,66,105,31,97,97,120,0.68,COMNET-REV9,WholeBuilding,,,COMNET-REV9WholeBuildingBA Motion Picture TheaterPeopleDef,NECB-C-Occupancy,BA Motion Picture TheaterActivity,,,1.19,0.0060452,,,,COMNET-REV9,WholeBuilding,,,COMNET-REV9WholeBuildingBA Motion Picture TheaterVent,0.74,8.02,0.00,0.50,0.00,COMNET-REV9,NREL 956/Eley Analysis,DOEPrototype,COMNET-REV9NREL 956/Eley AnalysisDOEPrototypeBA Motion Picture TheaterElectricalEquipDef,NECB-C-Electric-Equipment,0.44,4.74,0.37,0.20,Washington State Energy Code Commercial TABLE C405.4.2,,Motion picture theater,Washington State Energy Code Commercial TABLE C405.4.2Motion picture theaterLightingDef,NECB-C-Lighting,0.01,0.02,0.25,0.01,0.40,0.40,COMNET-REV9,California Commercial End-Use Survey (CEUS),60%ThermEffProcess,COMNET-REV9California Commercial End-Use Survey (CEUS)60%ThermEffProcessBA Motion Picture TheaterGasEquipDef,NECB-C-Electric-Equipment,0.049225,2.32316E-05,PNNL-,NECB 2011,DOE_Prototype,Motion picture theatre_WholeBuilding,PNNL-NECB 2011BA Motion Picture TheaterInfil,Always On,Motion picture theatre,WholeBuilding,,2,,MediumSmooth,0.15,0.12,540,1210,0.9,0.7,0.7,Std Wood 6inch,OpenStudio-Prototype-Buildings,,,Std Wood 6inch,OpenStudio-Prototype-BuildingsStd Wood 6inchInternalMassDef
BA Multifamily,2021_WA_BuildingCode,WholeBuilding,Multifamily,2021,WA,BuildingCode,255,255,255,BA Multifamily_2021WABuildingCode,BA Multifamily_2021WABuildingCodeScheduleSet,380,3,0.028,250,73,200,59,132,97,120,0.56,COMNET-REV9,WholeBuilding,,,COMNET-REV9WholeBuildingBA MultifamilyPeopleDef,NECB-G-Occupancy,BA MultifamilyActivity,,,0.06,0.0003048,,,,COMNET-REV9,WholeBuilding,,,COMNET-REV9WholeBuildingBA MultifamilyVent,1.42,15.33,0.00,0.50,0.00,COMNET-REV9,NREL 956/Eley Analysis,DOEPrototype,COMNET-REV9NREL 956/Eley AnalysisDOEPrototypeBA MultifamilyElectricalEquipDef,NECB-G-Electric-Equipment,0.41,4.41,0.37,0.20,Washington State Energy Code Commercial TABLE C405.4.2,,Multiple family,Washington State Energy Code Commercial TABLE C405.4.2Multiple familyLightingDef,NECB-G-Lighting,0.20,0.70,7.50,0.01,0.40,0.40,COMNET-REV9,California Commercial End-Use Survey (CEUS),60%ThermEffProcess,COMNET-REV9California Commercial End-Use Survey (CEUS)60%ThermEffProcessBA MultifamilyGasEquipDef,NECB-G-Electric-Equipment,0.049225,2.32316E-05,PNNL-,NECB 2011,DOE_Prototype,Multi-unit residential_WholeBuilding,PNNL-NECB 2011BA MultifamilyInfil,Always On,Multi-unit residential,WholeBuilding,,2,,MediumSmooth,0.15,0.12,540,1210,0.9,0.7,0.7,Std Wood 6inch,OpenStudio-Prototype-Buildings,,,Std Wood 6inch,OpenStudio-Prototype-BuildingsStd Wood 6inchInternalMassDef
BA Museum,2021_WA_BuildingCode,WholeBuilding,Museum,2021,WA,BuildingCode,255,255,255,BA Museum_2021WABuildingCode,BA Museum_2021WABuildingCodeScheduleSet,25,40,0.431,250,73,200,59,132,97,120,0.56,COMNET-REV9,WholeBuilding,,,COMNET-REV9WholeBuildingBA MuseumPeopleDef,NECB-C-Occupancy,BA MuseumActivity,,,0.36,0.0018288,,,,COMNET-REV9,WholeBuilding,,,COMNET-REV9WholeBuildingBA MuseumVent,0.74,8.02,0.00,0.50,0.00,COMNET-REV9,NREL 956/Eley Analysis,DOEPrototype,COMNET-REV9NREL 956/Eley AnalysisDOEPrototypeBA MuseumElectricalEquipDef,NECB-C-Electric-Equipment,0.55,5.92,0.37,0.20,Washington State Energy Code Commercial TABLE C405.4.2,,Museum,Washington State Energy Code Commercial TABLE C405.4.2MuseumLightingDef,NECB-C-Lighting,0.01,0.02,0.25,0.00,0.75,0.25,COMNET-REV9,California Commercial End-Use Survey (CEUS),93%ThermEffRadiant,COMNET-REV9California Commercial End-Use Survey (CEUS)93%ThermEffRadiantBA MuseumGasEquipDef,NECB-A-Electric-Equipment,0.049225,2.32316E-05,PNNL-,NECB 2011,DOE_Prototype,Museum_WholeBuilding,PNNL-NECB 2011BA MuseumInfil,Always On,Museum,WholeBuilding,,2,,MediumSmooth,0.15,0.12,540,1210,0.9,0.7,0.7,Std Wood 6inch,OpenStudio-Prototype-Buildings,,,Std Wood 6inch,OpenStudio-Prototype-BuildingsStd Wood 6inchInternalMassDef
BA Office,2021_WA_BuildingCode,WholeBuilding,Office,2021,WA,BuildingCode,255,255,255,BA Office_2021WABuildingCode,BA Office_2021WABuildingCodeScheduleSet,200,5,0.054,250,73,200,59,132,97,120,0.56,COMNET-REV9,WholeBuilding,,,COMNET-REV9WholeBuildingBA OfficePeopleDef,NECB-A-Occupancy,BA OfficeActivity,,,0.09,0.0004572,,,,COMNET-REV9,WholeBuilding,,,COMNET-REV9WholeBuildingBA OfficeVent,1.67,18.00,0.00,0.50,0.00,COMNET-REV9,NREL 956/Eley Analysis,DOEPrototype,COMNET-REV9NREL 956/Eley AnalysisDOEPrototypeBA OfficeElectricalEquipDef,NECB-A-Electric-Equipment,0.64,6.89,0.37,0.20,Washington State Energy Code Commercial TABLE C405.4.2,,Office,Washington State Energy Code Commercial TABLE C405.4.2OfficeLightingDef,NECB-A-Lighting,0.04,0.13,1.35,0.01,0.40,0.40,COMNET-REV9,California Commercial End-Use Survey (CEUS),60%ThermEffProcess,COMNET-REV9California Commercial End-Use Survey (CEUS)60%ThermEffProcessBA OfficeGasEquipDef,OfficeMedium BLDG_EQUIP_SCH,0.049225,2.32316E-05,PNNL-,NECB 2011,DOE_Prototype,Office_WholeBuilding,PNNL-NECB 2011BA OfficeInfil,Always On,Office,WholeBuilding,,2,,MediumSmooth,0.15,0.12,540,1210,0.9,0.7,0.7,Std Wood 6inch,OpenStudio-Prototype-Buildings,,,Std Wood 6inch,OpenStudio-Prototype-BuildingsStd Wood 6inchInternalMassDef
BA Parking Garage,2021_WA_BuildingCode,WholeBuilding,Parking Garage,2021,WA,BuildingCode,255,255,255,BA Parking Garage_2021WABuildingCode,BA Parking Garage_2021WABuildingCodeScheduleSet,,,,,,,,,,,,,,,,,,,,,,,,,,,,,,,0.30,3.23,0.00,0.06,0.88,,"Medium Estimate: Workplace, 20% of Spaces with Level 2 Charger12%lost to heat",DOEPrototype,"Medium Estimate: Workplace, 20% of Spaces with Level 2 Charger12%lost to heatDOEPrototypeBA Parking GarageElectricalEquipDef",NECB-H-Electric-Equipment,0.14,1.51,0.37,0.20,Washington State Energy Code Commercial TABLE C405.4.2,,Parking garage,Washington State Energy Code Commercial TABLE C405.4.2Parking garageLightingDef,NECB-H-Lighting,0.00,0.00,0.00,0.00,0.75,0.25,COMNET-REV9,California Commercial End-Use Survey (CEUS),93%ThermEffRadiant,COMNET-REV9California Commercial End-Use Survey (CEUS)93%ThermEffRadiantBA Parking GarageGasEquipDef,NECB-H-Electric-Equipment,0.049225,2.32316E-05,PNNL-,NECB 2011,DOE_Prototype,Parking garage_WholeBuilding,PNNL-NECB 2011BA Parking GarageInfil,Always On,Parking garage,WholeBuilding,,2,,MediumSmooth,0.15,0.12,540,1210,0.9,0.7,0.7,Std Wood 6inch,OpenStudio-Prototype-Buildings,,,Std Wood 6inch,OpenStudio-Prototype-BuildingsStd Wood 6inchInternalMassDef
BA Penitentiary,2021_WA_BuildingCode,WholeBuilding,Penitentiary,2021,WA,BuildingCode,255,255,255,BA Penitentiary_2021WABuildingCode,BA Penitentiary_2021WABuildingCodeScheduleSet,40,25,0.269,250,73,200,59,132,97,120,0.56,COMNET-REV9,WholeBuilding,,,COMNET-REV9WholeBuildingBA PenitentiaryPeopleDef,NECB-H-Occupancy,BA PenitentiaryActivity,,,0.25,0.00127,,,,COMNET-REV9,WholeBuilding,,,COMNET-REV9WholeBuildingBA PenitentiaryVent,1.49,16.07,0.00,0.50,0.00,COMNET-REV9,NREL 956/Eley Analysis,DOEPrototype,COMNET-REV9NREL 956/Eley AnalysisDOEPrototypeBA PenitentiaryElectricalEquipDef,NECB-H-Electric-Equipment,0.65,7.00,0.37,0.20,Washington State Energy Code Commercial TABLE C405.4.2,,Penitentiary,Washington State Energy Code Commercial TABLE C405.4.2PenitentiaryLightingDef,NECB-H-Lighting,0.20,0.70,7.50,0.00,0.75,0.25,COMNET-REV9,California Commercial End-Use Survey (CEUS),93%ThermEffRadiant,COMNET-REV9California Commercial End-Use Survey (CEUS)93%ThermEffRadiantBA PenitentiaryGasEquipDef,NECB-D-Electric-Equipment,0.049225,2.32316E-05,PNNL-,NECB 2011,DOE_Prototype,Penitentiary_WholeBuilding,PNNL-NECB 2011BA PenitentiaryInfil,Always On,Penitentiary,WholeBuilding,,2,,MediumSmooth,0.15,0.12,540,1210,0.9,0.7,0.7,Std Wood 6inch,OpenStudio-Prototype-Buildings,,,Std Wood 6inch,OpenStudio-Prototype-BuildingsStd Wood 6inchInternalMassDef
BA Performing Arts Theater,2021_WA_BuildingCode,WholeBuilding,Performing Arts Theater,2021,WA,BuildingCode,255,255,255,BA Performing Arts Theater_2021WABuildingCode,BA Performing Arts Theater_2021WABuildingCodeScheduleSet,14,71,0.769,225,66,105,31,97,97,120,0.68,COMNET-REV9,WholeBuilding,,,COMNET-REV9WholeBuildingBA Performing Arts TheaterPeopleDef,NECB-C-Occupancy,BA Performing Arts TheaterActivity,,,0.76,0.0038608,,,,COMNET-REV9,WholeBuilding,,,COMNET-REV9WholeBuildingBA Performing Arts TheaterVent,0.74,8.02,0.00,0.50,0.00,COMNET-REV9,NREL 956/Eley Analysis,DOEPrototype,COMNET-REV9NREL 956/Eley AnalysisDOEPrototypeBA Performing Arts TheaterElectricalEquipDef,NECB-C-Electric-Equipment,0.84,9.04,0.37,0.20,Washington State Energy Code Commercial TABLE C405.4.2,,Performing arts theater,Washington State Energy Code Commercial TABLE C405.4.2Performing arts theaterLightingDef,NECB-C-Lighting,0.01,0.02,0.25,0.01,0.40,0.40,COMNET-REV9,California Commercial End-Use Survey (CEUS),60%ThermEffProcess,COMNET-REV9California Commercial End-Use Survey (CEUS)60%ThermEffProcessBA Performing Arts TheaterGasEquipDef,NECB-C-Electric-Equipment,0.049225,2.32316E-05,PNNL-,NECB 2011,DOE_Prototype,Performing arts theatre_WholeBuilding,PNNL-NECB 2011BA Performing Arts TheaterInfil,Always On,Performing arts theatre,WholeBuilding,,2,,MediumSmooth,0.15,0.12,540,1210,0.9,0.7,0.7,Std Wood 6inch,OpenStudio-Prototype-Buildings,,,Std Wood 6inch,OpenStudio-Prototype-BuildingsStd Wood 6inchInternalMassDef
BA Police Station,2021_WA_BuildingCode,WholeBuilding,Police Station,2021,WA,BuildingCode,255,255,255,BA Police Station_2021WABuildingCode,BA Police Station_2021WABuildingCodeScheduleSet,33,30,0.326,250,73,200,59,132,97,120,0.56,COMNET-REV9,WholeBuilding,,,COMNET-REV9WholeBuildingBA Police StationPeopleDef,NECB-H-Occupancy,BA Police StationActivity,,,0.21,0.0010668,,,,COMNET-REV9,WholeBuilding,,,COMNET-REV9WholeBuildingBA Police StationVent,1.54,16.58,0.00,0.50,0.00,COMNET-REV9,NREL 956/Eley Analysis,DOEPrototype,COMNET-REV9NREL 956/Eley AnalysisDOEPrototypeBA Police StationElectricalEquipDef,NECB-H-Electric-Equipment,0.66,7.10,0.37,0.20,Washington State Energy Code Commercial TABLE C405.4.2,,Police station,Washington State Energy Code Commercial TABLE C405.4.2Police stationLightingDef,NECB-H-Lighting,0.22,0.75,8.11,0.00,0.75,0.25,COMNET-REV9,California Commercial End-Use Survey (CEUS),93%ThermEffRadiant,COMNET-REV9California Commercial End-Use Survey (CEUS)93%ThermEffRadiantBA Police StationGasEquipDef,NECB-H-Electric-Equipment,0.049225,2.32316E-05,PNNL-,NECB 2011,DOE_Prototype,Police station_WholeBuilding,PNNL-NECB 2011BA Police StationInfil,Always On,Police station,WholeBuilding,,2,,MediumSmooth,0.15,0.12,540,1210,0.9,0.7,0.7,Std Wood 6inch,OpenStudio-Prototype-Buildings,,,Std Wood 6inch,OpenStudio-Prototype-BuildingsStd Wood 6inchInternalMassDef
BA Post Office,2021_WA_BuildingCode,WholeBuilding,Post Office,2021,WA,BuildingCode,255,255,255,BA Post Office_2021WABuildingCode,BA Post Office_2021WABuildingCodeScheduleSet,33,30,0.326,250,73,200,59,132,97,120,0.56,COMNET-REV9,WholeBuilding,,,COMNET-REV9WholeBuildingBA Post OfficePeopleDef,NECB-A-Occupancy,BA Post OfficeActivity,,,0.21,0.0010668,,,,COMNET-REV9,WholeBuilding,,,COMNET-REV9WholeBuildingBA Post OfficeVent,0.91,9.79,0.00,0.50,0.00,COMNET-REV9,NREL 956/Eley Analysis,DOEPrototype,COMNET-REV9NREL 956/Eley AnalysisDOEPrototypeBA Post OfficeElectricalEquipDef,NECB-A-Electric-Equipment,0.65,7.00,0.37,0.20,Washington State Energy Code Commercial TABLE C405.4.2,,Post office,Washington State Energy Code Commercial TABLE C405.4.2Post officeLightingDef,NECB-A-Lighting,0.22,0.75,8.11,0.00,0.75,0.25,COMNET-REV9,California Commercial End-Use Survey (CEUS),93%ThermEffRadiant,COMNET-REV9California Commercial End-Use Survey (CEUS)93%ThermEffRadiantBA Post OfficeGasEquipDef,NECB-A-Electric-Equipment,0.049225,2.32316E-05,PNNL-,NECB 2011,DOE_Prototype,Post office_WholeBuilding,PNNL-NECB 2011BA Post OfficeInfil,Always On,Post office,WholeBuilding,,2,,MediumSmooth,0.15,0.12,540,1210,0.9,0.7,0.7,Std Wood 6inch,OpenStudio-Prototype-Buildings,,,Std Wood 6inch,OpenStudio-Prototype-BuildingsStd Wood 6inchInternalMassDef
BA Religious Building,2021_WA_BuildingCode,WholeBuilding,Religious Building,2021,WA,BuildingCode,255,255,255,BA Religious Building_2021WABuildingCode,BA Religious Building_2021WABuildingCodeScheduleSet,8,125,1.345,245,72,155,45,117,97,120,0.61,COMNET-REV9,WholeBuilding,,,COMNET-REV9WholeBuildingBA Religious BuildingPeopleDef,NECB-I-Occupancy,BA Religious BuildingActivity,,,0.66,0.0033528,,,,COMNET-REV9,WholeBuilding,,,COMNET-REV9WholeBuildingBA Religious BuildingVent,0.30,3.21,0.00,0.50,0.00,COMNET-REV9,NREL 956/Eley Analysis,DOEPrototype,COMNET-REV9NREL 956/Eley AnalysisDOEPrototypeBA Religious BuildingElectricalEquipDef,NECB-I-Electric-Equipment,0.67,7.21,0.37,0.20,Washington State Energy Code Commercial TABLE C405.4.2,,Religious building,Washington State Energy Code Commercial TABLE C405.4.2Religious buildingLightingDef,NECB-I-Lighting,0.01,0.02,0.25,0.03,0.40,0.40,COMNET-REV9,California Commercial End-Use Survey (CEUS),60%ThermEffProcess,COMNET-REV9California Commercial End-Use Survey (CEUS)60%ThermEffProcessBA Religious BuildingGasEquipDef,NECB-I-Electric-Equipment,0.049225,2.32316E-05,PNNL-,NECB 2011,DOE_Prototype,Religious_WholeBuilding,PNNL-NECB 2011BA Religious BuildingInfil,Always On,Religious,WholeBuilding,,2,,MediumSmooth,0.15,0.12,540,1210,0.9,0.7,0.7,Std Wood 6inch,OpenStudio-Prototype-Buildings,,,Std Wood 6inch,OpenStudio-Prototype-BuildingsStd Wood 6inchInternalMassDef
BA Retail,2021_WA_BuildingCode,WholeBuilding,Retail,2021,WA,BuildingCode,255,255,255,BA Retail_2021WABuildingCode,BA Retail_2021WABuildingCodeScheduleSet,67,15,0.161,250,73,200,59,132,97,120,0.56,COMNET-REV9,WholeBuilding,,,COMNET-REV9WholeBuildingBA RetailPeopleDef,NECB-C-Occupancy,BA RetailActivity,,,0.23,0.0011684,,,,COMNET-REV9,WholeBuilding,,,COMNET-REV9WholeBuildingBA RetailVent,0.70,7.56,0.00,0.50,0.00,COMNET-REV9,NREL 956/Eley Analysis,DOEPrototype,COMNET-REV9NREL 956/Eley AnalysisDOEPrototypeBA RetailElectricalEquipDef,NECB-C-Electric-Equipment,0.84,9.04,0.37,0.20,Washington State Energy Code Commercial TABLE C405.4.2,,Retail,Washington State Energy Code Commercial TABLE C405.4.2RetailLightingDef,NECB-C-Lighting,0.03,0.09,0.98,0.01,0.40,0.40,COMNET-REV9,California Commercial End-Use Survey (CEUS),60%ThermEffProcess,COMNET-REV9California Commercial End-Use Survey (CEUS)60%ThermEffProcessBA RetailGasEquipDef,RetailStandalone BLDG_EQUIP_SCH,0.049225,2.32316E-05,PNNL-,NECB 2011,DOE_Prototype,Retail_WholeBuilding,PNNL-NECB 2011BA RetailInfil,Always On,Retail,WholeBuilding,,2,,MediumSmooth,0.15,0.12,540,1210,0.9,0.7,0.7,Std Wood 6inch,OpenStudio-Prototype-Buildings,,,Std Wood 6inch,OpenStudio-Prototype-BuildingsStd Wood 6inchInternalMassDef
BA School/University,2021_WA_BuildingCode,WholeBuilding,School/University,2021,WA,BuildingCode,255,255,255,BA School/University_2021WABuildingCode,BA School/University_2021WABuildingCodeScheduleSet,40,25,0.269,250,73,200,59,132,97,120,0.56,COMNET-REV9,WholeBuilding,,,COMNET-REV9WholeBuildingBA School/UniversityPeopleDef,NECB-D-Occupancy,BA School/UniversityActivity,,,0.47,0.0023876,,,,COMNET-REV9,WholeBuilding,,,COMNET-REV9WholeBuildingBA School/UniversityVent,0.69,7.40,0.00,0.50,0.00,COMNET-REV9,NREL 956/Eley Analysis,DOEPrototype,COMNET-REV9NREL 956/Eley AnalysisDOEPrototypeBA School/UniversityElectricalEquipDef,NECB-D-Electric-Equipment,0.7,7.53,0.37,0.20,Washington State Energy Code Commercial TABLE C405.4.2,,School/university,Washington State Energy Code Commercial TABLE C405.4.2School/universityLightingDef,NECB-D-Lighting,0.04,0.14,1.47,0.01,0.40,0.40,COMNET-REV9,California Commercial End-Use Survey (CEUS),60%ThermEffProcess,COMNET-REV9California Commercial End-Use Survey (CEUS)60%ThermEffProcessBA School/UniversityGasEquipDef,SchoolSecondary BLDG_EQUIP_SCH,0.049225,2.32316E-05,PNNL-,NECB 2011,DOE_Prototype,School/university_WholeBuilding,PNNL-NECB 2011BA School/UniversityInfil,Always On,School/university,WholeBuilding,,2,,MediumSmooth,0.15,0.12,540,1210,0.9,0.7,0.7,Std Wood 6inch,OpenStudio-Prototype-Buildings,,,Std Wood 6inch,OpenStudio-Prototype-BuildingsStd Wood 6inchInternalMassDef
BA Sports Arena,2021_WA_BuildingCode,WholeBuilding,Sports Arena,2021,WA,BuildingCode,255,255,255,BA Sports Arena_2021WABuildingCode,BA Sports Arena_2021WABuildingCodeScheduleSet,,,,,,,,,,,,,,,,,,,,,0.3,0.001524,,,,COMNET-REV9,WholeBuilding,,,COMNET-REV9WholeBuildingBA Sports ArenaVent,0.75,8.05,0.00,0.50,0.00,COMNET-REV9,NREL 956/Eley Analysis,DOEPrototype,COMNET-REV9NREL 956/Eley AnalysisDOEPrototypeBA Sports ArenaElectricalEquipDef,NECB-B-Electric-Equipment,0.62,6.67,0.37,0.20,Washington State Energy Code Commercial TABLE C405.4.2,,Sports arena,Washington State Energy Code Commercial TABLE C405.4.2Sports arenaLightingDef,NECB-B-Lighting,0.01,0.02,0.25,0.00,0.75,0.25,COMNET-REV9,California Commercial End-Use Survey (CEUS),93%ThermEffRadiant,COMNET-REV9California Commercial End-Use Survey (CEUS)93%ThermEffRadiantBA Sports ArenaGasEquipDef,NECB-B-Electric-Equipment,0.049225,2.32316E-05,PNNL-,NECB 2011,DOE_Prototype,Sports arena_WholeBuilding,PNNL-NECB 2011BA Sports ArenaInfil,Always On,Sports arena,WholeBuilding,,2,,MediumSmooth,0.15,0.12,540,1210,0.9,0.7,0.7,Std Wood 6inch,OpenStudio-Prototype-Buildings,,,Std Wood 6inch,OpenStudio-Prototype-BuildingsStd Wood 6inchInternalMassDef
BA Town Hall,2021_WA_BuildingCode,WholeBuilding,Town Hall,2021,WA,BuildingCode,255,255,255,BA Town Hall_2021WABuildingCode,BA Town Hall_2021WABuildingCodeScheduleSet,200,5,0.054,250,73,200,59,132,97,120,0.56,COMNET-REV9,WholeBuilding,,,COMNET-REV9WholeBuildingBA Town HallPeopleDef,NECB-D-Occupancy,BA Town HallActivity,,,0.09,0.0004572,,,,COMNET-REV9,WholeBuilding,,,COMNET-REV9WholeBuildingBA Town HallVent,0.75,8.05,0.00,0.50,0.00,COMNET-REV9,NREL 956/Eley Analysis,DOEPrototype,COMNET-REV9NREL 956/Eley AnalysisDOEPrototypeBA Town HallElectricalEquipDef,NECB-D-Electric-Equipment,0.69,7.43,0.37,0.20,Washington State Energy Code Commercial TABLE C405.4.2,,Town hall,Washington State Energy Code Commercial TABLE C405.4.2Town hallLightingDef,NECB-D-Lighting,0.04,0.13,1.35,0.01,0.40,0.40,COMNET-REV9,California Commercial End-Use Survey (CEUS),60%ThermEffProcess,COMNET-REV9California Commercial End-Use Survey (CEUS)60%ThermEffProcessBA Town HallGasEquipDef,NECB-D-Electric-Equipment,0.049225,2.32316E-05,PNNL-,NECB 2011,DOE_Prototype,Town hall_WholeBuilding,PNNL-NECB 2011BA Town HallInfil,Always On,Town hall,WholeBuilding,,2,,MediumSmooth,0.15,0.12,540,1210,0.9,0.7,0.7,Std Wood 6inch,OpenStudio-Prototype-Buildings,,,Std Wood 6inch,OpenStudio-Prototype-BuildingsStd Wood 6inchInternalMassDef
BA Transportation,2021_WA_BuildingCode,WholeBuilding,Transportation,2021,WA,BuildingCode,255,255,255,BA Transportation_2021WABuildingCode,BA Transportation_2021WABuildingCodeScheduleSet,10,100,1.076,225,66,105,31,97,97,120,0.68,COMNET-REV9,WholeBuilding,,,COMNET-REV9WholeBuildingBA TransportationPeopleDef,NECB-H-Occupancy,BA TransportationActivity,,,0.81,0.0041148,,,,COMNET-REV9,WholeBuilding,,,COMNET-REV9WholeBuildingBA TransportationVent,0.52,5.59,0.00,0.50,0.00,COMNET-REV9,NREL 956/Eley Analysis,DOEPrototype,COMNET-REV9NREL 956/Eley AnalysisDOEPrototypeBA TransportationElectricalEquipDef,NECB-H-Electric-Equipment,0.5,5.38,0.37,0.20,Washington State Energy Code Commercial TABLE C405.4.2,,Transportation,Washington State Energy Code Commercial TABLE C405.4.2TransportationLightingDef,NECB-H-Lighting,0.01,0.02,0.25,0.00,0.75,0.25,COMNET-REV9,California Commercial End-Use Survey (CEUS),93%ThermEffRadiant,COMNET-REV9California Commercial End-Use Survey (CEUS)93%ThermEffRadiantBA TransportationGasEquipDef,NECB-H-Electric-Equipment,0.049225,2.32316E-05,PNNL-,NECB 2011,DOE_Prototype,Transportation_WholeBuilding,PNNL-NECB 2011BA TransportationInfil,Always On,Transportation,WholeBuilding,,2,,MediumSmooth,0.15,0.12,540,1210,0.9,0.7,0.7,Std Wood 6inch,OpenStudio-Prototype-Buildings,,,Std Wood 6inch,OpenStudio-Prototype-BuildingsStd Wood 6inchInternalMassDef
BA Warehouse,2021_WA_BuildingCode,WholeBuilding,Warehouse,2021,WA,BuildingCode,255,255,255,BA Warehouse_2021WABuildingCode,BA Warehouse_2021WABuildingCodeScheduleSet,,,,,,,,,,,,,,,,,,,,,0.06,0.0003048,,,,COMNET-REV9,WholeBuilding,,,COMNET-REV9WholeBuildingBA WarehouseVent,0.30,3.25,0.00,0.50,0.00,COMNET-REV9,NREL 956/Eley Analysis,DOEPrototype,COMNET-REV9NREL 956/Eley AnalysisDOEPrototypeBA WarehouseElectricalEquipDef,NECB-A-Electric-Equipment,0.4,4.31,0.37,0.20,Washington State Energy Code Commercial TABLE C405.4.2,,Warehouse,Washington State Energy Code Commercial TABLE C405.4.2WarehouseLightingDef,NECB-A-Lighting,0.00,0.00,0.00,0.00,0.75,0.25,COMNET-REV9,California Commercial End-Use Survey (CEUS),93%ThermEffRadiant,COMNET-REV9California Commercial End-Use Survey (CEUS)93%ThermEffRadiantBA WarehouseGasEquipDef,NECB-A-Electric-Equipment,0.049225,2.32316E-05,PNNL-,NECB 2011,DOE_Prototype,Warehouse_WholeBuilding,PNNL-NECB 2011BA WarehouseInfil,Always On,Warehouse,WholeBuilding,,2,,MediumSmooth,0.15,0.12,540,1210,0.9,0.7,0.7,Std Wood 6inch,OpenStudio-Prototype-Buildings,,,Std Wood 6inch,OpenStudio-Prototype-BuildingsStd Wood 6inchInternalMassDef
BA Workshop,2021_WA_BuildingCode,WholeBuilding,Workshop,2021,WA,BuildingCode,255,255,255,BA Workshop_2021WABuildingCode,BA Workshop_2021WABuildingCodeScheduleSet,143,7,0.075,635,186,965,283,469,97,120,0.40,COMNET-REV9,WholeBuilding,,,COMNET-REV9WholeBuildingBA WorkshopPeopleDef,NECB-A-Occupancy,BA WorkshopActivity,,,0.25,0.00127,,,,COMNET-REV9,WholeBuilding,,,COMNET-REV9WholeBuildingBA WorkshopVent,0.43,4.61,0.00,0.50,0.00,COMNET-REV9,NREL 956/Eley Analysis,DOEPrototype,COMNET-REV9NREL 956/Eley AnalysisDOEPrototypeBA WorkshopElectricalEquipDef,NECB-A-Electric-Equipment,0.91,9.80,0.37,0.20,Washington State Energy Code Commercial TABLE C405.4.2,,Workshop,Washington State Energy Code Commercial TABLE C405.4.2WorkshopLightingDef,NECB-A-Lighting,0.22,0.75,8.11,0.00,0.75,0.25,COMNET-REV9,California Commercial End-Use Survey (CEUS),93%ThermEffRadiant,COMNET-REV9California Commercial End-Use Survey (CEUS)93%ThermEffRadiantBA WorkshopGasEquipDef,NECB-A-Electric-Equipment,0.049225,2.32316E-05,PNNL-,NECB 2011,DOE_Prototype,Workshop_WholeBuilding,PNNL-NECB 2011BA WorkshopInfil,Always On,Workshop,WholeBuilding,,2,,MediumSmooth,0.15,0.12,540,1210,0.9,0.7,0.7,Std Wood 6inch,OpenStudio-Prototype-Buildings,,,Std Wood 6inch,OpenStudio-Prototype-BuildingsStd Wood 6inchInternalMassDef
CS Audience Seating Area - Auditorium,2021_WA_BuildingCode,Auditorium,Audience Seating Area - Auditorium,2021,WA,BuildingCode,230,196,120,CS Audience Seating Area - Auditorium_2021WABuildingCode,CS Audience Seating Area - Auditorium_2021WABuildingCodeScheduleSet,7,150,1.615,225,66,105,31,97,97,120,0.68,Washington State Mechanical Code TABLE 403.3.1.1,Education_Auditoriums,COMNET-REV9,,Washington State Mechanical Code TABLE 403.3.1.1Education_AuditoriumsCOMNET-REV9PeopleDef,SchoolSecondary BLDG_OCC_SCH_Auditorium,CS Audience Seating Area - AuditoriumActivity,5,0.002359604,0.06,0.0003048,,,,Washington State Mechanical Code TABLE 403.3.1.1,Education_Auditoriums,,,Washington State Mechanical Code TABLE 403.3.1.1Education_AuditoriumsVent,0.75,8.05,0.00,0.50,0.00,COMNET-REV9,NREL 956/Eley Analysis,DOEPrototype,COMNET-REV9NREL 956/Eley AnalysisDOEPrototypeCS Audience Seating Area - AuditoriumElectricalEquipDef,SchoolSecondary BLDG_EQUIP_SCH,0.61,6.57,0.37,0.20,Washington State Energy Code Commercial TABLE C405.4.2,,Audience/seating area - Permanent - In an auditorium,Washington State Energy Code Commercial TABLE C405.4.2Audience/seating area - Permanent - In an auditoriumLightingDef,SchoolSecondary BLDG_LIGHT_SCH,,,,,,,,,,,,0.0446,2.10488E-05,PNNL-,90.1-2013,DOE_Prototype,SecondarySchool_Auditorium,PNNL-90.1-2013DOE_PrototypeSecondarySchool_AuditoriumInfil,SchoolSecondary INFIL_SCH_PNNL,SecondarySchool,Auditorium,,2.11,,MediumRough,0.0332,0.966,219,859,0.9,0.65,0.65,Mixed_AudienceSeating_Auditorium_33mm,CalculatedEstimate,FoldingUpholsteredSeatsWithSteelPedestals,,Mixed_AudienceSeating_Auditorium_33mm,CalculatedEstimateFoldingUpholsteredSeatsWithSteelPedestalsMixed_AudienceSeating_Auditorium_33mmInternalMassDef
CS Audience Seating Area - Convention Center,2021_WA_BuildingCode,Convention centre - audience,Audience Seating Area - Convention Center,2021,WA,BuildingCode,230,196,120,CS Audience Seating Area - Convention Center_2021WABuildingCode,CS Audience Seating Area - Convention Center_2021WABuildingCodeScheduleSet,7,150,1.615,250,73,200,59,132,97,120,0.56,Washington State Mechanical Code TABLE 403.3.1.1,Education_Auditoriums,COMNET-REV9,,Washington State Mechanical Code TABLE 403.3.1.1Education_AuditoriumsCOMNET-REV9PeopleDef,NECB-C-Occupancy,CS Audience Seating Area - Convention CenterActivity,5,0.002359604,0.06,0.0003048,,,,Washington State Mechanical Code TABLE 403.3.1.1,Education_Auditoriums,,,Washington State Mechanical Code TABLE 403.3.1.1Education_AuditoriumsVent,0.75,8.05,0.00,0.50,0.00,COMNET-REV9,NREL 956/Eley Analysis,DOEPrototype,COMNET-REV9NREL 956/Eley AnalysisDOEPrototypeCS Audience Seating Area - Convention CenterElectricalEquipDef,NECB-C-Electric-Equipment,0.23,2.48,0.37,0.20,Washington State Energy Code Commercial TABLE C405.4.2,,Audience/seating area - Permanent - Otherwise,Washington State Energy Code Commercial TABLE C405.4.2Audience/seating area - Permanent - OtherwiseLightingDef,NECB-C-Lighting,,,,,,,,,,,,0.049225,2.32316E-05,PNNL-,NECB 2011,DOE_Prototype,Space Function_Convention centre - audience,PNNL-NECB 2011DOE_PrototypeSpace Function_Convention centre - audienceInfil,Always On,Space Function,Convention centre - audience,,1.05,,MediumRough,0.0084,3.73,636,562,0.9,0.7,0.7,Mixed_AudienceSeating_ConventionCenter_8mm,CalculatedEstimate,PortableStackingConferenceChairs,,Mixed_AudienceSeating_ConventionCenter_8mm,CalculatedEstimatePortableStackingConferenceChairsMixed_AudienceSeating_ConventionCenter_8mmInternalMassDef
CS Audience Seating Area - Exercise Center,2021_WA_BuildingCode,Gym - audience,Audience Seating Area - Exercise Center,2021,WA,BuildingCode,230,196,120,CS Audience Seating Area - Exercise Center_2021WABuildingCode,CS Audience Seating Area - Exercise Center_2021WABuildingCodeScheduleSet,7,150,1.615,710,208,1090,319,528,97,120,0.39,Washington State Mechanical Code TABLE 403.3.1.1,Sports and amusement_Spectator areas,COMNET-REV9,,Washington State Mechanical Code TABLE 403.3.1.1Sports and amusement_Spectator areasCOMNET-REV9PeopleDef,NECB-B-Occupancy,CS Audience Seating Area - Exercise CenterActivity,7.5,0.003539405,0.06,0.0003048,,,,Washington State Mechanical Code TABLE 403.3.1.1,Sports and amusement_Spectator areas,,,Washington State Mechanical Code TABLE 403.3.1.1Sports and amusement_Spectator areasVent,0.67,7.26,0.00,0.50,0.00,COMNET-REV9,NREL 956/Eley Analysis,DOEPrototype,COMNET-REV9NREL 956/Eley AnalysisDOEPrototypeCS Audience Seating Area - Exercise CenterElectricalEquipDef,NECB-B-Electric-Equipment,0.23,2.48,0.37,0.20,Washington State Energy Code Commercial TABLE C405.4.2,,Audience/seating area - Permanent - Otherwise,Washington State Energy Code Commercial TABLE C405.4.2Audience/seating area - Permanent - OtherwiseLightingDef,NECB-B-Lighting,,,,,,,,,,,,0.049225,2.32316E-05,PNNL-,NECB 2011,DOE_Prototype,Space Function_Gym - audience,PNNL-NECB 2011DOE_PrototypeSpace Function_Gym - audienceInfil,Always On,Space Function,Gym - audience,,1.03,,Smooth,0.01,50,332,863,0.9,0.65,0.65,Mixed_AudienceSeating_ExCtr_10mm,CalculatedEstimate,RetractableAluminumBleacherSystem,,Mixed_AudienceSeating_ExCtr_10mm,CalculatedEstimateRetractableAluminumBleacherSystemMixed_AudienceSeating_ExCtr_10mmInternalMassDef
CS Audience Seating Area - Gymnasium,2021_WA_BuildingCode,Gym - audience,Audience Seating Area - Gymnasium,2021,WA,BuildingCode,230,196,120,CS Audience Seating Area - Gymnasium_2021WABuildingCode,CS Audience Seating Area - Gymnasium_2021WABuildingCodeScheduleSet,7,150,1.615,710,208,1090,319,528,97,120,0.39,Washington State Mechanical Code TABLE 403.3.1.1,Sports and amusement_Spectator areas,COMNET-REV9,,Washington State Mechanical Code TABLE 403.3.1.1Sports and amusement_Spectator areasCOMNET-REV9PeopleDef,NECB-B-Occupancy,CS Audience Seating Area - GymnasiumActivity,7.5,0.003539405,0.06,0.0003048,,,,Washington State Mechanical Code TABLE 403.3.1.1,Sports and amusement_Spectator areas,,,Washington State Mechanical Code TABLE 403.3.1.1Sports and amusement_Spectator areasVent,0.67,7.26,0.00,0.50,0.00,COMNET-REV9,NREL 956/Eley Analysis,DOEPrototype,COMNET-REV9NREL 956/Eley AnalysisDOEPrototypeCS Audience Seating Area - GymnasiumElectricalEquipDef,NECB-B-Electric-Equipment,0.23,2.48,0.37,0.20,Washington State Energy Code Commercial TABLE C405.4.2,,Audience/seating area - Permanent - In a gymnasium,Washington State Energy Code Commercial TABLE C405.4.2Audience/seating area - Permanent - In a gymnasiumLightingDef,NECB-B-Lighting,,,,,,,,,,,,0.0446,2.10488E-05,PNNL-,90.1-2013,DOE_Prototype,SecondarySchool_Gym,PNNL-90.1-2013DOE_PrototypeSecondarySchool_GymInfil,SchoolSecondary INFIL_SCH_PNNL,SecondarySchool,Gym,,0.71,,Smooth,0.01,50,382,851,0.9,0.65,0.65,Mixed_AudienceSeating_Gymnasium_10mm,CalculatedEstimate,TelescopingAluminumBleacherSystem,,Mixed_AudienceSeating_Gymnasium_10mm,CalculatedEstimateTelescopingAluminumBleacherSystemMixed_AudienceSeating_Gymnasium_10mmInternalMassDef
CS Audience Seating Area - Motion Picture Theater,2021_WA_BuildingCode,Audience - motion picture,Audience Seating Area - Motion Picture Theater,2021,WA,BuildingCode,230,196,120,CS Audience Seating Area - Motion Picture Theater_2021WABuildingCode,CS Audience Seating Area - Motion Picture Theater_2021WABuildingCodeScheduleSet,7,150,1.615,225,66,105,31,97,97,120,0.68,Washington State Mechanical Code TABLE 403.3.1.1,Education_Auditoriums,COMNET-REV9,,Washington State Mechanical Code TABLE 403.3.1.1Education_AuditoriumsCOMNET-REV9PeopleDef,NECB-C-Occupancy,CS Audience Seating Area - Motion Picture TheaterActivity,5,0.002359604,0.06,0.0003048,,,,Washington State Mechanical Code TABLE 403.3.1.1,Education_Auditoriums,,,Washington State Mechanical Code TABLE 403.3.1.1Education_AuditoriumsVent,0.74,8.02,0.00,0.50,0.00,COMNET-REV9,NREL 956/Eley Analysis,DOEPrototype,COMNET-REV9NREL 956/Eley AnalysisDOEPrototypeCS Audience Seating Area - Motion Picture TheaterElectricalEquipDef,NECB-C-Electric-Equipment,0.27,2.91,0.37,0.20,Washington State Energy Code Commercial TABLE C405.4.2,,Audience/seating area - Permanent - In a motion picture theater,Washington State Energy Code Commercial TABLE C405.4.2Audience/seating area - Permanent - In a motion picture theaterLightingDef,NECB-C-Lighting,,,,,,,,,,,,0.049225,2.32316E-05,PNNL-,NECB 2011,DOE_Prototype,Space Function_Audience - motion picture,PNNL-NECB 2011DOE_PrototypeSpace Function_Audience - motion pictureInfil,Always On,Space Function,Audience - motion picture,,1.81,,MediumRough,0.0341,0.891,210,876,0.9,0.65,0.65,Mixed_AudienceSeating_MotionPictureTheater_34mm,CalculatedEstimate,FixedCinemaSeatsWithCupHolders,,Mixed_AudienceSeating_MotionPictureTheater_34mm,CalculatedEstimateFixedCinemaSeatsWithCupHoldersMixed_AudienceSeating_MotionPictureTheater_34mmInternalMassDef
CS Audience Seating Area - Penitentiary,2021_WA_BuildingCode,Penitentiary - audience,Audience Seating Area - Penitentiary,2021,WA,BuildingCode,230,196,120,CS Audience Seating Area - Penitentiary_2021WABuildingCode,CS Audience Seating Area - Penitentiary_2021WABuildingCodeScheduleSet,20,50,0.538,250,73,200,59,132,97,120,0.56,Washington State Mechanical Code TABLE 403.3.1.1,Correctional facilities_Booking_waiting,COMNET-REV9,,Washington State Mechanical Code TABLE 403.3.1.1Correctional facilities_Booking_waitingCOMNET-REV9PeopleDef,NECB-C-Occupancy,CS Audience Seating Area - PenitentiaryActivity,7.5,0.003539405,0.06,0.0003048,,,,Washington State Mechanical Code TABLE 403.3.1.1,Correctional facilities_Booking_waiting,,,Washington State Mechanical Code TABLE 403.3.1.1Correctional facilities_Booking_waitingVent,0.75,8.05,0.00,0.50,0.00,COMNET-REV9,NREL 956/Eley Analysis,DOEPrototype,COMNET-REV9NREL 956/Eley AnalysisDOEPrototypeCS Audience Seating Area - PenitentiaryElectricalEquipDef,NECB-C-Electric-Equipment,0.67,7.21,0.37,0.20,Washington State Energy Code Commercial TABLE C405.4.2,,Audience/seating area - Permanent - In a penitentiary,Washington State Energy Code Commercial TABLE C405.4.2Audience/seating area - Permanent - In a penitentiaryLightingDef,NECB-C-Lighting,,,,,,,,,,,,0.049225,2.32316E-05,PNNL-,NECB 2011,DOE_Prototype,Space Function_Penitentiary - audience,PNNL-NECB 2011DOE_PrototypeSpace Function_Penitentiary - audienceInfil,Always On,Space Function,Penitentiary - audience,,1.17,,MediumSmooth,0.0013,50,7800,460,0.9,0.7,0.7,Steel_AudienceSeating_Penitentiary_1mm,CalculatedEstimate,FixedAllMetalSecuritySeating,,Steel_AudienceSeating_Penitentiary_1mm,CalculatedEstimateFixedAllMetalSecuritySeatingSteel_AudienceSeating_Penitentiary_1mmInternalMassDef
CS Audience Seating Area - Performing Arts Theater,2021_WA_BuildingCode,Audience - performance arts,Audience Seating Area - Performing Arts Theater,2021,WA,BuildingCode,230,196,120,CS Audience Seating Area - Performing Arts Theater_2021WABuildingCode,CS Audience Seating Area - Performing Arts Theater_2021WABuildingCodeScheduleSet,7,150,1.615,225,66,105,31,97,97,120,0.68,Washington State Mechanical Code TABLE 403.3.1.1,Education_Auditoriums,COMNET-REV9,,Washington State Mechanical Code TABLE 403.3.1.1Education_AuditoriumsCOMNET-REV9PeopleDef,NECB-C-Occupancy,CS Audience Seating Area - Performing Arts TheaterActivity,5,0.002359604,0.06,0.0003048,,,,Washington State Mechanical Code TABLE 403.3.1.1,Education_Auditoriums,,,Washington State Mechanical Code TABLE 403.3.1.1Education_AuditoriumsVent,0.74,8.02,0.00,0.50,0.00,COMNET-REV9,NREL 956/Eley Analysis,DOEPrototype,COMNET-REV9NREL 956/Eley AnalysisDOEPrototypeCS Audience Seating Area - Performing Arts TheaterElectricalEquipDef,NECB-C-Electric-Equipment,1.16,12.49,0.37,0.20,Washington State Energy Code Commercial TABLE C405.4.2,,Audience/seating area - Permanent - In a performing arts theater,Washington State Energy Code Commercial TABLE C405.4.2Audience/seating area - Permanent - In a performing arts theaterLightingDef,NECB-C-Lighting,,,,,,,,,,,,0.0446,2.10488E-05,PNNL-,90.1-2013,DOE_Prototype,SecondarySchool_Auditorium,PNNL-90.1-2013DOE_PrototypeSecondarySchool_AuditoriumInfil,SchoolSecondary INFIL_SCH_PNNL,SecondarySchool,Auditorium,,2.06,,MediumRough,0.0379,0.863,200,879,0.9,0.65,0.65,Mixed_AudienceSeating_PerformingArtsTheater_38mm,CalculatedEstimate,FixedUpholsteredSeatsWithAisleRails,,Mixed_AudienceSeating_PerformingArtsTheater_38mm,CalculatedEstimateFixedUpholsteredSeatsWithAisleRailsMixed_AudienceSeating_PerformingArtsTheater_38mmInternalMassDef
CS Audience Seating Area - Religious Building,2021_WA_BuildingCode,Religious - audience,Audience Seating Area - Religious Building,2021,WA,BuildingCode,230,196,120,CS Audience Seating Area - Religious Building_2021WABuildingCode,CS Audience Seating Area - Religious Building_2021WABuildingCodeScheduleSet,7,150,1.615,245,72,155,45,117,97,120,0.61,Washington State Mechanical Code TABLE 403.3.1.1,Education_Auditoriums,COMNET-REV9,,Washington State Mechanical Code TABLE 403.3.1.1Education_AuditoriumsCOMNET-REV9PeopleDef,NECB-I-Occupancy,CS Audience Seating Area - Religious BuildingActivity,5,0.002359604,0.06,0.0003048,,,,Washington State Mechanical Code TABLE 403.3.1.1,Education_Auditoriums,,,Washington State Mechanical Code TABLE 403.3.1.1Education_AuditoriumsVent,0.73,7.89,0.00,0.50,0.00,COMNET-REV9,NREL 956/Eley Analysis,DOEPrototype,COMNET-REV9NREL 956/Eley AnalysisDOEPrototypeCS Audience Seating Area - Religious BuildingElectricalEquipDef,NECB-I-Electric-Equipment,0.72,7.75,0.37,0.20,Washington State Energy Code Commercial TABLE C405.4.2,,Audience/seating area - Permanent - In a religious building,Washington State Energy Code Commercial TABLE C405.4.2Audience/seating area - Permanent - In a religious buildingLightingDef,NECB-I-Lighting,,,,,,,,,,,,0.049225,2.32316E-05,PNNL-,NECB 2011,DOE_Prototype,Space Function_Religious - audience,PNNL-NECB 2011DOE_PrototypeSpace Function_Religious - audienceInfil,Always On,Space Function,Religious - audience,,1.17,,MediumRough,0.0182,1.185,255,785,0.9,0.7,0.7,Mixed_AudienceSeating_ReligiousBuilding_18mm,CalculatedEstimate,PaddedStackableGangedChairs,,Mixed_AudienceSeating_ReligiousBuilding_18mm,CalculatedEstimatePaddedStackableGangedChairsMixed_AudienceSeating_ReligiousBuilding_18mmInternalMassDef
CS Audience Seating Area - Sports Arena,2021_WA_BuildingCode,Sports arena - audience,Audience Seating Area - Sports Arena,2021,WA,BuildingCode,230,196,120,CS Audience Seating Area - Sports Arena_2021WABuildingCode,CS Audience Seating Area - Sports Arena_2021WABuildingCodeScheduleSet,7,150,1.615,245,72,105,31,103,97,120,0.70,Washington State Mechanical Code TABLE 403.3.1.1,Sports and amusement_Spectator areas,COMNET-REV9,,Washington State Mechanical Code TABLE 403.3.1.1Sports and amusement_Spectator areasCOMNET-REV9PeopleDef,NECB-B-Occupancy,CS Audience Seating Area - Sports ArenaActivity,7.5,0.003539405,0.06,0.0003048,,,,Washington State Mechanical Code TABLE 403.3.1.1,Sports and amusement_Spectator areas,,,Washington State Mechanical Code TABLE 403.3.1.1Sports and amusement_Spectator areasVent,0.74,8.02,0.00,0.50,0.00,COMNET-REV9,NREL 956/Eley Analysis,DOEPrototype,COMNET-REV9NREL 956/Eley AnalysisDOEPrototypeCS Audience Seating Area - Sports ArenaElectricalEquipDef,NECB-B-Electric-Equipment,0.33,3.55,0.37,0.20,Washington State Energy Code Commercial TABLE C405.4.2,,Audience/seating area - Permanent - In a sports arena,Washington State Energy Code Commercial TABLE C405.4.2Audience/seating area - Permanent - In a sports arenaLightingDef,NECB-B-Lighting,,,,,,,,,,,,0.049225,2.32316E-05,PNNL-,NECB 2011,DOE_Prototype,Space Function_Sports arena - audience,PNNL-NECB 2011DOE_PrototypeSpace Function_Sports arena - audienceInfil,Always On,Space Function,Sports arena - audience,,1.75,,MediumSmooth,0.01,2.66,440,1401,0.9,0.65,0.65,Mixed_AudienceSeating_SportsArena_10mm,CalculatedEstimate,FoldDownPolypropyleneStadiumSeats,,Mixed_AudienceSeating_SportsArena_10mm,CalculatedEstimateFoldDownPolypropyleneStadiumSeatsMixed_AudienceSeating_SportsArena_10mmInternalMassDef
CS Audience Seating Area - Transportation Facility,2021_WA_BuildingCode,Transp. seating,Audience Seating Area - Transportation Facility,2021,WA,BuildingCode,230,196,120,CS Audience Seating Area - Transportation Facility_2021WABuildingCode,CS Audience Seating Area - Transportation Facility_2021WABuildingCodeScheduleSet,10,100,1.076,225,66,105,31,97,97,120,0.68,Washington State Mechanical Code TABLE 403.3.1.1,Transportation_Transportation waiting,COMNET-REV9,,Washington State Mechanical Code TABLE 403.3.1.1Transportation_Transportation waitingCOMNET-REV9PeopleDef,NECB-H-Occupancy,CS Audience Seating Area - Transportation FacilityActivity,7.5,0.003539405,0.06,0.0003048,,,,Washington State Mechanical Code TABLE 403.3.1.1,Transportation_Transportation waiting,,,Washington State Mechanical Code TABLE 403.3.1.1Transportation_Transportation waitingVent,0.75,8.05,0.00,0.50,0.00,COMNET-REV9,NREL 956/Eley Analysis,DOEPrototype,COMNET-REV9NREL 956/Eley AnalysisDOEPrototypeCS Audience Seating Area - Transportation FacilityElectricalEquipDef,NECB-H-Electric-Equipment,0.23,2.48,0.37,0.20,Washington State Energy Code Commercial TABLE C405.4.2,,Audience/seating area - Permanent - Otherwise,Washington State Energy Code Commercial TABLE C405.4.2Audience/seating area - Permanent - OtherwiseLightingDef,NECB-H-Lighting,,,,,,,,,,,,0.049225,2.32316E-05,PNNL-,NECB 2012,DOE_Prototype,Space Function_Transp. seating,PNNL-NECB 2012DOE_PrototypeSpace Function_Transp. seatingInfil,Always On,Space Function,Transp. seating,,0.66,,MediumRough,0.01,3.06,638,658,0.9,0.6,0.6,Mixed_AudienceSeating_Transportation_10mm,CalculatedEstimate,GangedModularWaitingSeats,,Mixed_AudienceSeating_Transportation_10mm,CalculatedEstimateGangedModularWaitingSeatsMixed_AudienceSeating_Transportation_10mmInternalMassDef
CS Audience Seating Area - Other,2021_WA_BuildingCode,Audience - auditorium,Audience Seating Area - Other,2021,WA,BuildingCode,230,196,120,CS Audience Seating Area - Other_2021WABuildingCode,CS Audience Seating Area - Other_2021WABuildingCodeScheduleSet,10,100,1.076,250,73,200,59,132,97,120,0.56,Washington State Mechanical Code TABLE 403.3.1.1,Education_Multiuse assembly,COMNET-REV9,BA School/University,Washington State Mechanical Code TABLE 403.3.1.1Education_Multiuse assemblyCOMNET-REV9BA School/UniversityPeopleDef,NECB-C-Occupancy,CS Audience Seating Area - OtherActivity,7.5,0.003539405,0.06,0.0003048,,,,Washington State Mechanical Code TABLE 403.3.1.1,Education_Multiuse assembly,,,Washington State Mechanical Code TABLE 403.3.1.1Education_Multiuse assemblyVent,0.75,8.05,0.00,0.50,0.00,COMNET-REV9,NREL 956/Eley Analysis,DOEPrototype,COMNET-REV9NREL 956/Eley AnalysisDOEPrototypeCS Audience Seating Area - OtherElectricalEquipDef,NECB-C-Electric-Equipment,0.23,2.48,0.37,0.20,Washington State Energy Code Commercial TABLE C405.4.2,,Audience/seating area - Permanent - Otherwise,Washington State Energy Code Commercial TABLE C405.4.2Audience/seating area - Permanent - OtherwiseLightingDef,NECB-C-Lighting,,,,,,,,,,,,0.049225,2.32316E-05,PNNL-,NECB 2013,DOE_Prototype,Space Function_Audience - auditorium,PNNL-NECB 2013DOE_PrototypeSpace Function_Audience - auditoriumInfil,Always On,Space Function,Audience - auditorium,,1.13,,MediumRough,0.0079,1.86,364,691,0.9,0.65,0.65,Mixed_AudienceSeating_Other_8mm,CalculatedEstimate,PortablePaddedFoldingChairs,,Mixed_AudienceSeating_Other_8mm,CalculatedEstimatePortablePaddedFoldingChairsMixed_AudienceSeating_Other_8mmInternalMassDef
CS Atrium - Less than or equal to 40 ft,2021_WA_BuildingCode,Atrium,Atrium - Less than or equal to 40 ft,2021,WA,BuildingCode,255,255,0,CS Atrium - Less than or equal to 40 ft_2021WABuildingCode,CS Atrium - Less than or equal to 40 ft_2021WABuildingCodeScheduleSet,,,,,,,,,,,,,,,,,,,,,0.06,0.0003048,,,,Washington State Mechanical Code TABLE 403.3.1.1,Public spaces_Corridors other than Group R,,,Washington State Mechanical Code TABLE 403.3.1.1Public spaces_Corridors other than Group RVent,,,,,,,,,,,0.48,5.17,0.37,0.20,Washington State Energy Code Commercial TABLE C405.4.2,,Atrium - 20 to 40 feet in height,Washington State Energy Code Commercial TABLE C405.4.2Atrium - 20 to 40 feet in heightLightingDef,NECB-C-Lighting,,,,,,,,,,,,0.049225,2.32316E-05,PNNL-,NECB 2014,DOE_Prototype,Space Function_Atrium - H < 13m,PNNL-NECB 2014DOE_PrototypeSpace Function_Atrium - H < 13mInfil,Always On,Space Function,Atrium - H < 13m,,0.31,,MediumRough,0.085,2.56,904,1122,0.9,0.7,0.7,Mixed_Atrium_LTE40ft_85mm,CalculatedEstimate,LightWoodTrussesOrSmallSteelBeams,,Mixed_Atrium_LTE40ft_85mm,CalculatedEstimateLightWoodTrussesOrSmallSteelBeamsMixed_Atrium_LTE40ft_85mmInternalMassDef
CS Atrium - More than 40 ft,2021_WA_BuildingCode,Atrium,Atrium - More than 40 ft,2021,WA,BuildingCode,255,255,0,CS Atrium - More than 40 ft_2021WABuildingCode,CS Atrium - More than 40 ft_2021WABuildingCodeScheduleSet,,,,,,,,,,,,,,,,,,,,,0.06,0.0003048,,,,Washington State Mechanical Code TABLE 403.3.1.1,Public spaces_Corridors other than Group R,,,Washington State Mechanical Code TABLE 403.3.1.1Public spaces_Corridors other than Group RVent,,,,,,,,,,,0.6,6.46,0.37,0.20,Washington State Energy Code Commercial TABLE C405.4.2,,Atrium - Above 40 feet in height,Washington State Energy Code Commercial TABLE C405.4.2Atrium - Above 40 feet in heightLightingDef,NECB-C-Lighting,,,,,,,,,,,,0.049225,2.32316E-05,PNNL-,NECB 2015,DOE_Prototype,Space Function_Atrium - H > 13m,PNNL-NECB 2015DOE_PrototypeSpace Function_Atrium - H > 13mInfil,Always On,Space Function,Atrium - H > 13m,,0.36,,MediumRough,0.1294,3.01,886,1270,0.9,0.7,0.7,Mixed_Atrium_GT40ft_129mm,CalculatedEstimate,HeavyGlulamBeamsOrSteelMembers,,Mixed_Atrium_GT40ft_129mm,CalculatedEstimateHeavyGlulamBeamsOrSteelMembersMixed_Atrium_GT40ft_129mmInternalMassDef
CS Banking Activity Area,2021_WA_BuildingCode,Bank - banking and offices,Banking Activity Area,2021,WA,BuildingCode,204,255,229,CS Banking Activity Area_2021WABuildingCode,CS Banking Activity Area_2021WABuildingCodeScheduleSet,25,40,0.431,250,73,200,59,132,97,120,0.56,Washington State Mechanical Code TABLE 403.3.1.1,Public spaces_Museums/galleries ,COMNET-REV9,,Washington State Mechanical Code TABLE 403.3.1.1Public spaces_Museums/galleries COMNET-REV9PeopleDef,NECB-A-Occupancy,CS Banking Activity AreaActivity,7.5,0.003539405,0.06,0.0003048,,,,Washington State Mechanical Code TABLE 403.3.1.1,Public spaces_Museums/galleries ,,,Washington State Mechanical Code TABLE 403.3.1.1Public spaces_Museums/galleries Vent,1.72,18.51,0.00,0.50,0.00,COMNET-REV9,NREL 956/Eley Analysis,DOEPrototype,COMNET-REV9NREL 956/Eley AnalysisDOEPrototypeCS Banking Activity AreaElectricalEquipDef,NECB-A-Electric-Equipment,0.61,6.57,0.37,0.20,Washington State Energy Code Commercial TABLE C405.4.2,,Banking activity area,Washington State Energy Code Commercial TABLE C405.4.2Banking activity areaLightingDef,NECB-A-Lighting,,,,,,,,,,,,0.049225,2.32316E-05,PNNL-,NECB 2016,DOE_Prototype,Space Function_Bank - banking and offices,PNNL-NECB 2016DOE_PrototypeSpace Function_Bank - banking and officesInfil,Always On,Space Function,Bank - banking and offices,,0.69,,MediumRough,0.0151,5.243,1547,811,0.9,0.7,0.7,Mixed_Banking_ActivityArea_15mm,CalculatedEstimate,TellerCountersAndSecurityTransactionWindows,,Mixed_Banking_ActivityArea_15mm,CalculatedEstimateTellerCountersAndSecurityTransactionWindowsMixed_Banking_ActivityArea_15mmInternalMassDef
CS Classroom/Lecture/Training - Penitentiary,2021_WA_BuildingCode,Penitentiary - classroom,Classroom/Lecture/Training - Penitentiary,2021,WA,BuildingCode,204,120,230,CS Classroom/Lecture/Training - Penitentiary_2021WABuildingCode,CS Classroom/Lecture/Training - Penitentiary_2021WABuildingCodeScheduleSet,15,65,0.700,250,73,200,59,132,97,120,0.56,Washington State Mechanical Code TABLE 403.3.1.1,Education_Lecture classroom ,COMNET-REV9,,Washington State Mechanical Code TABLE 403.3.1.1Education_Lecture classroom COMNET-REV9PeopleDef,NECB-D-Occupancy,CS Classroom/Lecture/Training - PenitentiaryActivity,7.5,0.003539405,0.06,0.0003048,,,,Washington State Mechanical Code TABLE 403.3.1.1,Education_Lecture classroom ,,,Washington State Mechanical Code TABLE 403.3.1.1Education_Lecture classroom Vent,0.59,6.34,0.00,0.50,0.00,COMNET-REV9,NREL 956/Eley Analysis,DOEPrototype,COMNET-REV9NREL 956/Eley AnalysisDOEPrototypeCS Classroom/Lecture/Training - PenitentiaryElectricalEquipDef,NECB-D-Electric-Equipment,0.89,9.58,0.37,0.20,Washington State Energy Code Commercial TABLE C405.4.2,,Classroom/lecture hall/training room - In a penitentiary,Washington State Energy Code Commercial TABLE C405.4.2Classroom/lecture hall/training room - In a penitentiaryLightingDef,NECB-D-Lighting,,,,,,,,,,,,0.049225,2.32316E-05,PNNL-,NECB 2011,DOE_Prototype,Space Function_Classroom/lecture/training,PNNL-NECB 2011DOE_PrototypeSpace Function_Classroom/lecture/trainingInfil,Always On,Space Function,Classroom/lecture/training,,0.85,,MediumSmooth,0.0043,9.44,1923,895,0.9,0.55,0.5,Mixed_Classroom_Penitentiary_4mm,CalculatedEstimate,LaminateDeskSteelChairInstitutional,,Mixed_Classroom_Penitentiary_4mm,CalculatedEstimateLaminateDeskSteelChairInstitutionalMixed_Classroom_Penitentiary_4mmInternalMassDef
CS Classroom/Lecture/Training - K-12 - laboratory and shops,2021_WA_BuildingCode,SecondarySchool Classroom,Classroom/Lecture/Training - K-12 - laboratory and shops,2021,WA,BuildingCode,204,120,230,CS Classroom/Lecture/Training - K-12 - laboratory and shops_2021WABuildingCode,CS Classroom/Lecture/Training - K-12 - laboratory and shops_2021WABuildingCodeScheduleSet,15,65,0.700,250,73,200,59,132,97,120,0.56,Washington State Mechanical Code TABLE 403.3.1.1,Education_Lecture classroom ,COMNET-REV9,,Washington State Mechanical Code TABLE 403.3.1.1Education_Lecture classroom COMNET-REV9PeopleDef,SchoolSecondary BLDG_OCC_SCH_Gym,CS Classroom/Lecture/Training - K-12 - laboratory and shopsActivity,7.5,0.003539405,0.06,0.0003048,,,,Washington State Mechanical Code TABLE 403.3.1.1,Education_Lecture classroom ,,,Washington State Mechanical Code TABLE 403.3.1.1Education_Lecture classroom Vent,0.59,6.34,0.00,0.50,0.00,COMNET-REV9,NREL 956/Eley Analysis,DOEPrototype,COMNET-REV9NREL 956/Eley AnalysisDOEPrototypeCS Classroom/Lecture/Training - K-12 - laboratory and shopsElectricalEquipDef,SchoolSecondary BLDG_EQUIP_SCH,1.11,11.95,0.37,0.20,Washington State Energy Code Commercial TABLE C405.4.2,,Laboratory - In or as a classrooms,Washington State Energy Code Commercial TABLE C405.4.2Laboratory - In or as a classroomsLightingDef,SchoolSecondary BLDG_LIGHT_GYM_SCH,,,,,,,,,,,,0.0446,2.10488E-05,PNNL-,90.1-2013,DOE_Prototype,SecondarySchool_Classroom,PNNL-90.1-2013DOE_PrototypeSecondarySchool_ClassroomInfil,Always On,SecondarySchool,Classroom,,2.35,,MediumRough,0.00428,14,2572,659,0.9,0.7,0.7,Mixed_ClassroomK12_LabShop_4mm,CalculatedEstimate,SteelBenchesCaseworkAndShopMachines,,Mixed_ClassroomK12_LabShop_4mm,CalculatedEstimateSteelBenchesCaseworkAndShopMachinesMixed_ClassroomK12_LabShop_4mmInternalMassDef
CS Classroom/Lecture/Training - Other,2021_WA_BuildingCode,Classroom/lecture/training,Classroom/Lecture/Training - Other,2021,WA,BuildingCode,204,120,230,CS Classroom/Lecture/Training - Other_2021WABuildingCode,CS Classroom/Lecture/Training - Other_2021WABuildingCodeScheduleSet,15,65,0.700,250,73,200,59,132,97,120,0.56,Washington State Mechanical Code TABLE 403.3.1.1,Education_Lecture classroom ,COMNET-REV9,BA School/University,Washington State Mechanical Code TABLE 403.3.1.1Education_Lecture classroom COMNET-REV9BA School/UniversityPeopleDef,NECB-D-Occupancy,CS Classroom/Lecture/Training - OtherActivity,7.5,0.003539405,0.06,0.0003048,,,,Washington State Mechanical Code TABLE 403.3.1.1,Education_Lecture classroom ,,,Washington State Mechanical Code TABLE 403.3.1.1Education_Lecture classroom Vent,0.59,6.34,0.00,0.50,0.00,COMNET-REV9,NREL 956/Eley Analysis,DOEPrototype,COMNET-REV9NREL 956/Eley AnalysisDOEPrototypeCS Classroom/Lecture/Training - OtherElectricalEquipDef,NECB-D-Electric-Equipment,0.71,7.64,0.37,0.20,Washington State Energy Code Commercial TABLE C405.4.2,,Classroom/lecture hall/training room - Otherwise,Washington State Energy Code Commercial TABLE C405.4.2Classroom/lecture hall/training room - OtherwiseLightingDef,NECB-D-Lighting,,,,,,,,,,,,0.049225,2.32316E-05,PNNL-,NECB 2011,DOE_Prototype,Space Function_Classroom/lecture/training,PNNL-NECB 2011DOE_PrototypeSpace Function_Classroom/lecture/trainingInfil,Always On,Space Function,Classroom/lecture/training,,1.3,,MediumRough,0.0078,2.85,894,936,0.9,0.6,0.6,Mixed_ClassroomTraining_Other_8mm,CalculatedEstimate,MovableLaminateTablesAndStackingChairs,,Mixed_ClassroomTraining_Other_8mm,CalculatedEstimateMovableLaminateTablesAndStackingChairsMixed_ClassroomTraining_Other_8mmInternalMassDef
CS Conference/Meeting/Multipurpose,2021_WA_BuildingCode,Office Conference,Conference/Meeting/Multipurpose,2021,WA,BuildingCode,230,196,120,CS Conference/Meeting/Multipurpose_2021WABuildingCode,CS Conference/Meeting/Multipurpose_2021WABuildingCodeScheduleSet,20,50,0.538,250,73,200,59,132,97,120,0.56,Washington State Mechanical Code TABLE 403.3.1.1,Office_Conference rooms,COMNET-REV9,BA Office,Washington State Mechanical Code TABLE 403.3.1.1Office_Conference roomsCOMNET-REV9BA OfficePeopleDef,OfficeMedium BLDG_OCC_SCH,CS Conference/Meeting/MultipurposeActivity,5,0.002359604,0.06,0.0003048,,,,Washington State Mechanical Code TABLE 403.3.1.1,Office_Conference rooms,,,Washington State Mechanical Code TABLE 403.3.1.1Office_Conference roomsVent,0.73,7.89,0.00,0.50,0.00,COMNET-REV9,NREL 956/Eley Analysis,DOEPrototype,COMNET-REV9NREL 956/Eley AnalysisDOEPrototypeCS Conference/Meeting/MultipurposeElectricalEquipDef,OfficeMedium BLDG_EQUIP_SCH,0.97,10.44,0.37,0.20,Washington State Energy Code Commercial TABLE C405.4.2,,Conference/meeting/multipurpose,Washington State Energy Code Commercial TABLE C405.4.2Conference/meeting/multipurposeLightingDef,OfficeMedium BLDG_LIGHT_SCH_2013,,,,,,,,,,,,0.049225,2.32316E-05,PNNL-,NECB 2011,DOE_Prototype,Space Function_Conf./meet./multi-purpose,PNNL-NECB 2011DOE_PrototypeSpace Function_Conf./meet./multi-purposeInfil,Always On,Space Function,Conf./meet./multi-purpose,,0.61,,MediumRough,0.0059,42.8,1804,1243,0.9,0.7,0.65,Conference_Meeting_Multipurpose_Material,CalculatedEstimate,ConferenceTablesChairsAndCredenza,,Conference_Meeting_Multipurpose_Material,CalculatedEstimateConferenceTablesChairsAndCredenzaConference_Meeting_Multipurpose_MaterialInternalMassDef
CS Confinment Cells,2021_WA_BuildingCode,Courthouse - cell,Confinment Cells,2021,WA,BuildingCode,192,192,192,CS Confinment Cells_2021WABuildingCode,CS Confinment Cells_2021WABuildingCodeScheduleSet,40,25,0.269,250,73,200,59,132,97,120,0.56,Washington State Mechanical Code TABLE 403.3.1.1,Correctional facilities_Cells With plumbing fixtures,COMNET-REV9,,Washington State Mechanical Code TABLE 403.3.1.1Correctional facilities_Cells With plumbing fixturesCOMNET-REV9BA OfficePeopleDef,NECB-H-Occupancy,CS Confinment CellsActivity,5,0.002359604,0.12,0.0006096,,,,Washington State Mechanical Code TABLE 403.3.1.1,Correctional facilities_Cells With plumbing fixtures,,,Washington State Mechanical Code TABLE 403.3.1.1Correctional facilities_Cells With plumbing fixturesVent,1.49,16.07,0.00,0.50,0.00,COMNET-REV9,NREL 956/Eley Analysis,DOEPrototype,COMNET-REV9NREL 956/Eley AnalysisDOEPrototypeCS Confinment CellsElectricalEquipDef,NECB-H-Electric-Equipment,0.7,7.53,0.37,0.20,Washington State Energy Code Commercial TABLE C405.4.2,,Confinement cell,Washington State Energy Code Commercial TABLE C405.4.2Confinement cellLightingDef,NECB-H-Lighting,,,,,,,,,,,,0.0446,2.10488E-05,PNNL-,90.1-2013,DOE_Prototype,Office_Conference,PNNL-90.1-2013DOE_PrototypeOffice_ConferenceInfil,OfficeMedium INFIL_SCH_PNNL,Office,Conference,,0.73,,Smooth,0.0043,33.8,7746,492,0.9,0.7,0.7,Steel_Security_Fixtures_4mm,CalculatedEstimate,FixedSteelBedDeskAndToiletFixtures,,Steel_Security_Fixtures_4mm,CalculatedEstimateFixedSteelBedDeskAndToiletFixturesSteel_Security_Fixtures_4mmInternalMassDef
CS Copy/Print Room,2021_WA_BuildingCode,PrintRoom,Copy/Print Room,2021,WA,BuildingCode,41,31,169,CS Copy/Print Room_2021WABuildingCode,CS Copy/Print Room_2021WABuildingCodeScheduleSet,250,4,0.043,250,73,200,59,132,97,120,0.56,Washington State Mechanical Code TABLE 403.3.1.1,Workrooms_Copy_printing rooms ,COMNET-REV9,BA Office,Washington State Mechanical Code TABLE 403.3.1.1Workrooms_Copy_printing rooms COMNET-REV9BA OfficePeopleDef,OfficeMedium BLDG_OCC_SCH,CS Copy/Print RoomActivity,5,0.002359604,0.06,0.0003048,,,,Washington State Mechanical Code TABLE 403.3.1.1,Workrooms_Copy_printing rooms ,,,Washington State Mechanical Code TABLE 403.3.1.1Workrooms_Copy_printing rooms Vent,1.67,18.00,0.00,0.50,0.00,COMNET-REV9,BA Office,WholeBuilding,COMNET-REV9BA OfficeWholeBuildingCS Copy/Print RoomElectricalEquipDef,OfficeMedium BLDG_EQUIP_SCH,0.31,3.34,0.37,0.20,Washington State Energy Code Commercial TABLE C405.4.2,,Copy/print room,Washington State Energy Code Commercial TABLE C405.4.2Copy/print roomLightingDef,OfficeMedium BLDG_LIGHT_SCH_2013,,,,,,,,,,,,0.0446,2.10488E-05,PNNL-,90.1-2013,DOE_Prototype,Office_PrintRoom,PNNL-90.1-2013DOE_PrototypeOffice_PrintRoomInfil,OfficeMedium INFIL_SCH_PNNL,Office,PrintRoom,,1.52,,MediumRough,0.0015,39.6,6545,629,0.9,0.7,0.65,Steel_Office_Equipment_2mm,CalculatedEstimate,CommercialCopierAndSteelStorageCabinets,,Steel_Office_Equipment_2mm,CalculatedEstimateCommercialCopierAndSteelStorageCabinetsSteel_Office_Equipment_2mmInternalMassDef
CS Corridor - Assisted Living,2021_WA_BuildingCode,Office Corridor,Corridor - Assisted Living,2021,WA,BuildingCode,169,31,31,CS Corridor - Assisted Living_2021WABuildingCode,CS Corridor - Assisted Living_2021WABuildingCodeScheduleSet,,,,,,,,,,,,,,,,,,,,,0.06,0.0003048,,,,Washington State Mechanical Code TABLE 403.3.1.1,Public spaces_Corridors serving Group R ,,,Washington State Mechanical Code TABLE 403.3.1.1Public spaces_Corridors serving Group R Vent,1.40,15.12,0.00,0.50,0.00,COMNET-REV9,,DOEPrototype,COMNET-REV9DOEPrototypeCS Corridor - Assisted LivingElectricalEquipDef,OfficeMedium BLDG_EQUIP_SCH,0.71,7.64,0.37,0.20,Washington State Energy Code Commercial TABLE C405.4.2,,Corridor - In a facility for the visually impaired (and not used primarily by the staff),Washington State Energy Code Commercial TABLE C405.4.2Corridor - In a facility for the visually impaired (and not used primarily by the staff)LightingDef,OfficeMedium BLDG_LIGHT_SCH_2013,,,,,,,,,,,,0.0446,2.10488E-05,PNNL-,90.1-2013,DOE_Prototype,MidriseApartment_Corridor,PNNL-90.1-2013DOE_PrototypeMidriseApartment_CorridorInfil,ApartmentMidRise INF_APT_SCH,MidriseApartment,Corridor,,0.19,,Smooth,0.0027,182.5,3009,894,0.9,0.7,0.7,Aluminum_Corridor_Fixtures_3mm,CalculatedEstimate,AluminumHandrailsAndWayfindingSignage,,Aluminum_Corridor_Fixtures_3mm,CalculatedEstimateAluminumHandrailsAndWayfindingSignageAluminum_Corridor_Fixtures_3mmInternalMassDef
CS Corridor - Hospital,2021_WA_BuildingCode,Hospital Corridor,Corridor - Hospital,2021,WA,BuildingCode,169,31,31,CS Corridor - Hospital_2021WABuildingCode,CS Corridor - Hospital_2021WABuildingCodeScheduleSet,,,,,,,,,,,,,,,,,,,,,0.06,0.0003048,,,,Washington State Mechanical Code TABLE 403.3.1.1,Public spaces_Corridors other than Group R,,,Washington State Mechanical Code TABLE 403.3.1.1Public spaces_Corridors other than Group RVent,1.25,13.44,0.00,0.50,0.00,COMNET-REV9,,DOEPrototype,COMNET-REV9DOEPrototypeCS Corridor - HospitalElectricalEquipDef,Hospital BLDG_EQUIP_SCH,0.71,7.64,0.37,0.20,Washington State Energy Code Commercial TABLE C405.4.2,,Corridor - In a hospital,Washington State Energy Code Commercial TABLE C405.4.2Corridor - In a hospitalLightingDef,Hospital BLDG_LIGHT_CORRIDOR_SCH,,,,,,,,,,,,0.0446,2.10488E-05,PNNL-,90.1-2013,DOE_Prototype,Hospital_Corridor,PNNL-90.1-2013DOE_PrototypeHospital_CorridorInfil,Hospital INFIL_SCH_PNNL,Hospital,Corridor,,0.26,,Smooth,0.0025,64.8,6330,644,0.9,0.7,0.7,Stainless_Aluminum_Hospital_3mm,CalculatedEstimate,StainlessHandrailsAndMedicalSignage,,Stainless_Aluminum_Hospital_3mm,CalculatedEstimateStainlessHandrailsAndMedicalSignageStainless_Aluminum_Hospital_3mmInternalMassDef
CS Corridor - Manufacturing,2021_WA_BuildingCode,Mfg - corr. >= 2.4m,Corridor - Manufacturing,2021,WA,BuildingCode,169,31,31,CS Corridor - Manufacturing_2021WABuildingCode,CS Corridor - Manufacturing_2021WABuildingCodeScheduleSet,143,7,0.075,580,170,870,255,425,97,120,0.40,COMNET-REV9,,,,COMNET-REV9CS Corridor - ManufacturingPeopleDef,NECB-A-Occupancy,CS Corridor - ManufacturingActivity,,,0.25,0.00127,,,,COMNET-REV9,,,,COMNET-REV9CS Corridor - ManufacturingVent,0.34,3.71,0.00,0.50,0.00,COMNET-REV9,,DOEPrototype,COMNET-REV9DOEPrototypeCS Corridor - ManufacturingElectricalEquipDef,NECB-A-Electric-Equipment,0.41,4.41,0.37,0.20,Washington State Energy Code Commercial TABLE C405.4.2,,Corridor - In a manufacturing facility,Washington State Energy Code Commercial TABLE C405.4.2Corridor - In a manufacturing facilityLightingDef,NECB-A-Lighting,,,,,,,,,,,,0.0446,2.10488E-05,PNNL-,90.1-2013,DOE_Prototype,Office_Corridor,PNNL-90.1-2013DOE_PrototypeOffice_CorridorInfil,OfficeMedium INFIL_SCH_PNNL,Office,Corridor,,0.34,,MediumRough,0.0063,82,5095,711,0.9,0.7,0.7,Steel_Aluminum_Industrial_6mm,CalculatedEstimate,SteelHandrailsAndSafetyBollards,,Steel_Aluminum_Industrial_6mm,CalculatedEstimateSteelHandrailsAndSafetyBollardsSteel_Aluminum_Industrial_6mmInternalMassDef
CS Corridor - Other,2021_WA_BuildingCode,SecondarySchool Corridor,Corridor - Other,2021,WA,BuildingCode,169,31,31,CS Corridor - Other_2021WABuildingCode,CS Corridor - Other_2021WABuildingCodeScheduleSet,,,,,,,,,,,,,,,,,,,,,0.06,0.0003048,,,,Washington State Mechanical Code TABLE 403.3.1.1,Public spaces_Corridors other than Group R,,,Washington State Mechanical Code TABLE 403.3.1.1Public spaces_Corridors other than Group RVent,0.30,3.23,0.00,0.50,0.00,COMNET-REV9,BA Warehouse,WholeBuilding,COMNET-REV9BA WarehouseWholeBuildingCS Corridor - OtherElectricalEquipDef,SchoolSecondary BLDG_EQUIP_SCH,0.41,4.41,0.37,0.20,Washington State Energy Code Commercial TABLE C405.4.2,,Corridor - Otherwise,Washington State Energy Code Commercial TABLE C405.4.2Corridor - OtherwiseLightingDef,SchoolSecondary BLDG_LIGHT_CORRIDOR_SCH,,,,,,,,,,,,0.0192416,9.08102E-06,PNNL-,90.1-2013,DOE_Prototype,LargeHotel_Corridor,PNNL-90.1-2013DOE_PrototypeLargeHotel_CorridorInfil,HotelLarge INFIL_QUARTER_ON_SCH,LargeHotel,Corridor,,0.19,,Smooth,0.0027,186.9,2928,898,0.9,0.7,0.7,Aluminum_Commercial_Fixtures_3mm,CalculatedEstimate,AluminumHandrailsAndDirectionalSignage,,Aluminum_Commercial_Fixtures_3mm,CalculatedEstimateAluminumHandrailsAndDirectionalSignageAluminum_Commercial_Fixtures_3mmInternalMassDef
CS Courtroom,2021_WA_BuildingCode,Courthouse - courtroom,Courtroom,2021,WA,BuildingCode,153,76,0,CS Courtroom_2021WABuildingCode,CS Courtroom_2021WABuildingCodeScheduleSet,14,70,0.753,250,73,200,59,132,97,120,0.56,Washington State Mechanical Code TABLE 403.3.1.1,Public spaces_Courtrooms,COMNET-REV9,,Washington State Mechanical Code TABLE 403.3.1.1Public spaces_CourtroomsCOMNET-REV9PeopleDef,NECB-A-Occupancy,CS CourtroomActivity,5,0.002359604,0.06,0.0003048,,,,Washington State Mechanical Code TABLE 403.3.1.1,Public spaces_Courtrooms,,,Washington State Mechanical Code TABLE 403.3.1.1Public spaces_CourtroomsVent,1.49,16.07,0.00,0.50,0.00,COMNET-REV9,,DOEPrototype,COMNET-REV9DOEPrototypeCS CourtroomElectricalEquipDef,NECB-A-Electric-Equipment,1.2,12.92,0.37,0.20,Washington State Energy Code Commercial TABLE C405.4.2,,Courtroom,Washington State Energy Code Commercial TABLE C405.4.2CourtroomLightingDef,NECB-A-Lighting,,,,,,,,,,,,0.049225,2.32316E-05,PNNL-,NECB 2011,DOE_Prototype,Space Function_Courthouse - courtroom,PNNL-NECB 2011DOE_PrototypeSpace Function_Courthouse - courtroomInfil,Always On,Space Function,Courthouse - courtroom,,0.84,,MediumRough,0.024,3.54,596,1580,0.9,0.7,0.65,Wood_Courtroom_Furniture_24mm,CalculatedEstimate,SolidHardwoodBenchesAndGallerySeating,,Wood_Courtroom_Furniture_24mm,CalculatedEstimateSolidHardwoodBenchesAndGallerySeatingWood_Courtroom_Furniture_24mmInternalMassDef
CS Computer Room,2021_WA_BuildingCode,Office IT_Room,Computer Room,2021,WA,BuildingCode,41,31,169,CS Computer Room_2021WABuildingCode,CS Computer Room_2021WABuildingCodeScheduleSet,250,4,0.043,250,73,200,59,132,97,120,0.56,Washington State Mechanical Code TABLE 403.3.1.1,Workrooms_Computer without printing,COMNET-REV9,BA Office,Washington State Mechanical Code TABLE 403.3.1.1Workrooms_Computer without printingCOMNET-REV9BA OfficePeopleDef,OfficeMedium BLDG_OCC_SCH,CS Computer RoomActivity,5,0.002359604,0.06,0.0003048,,,,Washington State Mechanical Code TABLE 403.3.1.1,Workrooms_Computer without printing,,,Washington State Mechanical Code TABLE 403.3.1.1Workrooms_Computer without printingVent,60.00,645.84,0.00,0.50,0.00,Estimate,,DOEPrototype,EstimateDOEPrototypeCS Computer RoomElectricalEquipDef,OfficeMedium BLDG_EQUIP_SCH,0.94,10.12,0.37,0.20,Washington State Energy Code Commercial TABLE C405.4.2,,"Computer room, data center","Washington State Energy Code Commercial TABLE C405.4.2Computer room, data centerLightingDef",OfficeMedium BLDG_LIGHT_SCH_2013,,,,,,,,,,,,0.0446,2.10488E-05,PNNL-,90.1-2013,DOE_Prototype,Office_IT_Room,PNNL-90.1-2013DOE_PrototypeOffice_IT_RoomInfil,OfficeMedium INFIL_SCH_PNNL,Office,IT_Room,,1.62,,MediumRough,0.0022,59,4439,844,0.9,0.7,0.65,Steel_IT_Equipment_2mm,CalculatedEstimate,ITWorkstationsAndServerRack,,Steel_IT_Equipment_2mm,CalculatedEstimateITWorkstationsAndServerRackSteel_IT_Equipment_2mmInternalMassDef
CS Dining Area - Penitentiary,2021_WA_BuildingCode,Penitentiary - dining,Dining Area - Penitentiary,2021,WA,BuildingCode,31,169,34,CS Dining Area - Penitentiary_2021WABuildingCode,CS Dining Area - Penitentiary_2021WABuildingCodeScheduleSet,14,70,0.753,275,81,275,81,161,97,120,0.50,Washington State Mechanical Code TABLE 403.3.1.1,Food and beverage service_Dining rooms,COMNET-REV9,,Washington State Mechanical Code TABLE 403.3.1.1Food and beverage service_Dining roomsCOMNET-REV9PeopleDef,NECB-B-Occupancy,CS Dining Area - PenitentiaryActivity,7.5,0.003539405,0.18,0.0009144,,,,Washington State Mechanical Code TABLE 403.3.1.1,Food and beverage service_Dining rooms,,,Washington State Mechanical Code TABLE 403.3.1.1Food and beverage service_Dining roomsVent,1.26,13.59,0.00,0.50,0.00,COMNET-REV9,,DOEPrototype,COMNET-REV9DOEPrototypeCS Dining Area - PenitentiaryElectricalEquipDef,NECB-B-Electric-Equipment,0.42,4.52,0.37,0.20,Washington State Energy Code Commercial TABLE C405.4.2,,Dining area - In a penitentiary,Washington State Energy Code Commercial TABLE C405.4.2Dining area - In a penitentiaryLightingDef,NECB-B-Lighting,,,,,,,,,,,,0.049225,2.32316E-05,PNNL-,NECB 2011,DOE_Prototype,Space Function_Penitentiary - dining,PNNL-NECB 2011DOE_PrototypeSpace Function_Penitentiary - diningInfil,Always On,Space Function,Penitentiary - dining,,0.74,,Smooth,0.0027,42.6,7746,478,0.9,0.7,0.7,Steel_Security_Dining_3mm,CalculatedEstimate,FixedSteelTableBenchUnits,,Steel_Security_Dining_3mm,CalculatedEstimateFixedSteelTableBenchUnitsSteel_Security_Dining_3mmInternalMassDef
CS Dining Area - Assisted Living,2021_WA_BuildingCode,Hotel/Motel - dining,Dining Area - Assisted Living,2021,WA,BuildingCode,31,169,34,CS Dining Area - Assisted Living_2021WABuildingCode,CS Dining Area - Assisted Living_2021WABuildingCodeScheduleSet,14,70,0.753,275,81,275,81,161,97,120,0.50,Washington State Mechanical Code TABLE 403.3.1.1,Food and beverage service_Dining rooms,COMNET-REV9,,Washington State Mechanical Code TABLE 403.3.1.1Food and beverage service_Dining roomsCOMNET-REV9PeopleDef,NECB-B-Occupancy,CS Dining Area - Assisted LivingActivity,7.5,0.003539405,0.18,0.0009144,,,,Washington State Mechanical Code TABLE 403.3.1.1,Food and beverage service_Dining rooms,,,Washington State Mechanical Code TABLE 403.3.1.1Food and beverage service_Dining roomsVent,1.32,14.17,0.00,0.50,0.00,COMNET-REV9,,DOEPrototype,COMNET-REV9DOEPrototypeCS Dining Area - Assisted LivingElectricalEquipDef,NECB-B-Electric-Equipment,1.27,13.67,0.37,0.20,Washington State Energy Code Commercial TABLE C405.4.2,,Dining area - In a facility for the visually impaired (and not used primarily by the staff),Washington State Energy Code Commercial TABLE C405.4.2Dining area - In a facility for the visually impaired (and not used primarily by the staff)LightingDef,NECB-B-Lighting,,,,,,,,,,,,0.049225,2.32316E-05,PNNL-,NECB 2011,DOE_Prototype,Dining - family_WholeBuilding,PNNL-NECB 2011DOE_PrototypeDining - family_WholeBuildingInfil,Always On,Dining - family,WholeBuilding,,1.44,,MediumRough,0.0074,6.95,877,1320,0.9,0.7,0.65,Wood_Composite_Residential_7mm,CalculatedEstimate,ResidentialStyleDiningFurniture,,Wood_Composite_Residential_7mm,CalculatedEstimateResidentialStyleDiningFurnitureWood_Composite_Residential_7mmInternalMassDef
CS Dining Area - Bar Lounge/Leisure   ,2021_WA_BuildingCode,Dining - bar lounge/leisure,Dining Area - Bar Lounge/Leisure   ,2021,WA,BuildingCode,31,169,34,CS Dining Area - Bar Lounge/Leisure   _2021WABuildingCode,CS Dining Area - Bar Lounge/Leisure   _2021WABuildingCodeScheduleSet,10,100,1.076,275,81,275,81,161,97,120,0.50,Washington State Mechanical Code TABLE 403.3.1.1,Food and beverage service_Bars_cocktail lounges,COMNET-REV9,,Washington State Mechanical Code TABLE 403.3.1.1Food and beverage service_Bars_cocktail loungesCOMNET-REV9PeopleDef,NECB-B-Occupancy,CS Dining Area - Bar Lounge/Leisure   Activity,7.5,0.003539405,0.18,0.0009144,,,,Washington State Mechanical Code TABLE 403.3.1.1,Food and beverage service_Bars_cocktail lounges,,,Washington State Mechanical Code TABLE 403.3.1.1Food and beverage service_Bars_cocktail loungesVent,1.26,13.59,0.25,0.3,0,COMNET-REV9,,DOEPrototype,COMNET-REV9DOEPrototypeCS Dining Area - Bar Lounge/Leisure   ElectricalEquipDef,NECB-B-Electric-Equipment,0.86,9.26,0.37,0.20,Washington State Energy Code Commercial TABLE C405.4.2,,Dining area - In a bar/lounge or leisure dining,Washington State Energy Code Commercial TABLE C405.4.2Dining area - In a bar/lounge or leisure diningLightingDef,NECB-B-Lighting,,,,,,,,,,,,0.049225,2.32316E-05,PNNL-,NECB 2011,DOE_Prototype,Space Function_Dining - bar lounge/leisure,PNNL-NECB 2011DOE_PrototypeSpace Function_Dining - bar lounge/leisureInfil,Always On,Space Function,Dining - bar lounge/leisure,,1.79,,MediumRough,0.0028,9.72,2241,1189,0.9,0.7,0.65,Mixed_Commercial_BarLounge_3mm,CalculatedEstimate,BarCounterAndMixedSeating,,Mixed_Commercial_BarLounge_3mm,CalculatedEstimateBarCounterAndMixedSeatingMixed_Commercial_BarLounge_3mmInternalMassDef
CS Dining Area - Cafeteria or Fast Food ,2021_WA_BuildingCode,QuickServiceRestaurant Dining,Dining Area - Cafeteria or Fast Food ,2021,WA,BuildingCode,31,169,34,CS Dining Area - Cafeteria or Fast Food _2021WABuildingCode,CS Dining Area - Cafeteria or Fast Food _2021WABuildingCodeScheduleSet,10,100,1.076,275,81,275,81,161,97,120,0.50,Washington State Mechanical Code TABLE 403.3.1.1,Food and beverage service_Cafeteria_fast food ,COMNET-REV9,,Washington State Mechanical Code TABLE 403.3.1.1Food and beverage service_Cafeteria_fast food COMNET-REV9PeopleDef,RestaurantFastFood BLDG_OCC_SCH,CS Dining Area - Cafeteria or Fast Food Activity,7.5,0.003539405,0.18,0.0009144,,,,Washington State Mechanical Code TABLE 403.3.1.1,Food and beverage service_Cafeteria_fast food ,,,Washington State Mechanical Code TABLE 403.3.1.1Food and beverage service_Cafeteria_fast food Vent,1.37,14.73,0.25,0.3,0,COMNET-REV9,,DOEPrototype,COMNET-REV9DOEPrototypeCS Dining Area - Cafeteria or Fast Food ElectricalEquipDef,RestaurantFastFood BLDG_EQUIP_SCH,0.4,4.31,0.37,0.20,Washington State Energy Code Commercial TABLE C405.4.2,,Dining area - In cafeteria or fast food dining,Washington State Energy Code Commercial TABLE C405.4.2Dining area - In cafeteria or fast food diningLightingDef,RestaurantFastFood BLDG_LIGHT_DINING_SCH_2013,,,,,,,,,,,,0.049225,2.32316E-05,PNNL-,NECB 2011,DOE_Prototype,Dining - cafeteria_WholeBuilding,PNNL-NECB 2011DOE_PrototypeDining - cafeteria_WholeBuildingInfil,Always On,Dining - cafeteria,WholeBuilding,,1.68,,Smooth,0.0027,19.2,2705,1099,0.9,0.7,0.65,Laminate_Commercial_FastFood_3mm,CalculatedEstimate,FixedBoothAndMoldedChairs,,Laminate_Commercial_FastFood_3mm,CalculatedEstimateFixedBoothAndMoldedChairsLaminate_Commercial_FastFood_3mmInternalMassDef
CS Dining Area - Family Dining  ,2021_WA_BuildingCode,Dining - family space,Dining Area - Family Dining  ,2021,WA,BuildingCode,31,169,34,CS Dining Area - Family Dining  _2021WABuildingCode,CS Dining Area - Family Dining  _2021WABuildingCodeScheduleSet,14,70,0.753,275,81,275,81,161,97,120,0.50,Washington State Mechanical Code TABLE 403.3.1.1,Food and beverage service_Dining rooms,COMNET-REV9,,Washington State Mechanical Code TABLE 403.3.1.1Food and beverage service_Dining roomsCOMNET-REV9PeopleDef,NECB-B-Occupancy,CS Dining Area - Family Dining  Activity,7.5,0.003539405,0.18,0.0009144,,,,Washington State Mechanical Code TABLE 403.3.1.1,Food and beverage service_Dining rooms,,,Washington State Mechanical Code TABLE 403.3.1.1Food and beverage service_Dining roomsVent,1.32,14.17,0.00,0.50,0.00,COMNET-REV9,,DOEPrototype,COMNET-REV9DOEPrototypeCS Dining Area - Family Dining  ElectricalEquipDef,NECB-B-Electric-Equipment,0.6,6.46,0.37,0.20,Washington State Energy Code Commercial TABLE C405.4.2,,Dining area - In a family dining area,Washington State Energy Code Commercial TABLE C405.4.2Dining area - In a family dining areaLightingDef,NECB-B-Lighting,,,,,,,,,,,,0.049225,2.32316E-05,PNNL-,NECB 2011,DOE_Prototype,Dining - family_WholeBuilding,PNNL-NECB 2011DOE_PrototypeDining - family_WholeBuildingInfil,Always On,Dining - family,WholeBuilding,,2.9,,MediumRough,0.0055,4.74,802,1360,0.9,0.7,0.65,Wood_Composite_Family_Dining_6mm,CalculatedEstimate,BoothSeatingAndUpholsteredChairs,,Wood_Composite_Family_Dining_6mm,CalculatedEstimateBoothSeatingAndUpholsteredChairsWood_Composite_Family_Dining_6mmInternalMassDef
CS Dining Area - Other,2021_WA_BuildingCode,Dining - other,Dining Area - Other,2021,WA,BuildingCode,31,169,34,CS Dining Area - Other_2021WABuildingCode,CS Dining Area - Other_2021WABuildingCodeScheduleSet,14,70,0.753,275,81,275,81,161,97,120,0.50,Washington State Mechanical Code TABLE 403.3.1.1,Food and beverage service_Dining rooms,COMNET-REV9,,Washington State Mechanical Code TABLE 403.3.1.1Food and beverage service_Dining roomsCOMNET-REV9PeopleDef,NECB-B-Occupancy,CS Dining Area - OtherActivity,7.5,0.003539405,0.18,0.0009144,,,,Washington State Mechanical Code TABLE 403.3.1.1,Food and beverage service_Dining rooms,,,Washington State Mechanical Code TABLE 403.3.1.1Food and beverage service_Dining roomsVent,1.32,14.17,0.00,0.50,0.00,COMNET-REV9,,DOEPrototype,COMNET-REV9DOEPrototypeCS Dining Area - OtherElectricalEquipDef,NECB-B-Electric-Equipment,0.43,4.63,0.37,0.20,Washington State Energy Code Commercial TABLE C405.4.2,,Dining area - Otherwise,Washington State Energy Code Commercial TABLE C405.4.2Dining area - OtherwiseLightingDef,NECB-B-Lighting,,,,,,,,,,,,0.049225,2.32316E-05,PNNL-,NECB 2011,DOE_Prototype,Space Function_Dining - other,PNNL-NECB 2011DOE_PrototypeSpace Function_Dining - otherInfil,Always On,Space Function,Dining - other,,2.43,,MediumRough,0.0028,5.29,1440,1288,0.9,0.7,0.65,Mixed_Commercial_Dining_3mm,CalculatedEstimate,GenericBoothAndTableSeating,,Mixed_Commercial_Dining_3mm,CalculatedEstimateGenericBoothAndTableSeatingMixed_Commercial_Dining_3mmInternalMassDef
CS Electrical/Mechanical,2021_WA_BuildingCode,Office Elec/MechRoom,Electrical/Mechanical,2021,WA,BuildingCode,41,31,175,CS Electrical/Mechanical_2021WABuildingCode,CS Electrical/Mechanical_2021WABuildingCodeScheduleSet,,,,,,,,,,,,,,,,,,,,,0.12,0.0006096,,,,Washington State Mechanical Code TABLE 403.3.1.1,"Retail stores, sales floors, and showroom floors - Storage rooms",,,"Washington State Mechanical Code TABLE 403.3.1.1Retail stores, sales floors, and showroom floors - Storage roomsVent",1.67,18.00,0.00,0.50,0.00,COMNET-REV9,BA Office,WholeBuilding,COMNET-REV9BA OfficeWholeBuildingCS Electrical/MechanicalElectricalEquipDef,OfficeMedium BLDG_EQUIP_SCH,0.43,4.63,0.37,0.20,Washington State Energy Code Commercial TABLE C405.4.2,,Electrical/mechanical,Washington State Energy Code Commercial TABLE C405.4.2Electrical/mechanicalLightingDef,OfficeMedium BLDG_LIGHT_SCH_2013,,,,,,,,,,,,0.049225,2.32316E-05,PNNL-,NECB 2011,DOE_Prototype,Space Function_Electrical/Mechanical,PNNL-NECB 2011DOE_PrototypeSpace Function_Electrical/MechanicalInfil,Always On,Space Function,Electrical/Mechanical,,3.48,,Smooth,0.0028,56.7,7047,511,0.9,0.7,0.7,Steel_Mechanical_Equipment_3mm,CalculatedEstimate,HVACAndElectricalEquipment,,Steel_Mechanical_Equipment_3mm,CalculatedEstimateHVACAndElectricalEquipmentSteel_Mechanical_Equipment_3mmInternalMassDef
CS Emergency Vehicle Garage,2021_WA_BuildingCode,Parking garage space,Emergency Vehicle Garage,2021,WA,BuildingCode,153,0,76,CS Emergency Vehicle Garage_2021WABuildingCode,CS Emergency Vehicle Garage_2021WABuildingCodeScheduleSet,,,,,,,,,,,,,,,,,,,,,,,0.75,0.00035396,,Washington State Mechanical Code TABLE 403.3.1.1,Storage_Repair garages_enclosed parking garage,,,Washington State Mechanical Code TABLE 403.3.1.1Storage_Repair garages_enclosed parking garageVent,0.58,6.20,0.00,0.50,0.00,COMNET-REV9,,DOEPrototype,COMNET-REV9DOEPrototypeCS Emergency Vehicle GarageElectricalEquipDef,NECB-H-Electric-Equipment,0.52,5.60,0.37,0.20,Washington State Energy Code Commercial TABLE C405.4.2,,Emergency vehicle garage,Washington State Energy Code Commercial TABLE C405.4.2Emergency vehicle garageLightingDef,NECB-H-Lighting,,,,,,,,,,,,0.2,9.43894E-05,Estimate,,,Space Function_Parking garage space,EstimateSpace Function_Parking garage spaceInfil,Always On,Space Function,Parking garage space,,1.1,,MediumRough,0.0017,45.8,7368,517,0.9,0.7,0.7,Steel_Emergency_Garage_2mm,CalculatedEstimate,ApparatusBayStorageAndLockers,,Steel_Emergency_Garage_2mm,CalculatedEstimateApparatusBayStorageAndLockersSteel_Emergency_Garage_2mmInternalMassDef
CS Food Preparation - Gas Cooking,2021_WA_BuildingCode,Food preparation,Food Preparation - Gas Cooking,2021,WA,BuildingCode,255,178,102,CS Food Preparation - Gas Cooking_2021WABuildingCode,CS Food Preparation - Gas Cooking_2021WABuildingCodeScheduleSet,50,20,0.215,275,81,275,81,161,97,120,0.50,Washington State Mechanical Code TABLE 403.3.1.1,Food and beverage service_Kitchens (cooking),ASHRAEHB2025FundCh18tbl4,Sendentary work_Restaurant,Washington State Mechanical Code TABLE 403.3.1.1Food and beverage service_Kitchens (cooking)ASHRAEHB2025FundCh18tbl4Sendentary work_RestaurantPeopleDef,NECB-B-Occupancy,CS Food Preparation - Gas CookingActivity,7.5,0.003539405,0.12,0.0006096,0.7,0.000330363,,Washington State Mechanical Code TABLE 403.3.1.1,Food and beverage service_Kitchens (cooking),,,Washington State Mechanical Code TABLE 403.3.1.1Food and beverage service_Kitchens (cooking)Vent,1.32,14.17,0.25,0.30,0.20,COMNET-REV9,,DOEPrototype,COMNET-REV9DOEPrototypeCS Food Preparation - Gas CookingElectricalEquipDef,NECB-B-Electric-Equipment,1.09,11.73,0.37,0.20,Washington State Energy Code Commercial TABLE C405.4.2,,Food preparation,Washington State Energy Code Commercial TABLE C405.4.2Food preparationLightingDef,NECB-B-Lighting,10.28,35.07,377.49,0.1,0.2,0.7,COMNET-REV9,California Commercial End-Use Survey (CEUS),DOEPrototype,COMNET-REV9California Commercial End-Use Survey (CEUS)DOEPrototypeCS Food Preparation - Gas CookingGasEquipDef,RestaurantFastFood FF_GAS_EQUIP_SCH,0.049225,2.32316E-05,PNNL-,NECB 2011,DOE_Prototype,Space Function_Food preparation,PNNL-NECB 2011DOE_PrototypeSpace Function_Food preparationInfil,Always On,Space Function,Food preparation,,2.2,,Smooth,0.0023,22.8,7656,515,0.9,0.7,0.7,Stainless_Commercial_Kitchen_2mm,CalculatedEstimate,GasCookingEquipmentAndStainlessPrep,,Stainless_Commercial_Kitchen_2mm,CalculatedEstimateGasCookingEquipmentAndStainlessPrepStainless_Commercial_Kitchen_2mmInternalMassDef
CS Guest Room,2021_WA_BuildingCode,LargeHotel Guest Room,Guest Room,2021,WA,BuildingCode,78,167,222,CS Guest Room_2021WABuildingCode,CS Guest Room_2021WABuildingCodeScheduleSet,100,10,0.108,250,73,200,59,132,97,120,0.56,Washington State Mechanical Code TABLE 403.3.1.1,"Hotels,_motels_resorts_dormitories_Bedroom/living room ",COMNET-REV9,,"Washington State Mechanical Code TABLE 403.3.1.1Hotels,_motels_resorts_dormitories_Bedroom/living room COMNET-REV9PeopleDef",HotelLarge GuestRoom_Occ_Sch,CS Guest RoomActivity,5,0.002359604,0.06,0.0003048,,,,Washington State Mechanical Code TABLE 403.3.1.1,"Hotels,_motels_resorts_dormitories_Bedroom/living room ",,,"Washington State Mechanical Code TABLE 403.3.1.1Hotels,_motels_resorts_dormitories_Bedroom/living room Vent",1.56,16.84,0.00,0.50,0.00,COMNET-REV9,,DOEPrototype,COMNET-REV9DOEPrototypeCS Guest RoomElectricalEquipDef,HotelLarge GuestRoom_Eqp_Sch_Adva,0.41,4.41,0.37,0.20,Washington State Energy Code Commercial TABLE C405.4.2,,Guest room,Washington State Energy Code Commercial TABLE C405.4.2Guest roomLightingDef,HotelLarge BLDG_LIGHT_GUESTROOM_SCH_2010,,,,,,,,,,,,0.112,5.28581E-05,PNNL-,90.1-2013,DOE_Prototype,LargeHotel_GuestRoom,PNNL-90.1-2013DOE_PrototypeLargeHotel_GuestRoomInfil,HotelLarge INFIL_QUARTER_ON_SCH,LargeHotel,GuestRoom,,1.79,,MediumRough,0.0097,3.27,1155,1293,0.9,0.7,0.65,Mixed_Hotel_Furniture_10mm,CalculatedEstimate,BedDresserAndCaseGoods,,Mixed_Hotel_Furniture_10mm,CalculatedEstimateBedDresserAndCaseGoodsMixed_Hotel_Furniture_10mmInternalMassDef
CS Judges Chambers,2021_WA_BuildingCode,Courthouse - chambers,Judges Chambers,2021,WA,BuildingCode,153,153,0,CS Judges Chambers_2021WABuildingCode,CS Judges Chambers_2021WABuildingCodeScheduleSet,200,5,0.054,250,73,200,59,132,97,120,0.56,Washington State Mechanical Code TABLE 403.3.1.1,Office_Office spaces,COMNET-REV9,,Washington State Mechanical Code TABLE 403.3.1.1Office_Office spacesCOMNET-REV9PeopleDef,NECB-A-Occupancy,CS Judges ChambersActivity,5,0.002359604,0.06,0.0003048,,,,Washington State Mechanical Code TABLE 403.3.1.1,Office_Office spaces,,,Washington State Mechanical Code TABLE 403.3.1.1Office_Office spacesVent,1.49,16.07,0.00,0.50,0.00,COMNET-REV9,,DOEPrototype,COMNET-REV9DOEPrototypeCS Judges ChambersElectricalEquipDef,NECB-A-Electric-Equipment,0.74,7.97,0.37,0.20,Washington State Energy Code Commercial TABLE C405.4.2,,Office - Enclosed <= 250,Washington State Energy Code Commercial TABLE C405.4.2Office - Enclosed <= 250LightingDef,NECB-A-Lighting,,,,,,,,,,,,0.049225,2.32316E-05,PNNL-,NECB 2011,DOE_Prototype,Space Function_Courthouse - chambers,PNNL-NECB 2011DOE_PrototypeSpace Function_Courthouse - chambersInfil,Always On,Space Function,Courthouse - chambers,,4.06,,MediumRough,0.0062,4.93,1520,1343,0.9,0.7,0.65,Wood_Legal_Library_6mm,CalculatedEstimate,LawBookShelvingAndExecutiveFurniture,,Wood_Legal_Library_6mm,CalculatedEstimateLawBookShelvingAndExecutiveFurnitureWood_Legal_Library_6mmInternalMassDef
CS Laboratory - Classrooms  ,2021_WA_BuildingCode,Lab - classrooms,Laboratory - Classrooms  ,2021,WA,BuildingCode,224,224,224,CS Laboratory - Classrooms  _2021WABuildingCode,CS Laboratory - Classrooms  _2021WABuildingCodeScheduleSet,40,25,0.269,250,73,200,59,132,97,120,0.56,Washington State Mechanical Code TABLE 403.3.1.1,Education - Science laboratories,COMNET-REV9,BA School/University,Washington State Mechanical Code TABLE 403.3.1.1Education - Science laboratoriesCOMNET-REV9BA School/UniversityPeopleDef,NECB-D-Occupancy,CS Laboratory - Classrooms  Activity,10,0.004719207,0.18,0.0009144,1,0.000471947,,Washington State Mechanical Code TABLE 403.3.1.1,Education - Science laboratories,,,Washington State Mechanical Code TABLE 403.3.1.1Education - Science laboratoriesVent,3.34,35.97,0.20,0.50,0.10,COMNET-REV9,,Estimate,COMNET-REV9EstimateCS Laboratory - Classrooms  ElectricalEquipDef,NECB-D-Electric-Equipment,1.11,11.95,0.37,0.20,Washington State Energy Code Commercial TABLE C405.4.2,,Laboratory - In or as a classrooms,Washington State Energy Code Commercial TABLE C405.4.2Laboratory - In or as a classroomsLightingDef,NECB-D-Lighting,,,,,,,,,,,,0.049225,2.32316E-05,PNNL-,NECB 2011,DOE_Prototype,Space Function_Lab - classrooms,PNNL-NECB 2011DOE_PrototypeSpace Function_Lab - classroomsInfil,Always On,Space Function,Lab - classrooms,,3.6,,Smooth,0.0017,32.4,4900,833,0.9,0.7,0.7,Steel_Lab_Equipment_2mm,CalculatedEstimate,LabBenchesFumeHoodAndStorage,,Steel_Lab_Equipment_2mm,CalculatedEstimateLabBenchesFumeHoodAndStorageSteel_Lab_Equipment_2mmInternalMassDef
CS Laboratory - Other,2021_WA_BuildingCode,Lab - research,Laboratory - Other,2021,WA,BuildingCode,224,224,224,CS Laboratory - Other_2021WABuildingCode,CS Laboratory - Other_2021WABuildingCodeScheduleSet,40,25,0.269,250,73,200,59,132,97,120,0.56,Washington State Mechanical Code TABLE 403.3.1.1,Education - Science laboratories,COMNET-REV9,BA School/University,Washington State Mechanical Code TABLE 403.3.1.1Education - Science laboratoriesCOMNET-REV9BA School/UniversityPeopleDef,NECB-A-Occupancy,CS Laboratory - OtherActivity,10,0.004719207,0.18,0.0009144,1,0.000471947,,Washington State Mechanical Code TABLE 403.3.1.1,Education - Science laboratories,,,Washington State Mechanical Code TABLE 403.3.1.1Education - Science laboratoriesVent,3.34,35.97,0.20,0.50,0.10,COMNET-REV9,,Estimate,COMNET-REV9EstimateCS Laboratory - OtherElectricalEquipDef,NECB-A-Electric-Equipment,1.33,14.32,0.37,0.20,Washington State Energy Code Commercial TABLE C405.4.2,,Laboratory - Otherwise,Washington State Energy Code Commercial TABLE C405.4.2Laboratory - OtherwiseLightingDef,NECB-A-Lighting,,,,,,,,,,,,0.049225,2.32316E-05,PNNL-,NECB 2011,DOE_Prototype,Space Function_Lab - research,PNNL-NECB 2011DOE_PrototypeSpace Function_Lab - researchInfil,Always On,Space Function,Lab - research,,4.53,,Smooth,0.0023,34.2,6792,592,0.9,0.7,0.7,Steel_Research_Lab_2mm,CalculatedEstimate,ResearchBenchesFumeHoodsAndStorage,,Steel_Research_Lab_2mm,CalculatedEstimateResearchBenchesFumeHoodsAndStorageSteel_Research_Lab_2mmInternalMassDef
CS Laundry/Washing Area,2021_WA_BuildingCode,SmallHotel Laundry,Laundry/Washing Area,2021,WA,BuildingCode,120,149,230,CS Laundry/Washing Area_2021WABuildingCode,CS Laundry/Washing Area_2021WABuildingCodeScheduleSet,100,10,0.108,275,81,275,81,161,97,120,0.50,Washington State Mechanical Code TABLE 403.3.1.1,"Dry cleaners, laundries - Commercial laundry",ASHRAEHB2025FundCh18tbl4,Sendentary work_Restaurant,"Washington State Mechanical Code TABLE 403.3.1.1Dry cleaners, laundries - Commercial laundryASHRAEHB2025FundCh18tbl4Sendentary work_RestaurantPeopleDef",HotelSmall LaundryRoom_Occ_Sch,CS Laundry/Washing AreaActivity,5,0.002359604,0.12,0.0006096,,,,Washington State Mechanical Code TABLE 403.3.1.1,"Dry cleaners, laundries - Commercial laundry",,,"Washington State Mechanical Code TABLE 403.3.1.1Dry cleaners, laundries - Commercial laundryVent",0.52,5.59,0.20,0.20,0.40,COMNET-REV9,,Estimate,COMNET-REV9EstimateCS Laundry/Washing AreaElectricalEquipDef,HotelSmall LaundryRoom_Eqp_Elec_Sch,0.53,5.70,0.37,0.20,Washington State Energy Code Commercial TABLE C405.4.2,,Laundry/washing area,Washington State Energy Code Commercial TABLE C405.4.2Laundry/washing areaLightingDef,HotelSmall BLDG_LIGHT_LAUNDRY_SCH,,,,,,,,,,,,0.049225,2.32316E-05,PNNL-,NECB 2011,DOE_Prototype,Space Function_Hospital - laundry/washing,PNNL-NECB 2011DOE_PrototypeSpace Function_Hospital - laundry/washingInfil,Always On,Space Function,Hospital - laundry/washing,,1.92,,Smooth,0.0023,27.1,6662,565,0.9,0.7,0.7,Steel_Laundry_Equipment_2mm,CalculatedEstimate,CommercialWashersAndDryers,,Steel_Laundry_Equipment_2mm,CalculatedEstimateCommercialWashersAndDryersSteel_Laundry_Equipment_2mmInternalMassDef
CS Loading Dock - Interior,2021_WA_BuildingCode,Warehouse - med/blk,Loading Dock - Interior,2021,WA,BuildingCode,153,153,255,CS Loading Dock - Interior_2021WABuildingCode,CS Loading Dock - Interior_2021WABuildingCodeScheduleSet,500,2,0.022,275,81,475,139,220,97,120,0.37,Washington State Mechanical Code TABLE 403.3.1.1,"Retail stores, sales floors, and showroom floors - Shipping and receiving",COMNET-REV9,,"Washington State Mechanical Code TABLE 403.3.1.1Retail stores, sales floors, and showroom floors - Shipping and receivingCOMNET-REV9PeopleDef",NECB-A-Occupancy,CS Loading Dock - InteriorActivity,10,0.004719207,0.12,0.0006096,,,,Washington State Mechanical Code TABLE 403.3.1.1,"Retail stores, sales floors, and showroom floors - Shipping and receiving",,,"Washington State Mechanical Code TABLE 403.3.1.1Retail stores, sales floors, and showroom floors - Shipping and receivingVent",0.10,1.08,0.00,0.50,0.00,,,DOEPrototype,DOEPrototypeCS Loading Dock - InteriorElectricalEquipDef,NECB-A-Electric-Equipment,0.88,9.47,0.37,0.20,Washington State Energy Code Commercial TABLE C405.4.2,,"Loading dock, interior","Washington State Energy Code Commercial TABLE C405.4.2Loading dock, interiorLightingDef",NECB-A-Lighting,,,,,,,,,,,,0.2,9.43894E-05,Estimate,,,Space Function_Warehouse - med/blk,EstimateSpace Function_Warehouse - med/blkInfil,Always On,Space Function,Warehouse - med/blk,,1.07,,MediumRough,0.0036,75.6,6355,589,0.9,0.7,0.7,Steel_Warehouse_Equipment_4mm,CalculatedEstimate,PalletRackingAndDockEquipment,,Steel_Warehouse_Equipment_4mm,CalculatedEstimatePalletRackingAndDockEquipmentSteel_Warehouse_Equipment_4mmInternalMassDef
CS Lobby - Assisted Living,2021_WA_BuildingCode,Hotel/Motel - lobby,Lobby - Assisted Living,2021,WA,BuildingCode,230,157,120,CS Lobby - Assisted Living_2021WABuildingCode,CS Lobby - Assisted Living_2021WABuildingCodeScheduleSet,33,30,0.323,250,73,200,59,132,97,120,0.56,Washington State Mechanical Code TABLE 403.3.1.1,"Hotels, motels, resorts and dormitories - Lobbies/prefunction",COMNET-REV9,,"Washington State Mechanical Code TABLE 403.3.1.1Hotels, motels, resorts and dormitories - Lobbies/prefunctionCOMNET-REV9PeopleDef",NECB-H-Occupancy,CS Lobby - Assisted LivingActivity,7.5,0.003539405,0.06,0.0003048,,,,Washington State Mechanical Code TABLE 403.3.1.1,"Hotels, motels, resorts and dormitories - Lobbies/prefunction",,,"Washington State Mechanical Code TABLE 403.3.1.1Hotels, motels, resorts and dormitories - Lobbies/prefunctionVent",1.40,15.12,0.00,0.50,0.00,COMNET-REV9,,DOEPrototype,COMNET-REV9DOEPrototypeCS Lobby - Assisted LivingElectricalEquipDef,NECB-H-Electric-Equipment,1.69,18.19,0.37,0.20,Washington State Energy Code Commercial TABLE C405.4.2,,Lobby - In a facility for the visually impaired (and not used primarily by the staff),Washington State Energy Code Commercial TABLE C405.4.2Lobby - In a facility for the visually impaired (and not used primarily by the staff)LightingDef,NECB-H-Lighting,,,,,,,,,,,,0.049225,2.32316E-05,PNNL-,NECB 2011,DOE_Prototype,Space Function_Hotel/Motel - lobby,PNNL-NECB 2011DOE_PrototypeSpace Function_Hotel/Motel - lobbyInfil,Always On,Space Function,Hotel/Motel - lobby,,2.13,,MediumRough,0.0045,4.19,1362,1313,0.9,0.7,0.65,Wood_Residential_Lobby_5mm,CalculatedEstimate,ResidentialLoungeFurnitureWithPiano,,Wood_Residential_Lobby_5mm,CalculatedEstimateResidentialLoungeFurnitureWithPianoWood_Residential_Lobby_5mmInternalMassDef
CS Lobby - Elevator  ,2021_WA_BuildingCode,Lobby - elevator,Lobby - Elevator  ,2021,WA,BuildingCode,230,157,120,CS Lobby - Elevator  _2021WABuildingCode,CS Lobby - Elevator  _2021WABuildingCodeScheduleSet,,,,,,,,,,,,,,,,,,,,,0.06,0.0003048,,,,Washington State Mechanical Code TABLE 403.3.1.1,Public spaces - Corridors serving other than Group R occupancies,,,Washington State Mechanical Code TABLE 403.3.1.1Public spaces - Corridors serving other than Group R occupanciesVent,0.30,3.23,0.00,0.50,0.00,COMNET-REV9,BA Warehouse,WholeBuilding,COMNET-REV9BA WarehouseWholeBuildingCS Lobby - Elevator  ElectricalEquipDef,NECB-C-Electric-Equipment,0.65,7.00,0.37,0.20,Washington State Energy Code Commercial TABLE C405.4.2,,Lobby - For an elevator,Washington State Energy Code Commercial TABLE C405.4.2Lobby - For an elevatorLightingDef,NECB-C-Lighting,,,,,,,,,,,,0.049225,2.32316E-05,PNNL-,NECB 2011,DOE_Prototype,Space Function_Lobby - elevator,PNNL-NECB 2011DOE_PrototypeSpace Function_Lobby - elevatorInfil,Always On,Space Function,Lobby - elevator,,0.55,,Smooth,0.0022,65.6,3739,961,0.9,0.7,0.7,Metal_Elevator_Lobby_2mm,CalculatedEstimate,MinimalBenchAndDirectoryBoard,,Metal_Elevator_Lobby_2mm,CalculatedEstimateMinimalBenchAndDirectoryBoardMetal_Elevator_Lobby_2mmInternalMassDef
CS Lobby - Hotel,2021_WA_BuildingCode,LargeHotel Lobby,Lobby - Hotel,2021,WA,BuildingCode,230,157,120,CS Lobby - Hotel_2021WABuildingCode,CS Lobby - Hotel_2021WABuildingCodeScheduleSet,33,30,0.323,250,73,200,59,132,97,120,0.56,Washington State Mechanical Code TABLE 403.3.1.1,"Hotels, motels, resorts and dormitories - Lobbies/prefunction",COMNET-REV9,,"Washington State Mechanical Code TABLE 403.3.1.1Hotels, motels, resorts and dormitories - Lobbies/prefunctionCOMNET-REV9PeopleDef",HotelLarge BLDG_OCC_SCH,CS Lobby - HotelActivity,7.5,0.003539405,0.06,0.0003048,,,,Washington State Mechanical Code TABLE 403.3.1.1,"Hotels, motels, resorts and dormitories - Lobbies/prefunction",,,"Washington State Mechanical Code TABLE 403.3.1.1Hotels, motels, resorts and dormitories - Lobbies/prefunctionVent",1.56,16.84,0.00,0.50,0.00,COMNET-REV9,,DOEPrototype,COMNET-REV9DOEPrototypeCS Lobby - HotelElectricalEquipDef,HotelLarge BLDG_EQUIP_SCH,0.51,5.49,0.37,0.20,Washington State Energy Code Commercial TABLE C405.4.2,,Lobby - In a hotel,Washington State Energy Code Commercial TABLE C405.4.2Lobby - In a hotelLightingDef,HotelLarge BLDG_LIGHT_SCH,,,,,,,,,,,,0.112,5.28581E-05,PNNL-,NECB 2011,DOE_Prototype,LargeHotel_Lobby,PNNL-NECB 2011DOE_PrototypeLargeHotel_LobbyInfil,Always On,LargeHotel,Lobby,,1.88,,MediumRough,0.0045,4.21,1601,1121,0.9,0.7,0.65,Mixed_Hotel_Lobby_5mm,CalculatedEstimate,FrontDeskSofasAndAreaRugs,,Mixed_Hotel_Lobby_5mm,CalculatedEstimateFrontDeskSofasAndAreaRugsMixed_Hotel_Lobby_5mmInternalMassDef
CS Lobby - Motion Picture Theater  ,2021_WA_BuildingCode,Lobby - motion picture,Lobby - Motion Picture Theater  ,2021,WA,BuildingCode,230,157,120,CS Lobby - Motion Picture Theater  _2021WABuildingCode,CS Lobby - Motion Picture Theater  _2021WABuildingCodeScheduleSet,7,150,1.615,225,66,105,31,97,97,120,0.68,Washington State Mechanical Code TABLE 403.3.1.1,Theaters - Lobbies,COMNET-REV9,,Washington State Mechanical Code TABLE 403.3.1.1Theaters - LobbiesCOMNET-REV9PeopleDef,NECB-C-Occupancy,CS Lobby - Motion Picture Theater  Activity,5,0.002359604,0.06,0.0003048,,,,Washington State Mechanical Code TABLE 403.3.1.1,Theaters - Lobbies,,,Washington State Mechanical Code TABLE 403.3.1.1Theaters - LobbiesVent,0.74,8.02,0.00,0.50,0.00,COMNET-REV9,,DOEPrototype,COMNET-REV9DOEPrototypeCS Lobby - Motion Picture Theater  ElectricalEquipDef,NECB-C-Electric-Equipment,0.23,2.48,0.37,0.20,Washington State Energy Code Commercial TABLE C405.4.2,,Lobby - In a motion picture theater,Washington State Energy Code Commercial TABLE C405.4.2Lobby - In a motion picture theaterLightingDef,NECB-C-Lighting,,,,,,,,,,,,0.049225,2.32316E-05,PNNL-,NECB 2011,DOE_Prototype,Space Function_Lobby - motion picture,PNNL-NECB 2011DOE_PrototypeSpace Function_Lobby - motion pictureInfil,Always On,Space Function,Lobby - motion picture,,1.32,,Smooth,0.0011,42.4,5971,655,0.9,0.7,0.7,Steel_Theater_Equipment_1mm,CalculatedEstimate,ConcessionStandAndTicketKiosks,,Steel_Theater_Equipment_1mm,CalculatedEstimateConcessionStandAndTicketKiosksSteel_Theater_Equipment_1mmInternalMassDef
CS Lobby - Performing Arts Theater  ,2021_WA_BuildingCode,Lobby - performance arts,Lobby - Performing Arts Theater  ,2021,WA,BuildingCode,230,157,120,CS Lobby - Performing Arts Theater  _2021WABuildingCode,CS Lobby - Performing Arts Theater  _2021WABuildingCodeScheduleSet,7,150,1.615,225,66,105,31,97,97,120,0.68,Washington State Mechanical Code TABLE 403.3.1.1,Theaters - Lobbies,COMNET-REV9,,Washington State Mechanical Code TABLE 403.3.1.1Theaters - LobbiesCOMNET-REV9PeopleDef,NECB-C-Occupancy,CS Lobby - Performing Arts Theater  Activity,5,0.002359604,0.06,0.0003048,,,,Washington State Mechanical Code TABLE 403.3.1.1,Theaters - Lobbies,,,Washington State Mechanical Code TABLE 403.3.1.1Theaters - LobbiesVent,0.74,8.02,0.00,0.50,0.00,COMNET-REV9,,DOEPrototype,COMNET-REV9DOEPrototypeCS Lobby - Performing Arts Theater  ElectricalEquipDef,NECB-C-Electric-Equipment,1.25,13.46,0.37,0.20,Washington State Energy Code Commercial TABLE C405.4.2,,Lobby - In a performing arts theater,Washington State Energy Code Commercial TABLE C405.4.2Lobby - In a performing arts theaterLightingDef,NECB-C-Lighting,,,,,,,,,,,,0.049225,2.32316E-05,PNNL-,NECB 2011,DOE_Prototype,Space Function_Lobby - performance arts,PNNL-NECB 2011DOE_PrototypeSpace Function_Lobby - performance artsInfil,Always On,Space Function,Lobby - performance arts,,3.01,,MediumRough,0.0043,3.32,1416,1196,0.9,0.7,0.65,Mixed_Theater_Lobby_4mm,CalculatedEstimate,CarpetedLobbyWithBarAndSeating,,Mixed_Theater_Lobby_4mm,CalculatedEstimateCarpetedLobbyWithBarAndSeatingMixed_Theater_Lobby_4mmInternalMassDef
CS Lobby - Other,2021_WA_BuildingCode,Lobby - other,Lobby - Other,2021,WA,BuildingCode,230,157,120,CS Lobby - Other_2021WABuildingCode,CS Lobby - Other_2021WABuildingCodeScheduleSet,,,,,,,,,,,,,,,,,,,,,1,0.00508,,,,Washington State Mechanical Code TABLE 403.3.1.1,Public spaces - Elevator lobbies in parking garage,,,Washington State Mechanical Code TABLE 403.3.1.1Public spaces - Elevator lobbies in parking garageVent,,,,,,,,,,,0.84,9.04,0.37,0.20,Washington State Energy Code Commercial TABLE C405.4.2,,Lobby - Otherwise,Washington State Energy Code Commercial TABLE C405.4.2Lobby - OtherwiseLightingDef,NECB-C-Lighting,,,,,,,,,,,,0.049225,2.32316E-05,PNNL-,NECB 2011,DOE_Prototype,Space Function_Lobby - other,PNNL-NECB 2011DOE_PrototypeSpace Function_Lobby - otherInfil,Always On,Space Function,Lobby - other,,0.71,,MediumRough,0.0029,24.6,1775,1112,0.9,0.7,0.7,Mixed_Commercial_Lobby_3mm,CalculatedEstimate,BasicReceptionAndWaitingArea,,Mixed_Commercial_Lobby_3mm,CalculatedEstimateBasicReceptionAndWaitingAreaMixed_Commercial_Lobby_3mmInternalMassDef
CS Locker Room,2021_WA_BuildingCode,Locker room,Locker Room,2021,WA,BuildingCode,0,153,153,CS Locker Room_2021WABuildingCode,CS Locker Room_2021WABuildingCodeScheduleSet,,,,,,,,,,,,,,,,,,,,,,,0.25,0.000117987,,Washington State Mechanical Code TABLE 403.3.1.1,Education - Locker/dressing rooms,,,Washington State Mechanical Code TABLE 403.3.1.1Education - Locker/dressing roomsVent,0.10,1.08,0.20,0.50,0.10,,,Estimate,EstimateCS Locker RoomElectricalEquipDef,SchoolSecondary BLDG_EQUIP_SCH,0.52,5.60,0.37,0.20,Washington State Energy Code Commercial TABLE C405.4.2,,Locker room,Washington State Energy Code Commercial TABLE C405.4.2Locker roomLightingDef,SchoolSecondary BLDG_LIGHT_GYM_SCH,,,,,,,,,,,,0.049225,2.32316E-05,PNNL-,NECB 2011,DOE_Prototype,Space Function_Locker room,PNNL-NECB 2011DOE_PrototypeSpace Function_Locker roomInfil,Always On,Space Function,Locker room,,3.66,,Smooth,0.0011,42.3,7003,567,0.9,0.7,0.7,Steel_LockerRoom_1mm,CalculatedEstimate,MetalLockersAndBenches,,Steel_LockerRoom_1mm,CalculatedEstimateMetalLockersAndBenchesSteel_LockerRoom_1mmInternalMassDef
CS Lounge/Break - Healthcare,2021_WA_BuildingCode,Outpatient Lounge,Lounge/Break - Healthcare,2021,WA,BuildingCode,230,157,120,CS Lounge/Break - Healthcare_2021WABuildingCode,CS Lounge/Break - Healthcare_2021WABuildingCodeScheduleSet,40,25,0.269,250,73,200,59,132,97,120,0.56,Washington State Mechanical Code TABLE 403.3.1.1,Office - Kitchenettes,COMNET-REV9,BA Healthcare Clinic,Washington State Mechanical Code TABLE 403.3.1.1Office - KitchenettesCOMNET-REV9BA Healthcare ClinicPeopleDef,OutPatientHealthCare BLDG_OCC_SCH,CS Lounge/Break - HealthcareActivity,5,0.002359604,0.06,0.0003048,0.3,0.000141584,,Washington State Mechanical Code TABLE 403.3.1.1,Office - Kitchenettes,,,Washington State Mechanical Code TABLE 403.3.1.1Office - KitchenettesVent,1.25,13.44,0.00,0.50,0.00,COMNET-REV9,,DOEPrototype,COMNET-REV9DOEPrototypeCS Lounge/Break - HealthcareElectricalEquipDef,OutPatientHealthCare BLDG_EQUIP_SCH_BASE,0.42,4.52,0.37,0.20,Washington State Energy Code Commercial TABLE C405.4.2,,Lounge /breakroom - In a health care facility,Washington State Energy Code Commercial TABLE C405.4.2Lounge /breakroom - In a health care facilityLightingDef,OutPatientHealthCare BLDG_LIGHT_SCH,,,,,,,,,,,,0.0446,2.10488E-05,PNNL-,90.1-2013,DOE_Prototype,Outpatient_Lounge,PNNL-90.1-2013DOE_PrototypeOutpatient_LoungeInfil,OutPatientHealthCare INFIL_SCH,Outpatient,Lounge,,2.29,,MediumRough,0.0022,15.9,2558,1034,0.9,0.7,0.7,Mixed_Healthcare_Lounge_2mm,CalculatedEstimate,KitchenetteAndDiningFurniture,,Mixed_Healthcare_Lounge_2mm,CalculatedEstimateKitchenetteAndDiningFurnitureMixed_Healthcare_Lounge_2mmInternalMassDef
CS Lounge/Break - Other,2021_WA_BuildingCode,Office BreakRoom,Lounge/Break - Other,2021,WA,BuildingCode,230,157,120,CS Lounge/Break - Other_2021WABuildingCode,CS Lounge/Break - Other_2021WABuildingCodeScheduleSet,40,25,0.269,250,73,200,59,132,97,120,0.56,Washington State Mechanical Code TABLE 403.3.1.1,Office - Kitchenettes,COMNET-REV9,BA Office,Washington State Mechanical Code TABLE 403.3.1.1Office - KitchenettesCOMNET-REV9BA OfficePeopleDef,OfficeMedium BLDG_OCC_SCH,CS Lounge/Break - OtherActivity,5,0.002359604,0.06,0.0003048,0.3,0.000141584,,Washington State Mechanical Code TABLE 403.3.1.1,Office - Kitchenettes,,,Washington State Mechanical Code TABLE 403.3.1.1Office - KitchenettesVent,1.67,18.00,0.25,0.3,0,COMNET-REV9,BA Office,WholeBuilding,COMNET-REV9BA OfficeWholeBuildingCS Lounge/Break - OtherElectricalEquipDef,OfficeMedium BLDG_EQUIP_SCH,0.59,6.35,0.37,0.20,Washington State Energy Code Commercial TABLE C405.4.2,,Lounge /breakroom - Otherwise,Washington State Energy Code Commercial TABLE C405.4.2Lounge /breakroom - OtherwiseLightingDef,OfficeMedium BLDG_LIGHT_SCH_2013,,,,,,,,,,,,0.0446,2.10488E-05,PNNL-,90.1-2013,DOE_Prototype,Office_BreakRoom,PNNL-90.1-2013DOE_PrototypeOffice_BreakRoomInfil,OfficeMedium INFIL_SCH_PNNL,Office,BreakRoom,,2.83,,Smooth,0.0019,23.7,4488,869,0.9,0.7,0.7,Steel_Break_Room_2mm,CalculatedEstimate,VendingMachinesAndKitchenette,,Steel_Break_Room_2mm,CalculatedEstimateVendingMachinesAndKitchenetteSteel_Break_Room_2mmInternalMassDef
CS Office - Enclosed,2021_WA_BuildingCode,ClosedOffice,Office - Enclosed,2021,WA,BuildingCode,120,230,199,CS Office - Enclosed_2021WABuildingCode,CS Office - Enclosed_2021WABuildingCodeScheduleSet,200,5,0.054,250,73,200,59,132,97,120,0.56,Washington State Mechanical Code TABLE 403.3.1.1,Office - Office spaces,COMNET-REV9,,Washington State Mechanical Code TABLE 403.3.1.1Office - Office spacesCOMNET-REV9PeopleDef,OfficeMedium BLDG_OCC_SCH,CS Office - EnclosedActivity,5,0.002359604,0.06,0.0003048,,,,Washington State Mechanical Code TABLE 403.3.1.1,Office - Office spaces,,,Washington State Mechanical Code TABLE 403.3.1.1Office - Office spacesVent,1.67,18.00,0.00,0.50,0.00,COMNET-REV9,,DOEPrototype,COMNET-REV9DOEPrototypeCS Office - EnclosedElectricalEquipDef,OfficeMedium BLDG_EQUIP_SCH,0.74,7.97,0.37,0.20,Washington State Energy Code Commercial TABLE C405.4.2,,Office - Enclosed <= 250,Washington State Energy Code Commercial TABLE C405.4.2Office - Enclosed <= 250LightingDef,OfficeMedium BLDG_LIGHT_SCH_2013,,,,,,,,,,,,0.0446,2.10488E-05,PNNL-,90.1-2013,DOE_Prototype,Office_ClosedOffice,PNNL-90.1-2013DOE_PrototypeOffice_ClosedOfficeInfil,OfficeMedium INFIL_SCH_PNNL,Office,ClosedOffice,,2.99,,Smooth,0.0014,23.9,4513,864,0.9,0.7,0.7,Steel_Office_Furniture_1mm,CalculatedEstimate,DeskFilingCabinetsAndBookshelf,,Steel_Office_Furniture_1mm,CalculatedEstimateDeskFilingCabinetsAndBookshelfSteel_Office_Furniture_1mmInternalMassDef
CS Office - Open Plan,2021_WA_BuildingCode,OpenOffice,Office - Open Plan,2021,WA,BuildingCode,120,230,199,CS Office - Open Plan_2021WABuildingCode,CS Office - Open Plan_2021WABuildingCodeScheduleSet,17,60,0.646,250,73,200,59,132,97,120,0.56,ASHRAE 62.1-2019,Office Buildings - Telephone/data entry,COMNET-REV9,,ASHRAE 62.1-2019Office Buildings - Telephone/data entryCOMNET-REV9PeopleDef,OfficeMedium BLDG_OCC_SCH,CS Office - Open PlanActivity,5,0.002359604,0.06,0.0003048,,,,ASHRAE 62.1-2019,Office Buildings - Telephone/data entry,,,ASHRAE 62.1-2019Office Buildings - Telephone/data entryVent,1.67,18.00,0.00,0.50,0.00,COMNET-REV9,,DOEPrototype,COMNET-REV9DOEPrototypeCS Office - Open PlanElectricalEquipDef,OfficeMedium BLDG_EQUIP_SCH,0.61,6.57,0.37,0.20,Washington State Energy Code Commercial TABLE C405.4.2,,Office - Open plan,Washington State Energy Code Commercial TABLE C405.4.2Office - Open planLightingDef,OfficeMedium BLDG_LIGHT_SCH_2013,,,,,,,,,,,,0.0446,2.10488E-05,PNNL-,90.1-2013,DOE_Prototype,Office_OpenOffice,PNNL-90.1-2013DOE_PrototypeOffice_OpenOfficeInfil,OfficeMedium INFIL_SCH_PNNL,Office,OpenOffice,,3.22,,MediumRough,0.0055,8.98,2130,1138,0.9,0.7,0.7,Particleboard_Office_Panels_5mm,CalculatedEstimate,CubiclePanelsAndWorkstations,,Particleboard_Office_Panels_5mm,CalculatedEstimateCubiclePanelsAndWorkstationsParticleboard_Office_Panels_5mmInternalMassDef
CS Parking Area - Interior,2021_WA_BuildingCode,Parking garage space,Parking Area - Interior,2021,WA,BuildingCode,153,0,76,CS Parking Area - Interior_2021WABuildingCode,CS Parking Area - Interior_2021WABuildingCodeScheduleSet,,,,,,,,,,,,,,,,,,,,,,,0.75,0.00035396,,Washington State Mechanical Code TABLE 403.3.1.1,Storage_Repair garages_enclosed parking garage,,,Washington State Mechanical Code TABLE 403.3.1.1Storage_Repair garages_enclosed parking garageVent,0.30,3.23,0.00,0.06,0.88,,,"Medium Estimate: Workplace, 20% of Spaces with Level 2 Charger12%lost to heat","Medium Estimate: Workplace, 20% of Spaces with Level 2 Charger12%lost to heatCS Parking Area - InteriorElectricalEquipDef",NECB-H-Electric-Equipment,0.15,1.61,0.37,0.20,Washington State Energy Code Commercial TABLE C405.4.2,,"Parking area, interior","Washington State Energy Code Commercial TABLE C405.4.2Parking area, interiorLightingDef",NECB-H-Lighting,,,,,,,,,,,,0.2,9.43894E-05,Estimate,,,Space Function_Parking garage space,EstimateSpace Function_Parking garage spaceInfil,Always On,Space Function,Parking garage space,,2.68,,Smooth,0.006,31.1,5865,669,0.9,0.7,0.65,Steel_Vehicles_6mm,CalculatedEstimate,ParkedVehiclesAt60PercentOccupancy,,Steel_Vehicles_6mm,CalculatedEstimateParkedVehiclesAt60PercentOccupancySteel_Vehicles_6mmInternalMassDef
CS Pharmacy Area,2021_WA_BuildingCode,Hospital - pharmacy,Pharmacy Area,2021,WA,BuildingCode,255,0,127,CS Pharmacy Area_2021WABuildingCode,CS Pharmacy Area_2021WABuildingCodeScheduleSet,100,10,0.108,250,73,200,59,132,97,120,0.56,Washington State Mechanical Code TABLE 403.3.1.1,Workrooms - Pharmacy (prep area),COMNET-REV9,,Washington State Mechanical Code TABLE 403.3.1.1Workrooms - Pharmacy (prep area)COMNET-REV9PeopleDef,NECB-C-Occupancy,CS Pharmacy AreaActivity,5,0.002359604,0.18,0.0009144,,,,Washington State Mechanical Code TABLE 403.3.1.1,Workrooms - Pharmacy (prep area),,,Washington State Mechanical Code TABLE 403.3.1.1Workrooms - Pharmacy (prep area)Vent,0.55,5.91,0.00,0.50,0.00,COMNET-REV9,,DOEPrototype,COMNET-REV9DOEPrototypeCS Pharmacy AreaElectricalEquipDef,NECB-C-Electric-Equipment,1.66,17.87,0.37,0.20,Washington State Energy Code Commercial TABLE C405.4.2,,Pharmacy area,Washington State Energy Code Commercial TABLE C405.4.2Pharmacy areaLightingDef,NECB-C-Lighting,,,,,,,,,,,,0.049225,2.32316E-05,PNNL-,NECB 2011,DOE_Prototype,Space Function_Hospital - pharmacy,PNNL-NECB 2011DOE_PrototypeSpace Function_Hospital - pharmacyInfil,Always On,Space Function,Hospital - pharmacy,,4.02,,MediumRough,0.0026,14.3,3052,1139,0.9,0.7,0.7,Mixed_Pharmacy_3mm,CalculatedEstimate,MedicationShelvingAndStorageCabinets,,Mixed_Pharmacy_3mm,CalculatedEstimateMedicationShelvingAndStorageCabinetsMixed_Pharmacy_3mmInternalMassDef
CS Restrooms - Assisted Living,2021_WA_BuildingCode,Office Restroom,Restrooms - Assisted Living,2021,WA,BuildingCode,169,169,31,CS Restrooms - Assisted Living_2021WABuildingCode,CS Restrooms - Assisted Living_2021WABuildingCodeScheduleSet,,,,,,,,,,,,,,,,,,,,,,,,,7,Rule of Thumb,"Hotels, motels, resorts and dormitories - Bathrooms/toilets - private",Washington State Mechanical Code TABLE 403.3.1.6 - 25/50 per fixture,,"Rule of ThumbHotels, motels, resorts and dormitories - Bathrooms/toilets - privateWashington State Mechanical Code TABLE 403.3.1.6 - 25/50 per fixtureVent",1.40,15.12,0.00,0.50,0.00,COMNET-REV9,,DOEPrototype,COMNET-REV9DOEPrototypeCS Restrooms - Assisted LivingElectricalEquipDef,OfficeMedium BLDG_EQUIP_SCH,1.26,13.56,0.37,0.20,Washington State Energy Code Commercial TABLE C405.4.2,,Restroom - In a facility for the visually impaired (and not used primarily by the staff),Washington State Energy Code Commercial TABLE C405.4.2Restroom - In a facility for the visually impaired (and not used primarily by the staff)LightingDef,OfficeMedium BLDG_LIGHT_SCH_2013,,,,,,,,,,,,0.0446,2.10488E-05,PNNL-,90.1-2013,DOE_Prototype,Office_Restroom,PNNL-90.1-2013DOE_PrototypeOffice_RestroomInfil,OfficeMedium INFIL_SCH_PNNL,Office,Restroom,,3.22,,Smooth,0.0045,7.51,2167,1148,0.9,0.7,0.7,Phenolic_Restroom_4mm,CalculatedEstimate,ADAFixturesWithGrabBarsAndShower,,Phenolic_Restroom_4mm,CalculatedEstimateADAFixturesWithGrabBarsAndShowerPhenolic_Restroom_4mmInternalMassDef
CS Restrooms - Other,2021_WA_BuildingCode,PublicRestroom,Restrooms - Other,2021,WA,BuildingCode,169,169,31,CS Restrooms - Other_2021WABuildingCode,CS Restrooms - Other_2021WABuildingCodeScheduleSet,,,,,,,,,,,,,,,,,,,,,,,,,12,Rule of Thumb,Public spaces - Toilet rooms - Public,Washington State Mechanical Code TABLE 403.3.1.6 - 50/70 per fixture,,Rule of ThumbPublic spaces - Toilet rooms - PublicWashington State Mechanical Code TABLE 403.3.1.6 - 50/70 per fixtureVent,0.30,3.23,0.00,0.50,0.00,COMNET-REV9,BA Warehouse,WholeBuilding,COMNET-REV9BA WarehouseWholeBuildingCS Restrooms - OtherElectricalEquipDef,HotelSmall Lobby_Eqp_Sch,0.63,6.78,0.37,0.20,Washington State Energy Code Commercial TABLE C405.4.2,,Restroom - Otherwise,Washington State Energy Code Commercial TABLE C405.4.2Restroom - OtherwiseLightingDef,HotelSmall BLDG_LIGHT_RESTROOM_SCH,,,,,,,,,,,,0.0446,2.10488E-05,PNNL-,90.1-2013,DOE_Prototype,SecondarySchool_Restroom,PNNL-90.1-2013DOE_PrototypeSecondarySchool_RestroomInfil,SchoolSecondary INFIL_SCH_PNNL,SecondarySchool,Restroom,,2.36,,Smooth,0.0022,13.9,4190,878,0.9,0.7,0.7,Mixed_Restroom_2mm,CalculatedEstimate,StandardCommercialFixturesAndPartitions,,Mixed_Restroom_2mm,CalculatedEstimateStandardCommercialFixturesAndPartitionsMixed_Restroom_2mmInternalMassDef
CS Sales Area,2021_WA_BuildingCode,Retail - sales,Sales Area,2021,WA,BuildingCode,102,255,102,CS Sales Area_2021WABuildingCode,CS Sales Area_2021WABuildingCodeScheduleSet,67,15,0.161,250,73,200,59,132,97,120,0.56,Washington State Mechanical Code TABLE 403.3.1.1,"Retail stores, sales floors, and showroom floors - Sales",COMNET-REV9,,"Washington State Mechanical Code TABLE 403.3.1.1Retail stores, sales floors, and showroom floors - SalesCOMNET-REV9PeopleDef",NECB-C-Occupancy,CS Sales AreaActivity,7.5,0.003539405,0.12,0.0006096,,,,Washington State Mechanical Code TABLE 403.3.1.1,"Retail stores, sales floors, and showroom floors - Sales",,,"Washington State Mechanical Code TABLE 403.3.1.1Retail stores, sales floors, and showroom floors - SalesVent",0.55,5.91,0.00,0.50,0.00,COMNET-REV9,,DOEPrototype,COMNET-REV9DOEPrototypeCS Sales AreaElectricalEquipDef,NECB-C-Electric-Equipment,1.05,11.30,0.37,0.20,Washington State Energy Code Commercial TABLE C405.4.2,,Sales area,Washington State Energy Code Commercial TABLE C405.4.2Sales areaLightingDef,NECB-C-Lighting,,,,,,,,,,,,0.0446,2.10488E-05,PNNL-,90.1-2013,DOE_Prototype,Retail_Point_of_Sale,PNNL-90.1-2013DOE_PrototypeRetail_Point_of_SaleInfil,Always On,Retail,Point_of_Sale,,3.54,,MediumRough,0.0032,10.6,2496,1134,0.9,0.7,0.7,Mixed_Retail_3mm,CalculatedEstimate,DisplayShelvingAndMerchandiseInventory,,Mixed_Retail_3mm,CalculatedEstimateDisplayShelvingAndMerchandiseInventoryMixed_Retail_3mmInternalMassDef
CS Seating Area General,2021_WA_BuildingCode,Sales area,Seating Area General,2021,WA,BuildingCode,230,196,120,CS Seating Area General_2021WABuildingCode,CS Seating Area General_2021WABuildingCodeScheduleSet,33,30,0.323,250,73,200,59,132,97,120,0.56,Washington State Mechanical Code TABLE 403.3.1.1,"Hotels, motels, resorts and dormitories - Lobbies/prefunction",COMNET-REV9,BA Hotel,"Washington State Mechanical Code TABLE 403.3.1.1Hotels, motels, resorts and dormitories - Lobbies/prefunctionCOMNET-REV9BA HotelPeopleDef",NECB-C-Occupancy,CS Seating Area GeneralActivity,7.5,0.003539405,0.06,0.0003048,,,,Washington State Mechanical Code TABLE 403.3.1.1,"Hotels, motels, resorts and dormitories - Lobbies/prefunction",,,"Washington State Mechanical Code TABLE 403.3.1.1Hotels, motels, resorts and dormitories - Lobbies/prefunctionVent",1.56,16.84,0.00,0.50,0.00,COMNET-REV9,BA Hotel,WholeBuilding,COMNET-REV9BA HotelWholeBuildingCS Seating Area GeneralElectricalEquipDef,NECB-C-Electric-Equipment,0.23,2.48,0.37,0.20,Washington State Energy Code Commercial TABLE C405.4.2,,"Seating area, general","Washington State Energy Code Commercial TABLE C405.4.2Seating area, generalLightingDef",NECB-C-Lighting,,,,,,,,,,,,0.049225,2.32316E-05,PNNL-,NECB 2011,DOE_Prototype,Space Function_Transp. seating,PNNL-NECB 2011DOE_PrototypeSpace Function_Transp. seatingInfil,Always On,Space Function,Transp. seating,,2.18,,MediumRough,0.0063,6.65,1015,1349,0.9,0.7,0.7,Mixed_Seating_6mm,CalculatedEstimate,SofasChairsAndAreaRug,,Mixed_Seating_6mm,CalculatedEstimateSofasChairsAndAreaRugMixed_Seating_6mmInternalMassDef
CS Stairway,2021_WA_BuildingCode,Stair,Stairway,2021,WA,BuildingCode,230,157,120,CS Stairway_2021WABuildingCode,CS Stairway_2021WABuildingCodeScheduleSet,,,,,,,,,,,,,,,,,,,,,0.06,0.0003048,,,,Washington State Mechanical Code TABLE 403.3.1.1,Public spaces - Corridors serving other than Group R occupancies,,,Washington State Mechanical Code TABLE 403.3.1.1Public spaces - Corridors serving other than Group R occupanciesVent,0.30,3.23,0.00,0.50,0.00,COMNET-REV9,BA Warehouse,WholeBuilding,COMNET-REV9BA WarehouseWholeBuildingCS StairwayElectricalEquipDef,HotelSmall AlwaysOff,0.49,5.27,0.37,0.20,Washington State Energy Code Commercial TABLE C405.4.2,,Stairwell,Washington State Energy Code Commercial TABLE C405.4.2StairwellLightingDef,HotelSmall BLDG_LIGHT_STAIR_SCH,,,,,,,,,,,,0.049225,2.32316E-05,PNNL-,NECB 2011,DOE_Prototype,Space Function_Stairway,PNNL-NECB 2011DOE_PrototypeSpace Function_StairwayInfil,Always On,Space Function,Stairway,,1.77,,MediumRough,0.0188,9.97,3219,817,0.9,0.7,0.65,Concrete_Stairway_19mm,CalculatedEstimate,ConcreteStairsWithHandrailsAndGuardrails,,Concrete_Stairway_19mm,CalculatedEstimateConcreteStairsWithHandrailsAndGuardrailsConcrete_Stairway_19mmInternalMassDef
CS Storage - Hospital,2021_WA_BuildingCode,Hospital - medical supply,Storage - Hospital,2021,WA,BuildingCode,102,0,0,CS Storage - Hospital_2021WABuildingCode,CS Storage - Hospital_2021WABuildingCodeScheduleSet,,,,,,,,,,,,,,,,,,,,,0.12,0.0006096,,,,Washington State Mechanical Code TABLE 403.3.1.1,"Retail stores, sales floors, and showroom floors - Storage rooms",,,"Washington State Mechanical Code TABLE 403.3.1.1Retail stores, sales floors, and showroom floors - Storage roomsVent",1.25,13.44,0.00,0.50,0.00,COMNET-REV9,,DOEPrototype,COMNET-REV9DOEPrototypeCS Storage - HospitalElectricalEquipDef,NECB-H-Electric-Equipment,0.38,4.09,0.37,0.20,Washington State Energy Code Commercial TABLE C405.4.2,,Storage room - All other storage,Washington State Energy Code Commercial TABLE C405.4.2Storage room - All other storageLightingDef,NECB-H-Lighting,,,,,,,,,,,,0.049225,2.32316E-05,PNNL-,NECB 2011,DOE_Prototype,Space Function_Storage area,PNNL-NECB 2011DOE_PrototypeSpace Function_Storage areaInfil,Always On,Space Function,Storage area,,6.89,,Smooth,0.0022,9.22,4416,928,0.9,0.7,0.7,Steel_Hospital_Storage_2mm,CalculatedEstimate,MedicalShelvingAndSupplyCarts,,Steel_Hospital_Storage_2mm,CalculatedEstimateMedicalShelvingAndSupplyCartsSteel_Hospital_Storage_2mmInternalMassDef
CS Storage - >= 50 ft2 ,2021_WA_BuildingCode,Storage area,Storage - >= 50 ft2 ,2021,WA,BuildingCode,102,0,0,CS Storage - >= 50 ft2 _2021WABuildingCode,CS Storage - >= 50 ft2 _2021WABuildingCodeScheduleSet,,,,,,,,,,,,,,,,,,,,,0.06,0.0003048,,,,Washington State Mechanical Code TABLE 403.3.1.1,Storage - Warehouses,,,Washington State Mechanical Code TABLE 403.3.1.1Storage - WarehousesVent,0.31,3.38,0.00,0.50,0.00,COMNET-REV9,,DOEPrototype,COMNET-REV9DOEPrototypeCS Storage - >= 50 ft2 ElectricalEquipDef,NECB-E-Electric-Equipment,0.38,4.09,0.37,0.20,Washington State Energy Code Commercial TABLE C405.4.2,,Storage room - >= 50 ft2,Washington State Energy Code Commercial TABLE C405.4.2Storage room - >= 50 ft2LightingDef,NECB-E-Lighting,,,,,,,,,,,,0.028,1.32145E-05,PNNL-,90.1-2013,DOE_Prototype,SmallHotel_Storage4Front,PNNL-90.1-2013DOE_PrototypeSmallHotel_Storage4FrontInfil,Always On,SmallHotel,Storage4Front,,7.37,,MediumRough,0.004,10.9,2584,1123,0.9,0.7,0.7,Mixed_Commercial_Storage_4mm,CalculatedEstimate,ShelvingWithFileAndPaperBoxes,,Mixed_Commercial_Storage_4mm,CalculatedEstimateShelvingWithFileAndPaperBoxesMixed_Commercial_Storage_4mmInternalMassDef
CS Storage - < 50 ft2 ,2021_WA_BuildingCode,Storage area,Storage - < 50 ft2 ,2021,WA,BuildingCode,102,0,0,CS Storage - < 50 ft2 _2021WABuildingCode,CS Storage - < 50 ft2 _2021WABuildingCodeScheduleSet,,,,,,,,,,,,,,,,,,,,,0.06,0.0003048,,,,Washington State Mechanical Code TABLE 403.3.1.1,Storage - Warehouses,,,Washington State Mechanical Code TABLE 403.3.1.1Storage - WarehousesVent,0.31,3.38,0.00,0.50,0.00,COMNET-REV9,,DOEPrototype,COMNET-REV9DOEPrototypeCS Storage - < 50 ft2 ElectricalEquipDef,NECB-E-Electric-Equipment,0.51,5.49,0.37,0.20,Washington State Energy Code Commercial TABLE C405.4.2,,Storage room - < 50 ft2,Washington State Energy Code Commercial TABLE C405.4.2Storage room - < 50 ft2LightingDef,NECB-E-Lighting,,,,,,,,,,,,0.028,1.32145E-05,PNNL-,90.1-2013,DOE_Prototype,SmallHotel_Storage4Front,PNNL-90.1-2013DOE_PrototypeSmallHotel_Storage4FrontInfil,Always On,SmallHotel,Storage4Front,,4.72,,MediumRough,0.0025,14.7,2644,1128,0.9,0.7,0.7,Mixed_Small_Storage_2mm,CalculatedEstimate,WallShelvingInJanitorialCloset,,Mixed_Small_Storage_2mm,CalculatedEstimateWallShelvingInJanitorialClosetMixed_Small_Storage_2mmInternalMassDef
CS Vehicular Maintenance,2021_WA_BuildingCode,Workshop space,Vehicular Maintenance,2021,WA,BuildingCode,153,0,76,CS Vehicular Maintenance_2021WABuildingCode,CS Vehicular Maintenance_2021WABuildingCodeScheduleSet,,,,,,,,,,,,,,,,,,,,,,,0.75,0.00035396,,Washington State Mechanical Code TABLE 403.3.1.1,Storage_Repair garages_enclosed parking garage,,,Washington State Mechanical Code TABLE 403.3.1.1Storage_Repair garages_enclosed parking garageVent,0.50,5.42,0.00,0.50,0.00,COMNET-REV9,,DOEPrototype,COMNET-REV9DOEPrototypeCS Vehicular MaintenanceElectricalEquipDef,NECB-A-Electric-Equipment,0.6,6.46,0.37,0.20,Washington State Energy Code Commercial TABLE C405.4.2,,Vehicular maintenance,Washington State Energy Code Commercial TABLE C405.4.2Vehicular maintenanceLightingDef,NECB-A-Lighting,,,,,,,,,,,,0.2,9.43894E-05,Estimate,,,Space Function_Parking garage space,EstimateSpace Function_Parking garage spaceInfil,Always On,Space Function,Parking garage space,,1.31,,Smooth,0.0045,41.4,7054,551,0.9,0.7,0.7,Steel_AutoShop_4mm,CalculatedEstimate,VehicleLiftsAndToolChests,,Steel_AutoShop_4mm,CalculatedEstimateVehicleLiftsAndToolChestsSteel_AutoShop_4mmInternalMassDef
CS Workshop,2021_WA_BuildingCode,Workshop space,Workshop,2021,WA,BuildingCode,160,160,160,CS Workshop_2021WABuildingCode,CS Workshop_2021WABuildingCodeScheduleSet,50,20,0.215,635,186,965,283,469,97,120,0.40,Washington State Mechanical Code TABLE 403.3.1.1,Education - Wood/metal shops,COMNET-REV9,,Washington State Mechanical Code TABLE 403.3.1.1Education - Wood/metal shopsCOMNET-REV9PeopleDef,NECB-A-Occupancy,CS WorkshopActivity,10,0.004719207,0.18,0.0009144,0.5,0.000235974,,Washington State Mechanical Code TABLE 403.3.1.1,Education - Wood/metal shops,,,Washington State Mechanical Code TABLE 403.3.1.1Education - Wood/metal shopsVent,0.43,4.61,0.10,0.50,0.10,COMNET-REV9,,Estimate,COMNET-REV9EstimateCS WorkshopElectricalEquipDef,NECB-A-Electric-Equipment,1.26,13.56,0.37,0.20,Washington State Energy Code Commercial TABLE C405.4.2,,Workshop,Washington State Energy Code Commercial TABLE C405.4.2WorkshopLightingDef,NECB-A-Lighting,,,,,,,,,,,,0.2,9.43894E-05,Estimate,,,Space Function_Parking garage space,EstimateSpace Function_Parking garage spaceInfil,Always On,Space Function,Parking garage space,,2.27,,Smooth,0.0025,40.8,6533,647,0.9,0.7,0.7,Steel_Workshop_2mm,CalculatedEstimate,MachineToolsAndWorkbenches,,Steel_Workshop_2mm,CalculatedEstimateMachineToolsAndWorkbenchesSteel_Workshop_2mmInternalMassDef
SS Assisted Living - Chapel,2021_WA_BuildingCode,Religious - fellowship hall,Assisted Living - Chapel,2021,WA,BuildingCode,255,153,255,SS Assisted Living - Chapel_2021WABuildingCode,SS Assisted Living - Chapel_2021WABuildingCodeScheduleSet,8,120,1.292,250,73,200,59,132,97,120,0.56,Washington State Mechanical Code TABLE 403.3.1.1,Public spaces - Places of religious worship,COMNET-REV9,,Washington State Mechanical Code TABLE 403.3.1.1Public spaces - Places of religious worshipCOMNET-REV9PeopleDef,NECB-C-Occupancy,SS Assisted Living - ChapelActivity,5,0.002359604,0.06,0.0003048,,,,Washington State Mechanical Code TABLE 403.3.1.1,Public spaces - Places of religious worship,,,Washington State Mechanical Code TABLE 403.3.1.1Public spaces - Places of religious worshipVent,1.40,15.12,0.00,0.50,0.00,COMNET-REV9,,DOEPrototype,COMNET-REV9DOEPrototypeSS Assisted Living - ChapelElectricalEquipDef,NECB-C-Electric-Equipment,0.7,7.53,0.37,0.20,Washington State Energy Code Commercial TABLE C405.4.2,,Facility for the visually impaired - In a chapel (and not used primarily by the staff),Washington State Energy Code Commercial TABLE C405.4.2Facility for the visually impaired - In a chapel (and not used primarily by the staff)LightingDef,NECB-C-Lighting,,,,,,,,,,,,0.049225,2.32316E-05,PNNL-,NECB 2011,DOE_Prototype,Space Function_Religious - fellowship hall,PNNL-NECB 2011DOE_PrototypeSpace Function_Religious - fellowship hallInfil,Always On,Space Function,Religious - fellowship hall,,3.06,,MediumRough,0.008,3.09,855,1384,0.9,0.7,0.7,Mixed_Chapel_8mm,CalculatedEstimate,ChapelSeatingAndAltarFurnishings,,Mixed_Chapel_8mm,CalculatedEstimateChapelSeatingAndAltarFurnishingsMixed_Chapel_8mmInternalMassDef
SS Assisted Living - Recreation Room,2021_WA_BuildingCode,Hospital - lounge/recreation,Assisted Living - Recreation Room,2021,WA,BuildingCode,255,0,0,SS Assisted Living - Recreation Room_2021WABuildingCode,SS Assisted Living - Recreation Room_2021WABuildingCodeScheduleSet,25,40,0.431,250,73,200,59,132,97,120,0.56,Washington State Mechanical Code TABLE 403.3.1.1,Sports and amusement - Health club/aerobics room,COMNET-REV9,,Washington State Mechanical Code TABLE 403.3.1.1Sports and amusement - Health club/aerobics roomCOMNET-REV9PeopleDef,NECB-B-Occupancy,SS Assisted Living - Recreation RoomActivity,20,0.009438414,0.06,0.0003048,,,,Washington State Mechanical Code TABLE 403.3.1.1,Sports and amusement - Health club/aerobics room,,,Washington State Mechanical Code TABLE 403.3.1.1Sports and amusement - Health club/aerobics roomVent,1.40,15.12,0.00,0.50,0.00,COMNET-REV9,,DOEPrototype,COMNET-REV9DOEPrototypeSS Assisted Living - Recreation RoomElectricalEquipDef,NECB-B-Electric-Equipment,1.77,19.05,0.37,0.20,Washington State Energy Code Commercial TABLE C405.4.2,,Facility for the visually impaired - In a recreation room (and not used primarily by the staff),Washington State Energy Code Commercial TABLE C405.4.2Facility for the visually impaired - In a recreation room (and not used primarily by the staff)LightingDef,NECB-B-Lighting,,,,,,,,,,,,0.049225,2.32316E-05,PNNL-,NECB 2011,DOE_Prototype,Space Function_Hospital - lounge/recreation,PNNL-NECB 2011DOE_PrototypeSpace Function_Hospital - lounge/recreationInfil,Always On,Space Function,Hospital - lounge/recreation,,3.38,,MediumRough,0.0038,6.76,1572,1213,0.9,0.7,0.7,Mixed_Recreation_4mm,CalculatedEstimate,RecreationRoomFurnitureAndGameTables,,Mixed_Recreation_4mm,CalculatedEstimateRecreationRoomFurnitureAndGameTablesMixed_Recreation_4mmInternalMassDef
SS Convention Center - Exhibit Space  ,2021_WA_BuildingCode,Convention centre - exhibit,Convention Center - Exhibit Space  ,2021,WA,BuildingCode,204,204,0,SS Convention Center - Exhibit Space  _2021WABuildingCode,SS Convention Center - Exhibit Space  _2021WABuildingCodeScheduleSet,25,40,0.431,250,73,200,59,132,97,120,0.56,Washington State Mechanical Code TABLE 403.3.1.1,Public spaces - Museums/galleries,COMNET-REV9,,Washington State Mechanical Code TABLE 403.3.1.1Public spaces - Museums/galleriesCOMNET-REV9PeopleDef,NECB-C-Occupancy,SS Convention Center - Exhibit Space  Activity,7.5,0.003539405,0.06,0.0003048,,,,Washington State Mechanical Code TABLE 403.3.1.1,Public spaces - Museums/galleries,,,Washington State Mechanical Code TABLE 403.3.1.1Public spaces - Museums/galleriesVent,0.75,8.05,0.00,0.50,0.00,COMNET-REV9,,DOEPrototype,COMNET-REV9DOEPrototypeSS Convention Center - Exhibit Space  ElectricalEquipDef,NECB-C-Electric-Equipment,0.61,6.57,0.37,0.20,Washington State Energy Code Commercial TABLE C405.4.2,,Convention center - Exhibit space,Washington State Energy Code Commercial TABLE C405.4.2Convention center - Exhibit spaceLightingDef,NECB-C-Lighting,,,,,,,,,,,,0.049225,2.32316E-05,PNNL-,NECB 2011,DOE_Prototype,Space Function_Convention centre - exhibit,PNNL-NECB 2011DOE_PrototypeSpace Function_Convention centre - exhibitInfil,Always On,Space Function,Convention centre - exhibit,,2,,MediumRough,0.0017,7.9,1757,1092,0.9,0.7,0.7,Mixed_Exhibit_2mm,CalculatedEstimate,ConventionExhibitBoothsAndDisplays,,Mixed_Exhibit_2mm,CalculatedEstimateConventionExhibitBoothsAndDisplaysMixed_Exhibit_2mmInternalMassDef
SS Dormitory - Living Quarters  ,2021_WA_BuildingCode,Dormitory - living quarters,Dormitory - Living Quarters  ,2021,WA,BuildingCode,176,224,230,SS Dormitory - Living Quarters  _2021WABuildingCode,SS Dormitory - Living Quarters  _2021WABuildingCodeScheduleSet,50,20,0.215,250,73,200,59,132,97,120,0.56,Washington State Mechanical Code TABLE 403.3.1.1,"Hotels, motels, resorts and dormitories - Dormitory sleeping area",COMNET-REV9,,"Washington State Mechanical Code TABLE 403.3.1.1Hotels, motels, resorts and dormitories - Dormitory sleeping areaCOMNET-REV9PeopleDef",NECB-G-Occupancy,SS Dormitory - Living Quarters  Activity,5,0.002359604,0.06,0.0003048,,,,Washington State Mechanical Code TABLE 403.3.1.1,"Hotels, motels, resorts and dormitories - Dormitory sleeping area",,,"Washington State Mechanical Code TABLE 403.3.1.1Hotels, motels, resorts and dormitories - Dormitory sleeping areaVent",1.96,21.06,0.00,0.50,0.00,COMNET-REV9,,DOEPrototype,COMNET-REV9DOEPrototypeSS Dormitory - Living Quarters  ElectricalEquipDef,NECB-G-Electric-Equipment,0.5,5.38,0.37,0.20,Washington State Energy Code Commercial TABLE C405.4.2,,Dormitory living quarters,Washington State Energy Code Commercial TABLE C405.4.2Dormitory living quartersLightingDef,NECB-G-Lighting,,,,,,,,,,,,0.049225,2.32316E-05,PNNL-,NECB 2011,DOE_Prototype,Space Function_Dormitory - living quarters,PNNL-NECB 2011DOE_PrototypeSpace Function_Dormitory - living quartersInfil,Always On,Space Function,Dormitory - living quarters,,4.15,,MediumRough,0.0049,6.7,1266,1256,0.9,0.7,0.7,Mixed_Dormitory_5mm,CalculatedEstimate,DormitoryBedroomFurniture,,Mixed_Dormitory_5mm,CalculatedEstimateDormitoryBedroomFurnitureMixed_Dormitory_5mmInternalMassDef
SS Fire Station - Sleeping Quarters  ,2021_WA_BuildingCode,Fire station - quarters,Fire Station - Sleeping Quarters  ,2021,WA,BuildingCode,176,224,230,SS Fire Station - Sleeping Quarters  _2021WABuildingCode,SS Fire Station - Sleeping Quarters  _2021WABuildingCodeScheduleSet,50,20,0.215,250,73,200,59,132,97,120,0.56,Washington State Mechanical Code TABLE 403.3.1.1,"Hotels, motels, resorts and dormitories - Dormitory sleeping area",COMNET-REV9,,"Washington State Mechanical Code TABLE 403.3.1.1Hotels, motels, resorts and dormitories - Dormitory sleeping areaCOMNET-REV9PeopleDef",NECB-G-Occupancy,SS Fire Station - Sleeping Quarters  Activity,5,0.002359604,0.06,0.0003048,,,,Washington State Mechanical Code TABLE 403.3.1.1,"Hotels, motels, resorts and dormitories - Dormitory sleeping area",,,"Washington State Mechanical Code TABLE 403.3.1.1Hotels, motels, resorts and dormitories - Dormitory sleeping areaVent",1.54,16.58,0.00,0.50,0.00,COMNET-REV9,,DOEPrototype,COMNET-REV9DOEPrototypeSS Fire Station - Sleeping Quarters  ElectricalEquipDef,NECB-G-Electric-Equipment,0.23,2.48,0.37,0.20,Washington State Energy Code Commercial TABLE C405.4.2,,Fire stations - Sleeping quarters,Washington State Energy Code Commercial TABLE C405.4.2Fire stations - Sleeping quartersLightingDef,NECB-G-Lighting,,,,,,,,,,,,0.049225,2.32316E-05,PNNL-,NECB 2011,DOE_Prototype,Space Function_Fire station - quarters,PNNL-NECB 2011DOE_PrototypeSpace Function_Fire station - quartersInfil,Always On,Space Function,Fire station - quarters,,2.03,,Smooth,0.0015,28.4,3803,996,0.9,0.7,0.7,Steel_FireStation_2mm,CalculatedEstimate,FireStationBunkAndLockerFurniture,,Steel_FireStation_2mm,CalculatedEstimateFireStationBunkAndLockerFurnitureSteel_FireStation_2mmInternalMassDef
SS Gymnasium/Fitness Center - Exercise Area  ,2021_WA_BuildingCode,Gym - fitness,Gymnasium/Fitness Center - Exercise Area  ,2021,WA,BuildingCode,255,0,0,SS Gymnasium/Fitness Center - Exercise Area  _2021WABuildingCode,SS Gymnasium/Fitness Center - Exercise Area  _2021WABuildingCodeScheduleSet,25,40,0.431,710,208,1090,319,528,97,120,0.39,Washington State Mechanical Code TABLE 403.3.1.1,Sports and amusement - Health club/aerobics room,COMNET-REV9,,Washington State Mechanical Code TABLE 403.3.1.1Sports and amusement - Health club/aerobics roomCOMNET-REV9PeopleDef,NECB-B-Occupancy,SS Gymnasium/Fitness Center - Exercise Area  Activity,20,0.009438414,0.06,0.0003048,,,,Washington State Mechanical Code TABLE 403.3.1.1,Sports and amusement - Health club/aerobics room,,,Washington State Mechanical Code TABLE 403.3.1.1Sports and amusement - Health club/aerobics roomVent,0.67,7.26,0.00,0.50,0.00,COMNET-REV9,,DOEPrototype,COMNET-REV9DOEPrototypeSS Gymnasium/Fitness Center - Exercise Area  ElectricalEquipDef,NECB-B-Electric-Equipment,0.9,9.69,0.37,0.20,Washington State Energy Code Commercial TABLE C405.4.2,,Gymnasium/fitness center - In an exercise area,Washington State Energy Code Commercial TABLE C405.4.2Gymnasium/fitness center - In an exercise areaLightingDef,NECB-B-Lighting,,,,,,,,,,,,0.049225,2.32316E-05,PNNL-,NECB 2011,DOE_Prototype,Space Function_Gym - fitness,PNNL-NECB 2011DOE_PrototypeSpace Function_Gym - fitnessInfil,Always On,Space Function,Gym - fitness,,1.79,,Smooth,0.0024,50.2,6774,571,0.9,0.7,0.7,Steel_Iron_Gym_2mm,CalculatedEstimate,FreeWeightsAndExerciseEquipment,,Steel_Iron_Gym_2mm,CalculatedEstimateFreeWeightsAndExerciseEquipmentSteel_Iron_Gym_2mmInternalMassDef
SS Gymnasium/Fitness Center - Playing Area  ,2021_WA_BuildingCode,Gym - fitness,Gymnasium/Fitness Center - Playing Area  ,2021,WA,BuildingCode,255,0,0,SS Gymnasium/Fitness Center - Playing Area  _2021WABuildingCode,SS Gymnasium/Fitness Center - Playing Area  _2021WABuildingCodeScheduleSet,143,7,0.075,710,208,1090,319,528,97,120,0.39,Washington State Mechanical Code TABLE 403.3.1.1,"Sports and amusement - Gym, stadium, arena (play area)",COMNET-REV9,,"Washington State Mechanical Code TABLE 403.3.1.1Sports and amusement - Gym, stadium, arena (play area)COMNET-REV9PeopleDef",NECB-B-Occupancy,SS Gymnasium/Fitness Center - Playing Area  Activity,20,0.009438414,0.18,0.0009144,,,,Washington State Mechanical Code TABLE 403.3.1.1,"Sports and amusement - Gym, stadium, arena (play area)",,,"Washington State Mechanical Code TABLE 403.3.1.1Sports and amusement - Gym, stadium, arena (play area)Vent",0.67,7.26,0.00,0.50,0.00,COMNET-REV9,,DOEPrototype,COMNET-REV9DOEPrototypeSS Gymnasium/Fitness Center - Playing Area  ElectricalEquipDef,NECB-B-Electric-Equipment,0.85,9.15,0.37,0.20,Washington State Energy Code Commercial TABLE C405.4.2,,Gymnasium/fitness center - In a playing area,Washington State Energy Code Commercial TABLE C405.4.2Gymnasium/fitness center - In a playing areaLightingDef,NECB-B-Lighting,,,,,,,,,,,,0.049225,2.32316E-05,PNNL-,NECB 2011,DOE_Prototype,Space Function_Gym - fitness,PNNL-NECB 2011DOE_PrototypeSpace Function_Gym - fitnessInfil,Always On,Space Function,Gym - fitness,,0.5,,Smooth,0.0013,45.2,6107,662,0.9,0.7,0.7,Steel_Gym_1mm,CalculatedEstimate,GymnasiumPlayingFloorEquipment,,Steel_Gym_1mm,CalculatedEstimateGymnasiumPlayingFloorEquipmentSteel_Gym_1mmInternalMassDef
SS Healthcare - Emergency Room,2021_WA_BuildingCode,Hospital - emergency,Healthcare - Emergency Room,2021,WA,BuildingCode,255,215,0,SS Healthcare - Emergency Room_2021WABuildingCode,SS Healthcare - Emergency Room_2021WABuildingCodeScheduleSet,50,20,0.215,250,73,200,59,132,97,120,0.56,ASHRAE 62.1-2019,Outpatient Health Care Facilities - Urgent care triage room,COMNET-REV9,,ASHRAE 62.1-2019Outpatient Health Care Facilities - Urgent care triage roomCOMNET-REV9PeopleDef,NECB-H-Occupancy,SS Healthcare - Emergency RoomActivity,10,0.004719207,0.18,0.0009144,,,,ASHRAE 62.1-2019,Outpatient Health Care Facilities - Urgent care triage room,,,ASHRAE 62.1-2019Outpatient Health Care Facilities - Urgent care triage roomVent,1.25,13.44,0.00,0.50,0.00,COMNET-REV9,,DOEPrototype,COMNET-REV9DOEPrototypeSS Healthcare - Emergency RoomElectricalEquipDef,NECB-H-Electric-Equipment,1.4,15.07,0.37,0.20,Washington State Energy Code Commercial TABLE C405.4.2,,Health care facility - In an exam/treatment room,Washington State Energy Code Commercial TABLE C405.4.2Health care facility - In an exam/treatment roomLightingDef,NECB-H-Lighting,,,,,,,,,,,,0.049225,2.32316E-05,PNNL-,NECB 2011,DOE_Prototype,Space Function_Hospital - emergency,PNNL-NECB 2011DOE_PrototypeSpace Function_Hospital - emergencyInfil,Always On,Space Function,Hospital - emergency,,1.89,,Smooth,0.0011,24.8,4004,914,0.9,0.7,0.7,Steel_Medical_1mm,CalculatedEstimate,EmergencyRoomMedicalEquipment,,Steel_Medical_1mm,CalculatedEstimateEmergencyRoomMedicalEquipmentSteel_Medical_1mmInternalMassDef
SS Healthcare - Exam/Treatment  ,2021_WA_BuildingCode,Outpatient Exam,Healthcare - Exam/Treatment  ,2021,WA,BuildingCode,136,78,222,SS Healthcare - Exam/Treatment  _2021WABuildingCode,SS Healthcare - Exam/Treatment  _2021WABuildingCodeScheduleSet,50,20,0.215,250,73,200,59,132,97,120,0.56,ASHRAE 62.1-2019,Outpatient Health Care Facilities - Urgent care treatment room,COMNET-REV9,,ASHRAE 62.1-2019Outpatient Health Care Facilities - Urgent care treatment roomCOMNET-REV9PeopleDef,OutPatientHealthCare BLDG_OCC_SCH,SS Healthcare - Exam/Treatment  Activity,7.5,0.003539405,0.18,0.0009144,,,,ASHRAE 62.1-2019,Outpatient Health Care Facilities - Urgent care treatment room,,,ASHRAE 62.1-2019Outpatient Health Care Facilities - Urgent care treatment roomVent,1.25,13.44,0.00,0.50,0.00,COMNET-REV9,,DOEPrototype,COMNET-REV9DOEPrototypeSS Healthcare - Exam/Treatment  ElectricalEquipDef,OutPatientHealthCare BLDG_EQUIP_SCH_BASE,1.4,15.07,0.37,0.20,Washington State Energy Code Commercial TABLE C405.4.2,,Health care facility - In an exam/treatment room,Washington State Energy Code Commercial TABLE C405.4.2Health care facility - In an exam/treatment roomLightingDef,OutPatientHealthCare BLDG_LIGHT_EXAM_SCH,,,,,,,,,,,,0.0446,2.10488E-05,PNNL-,90.1-2013,DOE_Prototype,Outpatient_Exam,PNNL-90.1-2013DOE_PrototypeOutpatient_ExamInfil,OutPatientHealthCare INFIL_SCH,Outpatient,Exam,,2.3,,Smooth,0.00094,30.3,4812,902,0.9,0.7,0.7,Steel_MedExam_1mm,CalculatedEstimate,ExamTreatmentRoomEquipment,,Steel_MedExam_1mm,CalculatedEstimateExamTreatmentRoomEquipmentSteel_MedExam_1mmInternalMassDef
SS Healthcare - Supply Room,2021_WA_BuildingCode,Hospital - medical supply,Healthcare - Supply Room,2021,WA,BuildingCode,0,128,128,SS Healthcare - Supply Room_2021WABuildingCode,SS Healthcare - Supply Room_2021WABuildingCodeScheduleSet,,,,,,,,,,,,,,,,,,,,,0.12,0.0006096,,,,Washington State Mechanical Code TABLE 403.3.1.1,"Retail stores, sales floors, and showroom floors - Storage rooms",,,"Washington State Mechanical Code TABLE 403.3.1.1Retail stores, sales floors, and showroom floors - Storage roomsVent",1.25,13.44,0.00,0.50,0.00,COMNET-REV9,,DOEPrototype,COMNET-REV9DOEPrototypeSS Healthcare - Supply RoomElectricalEquipDef,NECB-H-Electric-Equipment,0.62,6.67,0.37,0.20,Washington State Energy Code Commercial TABLE C405.4.2,,Health care facility - In a medical supply room,Washington State Energy Code Commercial TABLE C405.4.2Health care facility - In a medical supply roomLightingDef,NECB-H-Lighting,,,,,,,,,,,,0.049225,2.32316E-05,PNNL-,NECB 2011,DOE_Prototype,Hospital_Hospital - medical supply,PNNL-NECB 2011DOE_PrototypeHospital_Hospital - medical supplyInfil,Always On,Hospital,Hospital - medical supply,,5.95,,Smooth,0.0017,29.9,4600,860,0.9,0.7,0.7,Steel_MedSupply_2mm,CalculatedEstimate,MedicalSupplyShelvingAndCarts,,Steel_MedSupply_2mm,CalculatedEstimateMedicalSupplyShelvingAndCartsSteel_MedSupply_2mmInternalMassDef
SS Healthcare - Nursery  ,2021_WA_BuildingCode,ICU_Open,Healthcare - Nursery  ,2021,WA,BuildingCode,78,167,222,SS Healthcare - Nursery  _2021WABuildingCode,SS Healthcare - Nursery  _2021WABuildingCodeScheduleSet,50,20,0.215,250,73,200,59,132,97,120,0.56,ASHRAE 62.1-2019,Outpatient Health Care Facilities - Urgent care observation room,COMNET-REV9,,ASHRAE 62.1-2019Outpatient Health Care Facilities - Urgent care observation roomCOMNET-REV9PeopleDef,Hospital BLDG_OCC_EXTD_SCH,SS Healthcare - Nursery  Activity,5,0.002359604,0.06,0.0003048,,,,ASHRAE 62.1-2019,Outpatient Health Care Facilities - Urgent care observation room,,,ASHRAE 62.1-2019Outpatient Health Care Facilities - Urgent care observation roomVent,1.25,13.44,0.00,0.50,0.00,COMNET-REV9,,DOEPrototype,COMNET-REV9DOEPrototypeSS Healthcare - Nursery  ElectricalEquipDef,Hospital BLDG_EQUIP_EXTD_SCH,0.92,9.90,0.37,0.20,Washington State Energy Code Commercial TABLE C405.4.2,,Health care facility - In a nursery,Washington State Energy Code Commercial TABLE C405.4.2Health care facility - In a nurseryLightingDef,Hospital BLDG_LIGHT_EXTD_SCH,,,,,,,,,,,,0.0446,2.10488E-05,PNNL-,90.1-2013,DOE_Prototype,Hospital_ICU_Open,PNNL-90.1-2013DOE_PrototypeHospital_ICU_OpenInfil,Hospital INFIL_SCH_PNNL,Hospital,ICU_Open,,2.48,,Smooth,0.0012,41.5,3996,921,0.9,0.7,0.7,Steel_Nursery_1mm,CalculatedEstimate,NurseryBassinetsAndEquipment,,Steel_Nursery_1mm,CalculatedEstimateNurseryBassinetsAndEquipmentSteel_Nursery_1mmInternalMassDef
SS Healthcare - Nurses’ Station  ,2021_WA_BuildingCode,Hospital NurseStn,Healthcare - Nurses’ Station  ,2021,WA,BuildingCode,31,162,169,SS Healthcare - Nurses’ Station  _2021WABuildingCode,SS Healthcare - Nurses’ Station  _2021WABuildingCodeScheduleSet,17,60,0.646,250,73,200,59,132,97,120,0.56,ASHRAE 62.1-2019,Office Buildings - Telephone/data entry,COMNET-REV9,,ASHRAE 62.1-2019Office Buildings - Telephone/data entryCOMNET-REV9PeopleDef,Hospital BLDG_OCC_SCH,SS Healthcare - Nurses’ Station  Activity,5,0.002359604,0.06,0.0003048,,,,ASHRAE 62.1-2019,Office Buildings - Telephone/data entry,,,ASHRAE 62.1-2019Office Buildings - Telephone/data entryVent,1.25,13.44,0.00,0.50,0.00,COMNET-REV9,,DOEPrototype,COMNET-REV9DOEPrototypeSS Healthcare - Nurses’ Station  ElectricalEquipDef,Hospital BLDG_EQUIP_SCH,1.17,12.59,0.37,0.20,Washington State Energy Code Commercial TABLE C405.4.2,,Health care facility - In a nurse's station,Washington State Energy Code Commercial TABLE C405.4.2Health care facility - In a nurse's stationLightingDef,Hospital BLDG_LIGHT_NURSEFLR234_SCH,,,,,,,,,,,,0.0446,2.10488E-05,PNNL-,90.1-2013,DOE_Prototype,Hospital_Hospital NurseStn,PNNL-90.1-2013DOE_PrototypeHospital_Hospital NurseStnInfil,Hospital INFIL_SCH_PNNL,Hospital,Hospital NurseStn,,3.71,,MediumRough,0.0015,20.2,3433,958,0.9,0.7,0.7,Mixed_NurseStation_2mm,CalculatedEstimate,NursesStationDeskAndEquipment,,Mixed_NurseStation_2mm,CalculatedEstimateNursesStationDeskAndEquipmentMixed_NurseStation_2mmInternalMassDef
SS Healthcare - Operating Room  ,2021_WA_BuildingCode,Hospital OR,Healthcare - Operating Room  ,2021,WA,BuildingCode,169,31,159,SS Healthcare - Operating Room  _2021WABuildingCode,SS Healthcare - Operating Room  _2021WABuildingCodeScheduleSet,50,20,0.215,250,73,200,59,132,97,120,0.56,ASHRAE 62.1-2019,Outpatient Health Care Facilities - Dental operatory,COMNET-REV9,,ASHRAE 62.1-2019Outpatient Health Care Facilities - Dental operatoryCOMNET-REV9PeopleDef,Hospital BLDG_OCC_EXTD_SCH,SS Healthcare - Operating Room  Activity,10,0.004719207,0.18,0.0009144,,,,ASHRAE 62.1-2019,Outpatient Health Care Facilities - Dental operatory,,,ASHRAE 62.1-2019Outpatient Health Care Facilities - Dental operatoryVent,1.25,13.44,0.00,0.50,0.00,COMNET-REV9,,DOEPrototype,COMNET-REV9DOEPrototypeSS Healthcare - Operating Room  ElectricalEquipDef,Hospital BLDG_EQUIP_EXTD_SCH,2.26,24.33,0.37,0.20,Washington State Energy Code Commercial TABLE C405.4.2,,Health care facility - In an operating room,Washington State Energy Code Commercial TABLE C405.4.2Health care facility - In an operating roomLightingDef,Hospital BLDG_LIGHT_EXTD_SCH,,,,,,,,,,,,0.0446,2.10488E-05,PNNL-,90.1-2013,DOE_Prototype,Hospital_Hospital OR,PNNL-90.1-2013DOE_PrototypeHospital_Hospital ORInfil,Hospital INFIL_SCH_PNNL,Hospital,Hospital OR,,2.81,,Smooth,0.0015,62.4,6305,596,0.9,0.7,0.7,Steel_Aluminum_OR_2mm,CalculatedEstimate,OperatingRoomStainlessEquipment,,Steel_Aluminum_OR_2mm,CalculatedEstimateOperatingRoomStainlessEquipmentSteel_Aluminum_OR_2mmInternalMassDef
SS Healthcare - Patient Room  ,2021_WA_BuildingCode,Hospital PatRoom,Healthcare - Patient Room  ,2021,WA,BuildingCode,78,167,222,SS Healthcare - Patient Room  _2021WABuildingCode,SS Healthcare - Patient Room  _2021WABuildingCodeScheduleSet,50,20,0.215,250,73,200,59,132,97,120,0.56,ASHRAE 62.1-2019,Outpatient Health Care Facilities - Urgent care observation room,COMNET-REV9,,ASHRAE 62.1-2019Outpatient Health Care Facilities - Urgent care observation roomCOMNET-REV9PeopleDef,Hospital BLDG_OCC_EXTD_SCH,SS Healthcare - Patient Room  Activity,5,0.002359604,0.06,0.0003048,,,,ASHRAE 62.1-2019,Outpatient Health Care Facilities - Urgent care observation room,,,ASHRAE 62.1-2019Outpatient Health Care Facilities - Urgent care observation roomVent,1.25,13.44,0.00,0.50,0.00,COMNET-REV9,,DOEPrototype,COMNET-REV9DOEPrototypeSS Healthcare - Patient Room  ElectricalEquipDef,Hospital BLDG_EQUIP_SCH,0.68,7.32,0.37,0.20,Washington State Energy Code Commercial TABLE C405.4.2,,Health care facility - In a patient room,Washington State Energy Code Commercial TABLE C405.4.2Health care facility - In a patient roomLightingDef,Hospital BLDG_LIGHT_SCH,,,,,,,,,,,,0.0446,2.10488E-05,PNNL-,90.1-2013,DOE_Prototype,Hospital_Hospital PatRoom,PNNL-90.1-2013DOE_PrototypeHospital_Hospital PatRoomInfil,Hospital INFIL_SCH_PNNL,Hospital,Hospital PatRoom,,1.22,,MediumRough,0.0254,1.3,309,718,0.9,0.7,0.7,Mixed_Healthcare_PatientRoom_25mm,CalculatedEstimate,PatientRoomBedAndFurnishings,,Mixed_Healthcare_PatientRoom_25mm,CalculatedEstimatePatientRoomBedAndFurnishingsMixed_Healthcare_PatientRoom_25mmInternalMassDef
SS Healthcare - Physical Therapy  ,2021_WA_BuildingCode,Hospital PhysTherapy,Healthcare - Physical Therapy  ,2021,WA,BuildingCode,154,230,120,SS Healthcare - Physical Therapy  _2021WABuildingCode,SS Healthcare - Physical Therapy  _2021WABuildingCodeScheduleSet,143,7,0.075,250,73,200,59,132,97,120,0.56,ASHRAE 62.1-2019,Outpatient Health Care Facilities - Physical therapy exercise area,COMNET-REV9,,ASHRAE 62.1-2019Outpatient Health Care Facilities - Physical therapy exercise areaCOMNET-REV9PeopleDef,Hospital BLDG_OCC_SCH,SS Healthcare - Physical Therapy  Activity,20,0.009438414,0.18,0.0009144,,,,ASHRAE 62.1-2019,Outpatient Health Care Facilities - Physical therapy exercise area,,,ASHRAE 62.1-2019Outpatient Health Care Facilities - Physical therapy exercise areaVent,1.25,13.44,0.00,0.50,0.00,COMNET-REV9,,DOEPrototype,COMNET-REV9DOEPrototypeSS Healthcare - Physical Therapy  ElectricalEquipDef,Hospital BLDG_EQUIP_SCH,0.91,9.80,0.37,0.20,Washington State Energy Code Commercial TABLE C405.4.2,,Health care facility - In a physical therapy room,Washington State Energy Code Commercial TABLE C405.4.2Health care facility - In a physical therapy roomLightingDef,Hospital BLDG_LIGHT_SCH,,,,,,,,,,,,0.0446,2.10488E-05,PNNL-,90.1-2013,DOE_Prototype,Hospital_Hospital PhysTherapy,PNNL-90.1-2013DOE_PrototypeHospital_Hospital PhysTherapyInfil,Hospital INFIL_SCH_PNNL,Hospital,Hospital PhysTherapy,,0.89,,MediumRough,0.0166,4.21,847,581,0.9,0.7,0.7,Mixed_Healthcare_PhysicalTherapy_17mm,CalculatedEstimate,PhysicalTherapyEquipmentAndMats,,Mixed_Healthcare_PhysicalTherapy_17mm,CalculatedEstimatePhysicalTherapyEquipmentAndMatsMixed_Healthcare_PhysicalTherapy_17mmInternalMassDef
SS Healthcare - Recovery Room,2021_WA_BuildingCode,Outpatient PACU,Healthcare - Recovery Room,2021,WA,BuildingCode,169,31,159,SS Healthcare - Recovery Room_2021WABuildingCode,SS Healthcare - Recovery Room_2021WABuildingCodeScheduleSet,50,20,0.215,250,73,200,59,132,97,120,0.56,ASHRAE 62.1-2019,Outpatient Health Care Facilities - Urgent care observation room,COMNET-REV9,,ASHRAE 62.1-2019Outpatient Health Care Facilities - Urgent care observation roomCOMNET-REV9PeopleDef,OutPatientHealthCare BLDG_OCC_SCH,SS Healthcare - Recovery RoomActivity,5,0.002359604,0.06,0.0003048,,,,ASHRAE 62.1-2019,Outpatient Health Care Facilities - Urgent care observation room,,,ASHRAE 62.1-2019Outpatient Health Care Facilities - Urgent care observation roomVent,1.25,13.44,0.00,0.50,0.00,COMNET-REV9,,DOEPrototype,COMNET-REV9DOEPrototypeSS Healthcare - Recovery RoomElectricalEquipDef,OutPatientHealthCare BLDG_EQUIP_SCH_BASE,1.25,13.46,0.37,0.20,Washington State Energy Code Commercial TABLE C405.4.2,,Health care facility - In a recovery room,Washington State Energy Code Commercial TABLE C405.4.2Health care facility - In a recovery roomLightingDef,OutPatientHealthCare BLDG_LIGHT_EXAM_SCH,,,,,,,,,,,,0.0446,2.10488E-05,PNNL-,90.1-2013,DOE_Prototype,Hospital_Outpatient PACU,PNNL-90.1-2013DOE_PrototypeHospital_Outpatient PACUInfil,OutPatientHealthCare INFIL_SCH,Hospital,Outpatient PACU,,1.09,,MediumRough,0.0109,4.21,957,661,0.9,0.7,0.7,Mixed_Healthcare_RecoveryRoom_11mm,CalculatedEstimate,RecoveryRoomBedAndMonitoringEquipment,,Mixed_Healthcare_RecoveryRoom_11mm,CalculatedEstimateRecoveryRoomBedAndMonitoringEquipmentMixed_Healthcare_RecoveryRoom_11mmInternalMassDef
SS Library - Reading Area  ,2021_WA_BuildingCode,Library - reading,Library - Reading Area  ,2021,WA,BuildingCode,240,230,140,SS Library - Reading Area  _2021WABuildingCode,SS Library - Reading Area  _2021WABuildingCodeScheduleSet,100,10,0.108,250,73,200,59,132,97,120,0.56,Washington State Mechanical Code TABLE 403.3.1.1,Public spaces - Libraries,COMNET-REV9,,Washington State Mechanical Code TABLE 403.3.1.1Public spaces - LibrariesCOMNET-REV9PeopleDef,NECB-C-Occupancy,SS Library - Reading Area  Activity,5,0.002359604,0.12,0.0006096,,,,Washington State Mechanical Code TABLE 403.3.1.1,Public spaces - Libraries,,,Washington State Mechanical Code TABLE 403.3.1.1Public spaces - LibrariesVent,0.94,10.09,0.00,0.50,0.00,COMNET-REV9,,DOEPrototype,COMNET-REV9DOEPrototypeSS Library - Reading Area  ElectricalEquipDef,NECB-C-Electric-Equipment,0.96,10.33,0.37,0.20,Washington State Energy Code Commercial TABLE C405.4.2,,Library - In a reading area,Washington State Energy Code Commercial TABLE C405.4.2Library - In a reading areaLightingDef,NECB-C-Lighting,,,,,,,,,,,,0.049225,2.32316E-05,PNNL-,NECB 2011,DOE_Prototype,Space Function_Library - reading,PNNL-NECB 2011DOE_PrototypeSpace Function_Library - readingInfil,Always On,Space Function,Library - reading,,1.54,,MediumRough,0.0221,0.18,344,1399,0.9,0.7,0.7,Mixed_Library_ReadingArea_22mm,CalculatedEstimate,WoodTablesCarrelsAndSeating,,Mixed_Library_ReadingArea_22mm,CalculatedEstimateWoodTablesCarrelsAndSeatingMixed_Library_ReadingArea_22mmInternalMassDef
SS Library - Stacks  ,2021_WA_BuildingCode,Library - stacks,Library - Stacks  ,2021,WA,BuildingCode,218,165,32,SS Library - Stacks  _2021WABuildingCode,SS Library - Stacks  _2021WABuildingCodeScheduleSet,100,10,0.108,250,73,200,59,132,97,120,0.56,Washington State Mechanical Code TABLE 403.3.1.1,Public spaces - Libraries,COMNET-REV9,,Washington State Mechanical Code TABLE 403.3.1.1Public spaces - LibrariesCOMNET-REV9PeopleDef,NECB-C-Occupancy,SS Library - Stacks  Activity,5,0.002359604,0.12,0.0006096,,,,Washington State Mechanical Code TABLE 403.3.1.1,Public spaces - Libraries,,,Washington State Mechanical Code TABLE 403.3.1.1Public spaces - LibrariesVent,0.94,10.09,0.00,0.50,0.00,COMNET-REV9,,DOEPrototype,COMNET-REV9DOEPrototypeSS Library - Stacks  ElectricalEquipDef,NECB-C-Electric-Equipment,1.1,11.84,0.37,0.20,Washington State Energy Code Commercial TABLE C405.4.2,,Library - In the stacks,Washington State Energy Code Commercial TABLE C405.4.2Library - In the stacksLightingDef,NECB-C-Lighting,,,,,,,,,,,,0.049225,2.32316E-05,PNNL-,NECB 2011,DOE_Prototype,Space Function_Library - stacks,PNNL-NECB 2011DOE_PrototypeSpace Function_Library - stacksInfil,Always On,Space Function,Library - stacks,,8.85,,MediumRough,0.0122,1.707,1346,1140,0.9,0.7,0.7,Mixed_Library_Stacks_12mm,CalculatedEstimate,SteelShelvingWithBooks,,Mixed_Library_Stacks_12mm,CalculatedEstimateSteelShelvingWithBooksMixed_Library_Stacks_12mmInternalMassDef
SS Manufacturing Facility - Detailed Manufacturing  ,2021_WA_BuildingCode,Mfg - detailed,Manufacturing Facility - Detailed Manufacturing  ,2021,WA,BuildingCode,127,0,255,SS Manufacturing Facility - Detailed Manufacturing  _2021WABuildingCode,SS Manufacturing Facility - Detailed Manufacturing  _2021WABuildingCodeScheduleSet,143,7,0.075,580,170,870,255,425,97,120,0.40,ASHRAE 62.1-2019,Miscellaneous Spaces - Manufacturing where hazardous materials are not used,COMNET-REV9,,ASHRAE 62.1-2019Miscellaneous Spaces - Manufacturing where hazardous materials are not usedCOMNET-REV9PeopleDef,NECB-A-Occupancy,SS Manufacturing Facility - Detailed Manufacturing  Activity,10,0.004719207,0.18,0.0009144,,,,ASHRAE 62.1-2019,Miscellaneous Spaces - Manufacturing where hazardous materials are not used,,,ASHRAE 62.1-2019Miscellaneous Spaces - Manufacturing where hazardous materials are not usedVent,0.34,3.71,0.10,0.50,0.10,COMNET-REV9,,Estimate,COMNET-REV9EstimateSS Manufacturing Facility - Detailed Manufacturing  ElectricalEquipDef,NECB-A-Electric-Equipment,0.8,8.61,0.37,0.20,Washington State Energy Code Commercial TABLE C405.4.2,,Manufacturing facility - In a detailed manufacturing area,Washington State Energy Code Commercial TABLE C405.4.2Manufacturing facility - In a detailed manufacturing areaLightingDef,NECB-A-Lighting,,,,,,,,,,,,0.049225,2.32316E-05,PNNL-,NECB 2011,DOE_Prototype,Space Function_Mfg - detailed,PNNL-NECB 2011DOE_PrototypeSpace Function_Mfg - detailedInfil,Always On,Space Function,Mfg - detailed,,1.04,,MediumRough,0.0116,40.35,6074,483,0.9,0.7,0.7,Mixed_Manufacturing_Detailed_12mm,CalculatedEstimate,CNCMachineToolsAndWorkbenches,,Mixed_Manufacturing_Detailed_12mm,CalculatedEstimateCNCMachineToolsAndWorkbenchesMixed_Manufacturing_Detailed_12mmInternalMassDef
SS Manufacturing Facility - Equipment Room  ,2021_WA_BuildingCode,Mfg - equipment,Manufacturing Facility - Equipment Room  ,2021,WA,BuildingCode,41,31,175,SS Manufacturing Facility - Equipment Room  _2021WABuildingCode,SS Manufacturing Facility - Equipment Room  _2021WABuildingCodeScheduleSet,143,7,0.075,580,170,870,255,425,97,120,0.40,Rule of Thumb,Requires engineering analysis per Section 403.3.1.1,COMNET-REV9,,Rule of ThumbRequires engineering analysis per Section 403.3.1.1COMNET-REV9PeopleDef,NECB-A-Occupancy,SS Manufacturing Facility - Equipment Room  Activity,,,,,,,6,Rule of Thumb,Requires engineering analysis per Section 403.3.1.1,,,Rule of ThumbRequires engineering analysis per Section 403.3.1.1Vent,0.34,3.71,0.00,0.50,0.00,COMNET-REV9,,DOEPrototype,COMNET-REV9DOEPrototypeSS Manufacturing Facility - Equipment Room  ElectricalEquipDef,NECB-A-Electric-Equipment,0.76,8.18,0.37,0.20,Washington State Energy Code Commercial TABLE C405.4.2,,Manufacturing facility - In an equipment room,Washington State Energy Code Commercial TABLE C405.4.2Manufacturing facility - In an equipment roomLightingDef,NECB-A-Lighting,,,,,,,,,,,,0.049225,2.32316E-05,PNNL-,NECB 2011,DOE_Prototype,Space Function_Mfg - equipment,PNNL-NECB 2011DOE_PrototypeSpace Function_Mfg - equipmentInfil,Always On,Space Function,Mfg - equipment,,0.76,,MediumRough,0.0069,40.55,4978,548,0.9,0.7,0.7,Mixed_Manufacturing_EquipRoom_7mm,CalculatedEstimate,CompressorsHPUsAndElectricalPanels,,Mixed_Manufacturing_EquipRoom_7mm,CalculatedEstimateCompressorsHPUsAndElectricalPanelsMixed_Manufacturing_EquipRoom_7mmInternalMassDef
SS Manufacturing Facility - Extra High Bay (>50 ft Floor to Ceiling Height)  ,2021_WA_BuildingCode,Mfg - bay H > 15m,Manufacturing Facility - Extra High Bay (>50 ft Floor to Ceiling Height)  ,2021,WA,BuildingCode,102,0,204,SS Manufacturing Facility - Extra High Bay (>50 ft Floor to Ceiling Height)  _2021WABuildingCode,SS Manufacturing Facility - Extra High Bay (>50 ft Floor to Ceiling Height)  _2021WABuildingCodeScheduleSet,143,7,0.075,580,170,870,255,425,97,120,0.40,ASHRAE 62.1-2019,Miscellaneous Spaces - Manufacturing where hazardous materials are not used - ACH,COMNET-REV9,,ASHRAE 62.1-2019Miscellaneous Spaces - Manufacturing where hazardous materials are not used - ACHCOMNET-REV9PeopleDef,NECB-A-Occupancy,SS Manufacturing Facility - Extra High Bay (>50 ft Floor to Ceiling Height)  Activity,,,,,,,0.09,ASHRAE 62.1-2019,Miscellaneous Spaces - Manufacturing where hazardous materials are not used,ACH,,ASHRAE 62.1-2019Miscellaneous Spaces - Manufacturing where hazardous materials are not usedACHVent,0.34,3.71,0.10,0.50,0.10,COMNET-REV9,,Estimate,COMNET-REV9EstimateSS Manufacturing Facility - Extra High Bay (>50 ft Floor to Ceiling Height)  ElectricalEquipDef,NECB-A-Electric-Equipment,1.42,15.28,0.37,0.20,Washington State Energy Code Commercial TABLE C405.4.2,,Manufacturing facility - In an extra high bay area (> 50-foot floor-ceiling height),Washington State Energy Code Commercial TABLE C405.4.2Manufacturing facility - In an extra high bay area (> 50-foot floor-ceiling height)LightingDef,NECB-A-Lighting,,,,,,,,,,,,0.049225,2.32316E-05,PNNL-,NECB 2011,DOE_Prototype,Space Function_Mfg - bay H > 15m,PNNL-NECB 2011DOE_PrototypeSpace Function_Mfg - bay H > 15mInfil,Always On,Space Function,Mfg - bay H > 15m,,0.67,,MediumRough,0.029,48.41,7474,463,0.9,0.7,0.7,Mixed_Manufacturing_ExtraHighBay_29mm,CalculatedEstimate,OverheadCranesAndHeavyPresses,,Mixed_Manufacturing_ExtraHighBay_29mm,CalculatedEstimateOverheadCranesAndHeavyPressesMixed_Manufacturing_ExtraHighBay_29mmInternalMassDef
SS Manufacturing Facility - High Bay  (25–50 ft Floor to Ceiling  Height)  ,2021_WA_BuildingCode,Mfg - 7.5 <= bay H <= 15m,Manufacturing Facility - High Bay  (25–50 ft Floor to Ceiling  Height)  ,2021,WA,BuildingCode,216,191,216,SS Manufacturing Facility - High Bay  (25–50 ft Floor to Ceiling  Height)  _2021WABuildingCode,SS Manufacturing Facility - High Bay  (25–50 ft Floor to Ceiling  Height)  _2021WABuildingCodeScheduleSet,143,7,0.075,580,170,870,255,425,97,120,0.40,ASHRAE 62.1-2019,Miscellaneous Spaces - Manufacturing where hazardous materials are not used - ACH,COMNET-REV9,,ASHRAE 62.1-2019Miscellaneous Spaces - Manufacturing where hazardous materials are not used - ACHCOMNET-REV9PeopleDef,NECB-A-Occupancy,SS Manufacturing Facility - High Bay  (25–50 ft Floor to Ceiling  Height)  Activity,,,,,,,0.09,ASHRAE 62.1-2019,Miscellaneous Spaces - Manufacturing where hazardous materials are not used,ACH,,ASHRAE 62.1-2019Miscellaneous Spaces - Manufacturing where hazardous materials are not usedACHVent,0.34,3.71,0.10,0.50,0.10,COMNET-REV9,,Estimate,COMNET-REV9EstimateSS Manufacturing Facility - High Bay  (25–50 ft Floor to Ceiling  Height)  ElectricalEquipDef,NECB-A-Electric-Equipment,1.24,13.35,0.37,0.20,Washington State Energy Code Commercial TABLE C405.4.2,,Manufacturing facility - In a high bay area (25 - 50-foot floor-ceiling height),Washington State Energy Code Commercial TABLE C405.4.2Manufacturing facility - In a high bay area (25 - 50-foot floor-ceiling height)LightingDef,NECB-A-Lighting,,,,,,,,,,,,0.049225,2.32316E-05,PNNL-,NECB 2011,DOE_Prototype,Space Function_Mfg - 7.5 <= bay H <= 15m,PNNL-NECB 2011DOE_PrototypeSpace Function_Mfg - 7.5 <= bay H <= 15mInfil,Always On,Space Function,Mfg - 7.5 <= bay H <= 15m,,0.93,,MediumRough,0.0158,35.21,6079,611,0.9,0.7,0.7,Mixed_Manufacturing_HighBay_16mm,CalculatedEstimate,CranesCuttingTablesAndStorageRacks,,Mixed_Manufacturing_HighBay_16mm,CalculatedEstimateCranesCuttingTablesAndStorageRacksMixed_Manufacturing_HighBay_16mmInternalMassDef
SS Manufacturing Facility - Low Bay (<25 ft Floor to Ceiling Height)  ,2021_WA_BuildingCode,Mfg - bay H < 7.5m,Manufacturing Facility - Low Bay (<25 ft Floor to Ceiling Height)  ,2021,WA,BuildingCode,221,160,221,SS Manufacturing Facility - Low Bay (<25 ft Floor to Ceiling Height)  _2021WABuildingCode,SS Manufacturing Facility - Low Bay (<25 ft Floor to Ceiling Height)  _2021WABuildingCodeScheduleSet,143,7,0.075,580,170,870,255,425,97,120,0.40,ASHRAE 62.1-2019,Miscellaneous Spaces - Manufacturing where hazardous materials are not used - ACH,COMNET-REV9,,ASHRAE 62.1-2019Miscellaneous Spaces - Manufacturing where hazardous materials are not used - ACHCOMNET-REV9PeopleDef,NECB-A-Occupancy,SS Manufacturing Facility - Low Bay (<25 ft Floor to Ceiling Height)  Activity,,,,,,,0.09,ASHRAE 62.1-2019,Miscellaneous Spaces - Manufacturing where hazardous materials are not used,ACH,,ASHRAE 62.1-2019Miscellaneous Spaces - Manufacturing where hazardous materials are not usedACHVent,0.34,3.71,0.10,0.50,0.10,COMNET-REV9,,Estimate,COMNET-REV9EstimateSS Manufacturing Facility - Low Bay (<25 ft Floor to Ceiling Height)  ElectricalEquipDef,NECB-A-Electric-Equipment,0.86,9.26,0.37,0.20,Washington State Energy Code Commercial TABLE C405.4.2,,Manufacturing facility - In a low bay area (< 25-foot floor-ceiling height),Washington State Energy Code Commercial TABLE C405.4.2Manufacturing facility - In a low bay area (< 25-foot floor-ceiling height)LightingDef,NECB-A-Lighting,,,,,,,,,,,,0.049225,2.32316E-05,PNNL-,NECB 2011,DOE_Prototype,Space Function_Mfg - bay H < 7.5m,PNNL-NECB 2011DOE_PrototypeSpace Function_Mfg - bay H < 7.5mInfil,Always On,Space Function,Mfg - bay H < 7.5m,,1.21,,MediumRough,0.0121,41.22,5929,485,0.9,0.7,0.7,Mixed_Manufacturing_LowBay_12mm,CalculatedEstimate,StampingPressesAndInjectionMolders,,Mixed_Manufacturing_LowBay_12mm,CalculatedEstimateStampingPressesAndInjectionMoldersMixed_Manufacturing_LowBay_12mmInternalMassDef
SS Museum - General Exhibition  ,2021_WA_BuildingCode,Museum - exhibition,Museum - General Exhibition  ,2021,WA,BuildingCode,204,204,0,SS Museum - General Exhibition  _2021WABuildingCode,SS Museum - General Exhibition  _2021WABuildingCodeScheduleSet,25,40,0.431,250,73,200,59,132,97,120,0.56,Washington State Mechanical Code TABLE 403.3.1.1,Public spaces - Museums/galleries,COMNET-REV9,,Washington State Mechanical Code TABLE 403.3.1.1Public spaces - Museums/galleriesCOMNET-REV9PeopleDef,NECB-C-Occupancy,SS Museum - General Exhibition  Activity,7.5,0.003539405,0.06,0.0003048,,,,Washington State Mechanical Code TABLE 403.3.1.1,Public spaces - Museums/galleries,,,Washington State Mechanical Code TABLE 403.3.1.1Public spaces - Museums/galleriesVent,0.74,8.02,0.00,0.50,0.00,COMNET-REV9,,DOEPrototype,COMNET-REV9DOEPrototypeSS Museum - General Exhibition  ElectricalEquipDef,NECB-C-Electric-Equipment,0.31,3.34,0.37,0.20,Washington State Energy Code Commercial TABLE C405.4.2,,Museum - In a general exhibition area,Washington State Energy Code Commercial TABLE C405.4.2Museum - In a general exhibition areaLightingDef,NECB-C-Lighting,,,,,,,,,,,,0.049225,2.32316E-05,PNNL-,NECB 2011,DOE_Prototype,Space Function_Museum - exhibition,PNNL-NECB 2011DOE_PrototypeSpace Function_Museum - exhibitionInfil,Always On,Space Function,Museum - exhibition,,1.18,,MediumRough,0.0133,5.26,846,1136,0.9,0.7,0.7,Mixed_Museum_Exhibition_13mm,CalculatedEstimate,DisplayCasesAndPedestals,,Mixed_Museum_Exhibition_13mm,CalculatedEstimateDisplayCasesAndPedestalsMixed_Museum_Exhibition_13mmInternalMassDef
SS Museum - Restoration  ,2021_WA_BuildingCode,Museum - restoration,Museum - Restoration  ,2021,WA,BuildingCode,160,160,160,SS Museum - Restoration  _2021WABuildingCode,SS Museum - Restoration  _2021WABuildingCodeScheduleSet,25,40,0.431,250,73,200,59,132,97,120,0.56,ASHRAE 62.1-2019,Public Assembly Spaces - Museums (children’s),COMNET-REV9,,ASHRAE 62.1-2019Public Assembly Spaces - Museums (children’s)COMNET-REV9PeopleDef,NECB-A-Occupancy,SS Museum - Restoration  Activity,7.5,0.003539405,0.12,0.0006096,,,,ASHRAE 62.1-2019,Public Assembly Spaces - Museums (children’s),,,ASHRAE 62.1-2019Public Assembly Spaces - Museums (children’s)Vent,0.43,4.61,0.00,0.50,0.00,COMNET-REV9,,DOEPrototype,COMNET-REV9DOEPrototypeSS Museum - Restoration  ElectricalEquipDef,NECB-A-Electric-Equipment,1.1,11.84,0.37,0.20,Washington State Energy Code Commercial TABLE C405.4.2,,Museum - In a restoration room,Washington State Energy Code Commercial TABLE C405.4.2Museum - In a restoration roomLightingDef,NECB-A-Lighting,,,,,,,,,,,,0.049225,2.32316E-05,PNNL-,NECB 2011,DOE_Prototype,Space Function_Museum - restoration,PNNL-NECB 2011DOE_PrototypeSpace Function_Museum - restorationInfil,Always On,Space Function,Museum - restoration,,1.65,,MediumRough,0.0058,12.26,2395,642,0.9,0.6,0.6,Mixed_Museum_Restoration_6mm,CalculatedEstimate,SteelCaseworkHoodsAndHardwoodBenches,,Mixed_Museum_Restoration_6mm,CalculatedEstimateSteelCaseworkHoodsAndHardwoodBenchesMixed_Museum_Restoration_6mmInternalMassDef
SS Post Office - Sorting Area  ,2021_WA_BuildingCode,Post office sorting,Post Office - Sorting Area  ,2021,WA,BuildingCode,245,245,220,SS Post Office - Sorting Area  _2021WABuildingCode,SS Post Office - Sorting Area  _2021WABuildingCodeScheduleSet,143,7,0.075,250,73,200,59,132,97,120,0.56,ASHRAE 62.1-2019,"Miscellaneous Spaces - Sorting, packing, light assembly",COMNET-REV9,,"ASHRAE 62.1-2019Miscellaneous Spaces - Sorting, packing, light assemblyCOMNET-REV9PeopleDef",NECB-A-Occupancy,SS Post Office - Sorting Area  Activity,7.5,0.003539405,0.12,0.0006096,,,,ASHRAE 62.1-2019,"Miscellaneous Spaces - Sorting, packing, light assembly",,,"ASHRAE 62.1-2019Miscellaneous Spaces - Sorting, packing, light assemblyVent",1.67,17.96,0.00,0.50,0.00,COMNET-REV9,,DOEPrototype,COMNET-REV9DOEPrototypeSS Post Office - Sorting Area  ElectricalEquipDef,NECB-A-Electric-Equipment,0.76,8.18,0.37,0.20,Washington State Energy Code Commercial TABLE C405.4.2,,Post office - Sorting area,Washington State Energy Code Commercial TABLE C405.4.2Post office - Sorting areaLightingDef,NECB-A-Lighting,,,,,,,,,,,,0.049225,2.32316E-05,PNNL-,NECB 2011,DOE_Prototype,Space Function_Post office sorting,PNNL-NECB 2011DOE_PrototypeSpace Function_Post office sortingInfil,Always On,Space Function,Post office sorting,,3.09,,MediumRough,0.0016,42.18,6314,491,0.9,0.7,0.7,Mixed_PostOffice_SortingArea_2mm,CalculatedEstimate,FlatSortCasesAndMailHampers,,Mixed_PostOffice_SortingArea_2mm,CalculatedEstimateFlatSortCasesAndMailHampersMixed_PostOffice_SortingArea_2mmInternalMassDef
SS Religious Building - Fellowship Hall,2021_WA_BuildingCode,Religious - fellowship hall,Religious Building - Fellowship Hall,2021,WA,BuildingCode,255,153,255,SS Religious Building - Fellowship Hall_2021WABuildingCode,SS Religious Building - Fellowship Hall_2021WABuildingCodeScheduleSet,8,120,1.292,245,72,155,45,117,97,120,0.61,Washington State Mechanical Code TABLE 403.3.1.1,Public spaces - Places of religious worship,COMNET-REV9,,Washington State Mechanical Code TABLE 403.3.1.1Public spaces - Places of religious worshipCOMNET-REV9PeopleDef,NECB-C-Occupancy,SS Religious Building - Fellowship HallActivity,5,0.002359604,0.06,0.0003048,,,,Washington State Mechanical Code TABLE 403.3.1.1,Public spaces - Places of religious worship,,,Washington State Mechanical Code TABLE 403.3.1.1Public spaces - Places of religious worshipVent,0.30,3.21,0.00,0.50,0.00,COMNET-REV9,,DOEPrototype,COMNET-REV9DOEPrototypeSS Religious Building - Fellowship HallElectricalEquipDef,NECB-C-Electric-Equipment,0.54,5.81,0.37,0.20,Washington State Energy Code Commercial TABLE C405.4.2,,Religious building - In a fellowship hall,Washington State Energy Code Commercial TABLE C405.4.2Religious building - In a fellowship hallLightingDef,NECB-C-Lighting,,,,,,,,,,,,0.049225,2.32316E-05,PNNL-,NECB 2011,DOE_Prototype,Space Function_Religious - fellowship hall,PNNL-NECB 2011DOE_PrototypeSpace Function_Religious - fellowship hallInfil,Always On,Space Function,Religious - fellowship hall,,1.15,,MediumRough,0.0073,2.614,902,1157,0.9,0.7,0.7,Mixed_ReligiousBuilding_FellowshipHall_7mm,CalculatedEstimate,FoldingTablesAndStackableChairs,,Mixed_ReligiousBuilding_FellowshipHall_7mm,CalculatedEstimateFoldingTablesAndStackableChairsMixed_ReligiousBuilding_FellowshipHall_7mmInternalMassDef
SS Religious Building - Worship/Pulpit/Choir,2021_WA_BuildingCode,Religious - pulpit/choir,Religious Building - Worship/Pulpit/Choir,2021,WA,BuildingCode,255,153,255,SS Religious Building - Worship/Pulpit/Choir_2021WABuildingCode,SS Religious Building - Worship/Pulpit/Choir_2021WABuildingCodeScheduleSet,8,120,1.292,245,72,155,45,117,97,120,0.61,Washington State Mechanical Code TABLE 403.3.1.1,Public spaces - Places of religious worship,COMNET-REV9,,Washington State Mechanical Code TABLE 403.3.1.1Public spaces - Places of religious worshipCOMNET-REV9PeopleDef,NECB-I-Occupancy,SS Religious Building - Worship/Pulpit/ChoirActivity,5,0.002359604,0.06,0.0003048,,,,Washington State Mechanical Code TABLE 403.3.1.1,Public spaces - Places of religious worship,,,Washington State Mechanical Code TABLE 403.3.1.1Public spaces - Places of religious worshipVent,0.30,3.21,0.00,0.50,0.00,COMNET-REV9,,DOEPrototype,COMNET-REV9DOEPrototypeSS Religious Building - Worship/Pulpit/ChoirElectricalEquipDef,NECB-I-Electric-Equipment,0.85,9.15,0.37,0.20,Washington State Energy Code Commercial TABLE C405.4.2,,Religious building - In a worship pulpit/choir area,Washington State Energy Code Commercial TABLE C405.4.2Religious building - In a worship pulpit/choir areaLightingDef,NECB-I-Lighting,,,,,,,,,,,,0.049225,2.32316E-05,PNNL-,NECB 2011,DOE_Prototype,Space Function_Religious - pulpit/choir,PNNL-NECB 2011DOE_PrototypeSpace Function_Religious - pulpit/choirInfil,Always On,Space Function,Religious - pulpit/choir,,0.88,,MediumRough,0.0208,0.251,721,1568,0.9,0.7,0.7,Mixed_ReligiousBuilding_WorshipChoir_21mm,CalculatedEstimate,SolidHardwoodPewsAndPulpit,,Mixed_ReligiousBuilding_WorshipChoir_21mm,CalculatedEstimateSolidHardwoodPewsAndPulpitMixed_ReligiousBuilding_WorshipChoir_21mmInternalMassDef
SS Retail - Dressing/Fitting Room  ,2021_WA_BuildingCode,Retail - dressing/fitting,Retail - Dressing/Fitting Room  ,2021,WA,BuildingCode,230,230,250,SS Retail - Dressing/Fitting Room  _2021WABuildingCode,SS Retail - Dressing/Fitting Room  _2021WABuildingCodeScheduleSet,,,,,,,,,,,,,,,,,,,,,,,0.25,0.000117987,,Washington State Mechanical Code TABLE 403.3.1.1,"Retail stores, sales floors, and showroom floors - Dressing rooms",,,"Washington State Mechanical Code TABLE 403.3.1.1Retail stores, sales floors, and showroom floors - Dressing roomsVent",0.82,8.84,0.00,0.50,0.00,COMNET-REV9,,DOEPrototype,COMNET-REV9DOEPrototypeSS Retail - Dressing/Fitting Room  ElectricalEquipDef,NECB-C-Electric-Equipment,0.51,5.49,0.37,0.20,Washington State Energy Code Commercial TABLE C405.4.2,,Retail - In a dressing/fitting room,Washington State Energy Code Commercial TABLE C405.4.2Retail - In a dressing/fitting roomLightingDef,NECB-C-Lighting,,,,,,,,,,,,0.049225,2.32316E-05,PNNL-,NECB 2011,DOE_Prototype,Space Function_Retail - dressing/fitting,PNNL-NECB 2011DOE_PrototypeSpace Function_Retail - dressing/fittingInfil,Always On,Space Function,Retail - dressing/fitting,,3.91,,MediumRough,0.0092,0.668,773,1222,0.9,0.7,0.7,Mixed_Retail_DressingRoom_9mm,CalculatedEstimate,MDFStallPartitionsAndMirrors,,Mixed_Retail_DressingRoom_9mm,CalculatedEstimateMDFStallPartitionsAndMirrorsMixed_Retail_DressingRoom_9mmInternalMassDef
SS Retail - Mall Concourse  ,2021_WA_BuildingCode,Retail - mall concourse,Retail - Mall Concourse  ,2021,WA,BuildingCode,176,196,222,SS Retail - Mall Concourse  _2021WABuildingCode,SS Retail - Mall Concourse  _2021WABuildingCodeScheduleSet,25,40,0.431,250,73,200,59,132,97,120,0.56,Washington State Mechanical Code TABLE 403.3.1.1,"Retail stores, sales floors, and showroom floors - Mall common areas",COMNET-REV9,,"Washington State Mechanical Code TABLE 403.3.1.1Retail stores, sales floors, and showroom floors - Mall common areasCOMNET-REV9PeopleDef",NECB-C-Occupancy,SS Retail - Mall Concourse  Activity,7.5,0.003539405,0.06,0.0003048,,,,Washington State Mechanical Code TABLE 403.3.1.1,"Retail stores, sales floors, and showroom floors - Mall common areas",,,"Washington State Mechanical Code TABLE 403.3.1.1Retail stores, sales floors, and showroom floors - Mall common areasVent",0.00,0.00,0.00,0.50,0.00,COMNET-REV9,,DOEPrototype,COMNET-REV9DOEPrototypeSS Retail - Mall Concourse  ElectricalEquipDef,NECB-C-Electric-Equipment,0.82,8.83,0.37,0.20,Washington State Energy Code Commercial TABLE C405.4.2,,Retail - In a mall concourse,Washington State Energy Code Commercial TABLE C405.4.2Retail - In a mall concourseLightingDef,NECB-C-Lighting,,,,,,,,,,,,0.049225,2.32316E-05,PNNL-,NECB 2011,DOE_Prototype,Space Function_Retail - mall concourse,PNNL-NECB 2011DOE_PrototypeSpace Function_Retail - mall concourseInfil,Always On,Space Function,Retail - mall concourse,,0.4,,MediumRough,0.0192,5.444,1338,1154,0.9,0.7,0.7,Mixed_Retail_MallConcourse_19mm,CalculatedEstimate,KiosksBenchesAndConcretePlanters,,Mixed_Retail_MallConcourse_19mm,CalculatedEstimateKiosksBenchesAndConcretePlantersMixed_Retail_MallConcourse_19mmInternalMassDef
SS Sports Arena Playing Area - Class I ,2021_WA_BuildingCode,Sports arena - court c1,Sports Arena Playing Area - Class I ,2021,WA,BuildingCode,127,255,212,SS Sports Arena Playing Area - Class I _2021WABuildingCode,SS Sports Arena Playing Area - Class I _2021WABuildingCodeScheduleSet,7,150,1.615,245,72,105,31,103,97,120,0.70,Washington State Mechanical Code TABLE 403.3.1.1,Sports and amusement - Spectator areas,COMNET-REV9,,Washington State Mechanical Code TABLE 403.3.1.1Sports and amusement - Spectator areasCOMNET-REV9PeopleDef,NECB-B-Occupancy,SS Sports Arena Playing Area - Class I Activity,7.5,0.003539405,0.06,0.0003048,,,,Washington State Mechanical Code TABLE 403.3.1.1,Sports and amusement - Spectator areas,,,Washington State Mechanical Code TABLE 403.3.1.1Sports and amusement - Spectator areasVent,0.67,7.26,0.00,0.50,0.00,COMNET-REV9,,DOEPrototype,COMNET-REV9DOEPrototypeSS Sports Arena Playing Area - Class I ElectricalEquipDef,NECB-B-Electric-Equipment,2.94,31.65,0.37,0.20,Washington State Energy Code Commercial TABLE C405.4.2,,Sports arena - Playing area - For a Class 1 facility,Washington State Energy Code Commercial TABLE C405.4.2Sports arena - Playing area - For a Class 1 facilityLightingDef,NECB-B-Lighting,,,,,,,,,,,,0.049225,2.32316E-05,PNNL-,NECB 2011,DOE_Prototype,Space Function_Sports arena - court c1,PNNL-NECB 2011DOE_PrototypeSpace Function_Sports arena - court c1Infil,Always On,Space Function,Sports arena - court c1,,0.23,,MediumRough,0.0216,3.077,438,1165,0.9,0.7,0.7,Mixed_SportsArena_PlayingArea_22mm,CalculatedEstimate,PortableGoalsAndBenchesClassI,,Mixed_SportsArena_PlayingArea_22mm,CalculatedEstimatePortableGoalsAndBenchesClassIMixed_SportsArena_PlayingArea_22mmInternalMassDef
SS Sports Arena Playing Area - Class II ,2021_WA_BuildingCode,Sports arena - court c2,Sports Arena Playing Area - Class II ,2021,WA,BuildingCode,176,224,230,SS Sports Arena Playing Area - Class II _2021WABuildingCode,SS Sports Arena Playing Area - Class II _2021WABuildingCodeScheduleSet,7,150,1.615,245,72,105,31,103,97,120,0.70,Washington State Mechanical Code TABLE 403.3.1.1,Sports and amusement - Spectator areas,COMNET-REV9,,Washington State Mechanical Code TABLE 403.3.1.1Sports and amusement - Spectator areasCOMNET-REV9PeopleDef,NECB-B-Occupancy,SS Sports Arena Playing Area - Class II Activity,7.5,0.003539405,0.06,0.0003048,,,,Washington State Mechanical Code TABLE 403.3.1.1,Sports and amusement - Spectator areas,,,Washington State Mechanical Code TABLE 403.3.1.1Sports and amusement - Spectator areasVent,0.67,7.26,0.00,0.50,0.00,COMNET-REV9,,DOEPrototype,COMNET-REV9DOEPrototypeSS Sports Arena Playing Area - Class II ElectricalEquipDef,NECB-B-Electric-Equipment,2.01,21.64,0.37,0.20,Washington State Energy Code Commercial TABLE C405.4.2,,Sports arena - Playing area - For a Class 2 facility,Washington State Energy Code Commercial TABLE C405.4.2Sports arena - Playing area - For a Class 2 facilityLightingDef,NECB-B-Lighting,,,,,,,,,,,,0.049225,2.32316E-05,PNNL-,NECB 2011,DOE_Prototype,Space Function_Sports arena - court c2,PNNL-NECB 2011DOE_PrototypeSpace Function_Sports arena - court c2Infil,Always On,Space Function,Sports arena - court c2,,0.23,,MediumRough,0.0216,3.077,438,1165,0.9,0.7,0.7,Mixed_SportsArena_PlayingArea_22mm,CalculatedEstimate,PortableGoalsAndBenchesClassII,,Mixed_SportsArena_PlayingArea_22mm,CalculatedEstimatePortableGoalsAndBenchesClassIIMixed_SportsArena_PlayingArea_22mmInternalMassDef
SS Sports Arena Playing Area - Class III ,2021_WA_BuildingCode,Sports arena - court c3,Sports Arena Playing Area - Class III ,2021,WA,BuildingCode,70,130,180,SS Sports Arena Playing Area - Class III _2021WABuildingCode,SS Sports Arena Playing Area - Class III _2021WABuildingCodeScheduleSet,7,150,1.615,245,72,105,31,103,97,120,0.70,Washington State Mechanical Code TABLE 403.3.1.1,Sports and amusement - Spectator areas,COMNET-REV9,,Washington State Mechanical Code TABLE 403.3.1.1Sports and amusement - Spectator areasCOMNET-REV9PeopleDef,NECB-B-Occupancy,SS Sports Arena Playing Area - Class III Activity,7.5,0.003539405,0.06,0.0003048,,,,Washington State Mechanical Code TABLE 403.3.1.1,Sports and amusement - Spectator areas,,,Washington State Mechanical Code TABLE 403.3.1.1Sports and amusement - Spectator areasVent,0.67,7.26,0.00,0.50,0.00,COMNET-REV9,,DOEPrototype,COMNET-REV9DOEPrototypeSS Sports Arena Playing Area - Class III ElectricalEquipDef,NECB-B-Electric-Equipment,1.3,13.99,0.37,0.20,Washington State Energy Code Commercial TABLE C405.4.2,,Sports arena - Playing area - For a Class 3 facility,Washington State Energy Code Commercial TABLE C405.4.2Sports arena - Playing area - For a Class 3 facilityLightingDef,NECB-B-Lighting,,,,,,,,,,,,0.049225,2.32316E-05,PNNL-,NECB 2011,DOE_Prototype,Space Function_Sports arena - court c3,PNNL-NECB 2011DOE_PrototypeSpace Function_Sports arena - court c3Infil,Always On,Space Function,Sports arena - court c3,,0.23,,MediumRough,0.0216,3.077,438,1165,0.9,0.7,0.7,Mixed_SportsArena_PlayingArea_22mm,CalculatedEstimate,PortableGoalsAndBenchesClassIII,,Mixed_SportsArena_PlayingArea_22mm,CalculatedEstimatePortableGoalsAndBenchesClassIIIMixed_SportsArena_PlayingArea_22mmInternalMassDef
SS Sports Arena Playing Area - Class IV,2021_WA_BuildingCode,Sports arena - court c4,Sports Arena Playing Area - Class IV,2021,WA,BuildingCode,0,191,255,SS Sports Arena Playing Area - Class IV_2021WABuildingCode,SS Sports Arena Playing Area - Class IV_2021WABuildingCodeScheduleSet,7,150,1.615,245,72,105,31,103,97,120,0.70,Washington State Mechanical Code TABLE 403.3.1.1,Sports and amusement - Spectator areas,COMNET-REV9,,Washington State Mechanical Code TABLE 403.3.1.1Sports and amusement - Spectator areasCOMNET-REV9PeopleDef,NECB-B-Occupancy,SS Sports Arena Playing Area - Class IVActivity,7.5,0.003539405,0.06,0.0003048,,,,Washington State Mechanical Code TABLE 403.3.1.1,Sports and amusement - Spectator areas,,,Washington State Mechanical Code TABLE 403.3.1.1Sports and amusement - Spectator areasVent,0.67,7.26,0.00,0.50,0.00,COMNET-REV9,,DOEPrototype,COMNET-REV9DOEPrototypeSS Sports Arena Playing Area - Class IVElectricalEquipDef,NECB-B-Electric-Equipment,0.86,9.26,0.37,0.20,Washington State Energy Code Commercial TABLE C405.4.2,,Sports arena - Playing area - For a Class 4 facility,Washington State Energy Code Commercial TABLE C405.4.2Sports arena - Playing area - For a Class 4 facilityLightingDef,NECB-B-Lighting,,,,,,,,,,,,0.049225,2.32316E-05,PNNL-,NECB 2011,DOE_Prototype,Space Function_Sports arena - court c4,PNNL-NECB 2011DOE_PrototypeSpace Function_Sports arena - court c4Infil,Always On,Space Function,Sports arena - court c4,,0.23,,MediumRough,0.0216,3.077,438,1165,0.9,0.7,0.7,Mixed_SportsArena_PlayingArea_22mm,CalculatedEstimate,PortableGoalsAndBenchesClassIV,,Mixed_SportsArena_PlayingArea_22mm,CalculatedEstimatePortableGoalsAndBenchesClassIVMixed_SportsArena_PlayingArea_22mmInternalMassDef
SS Transportation - Baggage/Carousel Area  ,2021_WA_BuildingCode,Transp. baggage,Transportation - Baggage/Carousel Area  ,2021,WA,BuildingCode,135,206,250,SS Transportation - Baggage/Carousel Area  _2021WABuildingCode,SS Transportation - Baggage/Carousel Area  _2021WABuildingCodeScheduleSet,10,100,1.076,225,66,105,31,97,97,120,0.68,Washington State Mechanical Code TABLE 403.3.1.1,Transportation - Transportation waiting,COMNET-REV9,,Washington State Mechanical Code TABLE 403.3.1.1Transportation - Transportation waitingCOMNET-REV9PeopleDef,NECB-H-Occupancy,SS Transportation - Baggage/Carousel Area  Activity,7.5,0.003539405,0.06,0.0003048,,,,Washington State Mechanical Code TABLE 403.3.1.1,Transportation - Transportation waiting,,,Washington State Mechanical Code TABLE 403.3.1.1Transportation - Transportation waitingVent,0.76,8.20,0.00,0.50,0.00,COMNET-REV9,,DOEPrototype,COMNET-REV9DOEPrototypeSS Transportation - Baggage/Carousel Area  ElectricalEquipDef,NECB-H-Electric-Equipment,0.39,4.20,0.37,0.20,Washington State Energy Code Commercial TABLE C405.4.2,,Transportation - In a baggage/carousel area,Washington State Energy Code Commercial TABLE C405.4.2Transportation - In a baggage/carousel areaLightingDef,NECB-H-Lighting,,,,,,,,,,,,0.049225,2.32316E-05,PNNL-,NECB 2011,DOE_Prototype,Space Function_Transp. baggage,PNNL-NECB 2011DOE_PrototypeSpace Function_Transp. baggageInfil,Always On,Space Function,Transp. baggage,,0.98,,MediumRough,0.0045,37.62,3363,670,0.9,0.7,0.7,Mixed_Transportation_BaggageCarousel_5mm,CalculatedEstimate,CarouselsAndBaggageCarts,,Mixed_Transportation_BaggageCarousel_5mm,CalculatedEstimateCarouselsAndBaggageCartsMixed_Transportation_BaggageCarousel_5mmInternalMassDef
SS Transportation - Concourse,2021_WA_BuildingCode,Transp. concourse,Transportation - Concourse,2021,WA,BuildingCode,138,43,226,SS Transportation - Concourse_2021WABuildingCode,SS Transportation - Concourse_2021WABuildingCodeScheduleSet,10,100,1.076,225,66,105,31,97,97,120,0.68,Washington State Mechanical Code TABLE 403.3.1.1,Transportation - Transportation waiting,COMNET-REV9,,Washington State Mechanical Code TABLE 403.3.1.1Transportation - Transportation waitingCOMNET-REV9PeopleDef,NECB-H-Occupancy,SS Transportation - ConcourseActivity,7.5,0.003539405,0.06,0.0003048,,,,Washington State Mechanical Code TABLE 403.3.1.1,Transportation - Transportation waiting,,,Washington State Mechanical Code TABLE 403.3.1.1Transportation - Transportation waitingVent,0.76,8.20,0.00,0.50,0.00,COMNET-REV9,,DOEPrototype,COMNET-REV9DOEPrototypeSS Transportation - ConcourseElectricalEquipDef,NECB-H-Electric-Equipment,0.25,2.69,0.37,0.20,Washington State Energy Code Commercial TABLE C405.4.2,,Transportation - In an airport concourse,Washington State Energy Code Commercial TABLE C405.4.2Transportation - In an airport concourseLightingDef,NECB-H-Lighting,,,,,,,,,,,,0.049225,2.32316E-05,PNNL-,NECB 2011,DOE_Prototype,Space Function_Transp. concourse,PNNL-NECB 2011DOE_PrototypeSpace Function_Transp. concourseInfil,Always On,Space Function,Transp. concourse,,0.37,,MediumRough,0.005,35.72,2081,857,0.9,0.7,0.7,Mixed_Transportation_Concourse_5mm,CalculatedEstimate,GateSeatingKiosksAndWalkway,,Mixed_Transportation_Concourse_5mm,CalculatedEstimateGateSeatingKiosksAndWalkwayMixed_Transportation_Concourse_5mmInternalMassDef
SS Transportation - Ticket Counter,2021_WA_BuildingCode,Transp. counter,Transportation - Ticket Counter,2021,WA,BuildingCode,32,178,170,SS Transportation - Ticket Counter_2021WABuildingCode,SS Transportation - Ticket Counter_2021WABuildingCodeScheduleSet,17,60,0.646,225,66,105,31,97,97,120,0.68,Washington State Mechanical Code TABLE 403.3.1.1,Theaters - Ticket booths,COMNET-REV9,,Washington State Mechanical Code TABLE 403.3.1.1Theaters - Ticket boothsCOMNET-REV9PeopleDef,NECB-H-Occupancy,SS Transportation - Ticket CounterActivity,5,0.002359604,0.06,0.0003048,,,,Washington State Mechanical Code TABLE 403.3.1.1,Theaters - Ticket booths,,,Washington State Mechanical Code TABLE 403.3.1.1Theaters - Ticket boothsVent,0.76,8.20,0.00,0.50,0.00,COMNET-REV9,,DOEPrototype,COMNET-REV9DOEPrototypeSS Transportation - Ticket CounterElectricalEquipDef,NECB-H-Electric-Equipment,0.51,5.49,0.37,0.20,Washington State Energy Code Commercial TABLE C405.4.2,,Transportation - At a terminal ticket counter,Washington State Energy Code Commercial TABLE C405.4.2Transportation - At a terminal ticket counterLightingDef,NECB-H-Lighting,,,,,,,,,,,,0.049225,2.32316E-05,PNNL-,NECB 2011,DOE_Prototype,Space Function_Transp. counter,PNNL-NECB 2011DOE_PrototypeSpace Function_Transp. counterInfil,Always On,Space Function,Transp. counter,,1.07,,MediumRough,0.0105,5.172,1374,952,0.9,0.7,0.7,Mixed_Transportation_TicketCounter_11mm,CalculatedEstimate,GraniteCountersAndQueueStanchions,,Mixed_Transportation_TicketCounter_11mm,CalculatedEstimateGraniteCountersAndQueueStanchionsMixed_Transportation_TicketCounter_11mmInternalMassDef
SS Warehouse - Medium/Bulky Items on Pallets,2021_WA_BuildingCode,Warehouse - med/blk,Warehouse - Medium/Bulky Items on Pallets,2021,WA,BuildingCode,220,20,60,SS Warehouse - Medium/Bulky Items on Pallets_2021WABuildingCode,SS Warehouse - Medium/Bulky Items on Pallets_2021WABuildingCodeScheduleSet,,,,,,,,,,,,,,,,,,,10,0.004719207,0.06,0.0003048,,,,Washington State Mechanical Code TABLE 403.3.1.1,"Retail stores, sales floors, and showroom floors - Warehouses (see Storage)",,,"Washington State Mechanical Code TABLE 403.3.1.1Retail stores, sales floors, and showroom floors - Warehouses (see Storage)Vent",0.31,3.38,0.00,0.50,0.00,COMNET-REV9,,DOEPrototype,COMNET-REV9DOEPrototypeSS Warehouse - Medium/Bulky Items on PalletsElectricalEquipDef,NECB-A-Electric-Equipment,0.33,3.55,0.37,0.20,Washington State Energy Code Commercial TABLE C405.4.2,,Warehouse - Storage area - For medium to bulky palletized items,Washington State Energy Code Commercial TABLE C405.4.2Warehouse - Storage area - For medium to bulky palletized itemsLightingDef,NECB-A-Lighting,,,,,,,,,,,,0.049225,2.32316E-05,PNNL-,NECB 2011,DOE_Prototype,Space Function_Warehouse - med/blk,PNNL-NECB 2011DOE_PrototypeSpace Function_Warehouse - med/blkInfil,Always On,Space Function,Warehouse - med/blk,,1.15,,MediumRough,0.0464,2.789,1088,1158,0.9,0.7,0.7,Mixed_Warehouse_PalletItems_46mm,CalculatedEstimate,PalletRackingAndStoredGoods,,Mixed_Warehouse_PalletItems_46mm,CalculatedEstimatePalletRackingAndStoredGoodsMixed_Warehouse_PalletItems_46mmInternalMassDef
SS Warehouse - Smaller Hand Carried Items,2021_WA_BuildingCode,Warehouse - fine,Warehouse - Smaller Hand Carried Items,2021,WA,BuildingCode,255,160,122,SS Warehouse - Smaller Hand Carried Items_2021WABuildingCode,SS Warehouse - Smaller Hand Carried Items_2021WABuildingCodeScheduleSet,,,,,,,,,,,,,,,,,,,10,0.004719207,0.06,0.0003048,,,,Washington State Mechanical Code TABLE 403.3.1.1,"Retail stores, sales floors, and showroom floors - Warehouses (see Storage)",,,"Washington State Mechanical Code TABLE 403.3.1.1Retail stores, sales floors, and showroom floors - Warehouses (see Storage)Vent",0.31,3.38,0.00,0.50,0.00,COMNET-REV9,,DOEPrototype,COMNET-REV9DOEPrototypeSS Warehouse - Smaller Hand Carried ItemsElectricalEquipDef,NECB-A-Electric-Equipment,0.69,7.43,0.37,0.20,Washington State Energy Code Commercial TABLE C405.4.2,,"Warehouse - Storage area - For smaller, hand-carried items","Washington State Energy Code Commercial TABLE C405.4.2Warehouse - Storage area - For smaller, hand-carried itemsLightingDef",NECB-A-Lighting,,,,,,,,,,,,0.049225,2.32316E-05,PNNL-,NECB 2011,DOE_Prototype,Space Function_Warehouse - fine,PNNL-NECB 2011DOE_PrototypeSpace Function_Warehouse - fineInfil,Always On,Space Function,Warehouse - fine,,1.92,,MediumRough,0.0101,4.073,1303,1027,0.9,0.7,0.7,Mixed_Warehouse_HandCarryItems_10mm,CalculatedEstimate,BoltlessShelvingAndBinStorage,,Mixed_Warehouse_HandCarryItems_10mm,CalculatedEstimateBoltlessShelvingAndBinStorageMixed_Warehouse_HandCarryItems_10mmInternalMassDef
CS Food Preparation - Electric Cooking,2021_WA_BuildingCode,Food preparation,Food Preparation - Electric Cooking,2021,WA,BuildingCode,255,178,102,CS Food Preparation - Electric Cooking_2021WABuildingCode,CS Food Preparation - Electric Cooking_2021WABuildingCodeScheduleSet,50,20,0.215,275,81,275,81,161,97,120,0.50,Washington State Mechanical Code TABLE 403.3.1.1,Food and beverage service_Kitchens (cooking),COMNET-REV9,,Washington State Mechanical Code TABLE 403.3.1.1Food and beverage service_Kitchens (cooking)COMNET-REV9PeopleDef,NECB-B-Occupancy,CS Food Preparation - Electric CookingActivity,7.5,0.003539405,0.12,0.0006096,0.7,0.000330363,,Washington State Mechanical Code TABLE 403.3.1.1,Food and beverage service_Kitchens (cooking),,,Washington State Mechanical Code TABLE 403.3.1.1Food and beverage service_Kitchens (cooking)Vent,10.28,110.63,0.25,0.30,0.20,COMNET-REV9,California Commercial End-Use Survey (CEUS),DOEPrototype,COMNET-REV9California Commercial End-Use Survey (CEUS)DOEPrototypeCS Food Preparation - Electric CookingElectricalEquipDef,NECB-B-Electric-Equipment,1.09,11.73,0.37,0.20,Washington State Energy Code Commercial TABLE C405.4.2,,Food preparation,Washington State Energy Code Commercial TABLE C405.4.2Food preparationLightingDef,NECB-B-Lighting,,,,,,,,,,,,0.049225,2.32316E-05,PNNL-,NECB 2011,DOE_Prototype,Space Function_Food preparation,PNNL-NECB 2011DOE_PrototypeSpace Function_Food preparationInfil,Always On,Space Function,Food preparation,,1.6,,MediumRough,0.0063,16.8,2640,512,0.9,0.7,0.7,Mixed_FoodPrep_ElectricCooking_6mm,CalculatedEstimate,CommercialKitchenEquipmentSameAsGasCooking,,Mixed_FoodPrep_ElectricCooking_6mm,CalculatedEstimateCommercialKitchenEquipmentSameAsGasCookingMixed_FoodPrep_ElectricCooking_6mmInternalMassDef
,,,,,,,,,,,,,,,,,,,,,,,,,,,,,,,,,,,,,,,,,,,,,,,,,,,,,,,,,,,,,,,,,,,,,,,,,,,,,,,,,,,,,,,,,,,,,,,,,,
,,,,,,,,,,,,,,,,,,,,,,,,,,,,,,,,,,,,,,,,,,,,,,,,,,,,,,,,,,,,,,,,,,,,,,,,,,,,,,,,,,,,,,,,,,,,,,,,,,
