Each row represents the efficiency standards for a specificy type of chiller,,,,,,,,,,,,,,,,,,,,,,,,,,,,,,,
,,,"Day Type choices: Default, Wkdy, Wknd, Mon, Tue, Wed, Thu, Fri, Sat, Sun, WntrDsn, SmrDsn, Hol",,,,,,,,,,,,,,,,,,,,,,,,,,,,
Name,Category,Units,Day Types,Start Date,End Date,Type,Hr 1,Hr 2,Hr 3,Hr 4,Hr 5,Hr 6,Hr 7,Hr 8,Hr 9,Hr 10,Hr 11,Hr 12,Hr 13,Hr 14,Hr 15,Hr 16,Hr 17,Hr 18,Hr 19,Hr 20,Hr 21,Hr 22,Hr 23,Hr 24,Notes
Always Off,Elevator,,Default,1-Jan,31-Dec,Hourly,0.05,0.05,0.05,0.05,0.1,0.2,0.4,0.5,0.5,0.35,0.15,0.15,0.15,0.15,0.15,0.15,0.35,0.5,0.5,0.4,0.4,0.3,0.2,0.1,From DOE Prototype Buildings
Always Off,Elevator,,SmrDsn,1-Jan,31-Dec,Constant,0.5,,,,,,,,,,,,,,,,,,,,,,,,From DOE Prototype Buildings
Always Off,Elevator,,WntrDsn,1-Jan,31-Dec,Constant,0.05,,,,,,,,,,,,,,,,,,,,,,,,From DOE Prototype Buildings
Always Off,Thermostat Setpoint,C,Default,1-Jan,31-Dec,Constant,29.4,,,,,,,,,,,,,,,,,,,,,,,,From DOE Prototype Buildings
Always Off,Thermostat Setpoint,C,Default,1-Jan,31-Dec,Constant,23.9,,,,,,,,,,,,,,,,,,,,,,,,From DOE Prototype Buildings
Always Off,Thermostat Setpoint,C,Default,1-Jan,31-Dec,Constant,29.4,,,,,,,,,,,,,,,,,,,,,,,,From DOE Prototype Buildings
Always Off,Thermostat Setpoint,C,Default,1-Jan,31-Dec,Constant,29.4,,,,,,,,,,,,,,,,,,,,,,,,From DOE Prototype Buildings
Always Off,Thermostat Setpoint,C,Default|WntrDsn|SmrDsn,1-Jan,31-Dec,Constant,0,,,,,,,,,,,,,,,,,,,,,,,,From DOE Prototype Buildings
Always Off,Thermostat Setpoint,C,Default|WntrDsn|SmrDsn,1-Jan,31-Dec,Constant,0,,,,,,,,,,,,,,,,,,,,,,,,From DOE Prototype Buildings
Always Off,Thermostat Setpoint,C,WntrDsn|SmrDsn,1-Jan,31-Dec,Hourly,29.4,29.4,29.4,29.4,29.4,29.4,29.4,26.7,23.9,23.9,23.9,23.9,23.9,23.9,23.9,23.9,23.9,26.7,29.4,29.4,29.4,29.4,29.4,29.4,From DOE Prototype Buildings
Always Off,Thermostat Setpoint,C,WntrDsn|SmrDsn,1-Jan,31-Dec,Hourly,29.4,29.4,29.4,29.4,29.4,29.4,29.4,26.7,23.9,23.9,23.9,23.9,23.9,23.9,23.9,23.9,23.9,26.7,29.4,29.4,29.4,29.4,29.4,29.4,From DOE Prototype Buildings
Always Off,Thermostat Setpoint,C,WntrDsn|SmrDsn,1-Jan,31-Dec,Hourly,29.4,29.4,29.4,29.4,29.4,29.4,29.4,26.7,23.9,23.9,23.9,23.9,23.9,23.9,23.9,23.9,23.9,26.7,29.4,29.4,29.4,29.4,29.4,29.4,From DOE Prototype Buildings
Always Off,Thermostat Setpoint,C,WntrDsn|SmrDsn,1-Jan,31-Dec,Hourly,29.4,29.4,29.4,29.4,29.4,29.4,29.4,26.7,23.9,23.9,23.9,23.9,23.9,23.9,23.9,23.9,23.9,26.7,29.4,29.4,29.4,29.4,29.4,29.4,From DOE Prototype Buildings
Always Off,Unknown,,Default|WntrDsn|SmrDsn,1-Jan,31-Dec,Constant,0,,,,,,,,,,,,,,,,,,,,,,,,From DOE Reference Buildings 
Always Off,Unknown,,Default|WntrDsn|SmrDsn,1-Jan,31-Dec,Constant,1,,,,,,,,,,,,,,,,,,,,,,,,From DOE Reference Buildings 
Always Off,Unknown,,Default|WntrDsn|SmrDsn,1-Jan,31-Dec,Constant,0,,,,,,,,,,,,,,,,,,,,,,,,From DOE Prototype Buildings
Always Off,Unknown,,Default|WntrDsn|SmrDsn,1-Jan,31-Dec,Constant,1,,,,,,,,,,,,,,,,,,,,,,,,From DOE Prototype Buildings
Always Off,Unknown,,Default|WntrDsn|SmrDsn,1-Jan,31-Dec,Constant,1,,,,,,,,,,,,,,,,,,,,,,,,From DOE Prototype Buildings
Always Off,Unknown,C,Default|WntrDsn|SmrDsn,1-Jan,31-Dec,Constant,22,,,,,,,,,,,,,,,,,,,,,,,,From DOE Prototype Buildings
Always Off,Unknown,,Default|WntrDsn|SmrDsn,1-Jan,31-Dec,Hourly,0.08,0.04,0.01,0.01,0.04,0.27,0.94,1,0.96,0.84,0.76,0.61,0.53,0.47,0.41,0.47,0.55,0.73,0.86,0.82,0.75,0.61,0.53,0.29,From DOE Prototype Buildings
Always Off,Unknown,,Default|WntrDsn|SmrDsn,1-Jan,31-Dec,Constant,0,,,,,,,,,,,,,,,,,,,,,,,,From DOE Prototype Buildings
Always Off,Unknown,,Default|WntrDsn|SmrDsn,1-Jan,31-Dec,Constant,1,,,,,,,,,,,,,,,,,,,,,,,,From DOE Prototype Buildings
Always On,Unknown,,Default,1-Jan,31-Dec,Constant,1,,,,,,,,,,,,,,,,,,,,,,,,
ApartmentHighRise COMPACT HVAC-ALWAYS 4,Unknown,,Default|WntrDsn|SmrDsn,1-Jan,31-Dec,Constant,4,,,,,,,,,,,,,,,,,,,,,,,,From DOE Prototype Buildings
ApartmentHighRise ELEV_LIGHT_FAN_SCH_24_7,Lighting,,Default|WntrDsn|SmrDsn,1-Jan,31-Dec,Constant,1,,,,,,,,,,,,,,,,,,,,,,,,From DOE Prototype Buildings
ApartmentHighRise ELEV_LIGHT_FAN_SCH_ADD_DF,Lighting,,Default,1-Jan,31-Dec,Hourly,0.05,0.05,0.05,0.05,0.1,0.2,0.4,0.5,0.5,0.35,0.15,0.15,0.15,0.15,0.15,0.15,0.35,0.5,0.5,0.4,0.4,0.3,0.2,0.1,From DOE Prototype Buildings
ApartmentHighRise ELEV_LIGHT_FAN_SCH_ADD_DF,Lighting,,SmrDsn,1-Jan,31-Dec,Constant,0.5,,,,,,,,,,,,,,,,,,,,,,,,From DOE Prototype Buildings
ApartmentHighRise ELEV_LIGHT_FAN_SCH_ADD_DF,Lighting,,WntrDsn,1-Jan,31-Dec,Constant,0.05,,,,,,,,,,,,,,,,,,,,,,,,From DOE Prototype Buildings
ApartmentHighRise EQP_APT_SCH,Equipment,,Default|WntrDsn|SmrDsn,1-Jan,31-Dec,Hourly,0.45,0.41,0.39,0.38,0.38,0.43,0.54,0.65,0.66,0.67,0.69,0.7,0.69,0.66,0.65,0.68,0.8,1,1,0.93,0.89,0.85,0.71,0.58,From DOE Prototype Buildings
ApartmentHighRise EQP_OFF_SCH,Equipment,,Default|WntrDsn|SmrDsn,1-Jan,31-Dec,Constant,0.33,,,,,,,,,,,,,,,,,,,,,,,,From DOE Prototype Buildings
ApartmentHighRise EQP_OFF_SCH,Equipment,,Wkdy,1-Jan,31-Dec,Hourly,0.33,0.33,0.33,0.33,0.33,0.33,0.33,0.5,1,1,1,1,0.94,1,1,1,1,0.5,0.33,0.33,0.33,0.33,0.33,0.33,From DOE Prototype Buildings
ApartmentHighRise Exterior_Lgt_ALWAYS_ON,Unknown,,Default|WntrDsn|SmrDsn,1-Jan,31-Dec,Constant,1,,,,,,,,,,,,,,,,,,,,,,,,From DOE Prototype Buildings
ApartmentHighRise Exterior_Ltg_Sch,Unknown,,Default|WntrDsn|SmrDsn,1-Jan,31-Dec,Hourly,1,1,1,1,1,1,1,0,0,0,0,0,0,0,0,0,0,0,0,1,1,1,1,1,From DOE Prototype Buildings
ApartmentHighRise HTGSETP_APT_SCH,Thermostat Setpoint,C,Default|WntrDsn|SmrDsn,1-Jan,31-Dec,Constant,0,,,,,,,,,,,,,,,,,,,,,,,,From DOE Prototype Buildings
ApartmentHighRise HTGSETP_DESIGN_OFF_SCH,Thermostat Setpoint,C,Default|WntrDsn|SmrDsn,1-Jan,31-Dec,Constant,0,,,,,,,,,,,,,,,,,,,,,,,,From DOE Prototype Buildings
ApartmentHighRise HTGSETP_OFF_SCH_No_Optimum,Thermostat Setpoint,C,Default,1-Jan,31-Dec,Constant,15.6,,,,,,,,,,,,,,,,,,,,,,,,From DOE Prototype Buildings
ApartmentHighRise HTGSETP_OFF_SCH_No_Optimum,Thermostat Setpoint,C,WntrDsn|SmrDsn,1-Jan,31-Dec,Hourly,15.6,15.6,15.6,15.6,15.6,15.6,15.6,18.3,21.1,21.1,21.1,21.1,21.1,21.1,21.1,21.1,21.1,18.3,15.6,15.6,15.6,15.6,15.6,15.6,From DOE Prototype Buildings
ApartmentHighRise HTGSETP_OFF_SCH_Yes_Optimum,Thermostat Setpoint,C,Default,1-Jan,31-Dec,Constant,15.6,,,,,,,,,,,,,,,,,,,,,,,,From DOE Prototype Buildings
ApartmentHighRise HTGSETP_OFF_SCH_Yes_Optimum,Thermostat Setpoint,C,WntrDsn|SmrDsn,1-Jan,31-Dec,Hourly,15.6,15.6,15.6,15.6,15.6,15.6,15.6,18.3,21.1,21.1,21.1,21.1,21.1,21.1,21.1,21.1,21.1,18.3,15.6,15.6,15.6,15.6,15.6,15.6,From DOE Prototype Buildings
ApartmentHighRise HTGSETP_OFF_SCH_Yes_Optimum_Original,Thermostat Setpoint,C,Default,1-Jan,31-Dec,Constant,15.6,,,,,,,,,,,,,,,,,,,,,,,,From DOE Prototype Buildings
ApartmentHighRise HTGSETP_OFF_SCH_Yes_Optimum_Original,Thermostat Setpoint,C,WntrDsn|SmrDsn,1-Jan,31-Dec,Hourly,15.6,15.6,15.6,15.6,15.6,15.6,15.6,18.3,21.1,21.1,21.1,21.1,21.1,21.1,21.1,21.1,21.1,18.3,15.6,15.6,15.6,15.6,15.6,15.6,From DOE Prototype Buildings
ApartmentHighRise INF_APT_SCH,Unknown,,Default|WntrDsn|SmrDsn,1-Jan,31-Dec,Constant,1,,,,,,,,,,,,,,,,,,,,,,,,From DOE Prototype Buildings
ApartmentHighRise INF_COR_SCH,Unknown,,Default|WntrDsn|SmrDsn,1-Jan,31-Dec,Constant,1,,,,,,,,,,,,,,,,,,,,,,,,From DOE Prototype Buildings
ApartmentHighRise INF_OFF_SCH,Unknown,,Default|WntrDsn|SmrDsn,1-Jan,31-Dec,Constant,1,,,,,,,,,,,,,,,,,,,,,,,,From DOE Prototype Buildings
ApartmentHighRise INFIL_Door_Opening_SCH,Infiltration,,Default|WntrDsn|SmrDsn,1-Jan,31-Dec,Hourly,0,0,0,0,0,0,0.144,1,0.144,0.144,0.144,0.144,0.144,0.144,0.144,0.144,0.144,1,0.144,0.144,0.144,0.144,0,0,From DOE Prototype Buildings
ApartmentHighRise LTG_APT_SCH,Unknown,,Default|WntrDsn|SmrDsn,1-Jan,31-Dec,Hourly,0.02,0.02,0.02,0.02,0.06,0.13,0.14,0.13,0.06,0.04,0.04,0.04,0.04,0.04,0.04,0.07,0.14,0.2,0.27,0.32,0.32,0.22,0.12,0.05,From DOE Prototype Buildings
ApartmentHighRise LTG_COR_SCH,Unknown,,Default|WntrDsn|SmrDsn,1-Jan,31-Dec,Constant,1,,,,,,,,,,,,,,,,,,,,,,,,From DOE Prototype Buildings
ApartmentHighRise LTG_OFF_SCH,Unknown,,Default,1-Jan,31-Dec,Constant,0.18,,,,,,,,,,,,,,,,,,,,,,,,From DOE Prototype Buildings
ApartmentHighRise LTG_OFF_SCH,Unknown,,SmrDsn,1-Jan,31-Dec,Constant,1,,,,,,,,,,,,,,,,,,,,,,,,From DOE Prototype Buildings
ApartmentHighRise LTG_OFF_SCH,Unknown,,Wkdy,1-Jan,31-Dec,Hourly,0.18,0.18,0.18,0.18,0.18,0.18,0.18,0.18,0.9,0.9,0.9,0.9,0.8,0.9,0.9,0.9,0.9,0.18,0.18,0.18,0.18,0.18,0.18,0.18,From DOE Prototype Buildings
ApartmentHighRise LTG_OFF_SCH,Unknown,,WntrDsn,1-Jan,31-Dec,Constant,0,,,,,,,,,,,,,,,,,,,,,,,,From DOE Prototype Buildings
ApartmentHighRise N CLGSETP_APT_SCH,Thermostat Setpoint,C,Default|WntrDsn|SmrDsn,1-Jan,31-Dec,Constant,0,,,,,,,,,,,,,,,,,,,,,,,,From DOE Prototype Buildings
ApartmentHighRise N HTGSETP_APT_SCH,Thermostat Setpoint,C,Default|WntrDsn|SmrDsn,1-Jan,31-Dec,Constant,0,,,,,,,,,,,,,,,,,,,,,,,,From DOE Prototype Buildings
ApartmentHighRise OCC_APT_SCH,Occupancy,,Default|WntrDsn|SmrDsn,1-Jan,31-Dec,Hourly,1,1,1,1,1,1,1,0.85,0.39,0.25,0.25,0.25,0.25,0.25,0.25,0.25,0.3,0.52,0.87,0.87,0.87,1,1,1,From DOE Prototype Buildings
ApartmentHighRise OCC_OFF_SCH,Occupancy,,Default|WntrDsn|SmrDsn,1-Jan,31-Dec,Constant,0,,,,,,,,,,,,,,,,,,,,,,,,From DOE Prototype Buildings
ApartmentHighRise OCC_OFF_SCH,Occupancy,,Wkdy,1-Jan,31-Dec,Hourly,0,0,0,0,0,0,0,0,1,1,1,1,0.5,1,1,1,1,0,0,0,0,0,0,0,From DOE Prototype Buildings
ApartmentHighRise PLANT LOOP HIGH TEMP SCHEDULE,Unknown,C,Default|WntrDsn|SmrDsn,1-Jan,31-Dec,Constant,30,,,,,,,,,,,,,,,,,,,,,,,,From DOE Prototype Buildings
ApartmentHighRise PLANT LOOP LOW TEMP SCHEDULE,Unknown,C,Default|WntrDsn|SmrDsn,1-Jan,31-Dec,Constant,20,,,,,,,,,,,,,,,,,,,,,,,,From DOE Prototype Buildings
ApartmentHighRise PLANTCOOLINGONSCHED,Unknown,,Default|SmrDsn,1-Jan,31-Dec,Constant,1,,,,,,,,,,,,,,,,,,,,,,,,From DOE Prototype Buildings
ApartmentHighRise PLANTCOOLINGONSCHED,Unknown,,Wknd|Wkdy,18-Oct,31-Dec,Constant,0,,,,,,,,,,,,,,,,,,,,,,,,From DOE Prototype Buildings
ApartmentHighRise PLANTCOOLINGONSCHED,Unknown,,Wknd|Wkdy,1-Jan,8-May,Constant,0,,,,,,,,,,,,,,,,,,,,,,,,From DOE Prototype Buildings
ApartmentHighRise PLANTCOOLINGONSCHED,Unknown,,WntrDsn,1-Jan,31-Dec,Constant,0,,,,,,,,,,,,,,,,,,,,,,,,From DOE Prototype Buildings
ApartmentHighRise PLANTHEATINGONSCHED,Unknown,,Default|SmrDsn,1-Jan,31-Dec,Constant,0,,,,,,,,,,,,,,,,,,,,,,,,From DOE Prototype Buildings
ApartmentHighRise PLANTHEATINGONSCHED,Unknown,,Wknd|Wkdy,18-Oct,31-Dec,Constant,1,,,,,,,,,,,,,,,,,,,,,,,,From DOE Prototype Buildings
ApartmentHighRise PLANTHEATINGONSCHED,Unknown,,Wknd|Wkdy,1-Jan,8-May,Constant,1,,,,,,,,,,,,,,,,,,,,,,,,From DOE Prototype Buildings
ApartmentHighRise PLANTHEATINGONSCHED,Unknown,,WntrDsn,1-Jan,31-Dec,Constant,1,,,,,,,,,,,,,,,,,,,,,,,,From DOE Prototype Buildings
ApartmentHighRise PlantOnSched,Unknown,,Default|WntrDsn|SmrDsn,1-Jan,31-Dec,Constant,1,,,,,,,,,,,,,,,,,,,,,,,,From DOE Prototype Buildings
ApartmentHighRise S CLGSETP_APT_SCH,Thermostat Setpoint,C,Default|WntrDsn|SmrDsn,1-Jan,31-Dec,Constant,0,,,,,,,,,,,,,,,,,,,,,,,,From DOE Prototype Buildings
ApartmentHighRise S HTGSETP_APT_SCH,Thermostat Setpoint,C,Default|WntrDsn|SmrDsn,1-Jan,31-Dec,Constant,0,,,,,,,,,,,,,,,,,,,,,,,,From DOE Prototype Buildings
ApartmentHighRise SHW Latent fract sched,Service Water Heating,,Default|WntrDsn|SmrDsn,1-Jan,31-Dec,Constant,0.05,,,,,,,,,,,,,,,,,,,,,,,,From DOE Prototype Buildings
ApartmentHighRise SHW Sensible fract sched,Service Water Heating,,Default|WntrDsn|SmrDsn,1-Jan,31-Dec,Constant,0.2,,,,,,,,,,,,,,,,,,,,,,,,From DOE Prototype Buildings
ApartmentHighRise SHW SUPPLY TEMP SCHED,Service Water Heating,C,Default|WntrDsn|SmrDsn,1-Jan,31-Dec,Constant,55,,,,,,,,,,,,,,,,,,,,,,,,From DOE Prototype Buildings
ApartmentHighRise SHW TARGET TEMP SCHED,Service Water Heating,C,Default|WntrDsn|SmrDsn,1-Jan,31-Dec,Constant,60,,,,,,,,,,,,,,,,,,,,,,,,From DOE Prototype Buildings
ApartmentHighRise SHWSys1 Water Heater Ambient Temperature Schedule,Service Water Heating,C,Default|WntrDsn|SmrDsn,1-Jan,31-Dec,Constant,22,,,,,,,,,,,,,,,,,,,,,,,,From DOE Prototype Buildings
ApartmentHighRise SHWSys1 Water Heater Setpoint Temperature Schedule,Service Water Heating,C,Default|WntrDsn|SmrDsn,1-Jan,31-Dec,Constant,60,,,,,,,,,,,,,,,,,,,,,,,,From DOE Prototype Buildings
ApartmentHighRise SHWSys1-Loop-Temp-Schedule,Service Water Heating,C,Default|WntrDsn|SmrDsn,1-Jan,31-Dec,Constant,60,,,,,,,,,,,,,,,,,,,,,,,,From DOE Prototype Buildings
ApartmentHighRise Sliding_Doors_Ventilation_Availability_SCH,Unknown,,Default,1-Jan,31-Dec,Hourly,0,0,0,0,0,0,1,1,1,1,1,1,1,1,1,1,1,1,1,1,1,1,0,0,From DOE Prototype Buildings
ApartmentHighRise Sliding_Doors_Ventilation_Availability_SCH,Unknown,,WntrDsn|SmrDsn,1-Jan,31-Dec,Constant,0,,,,,,,,,,,,,,,,,,,,,,,,From DOE Prototype Buildings
ApartmentHighRise SupplyFanSch,Unknown,,Default|WntrDsn|SmrDsn,1-Jan,31-Dec,Constant,1,,,,,,,,,,,,,,,,,,,,,,,,From DOE Prototype Buildings
ApartmentHighRise ZONE CONTROL TYPE SCHED,Unknown,,Default,1-Jan,31-Dec,Constant,0,,,,,,,,,,,,,,,,,,,,,,,,From DOE Prototype Buildings
ApartmentHighRise ZONE CONTROL TYPE SCHED,Unknown,,SmrDsn,1-Jan,31-Dec,Constant,2,,,,,,,,,,,,,,,,,,,,,,,,From DOE Prototype Buildings
ApartmentHighRise ZONE CONTROL TYPE SCHED,Unknown,,Wkdy,1-Jan,31-Dec,Constant,4,,,,,,,,,,,,,,,,,,,,,,,,From DOE Prototype Buildings
ApartmentHighRise ZONE CONTROL TYPE SCHED,Unknown,,WntrDsn,1-Jan,31-Dec,Constant,1,,,,,,,,,,,,,,,,,,,,,,,,From DOE Prototype Buildings
ApartmentMidRise All Off,Unknown,,Default|WntrDsn|SmrDsn,1-Jan,31-Dec,Constant,0,,,,,,,,,,,,,,,,,,,,,,,,From DOE Prototype Buildings
ApartmentMidRise All On,Unknown,,Default|WntrDsn|SmrDsn,1-Jan,31-Dec,Constant,1,,,,,,,,,,,,,,,,,,,,,,,,From DOE Prototype Buildings
ApartmentMidRise APT_DHW_SCH,Unknown,,Default|WntrDsn|SmrDsn,1-Jan,31-Dec,Hourly,0.08,0.04,0.01,0.01,0.04,0.27,0.94,1,0.96,0.84,0.76,0.61,0.53,0.47,0.41,0.47,0.55,0.73,0.86,0.82,0.75,0.61,0.53,0.29,From DOE Prototype Buildings
ApartmentMidRise BLDG_ELEVATORS,Elevator,,Default,1-Jan,31-Dec,Hourly,0.05,0.05,0.05,0.05,0.1,0.2,0.4,0.5,0.5,0.35,0.15,0.15,0.15,0.15,0.15,0.15,0.35,0.5,0.5,0.4,0.4,0.3,0.2,0.1,From DOE Prototype Buildings
ApartmentMidRise BLDG_ELEVATORS,Elevator,,SmrDsn,1-Jan,31-Dec,Constant,0.5,,,,,,,,,,,,,,,,,,,,,,,,From DOE Prototype Buildings
ApartmentMidRise BLDG_ELEVATORS,Elevator,,WntrDsn,1-Jan,31-Dec,Constant,0.05,,,,,,,,,,,,,,,,,,,,,,,,From DOE Prototype Buildings
ApartmentMidRise CLGSETP_APT_SCH,Thermostat Setpoint,C,Default|WntrDsn|SmrDsn,1-Jan,31-Dec,Constant,0,,,,,,,,,,,,,,,,,,,,,,,,From DOE Prototype Buildings
ApartmentMidRise CLGSETP_OFF_SCH_NO_OPTIMUM,Thermostat Setpoint,C,Default|WntrDsn,1-Jan,31-Dec,Constant,29.4,,,,,,,,,,,,,,,,,,,,,,,,From DOE Prototype Buildings
ApartmentMidRise CLGSETP_OFF_SCH_NO_OPTIMUM,Thermostat Setpoint,C,SmrDsn,1-Jan,31-Dec,Hourly,29.4,29.4,29.4,29.4,29.4,29.4,29.4,26.7,23.9,23.9,23.9,23.9,23.9,23.9,23.9,23.9,23.9,26.7,29.4,29.4,29.4,29.4,29.4,29.4,From DOE Prototype Buildings
ApartmentMidRise CLGSETP_OFF_SCH_No_Setback,Thermostat Setpoint,C,Default|WntrDsn,1-Jan,31-Dec,Constant,23.9,,,,,,,,,,,,,,,,,,,,,,,,From DOE Prototype Buildings
ApartmentMidRise CLGSETP_OFF_SCH_No_Setback,Thermostat Setpoint,C,SmrDsn,1-Jan,31-Dec,Hourly,29.4,29.4,29.4,29.4,29.4,29.4,29.4,26.7,23.9,23.9,23.9,23.9,23.9,23.9,23.9,23.9,23.9,26.7,29.4,29.4,29.4,29.4,29.4,29.4,From DOE Prototype Buildings
ApartmentMidRise CLGSETP_OFF_SCH_YES_OPTIMUM,Thermostat Setpoint,C,Default|WntrDsn,1-Jan,31-Dec,Constant,29.4,,,,,,,,,,,,,,,,,,,,,,,,From DOE Prototype Buildings
ApartmentMidRise CLGSETP_OFF_SCH_YES_OPTIMUM,Thermostat Setpoint,C,SmrDsn,1-Jan,31-Dec,Hourly,29.4,29.4,29.4,29.4,29.4,29.4,29.4,26.7,23.9,23.9,23.9,23.9,23.9,23.9,23.9,23.9,23.9,26.7,29.4,29.4,29.4,29.4,29.4,29.4,From DOE Prototype Buildings
ApartmentMidRise COMPACT HVAC-ALWAYS 0,Unknown,,Default|WntrDsn|SmrDsn,1-Jan,31-Dec,Constant,0,,,,,,,,,,,,,,,,,,,,,,,,From DOE Prototype Buildings
ApartmentMidRise COMPACT HVAC-ALWAYS 1,Unknown,,Default|WntrDsn|SmrDsn,1-Jan,31-Dec,Constant,1,,,,,,,,,,,,,,,,,,,,,,,,From DOE Prototype Buildings
ApartmentMidRise COMPACT HVAC-ALWAYS 18.3333338190008,Unknown,,Default|WntrDsn|SmrDsn,1-Jan,31-Dec,Constant,18.33333382,,,,,,,,,,,,,,,,,,,,,,,,From DOE Prototype Buildings
ApartmentMidRise COMPACT HVAC-ALWAYS 4,Unknown,,Default|WntrDsn|SmrDsn,1-Jan,31-Dec,Constant,4,,,,,,,,,,,,,,,,,,,,,,,,From DOE Prototype Buildings
ApartmentMidRise Constant Mains Temp Schedule,Unknown,W,Default|WntrDsn|SmrDsn,1-Jan,31-Dec,Constant,12,,,,,,,,,,,,,,,,,,,,,,,,From DOE Prototype Buildings
ApartmentMidRise ELEV_LIGHT_FAN_SCH_24_7,Lighting,,Default|WntrDsn|SmrDsn,1-Jan,31-Dec,Constant,1,,,,,,,,,,,,,,,,,,,,,,,,From DOE Prototype Buildings
ApartmentMidRise ELEV_LIGHT_FAN_SCH_ADD_DF,Lighting,,Default,1-Jan,31-Dec,Hourly,0.05,0.05,0.05,0.05,0.1,0.2,0.4,0.5,0.5,0.35,0.15,0.15,0.15,0.15,0.15,0.15,0.35,0.5,0.5,0.4,0.4,0.3,0.2,0.1,From DOE Prototype Buildings
ApartmentMidRise ELEV_LIGHT_FAN_SCH_ADD_DF,Lighting,,SmrDsn,1-Jan,31-Dec,Constant,0.5,,,,,,,,,,,,,,,,,,,,,,,,From DOE Prototype Buildings
ApartmentMidRise ELEV_LIGHT_FAN_SCH_ADD_DF,Lighting,,WntrDsn,1-Jan,31-Dec,Constant,0.05,,,,,,,,,,,,,,,,,,,,,,,,From DOE Prototype Buildings
ApartmentMidRise EQP_APT_SCH,Equipment,,Default|WntrDsn|SmrDsn,1-Jan,31-Dec,Hourly,0.45,0.41,0.39,0.38,0.38,0.43,0.54,0.65,0.66,0.67,0.69,0.7,0.69,0.66,0.65,0.68,0.8,1,1,0.93,0.89,0.85,0.71,0.58,From DOE Prototype Buildings
ApartmentMidRise EQP_OFF_SCH,Equipment,,Default|WntrDsn|SmrDsn,1-Jan,31-Dec,Constant,0.33,,,,,,,,,,,,,,,,,,,,,,,,From DOE Prototype Buildings
ApartmentMidRise EQP_OFF_SCH,Equipment,,Wkdy,1-Jan,31-Dec,Hourly,0.33,0.33,0.33,0.33,0.33,0.33,0.33,0.5,1,1,1,1,0.94,1,1,1,1,0.5,0.33,0.33,0.33,0.33,0.33,0.33,From DOE Prototype Buildings
ApartmentMidRise Exterior_Lgt_ALWAYS_ON,Unknown,,Default|WntrDsn|SmrDsn,1-Jan,31-Dec,Constant,1,,,,,,,,,,,,,,,,,,,,,,,,From DOE Prototype Buildings
ApartmentMidRise Exterior_Ltg_Sch,Unknown,,Default|WntrDsn|SmrDsn,1-Jan,31-Dec,Hourly,1,1,1,1,1,1,1,0,0,0,0,0,0,0,0,0,0,0,0,1,1,1,1,1,From DOE Prototype Buildings
ApartmentMidRise Hot Water Setpoint Temp Schedule,Unknown,W,Default|WntrDsn|SmrDsn,1-Jan,31-Dec,Constant,60,,,,,,,,,,,,,,,,,,,,,,,,From DOE Prototype Buildings
ApartmentMidRise HTGSETP_APT_SCH,Thermostat Setpoint,C,Default|WntrDsn|SmrDsn,1-Jan,31-Dec,Constant,0,,,,,,,,,,,,,,,,,,,,,,,,From DOE Prototype Buildings
ApartmentMidRise HTGSETP_OFF_SCH_NO_OPTIMUM,Thermostat Setpoint,C,Default|SmrDsn,1-Jan,31-Dec,Constant,15.6,,,,,,,,,,,,,,,,,,,,,,,,From DOE Prototype Buildings
ApartmentMidRise HTGSETP_OFF_SCH_NO_OPTIMUM,Thermostat Setpoint,C,Wkdy,1-Jan,31-Dec,Hourly,15.6,15.6,15.6,15.6,15.6,15.6,15.6,21.1,21.1,21.1,21.1,21.1,21.1,21.1,21.1,21.1,21.1,18.3,15.6,15.6,15.6,15.6,15.6,15.6,From DOE Prototype Buildings
ApartmentMidRise HTGSETP_OFF_SCH_NO_OPTIMUM,Thermostat Setpoint,C,WntrDsn,1-Jan,31-Dec,Hourly,15.6,15.6,15.6,15.6,15.6,15.6,15.6,18.3,21.1,21.1,21.1,21.1,21.1,21.1,21.1,21.1,21.1,18.3,15.6,15.6,15.6,15.6,15.6,15.6,From DOE Prototype Buildings
ApartmentMidRise HTGSETP_OFF_SCH_YES_OPTIMUM,Thermostat Setpoint,C,Default|SmrDsn,1-Jan,31-Dec,Constant,15.6,,,,,,,,,,,,,,,,,,,,,,,,From DOE Prototype Buildings
ApartmentMidRise HTGSETP_OFF_SCH_YES_OPTIMUM,Thermostat Setpoint,C,Wkdy,1-Jan,31-Dec,Hourly,15.6,15.6,15.6,15.6,15.6,15.6,15.6,17.8,20,21.1,21.1,21.1,21.1,21.1,21.1,21.1,21.1,18.3,15.6,15.6,15.6,15.6,15.6,15.6,From DOE Prototype Buildings
ApartmentMidRise HTGSETP_OFF_SCH_YES_OPTIMUM,Thermostat Setpoint,C,WntrDsn,1-Jan,31-Dec,Hourly,15.6,15.6,15.6,15.6,15.6,15.6,15.6,18.3,21.1,21.1,21.1,21.1,21.1,21.1,21.1,21.1,21.1,18.3,15.6,15.6,15.6,15.6,15.6,15.6,From DOE Prototype Buildings
ApartmentMidRise INF_APT_SCH,Unknown,,Default|WntrDsn|SmrDsn,1-Jan,31-Dec,Constant,1,,,,,,,,,,,,,,,,,,,,,,,,From DOE Prototype Buildings
ApartmentMidRise INF_COR_SCH,Unknown,,Default|WntrDsn|SmrDsn,1-Jan,31-Dec,Constant,1,,,,,,,,,,,,,,,,,,,,,,,,From DOE Prototype Buildings
ApartmentMidRise INF_OFF_SCH,Unknown,,Default|WntrDsn|SmrDsn,1-Jan,31-Dec,Constant,1,,,,,,,,,,,,,,,,,,,,,,,,From DOE Prototype Buildings
ApartmentMidRise INFIL_Door_Opening_SCH,Infiltration,,Default|WntrDsn|SmrDsn,1-Jan,31-Dec,Hourly,0,0,0,0,0,0,0.144,1,0.144,0.144,0.144,0.144,0.144,0.144,0.144,0.144,0.144,1,0.144,0.144,0.144,0.144,0,0,From DOE Prototype Buildings
ApartmentMidRise LTG_APT_SCH,Unknown,,Default|WntrDsn|SmrDsn,1-Jan,31-Dec,Hourly,0.02,0.02,0.02,0.02,0.06,0.13,0.14,0.13,0.06,0.04,0.04,0.04,0.04,0.04,0.04,0.07,0.14,0.2,0.27,0.32,0.32,0.22,0.12,0.05,From DOE Prototype Buildings
ApartmentMidRise LTG_COR_SCH,Unknown,,Default|WntrDsn|SmrDsn,1-Jan,31-Dec,Constant,1,,,,,,,,,,,,,,,,,,,,,,,,From DOE Prototype Buildings
ApartmentMidRise LTG_OFF_SCH,Unknown,,Default,1-Jan,31-Dec,Constant,0.18,,,,,,,,,,,,,,,,,,,,,,,,From DOE Prototype Buildings
ApartmentMidRise LTG_OFF_SCH,Unknown,,SmrDsn,1-Jan,31-Dec,Constant,1,,,,,,,,,,,,,,,,,,,,,,,,From DOE Prototype Buildings
ApartmentMidRise LTG_OFF_SCH,Unknown,,Wkdy,1-Jan,31-Dec,Hourly,0.18,0.18,0.18,0.18,0.18,0.18,0.18,0.18,0.9,0.9,0.9,0.9,0.8,0.9,0.9,0.9,0.9,0.18,0.18,0.18,0.18,0.18,0.18,0.18,From DOE Prototype Buildings
ApartmentMidRise LTG_OFF_SCH,Unknown,,WntrDsn,1-Jan,31-Dec,Constant,0,,,,,,,,,,,,,,,,,,,,,,,,From DOE Prototype Buildings
ApartmentMidRise N CLGSETP_APT_SCH,Thermostat Setpoint,C,Default|WntrDsn|SmrDsn,1-Jan,31-Dec,Constant,0,,,,,,,,,,,,,,,,,,,,,,,,From DOE Prototype Buildings
ApartmentMidRise N HTGSETP_APT_SCH,Thermostat Setpoint,C,Default|WntrDsn|SmrDsn,1-Jan,31-Dec,Constant,0,,,,,,,,,,,,,,,,,,,,,,,,From DOE Prototype Buildings
ApartmentMidRise OCC_APT_SCH,Occupancy,,Default|WntrDsn|SmrDsn,1-Jan,31-Dec,Hourly,1,1,1,1,1,1,1,0.85,0.39,0.25,0.25,0.25,0.25,0.25,0.25,0.25,0.3,0.52,0.87,0.87,0.87,1,1,1,From DOE Prototype Buildings
ApartmentMidRise OCC_OFF_SCH,Occupancy,,Default|WntrDsn|SmrDsn,1-Jan,31-Dec,Constant,0,,,,,,,,,,,,,,,,,,,,,,,,From DOE Prototype Buildings
ApartmentMidRise OCC_OFF_SCH,Occupancy,,Wkdy,1-Jan,31-Dec,Hourly,0,0,0,0,0,0,0,0,1,1,1,1,0.5,1,1,1,1,0,0,0,0,0,0,0,From DOE Prototype Buildings
ApartmentMidRise S CLGSETP_APT_SCH,Thermostat Setpoint,C,Default|WntrDsn|SmrDsn,1-Jan,31-Dec,Constant,0,,,,,,,,,,,,,,,,,,,,,,,,From DOE Prototype Buildings
ApartmentMidRise S HTGSETP_APT_SCH,Thermostat Setpoint,C,Default|WntrDsn|SmrDsn,1-Jan,31-Dec,Constant,0,,,,,,,,,,,,,,,,,,,,,,,,From DOE Prototype Buildings
ApartmentMidRise Sliding_Doors_Ventilation_Availability_SCH,Unknown,,Default,1-Jan,31-Dec,Hourly,0,0,0,0,0,0,1,1,1,1,1,1,1,1,1,1,1,1,1,1,1,1,0,0,From DOE Prototype Buildings
ApartmentMidRise Sliding_Doors_Ventilation_Availability_SCH,Unknown,,WntrDsn|SmrDsn,1-Jan,31-Dec,Constant,0,,,,,,,,,,,,,,,,,,,,,,,,From DOE Prototype Buildings
FullServiceRestaurant Bldg Equip,Equipment,,Default|Sun|Wkdy,1-Jan,31-Dec,Hourly,0.1,0.1,0.1,0.1,0.1,0.1,0.25,0.35,0.35,0.25,0.35,0.35,0.35,0.25,0.25,0.25,0.35,0.35,0.35,0.25,0.25,0.25,0.25,0.25,From DOE Reference Buildings 
FullServiceRestaurant Bldg Equip,Equipment,,SmrDsn,1-Jan,31-Dec,Constant,0.35,,,,,,,,,,,,,,,,,,,,,,,,From DOE Reference Buildings 
FullServiceRestaurant Bldg Equip,Equipment,,WntrDsn,1-Jan,31-Dec,Constant,0,,,,,,,,,,,,,,,,,,,,,,,,From DOE Reference Buildings 
FullServiceRestaurant Bldg Light,Lighting,,Default,1-Jan,31-Dec,Hourly,0.45,0.15,0.15,0.15,0.15,0.45,0.9,0.9,0.9,0.9,0.9,0.9,0.9,0.9,0.9,0.9,0.9,0.9,0.9,0.9,0.9,0.9,0.9,0.9,From DOE Reference Buildings 
FullServiceRestaurant Bldg Light,Lighting,,SmrDsn,1-Jan,31-Dec,Constant,1,,,,,,,,,,,,,,,,,,,,,,,,From DOE Reference Buildings 
FullServiceRestaurant Bldg Light,Lighting,,WntrDsn,1-Jan,31-Dec,Constant,0,,,,,,,,,,,,,,,,,,,,,,,,From DOE Reference Buildings 
FullServiceRestaurant Bldg Occ,Occupancy,,Default,1-Jan,31-Dec,Hourly,0.05,0,0,0,0,0.05,0.1,0.4,0.4,0.4,0.2,0.5,0.8,0.7,0.4,0.2,0.25,0.5,0.8,0.8,0.8,0.5,0.35,0.2,From DOE Reference Buildings 
FullServiceRestaurant Bldg Occ,Occupancy,,Sat,1-Jan,31-Dec,Hourly,0.05,0,0,0,0,0,0.05,0.5,0.5,0.4,0.2,0.45,0.5,0.5,0.35,0.3,0.3,0.3,0.7,0.9,0.7,0.65,0.55,0.35,From DOE Reference Buildings 
FullServiceRestaurant Bldg Occ,Occupancy,,SmrDsn,1-Jan,31-Dec,Constant,1,,,,,,,,,,,,,,,,,,,,,,,,From DOE Reference Buildings 
FullServiceRestaurant Bldg Occ,Occupancy,,Sun,1-Jan,31-Dec,Hourly,0.05,0,0,0,0,0,0.05,0.5,0.5,0.2,0.2,0.3,0.5,0.5,0.3,0.2,0.25,0.35,0.55,0.65,0.7,0.35,0.2,0.2,From DOE Reference Buildings 
FullServiceRestaurant Bldg Occ,Occupancy,,WntrDsn,1-Jan,31-Dec,Constant,0,,,,,,,,,,,,,,,,,,,,,,,,From DOE Reference Buildings 
FullServiceRestaurant Bldg Swh,Service Water Heating,,Default|SmrDsn,1-Jan,31-Dec,Hourly,0.2,0,0,0,0,0,0.15,0.6,0.55,0.45,0.4,0.45,0.4,0.35,0.3,0.3,0.3,0.4,0.55,0.6,0.5,0.55,0.45,0.25,From DOE Reference Buildings 
FullServiceRestaurant Bldg Swh,Service Water Heating,,Sun,1-Jan,31-Dec,Hourly,0.25,0,0,0,0,0,0.15,0.15,0.15,0.15,0.5,0.5,0.4,0.4,0.3,0.3,0.3,0.4,0.5,0.5,0.4,0.5,0.4,0.2,From DOE Reference Buildings 
FullServiceRestaurant Bldg Swh,Service Water Heating,,WntrDsn|Sat,1-Jan,31-Dec,Hourly,0.2,0,0,0,0,0,0.15,0.15,0.15,0.5,0.45,0.5,0.5,0.45,0.4,0.4,0.35,0.4,0.55,0.55,0.5,0.55,0.4,0.3,From DOE Reference Buildings 
FullServiceRestaurant ClgSetp,Thermostat Setpoint,C,Default|SmrDsn,1-Jan,31-Dec,Hourly,24,30,30,30,30,24,24,24,24,24,24,24,24,24,24,24,24,24,24,24,24,24,24,24,From DOE Reference Buildings 
FullServiceRestaurant ClgSetp,Thermostat Setpoint,C,WntrDsn,1-Jan,31-Dec,Constant,30,,,,,,,,,,,,,,,,,,,,,,,,From DOE Reference Buildings 
FullServiceRestaurant ClgSetp Kitchen,Thermostat Setpoint,C,Default|SmrDsn,1-Jan,31-Dec,Hourly,26,30,30,30,30,26,26,26,26,26,26,26,26,26,26,26,26,26,26,26,26,26,26,26,From DOE Reference Buildings 
FullServiceRestaurant ClgSetp Kitchen,Thermostat Setpoint,C,WntrDsn,1-Jan,31-Dec,Constant,30,,,,,,,,,,,,,,,,,,,,,,,,From DOE Reference Buildings 
FullServiceRestaurant Clothing,Clothing,,Default|WntrDsn,1-Jan,31-Dec,Constant,1,,,,,,,,,,,,,,,,,,,,,,,,From DOE Reference Buildings 
FullServiceRestaurant Clothing,Clothing,,SmrDsn,1-Jan,31-Dec,Constant,0.5,,,,,,,,,,,,,,,,,,,,,,,,From DOE Reference Buildings 
FullServiceRestaurant Clothing,Clothing,,Wknd|Wkdy,1-Oct,31-Dec,Constant,1,,,,,,,,,,,,,,,,,,,,,,,,From DOE Reference Buildings 
FullServiceRestaurant Clothing,Clothing,,Wknd|Wkdy,1-May,30-Sep,Constant,0.5,,,,,,,,,,,,,,,,,,,,,,,,From DOE Reference Buildings 
FullServiceRestaurant Gas Equip,Equipment,,Default|Sun,1-Jan,31-Dec,Hourly,0.02,0.02,0.02,0.02,0.02,0.05,0.1,0.15,0.2,0.15,0.25,0.25,0.25,0.2,0.15,0.2,0.3,0.3,0.3,0.2,0.2,0.15,0.1,0.05,From DOE Reference Buildings 
FullServiceRestaurant Gas Equip,Equipment,,SmrDsn,1-Jan,31-Dec,Constant,0.25,,,,,,,,,,,,,,,,,,,,,,,,From DOE Reference Buildings 
FullServiceRestaurant Gas Equip,Equipment,,WntrDsn,1-Jan,31-Dec,Constant,0,,,,,,,,,,,,,,,,,,,,,,,,From DOE Reference Buildings 
FullServiceRestaurant HtgSetp,Thermostat Setpoint,C,Default,1-Jan,31-Dec,Hourly,21,15.6,15.6,15.6,15.6,21,21,21,21,21,21,21,21,21,21,21,21,21,21,21,21,21,21,21,From DOE Reference Buildings 
FullServiceRestaurant HtgSetp,Thermostat Setpoint,C,SmrDsn,1-Jan,31-Dec,Constant,15.6,,,,,,,,,,,,,,,,,,,,,,,,From DOE Reference Buildings 
FullServiceRestaurant HtgSetp,Thermostat Setpoint,C,WntrDsn,1-Jan,31-Dec,Constant,21,,,,,,,,,,,,,,,,,,,,,,,,From DOE Reference Buildings 
FullServiceRestaurant HtgSetp Kitchen,Thermostat Setpoint,C,Default,1-Jan,31-Dec,Hourly,19,15.6,15.6,15.6,15.6,19,19,19,19,19,19,19,19,19,19,19,19,19,19,19,19,19,19,19,From DOE Reference Buildings 
FullServiceRestaurant HtgSetp Kitchen,Thermostat Setpoint,C,SmrDsn,1-Jan,31-Dec,Constant,15.6,,,,,,,,,,,,,,,,,,,,,,,,From DOE Reference Buildings 
FullServiceRestaurant HtgSetp Kitchen,Thermostat Setpoint,C,WntrDsn,1-Jan,31-Dec,Constant,19,,,,,,,,,,,,,,,,,,,,,,,,From DOE Reference Buildings 
FullServiceRestaurant Infil Half On,Infiltration,,Default|WntrDsn|SmrDsn|Sun|Sat,1-Jan,31-Dec,Hourly,1,1,1,1,1,0.5,0.5,0.5,0.5,0.5,0.5,0.5,0.5,0.5,0.5,0.5,0.5,0.5,0.5,0.5,0.5,0.5,0.5,0.5,From DOE Reference Buildings 
FullServiceRestaurant Work Eff,Unknown,,Default|WntrDsn|SmrDsn,1-Jan,31-Dec,Constant,0,,,,,,,,,,,,,,,,,,,,,,,,From DOE Reference Buildings 
Hospital AIR_VELO_SCH,Unknown,W,Default|WntrDsn|SmrDsn,1-Jan,31-Dec,Constant,0.2,,,,,,,,,,,,,,,,,,,,,,,,From DOE Prototype Buildings
Hospital ALWAYS_OFF,Unknown,,Default|WntrDsn|SmrDsn,1-Jan,31-Dec,Constant,0,,,,,,,,,,,,,,,,,,,,,,,,From DOE Prototype Buildings
Hospital ALWAYS_ON,Unknown,,Default|WntrDsn|SmrDsn,1-Jan,31-Dec,Constant,1,,,,,,,,,,,,,,,,,,,,,,,,From DOE Prototype Buildings
Hospital Bldg ClgSetp,Thermostat Setpoint,C,Default|SmrDsn,1-Jan,31-Dec,Hourly,25,25,25,25,25,22.2,22.2,22.2,22.2,22.2,22.2,22.2,22.2,22.2,22.2,22.2,22.2,22.2,25,25,25,25,25,25,From DOE Reference Buildings 
Hospital Bldg ClgSetp,Thermostat Setpoint,C,Wknd,1-Jan,31-Dec,Constant,25,,,,,,,,,,,,,,,,,,,,,,,,From DOE Reference Buildings 
Hospital Bldg ClgSetp,Thermostat Setpoint,C,WntrDsn,1-Jan,31-Dec,Hourly,25,25,25,25,25,25,25,22.2,22.2,22.2,22.2,22.2,22.2,22.2,22.2,25,25,25,25,25,25,25,25,25,From DOE Reference Buildings 
Hospital BLDG ELEVATORS,Elevator,,Default|SmrDsn,1-Jan,31-Dec,Hourly,0.2,0.2,0.2,0.2,0.2,0.2,0.2,0.5,0.75,1,1,1,0.75,1,1,1,1,1,0.52,0.52,0.52,0.28,0.2,0.2,From DOE Reference Buildings 
Hospital BLDG ELEVATORS,Elevator,,Sun,1-Jan,31-Dec,Hourly,0.2,0.2,0.2,0.2,0.2,0.2,0.2,0.2,0.4,0.4,0.4,0.4,0.4,0.4,0.4,0.4,0.2,0.2,0.2,0.2,0.2,0.2,0.2,0.2,From DOE Reference Buildings 
Hospital BLDG ELEVATORS,Elevator,,WntrDsn|Sat,1-Jan,31-Dec,Hourly,0.2,0.2,0.2,0.2,0.2,0.2,0.2,0.4,0.46,0.7,0.7,0.7,0.51,0.51,0.51,0.51,0.51,0.25,0.2,0.2,0.2,0.2,0.2,0.2,From DOE Reference Buildings 
Hospital Bldg Equip,Equipment,,Default|SmrDsn,1-Jan,31-Dec,Hourly,0.3,0.3,0.3,0.3,0.5,0.5,1,1,1,1,1,1,1,1,1,1,1,1,0.5,0.5,0.3,0.3,0.3,0.3,From DOE Reference Buildings 
Hospital Bldg Equip,Equipment,,Sat,1-Jan,31-Dec,Hourly,0.3,0.3,0.3,0.3,0.3,0.3,0.3,0.5,0.5,0.8,0.8,0.8,0.8,0.8,0.8,0.5,0.5,0.5,0.5,0.5,0.3,0.3,0.3,0.3,From DOE Reference Buildings 
Hospital Bldg Equip,Equipment,,Sun,1-Jan,31-Dec,Hourly,0.3,0.3,0.3,0.3,0.3,0.3,0.3,0.3,0.5,0.5,0.5,0.5,0.5,0.5,0.5,0.5,0.5,0.3,0.3,0.3,0.3,0.3,0.3,0.3,From DOE Reference Buildings 
Hospital Bldg Equip,Equipment,,WntrDsn,1-Jan,31-Dec,Constant,0.3,,,,,,,,,,,,,,,,,,,,,,,,From DOE Reference Buildings 
Hospital Bldg HtgSetp,Thermostat Setpoint,C,Default|SmrDsn,1-Jan,31-Dec,Hourly,18.3,18.3,18.3,18.3,18.3,21.1,21.1,21.1,21.1,21.1,21.1,21.1,21.1,21.1,21.1,21.1,21.1,21.1,18.3,18.3,18.3,18.3,18.3,18.3,From DOE Reference Buildings 
Hospital Bldg HtgSetp,Thermostat Setpoint,C,Wknd,1-Jan,31-Dec,Constant,18.3,,,,,,,,,,,,,,,,,,,,,,,,From DOE Reference Buildings 
Hospital Bldg HtgSetp,Thermostat Setpoint,C,WntrDsn,1-Jan,31-Dec,Hourly,18.3,18.3,18.3,18.3,18.3,18.3,18.3,21.1,21.1,21.1,21.1,21.1,21.1,21.1,21.1,18.3,18.3,18.3,18.3,18.3,18.3,18.3,18.3,18.3,From DOE Reference Buildings 
Hospital Bldg Light,Lighting,,Default,1-Jan,31-Dec,Hourly,0.1,0.1,0.1,0.1,0.1,0.1,0.1,0.5,0.9,0.9,0.9,0.9,0.9,0.9,0.9,0.9,0.3,0.3,0.3,0.3,0.3,0.3,0.3,0.1,From DOE Reference Buildings 
Hospital Bldg Light,Lighting,,Sat,1-Jan,31-Dec,Hourly,0.1,0.1,0.1,0.1,0.1,0.1,0.1,0.2,0.4,0.4,0.4,0.4,0.4,0.4,0.4,0.4,0.4,0.4,0.1,0.1,0.1,0.1,0.1,0.1,From DOE Reference Buildings 
Hospital Bldg Light,Lighting,,SmrDsn,1-Jan,31-Dec,Constant,1,,,,,,,,,,,,,,,,,,,,,,,,From DOE Reference Buildings 
Hospital Bldg Light,Lighting,,Sun,1-Jan,31-Dec,Hourly,0.05,0.05,0.05,0.05,0.05,0.05,0.05,0.05,0.1,0.1,0.1,0.1,0.1,0.1,0.1,0.1,0.05,0.05,0.05,0.05,0.05,0.05,0.05,0.05,From DOE Reference Buildings 
Hospital Bldg Light,Lighting,,WntrDsn,1-Jan,31-Dec,Constant,0,,,,,,,,,,,,,,,,,,,,,,,,From DOE Reference Buildings 
Hospital Bldg Occ,Occupancy,,Default|SmrDsn,1-Jan,31-Dec,Hourly,0.05,0.05,0.05,0.05,0.2,0.2,0.5,0.9,0.9,0.9,0.9,0.9,0.9,0.9,0.9,0.9,0.9,0.9,0.5,0.5,0.2,0.2,0.05,0.05,From DOE Reference Buildings 
Hospital Bldg Occ,Occupancy,,Sun,1-Jan,31-Dec,Hourly,0,0,0,0,0,0,0,0,0.05,0.05,0.05,0.05,0.05,0.05,0.05,0.05,0.05,0,0,0,0,0,0,0,From DOE Reference Buildings 
Hospital Bldg Occ,Occupancy,,WntrDsn|Sat,1-Jan,31-Dec,Hourly,0.05,0.05,0.05,0.05,0.05,0.05,0.05,0.2,0.2,0.3,0.3,0.3,0.3,0.3,0.3,0.2,0.2,0.2,0.2,0.2,0.05,0.05,0.05,0.05,From DOE Reference Buildings 
Hospital BLDG_ELEVATORS,Elevator,,Default,1-Jan,31-Dec,Hourly,0.2,0.2,0.2,0.2,0.2,0.2,0.2,0.2,0.4,0.4,0.4,0.4,0.4,0.4,0.4,0.4,0.2,0.2,0.2,0.2,0.2,0.2,0.2,0.2,From DOE Prototype Buildings
Hospital BLDG_ELEVATORS,Elevator,,Sat,1-Jan,31-Dec,Hourly,0.2,0.2,0.2,0.2,0.2,0.2,0.2,0.4,0.46,0.7,0.7,0.7,0.51,0.51,0.51,0.51,0.51,0.25,0.2,0.2,0.2,0.2,0.2,0.2,From DOE Prototype Buildings
Hospital BLDG_ELEVATORS,Elevator,,SmrDsn,1-Jan,31-Dec,Constant,1,,,,,,,,,,,,,,,,,,,,,,,,From DOE Prototype Buildings
Hospital BLDG_ELEVATORS,Elevator,,Wkdy,1-Jan,31-Dec,Hourly,0.2,0.2,0.2,0.2,0.2,0.2,0.2,0.5,0.75,1,1,1,0.75,1,1,1,1,1,0.52,0.52,0.52,0.28,0.2,0.2,From DOE Prototype Buildings
Hospital BLDG_ELEVATORS,Elevator,,WntrDsn,1-Jan,31-Dec,Constant,0.2,,,,,,,,,,,,,,,,,,,,,,,,From DOE Prototype Buildings
Hospital BLDG_EQUIP_EXTD_SCH,Equipment,,Default,1-Jan,31-Dec,Hourly,0.4,0.4,0.4,0.4,0.4,0.4,0.4,0.4,0.6,0.6,0.6,0.6,0.6,0.6,0.6,0.6,0.4,0.4,0.4,0.4,0.4,0.4,0.4,0.4,From DOE Prototype Buildings
Hospital BLDG_EQUIP_EXTD_SCH,Equipment,,Sat,1-Jan,31-Dec,Hourly,0.4,0.4,0.4,0.4,0.4,0.4,0.4,0.5,0.65,0.65,0.65,0.65,0.65,0.65,0.65,0.65,0.65,0.65,0.4,0.4,0.4,0.4,0.4,0.4,From DOE Prototype Buildings
Hospital BLDG_EQUIP_EXTD_SCH,Equipment,,SmrDsn,1-Jan,31-Dec,Constant,1,,,,,,,,,,,,,,,,,,,,,,,,From DOE Prototype Buildings
Hospital BLDG_EQUIP_EXTD_SCH,Equipment,,Wkdy,1-Jan,31-Dec,Hourly,0.4,0.4,0.4,0.4,0.4,0.4,0.4,0.7,0.9,0.9,0.9,0.9,0.9,0.9,0.9,0.9,0.6,0.6,0.6,0.6,0.6,0.6,0.6,0.4,From DOE Prototype Buildings
Hospital BLDG_EQUIP_EXTD_SCH,Equipment,,WntrDsn,1-Jan,31-Dec,Constant,0,,,,,,,,,,,,,,,,,,,,,,,,From DOE Prototype Buildings
Hospital BLDG_EQUIP_SCH,Equipment,,Default,1-Jan,31-Dec,Hourly,0.3,0.3,0.3,0.3,0.3,0.3,0.3,0.3,0.4,0.4,0.4,0.4,0.4,0.4,0.4,0.4,0.3,0.3,0.3,0.3,0.3,0.3,0.3,0.3,From DOE Prototype Buildings
Hospital BLDG_EQUIP_SCH,Equipment,,Sat,1-Jan,31-Dec,Hourly,0.4,0.4,0.4,0.4,0.4,0.4,0.4,0.5,0.65,0.65,0.65,0.65,0.65,0.65,0.65,0.65,0.65,0.65,0.4,0.4,0.4,0.4,0.4,0.4,From DOE Prototype Buildings
Hospital BLDG_EQUIP_SCH,Equipment,,SmrDsn,1-Jan,31-Dec,Constant,1,,,,,,,,,,,,,,,,,,,,,,,,From DOE Prototype Buildings
Hospital BLDG_EQUIP_SCH,Equipment,,Wkdy,1-Jan,31-Dec,Hourly,0.4,0.4,0.4,0.4,0.4,0.4,0.4,0.7,0.9,0.9,0.9,0.9,0.9,0.9,0.9,0.9,0.6,0.6,0.6,0.6,0.6,0.6,0.6,0.4,From DOE Prototype Buildings
Hospital BLDG_EQUIP_SCH,Equipment,,WntrDsn,1-Jan,31-Dec,Constant,0,,,,,,,,,,,,,,,,,,,,,,,,From DOE Prototype Buildings
Hospital BLDG_LIGHT_CORRIDOR_SCH,Lighting,,Default,1-Jan,31-Dec,Hourly,0.5,0.5,0.5,0.5,0.5,0.5,0.5,0.5,0.7,0.7,0.7,0.7,0.7,0.7,0.7,0.7,0.5,0.5,0.5,0.5,0.5,0.5,0.5,0.5,From DOE Prototype Buildings
Hospital BLDG_LIGHT_CORRIDOR_SCH,Lighting,,Sat,1-Jan,31-Dec,Hourly,0.5,0.5,0.5,0.5,0.5,0.5,0.5,0.5,0.8,0.8,0.8,0.8,0.8,0.8,0.8,0.8,0.8,0.8,0.5,0.5,0.5,0.5,0.5,0.5,From DOE Prototype Buildings
Hospital BLDG_LIGHT_CORRIDOR_SCH,Lighting,,SmrDsn,1-Jan,31-Dec,Constant,1,,,,,,,,,,,,,,,,,,,,,,,,From DOE Prototype Buildings
Hospital BLDG_LIGHT_CORRIDOR_SCH,Lighting,,Wkdy,1-Jan,31-Dec,Hourly,0.5,0.5,0.5,0.5,0.5,0.5,0.5,0.5,0.9,0.9,0.9,0.9,0.9,0.9,0.9,0.9,0.5,0.5,0.5,0.5,0.5,0.5,0.5,0.5,From DOE Prototype Buildings
Hospital BLDG_LIGHT_CORRIDOR_SCH,Lighting,,WntrDsn,1-Jan,31-Dec,Constant,0,,,,,,,,,,,,,,,,,,,,,,,,From DOE Prototype Buildings
Hospital BLDG_LIGHT_EXAM_SCH,Lighting,,Default,1-Jan,31-Dec,Hourly,0.5,0.5,0.5,0.5,0.5,0.5,0.5,0.5,0.7,0.7,0.7,0.7,0.7,0.7,0.7,0.7,0.5,0.5,0.5,0.5,0.5,0.5,0.5,0.5,From DOE Prototype Buildings
Hospital BLDG_LIGHT_EXAM_SCH,Lighting,,Sat,1-Jan,31-Dec,Hourly,0.5,0.5,0.5,0.5,0.5,0.5,0.5,0.5,0.8,0.8,0.8,0.8,0.8,0.8,0.8,0.8,0.8,0.8,0.5,0.5,0.5,0.5,0.5,0.5,From DOE Prototype Buildings
Hospital BLDG_LIGHT_EXAM_SCH,Lighting,,SmrDsn,1-Jan,31-Dec,Constant,1,,,,,,,,,,,,,,,,,,,,,,,,From DOE Prototype Buildings
Hospital BLDG_LIGHT_EXAM_SCH,Lighting,,Wkdy,1-Jan,31-Dec,Hourly,0.5,0.5,0.5,0.5,0.5,0.5,0.5,0.5,0.9,0.9,0.9,0.9,0.9,0.9,0.9,0.9,0.5,0.5,0.5,0.5,0.5,0.5,0.5,0.5,From DOE Prototype Buildings
Hospital BLDG_LIGHT_EXAM_SCH,Lighting,,WntrDsn,1-Jan,31-Dec,Constant,0,,,,,,,,,,,,,,,,,,,,,,,,From DOE Prototype Buildings
Hospital BLDG_LIGHT_EXTD_SCH,Lighting,,Default,1-Jan,31-Dec,Hourly,0.5,0.5,0.5,0.5,0.5,0.5,0.5,0.5,0.7,0.7,0.7,0.7,0.7,0.7,0.7,0.7,0.5,0.5,0.5,0.5,0.5,0.5,0.5,0.5,From DOE Prototype Buildings
Hospital BLDG_LIGHT_EXTD_SCH,Lighting,,Sat,1-Jan,31-Dec,Hourly,0.5,0.5,0.5,0.5,0.5,0.5,0.5,0.5,0.8,0.8,0.8,0.8,0.8,0.8,0.8,0.8,0.8,0.8,0.5,0.5,0.5,0.5,0.5,0.5,From DOE Prototype Buildings
Hospital BLDG_LIGHT_EXTD_SCH,Lighting,,SmrDsn,1-Jan,31-Dec,Constant,1,,,,,,,,,,,,,,,,,,,,,,,,From DOE Prototype Buildings
Hospital BLDG_LIGHT_EXTD_SCH,Lighting,,Wkdy,1-Jan,31-Dec,Hourly,0.5,0.5,0.5,0.5,0.5,0.5,0.5,0.5,0.9,0.9,0.9,0.9,0.9,0.9,0.9,0.9,0.5,0.5,0.5,0.5,0.5,0.5,0.5,0.5,From DOE Prototype Buildings
Hospital BLDG_LIGHT_EXTD_SCH,Lighting,,WntrDsn,1-Jan,31-Dec,Constant,0,,,,,,,,,,,,,,,,,,,,,,,,From DOE Prototype Buildings
Hospital BLDG_LIGHT_LOBBYFLR1_SCH,Lighting,,Default,1-Jan,31-Dec,Hourly,0.05,0.05,0.05,0.05,0.05,0.05,0.05,0.05,0.1,0.1,0.1,0.1,0.1,0.1,0.1,0.1,0.05,0.05,0.05,0.05,0.05,0.05,0.05,0.05,From DOE Prototype Buildings
Hospital BLDG_LIGHT_LOBBYFLR1_SCH,Lighting,,Sat,1-Jan,31-Dec,Hourly,0.1,0.1,0.1,0.1,0.1,0.1,0.1,0.2,0.4,0.4,0.4,0.4,0.4,0.4,0.4,0.4,0.4,0.4,0.1,0.1,0.1,0.1,0.1,0.1,From DOE Prototype Buildings
Hospital BLDG_LIGHT_LOBBYFLR1_SCH,Lighting,,SmrDsn,1-Jan,31-Dec,Constant,1,,,,,,,,,,,,,,,,,,,,,,,,From DOE Prototype Buildings
Hospital BLDG_LIGHT_LOBBYFLR1_SCH,Lighting,,Wkdy,1-Jan,31-Dec,Hourly,0.1,0.1,0.1,0.1,0.1,0.1,0.1,0.5,0.9,0.9,0.9,0.9,0.9,0.9,0.9,0.9,0.3,0.3,0.3,0.3,0.3,0.3,0.3,0.1,From DOE Prototype Buildings
Hospital BLDG_LIGHT_LOBBYFLR1_SCH,Lighting,,WntrDsn,1-Jan,31-Dec,Constant,0,,,,,,,,,,,,,,,,,,,,,,,,From DOE Prototype Buildings
Hospital BLDG_LIGHT_LOBBYFLR5_SCH,Lighting,,Default,1-Jan,31-Dec,Hourly,0.05,0.05,0.05,0.05,0.05,0.05,0.05,0.05,0.1,0.1,0.1,0.1,0.1,0.1,0.1,0.1,0.05,0.05,0.05,0.05,0.05,0.05,0.05,0.05,From DOE Prototype Buildings
Hospital BLDG_LIGHT_LOBBYFLR5_SCH,Lighting,,Sat,1-Jan,31-Dec,Hourly,0.1,0.1,0.1,0.1,0.1,0.1,0.1,0.2,0.4,0.4,0.4,0.4,0.4,0.4,0.4,0.4,0.4,0.4,0.1,0.1,0.1,0.1,0.1,0.1,From DOE Prototype Buildings
Hospital BLDG_LIGHT_LOBBYFLR5_SCH,Lighting,,SmrDsn,1-Jan,31-Dec,Constant,1,,,,,,,,,,,,,,,,,,,,,,,,From DOE Prototype Buildings
Hospital BLDG_LIGHT_LOBBYFLR5_SCH,Lighting,,Wkdy,1-Jan,31-Dec,Hourly,0.1,0.1,0.1,0.1,0.1,0.1,0.1,0.5,0.9,0.9,0.9,0.9,0.9,0.9,0.9,0.9,0.3,0.3,0.3,0.3,0.3,0.3,0.3,0.1,From DOE Prototype Buildings
Hospital BLDG_LIGHT_LOBBYFLR5_SCH,Lighting,,WntrDsn,1-Jan,31-Dec,Constant,0,,,,,,,,,,,,,,,,,,,,,,,,From DOE Prototype Buildings
Hospital BLDG_LIGHT_NURSEFLR1_SCH,Lighting,,Default,1-Jan,31-Dec,Hourly,0.5,0.5,0.5,0.5,0.5,0.5,0.5,0.5,0.7,0.7,0.7,0.7,0.7,0.7,0.7,0.7,0.5,0.5,0.5,0.5,0.5,0.5,0.5,0.5,From DOE Prototype Buildings
Hospital BLDG_LIGHT_NURSEFLR1_SCH,Lighting,,Sat,1-Jan,31-Dec,Hourly,0.5,0.5,0.5,0.5,0.5,0.5,0.5,0.5,0.8,0.8,0.8,0.8,0.8,0.8,0.8,0.8,0.8,0.8,0.5,0.5,0.5,0.5,0.5,0.5,From DOE Prototype Buildings
Hospital BLDG_LIGHT_NURSEFLR1_SCH,Lighting,,SmrDsn,1-Jan,31-Dec,Constant,1,,,,,,,,,,,,,,,,,,,,,,,,From DOE Prototype Buildings
Hospital BLDG_LIGHT_NURSEFLR1_SCH,Lighting,,Wkdy,1-Jan,31-Dec,Hourly,0.5,0.5,0.5,0.5,0.5,0.5,0.5,0.5,0.9,0.9,0.9,0.9,0.9,0.9,0.9,0.9,0.5,0.5,0.5,0.5,0.5,0.5,0.5,0.5,From DOE Prototype Buildings
Hospital BLDG_LIGHT_NURSEFLR1_SCH,Lighting,,WntrDsn,1-Jan,31-Dec,Constant,0,,,,,,,,,,,,,,,,,,,,,,,,From DOE Prototype Buildings
Hospital BLDG_LIGHT_NURSEFLR234_SCH,Lighting,,Default,1-Jan,31-Dec,Hourly,0.5,0.5,0.5,0.5,0.5,0.5,0.5,0.5,0.7,0.7,0.7,0.7,0.7,0.7,0.7,0.7,0.5,0.5,0.5,0.5,0.5,0.5,0.5,0.5,From DOE Prototype Buildings
Hospital BLDG_LIGHT_NURSEFLR234_SCH,Lighting,,Sat,1-Jan,31-Dec,Hourly,0.5,0.5,0.5,0.5,0.5,0.5,0.5,0.5,0.8,0.8,0.8,0.8,0.8,0.8,0.8,0.8,0.8,0.8,0.5,0.5,0.5,0.5,0.5,0.5,From DOE Prototype Buildings
Hospital BLDG_LIGHT_NURSEFLR234_SCH,Lighting,,SmrDsn,1-Jan,31-Dec,Constant,1,,,,,,,,,,,,,,,,,,,,,,,,From DOE Prototype Buildings
Hospital BLDG_LIGHT_NURSEFLR234_SCH,Lighting,,Wkdy,1-Jan,31-Dec,Hourly,0.5,0.5,0.5,0.5,0.5,0.5,0.5,0.5,0.9,0.9,0.9,0.9,0.9,0.9,0.9,0.9,0.5,0.5,0.5,0.5,0.5,0.5,0.5,0.5,From DOE Prototype Buildings
Hospital BLDG_LIGHT_NURSEFLR234_SCH,Lighting,,WntrDsn,1-Jan,31-Dec,Constant,0,,,,,,,,,,,,,,,,,,,,,,,,From DOE Prototype Buildings
Hospital BLDG_LIGHT_OFFICE_BSMT_SCH,Lighting,,Default,1-Jan,31-Dec,Hourly,0.05,0.05,0.05,0.05,0.05,0.05,0.05,0.05,0.1,0.1,0.1,0.1,0.1,0.1,0.1,0.1,0.05,0.05,0.05,0.05,0.05,0.05,0.05,0.05,From DOE Prototype Buildings
Hospital BLDG_LIGHT_OFFICE_BSMT_SCH,Lighting,,Sat,1-Jan,31-Dec,Hourly,0.1,0.1,0.1,0.1,0.1,0.1,0.1,0.2,0.4,0.4,0.4,0.4,0.4,0.4,0.4,0.4,0.4,0.4,0.1,0.1,0.1,0.1,0.1,0.1,From DOE Prototype Buildings
Hospital BLDG_LIGHT_OFFICE_BSMT_SCH,Lighting,,SmrDsn,1-Jan,31-Dec,Constant,1,,,,,,,,,,,,,,,,,,,,,,,,From DOE Prototype Buildings
Hospital BLDG_LIGHT_OFFICE_BSMT_SCH,Lighting,,Wkdy,1-Jan,31-Dec,Hourly,0.1,0.1,0.1,0.1,0.1,0.1,0.1,0.5,0.9,0.9,0.9,0.9,0.9,0.9,0.9,0.9,0.3,0.3,0.3,0.3,0.3,0.3,0.3,0.1,From DOE Prototype Buildings
Hospital BLDG_LIGHT_OFFICE_BSMT_SCH,Lighting,,WntrDsn,1-Jan,31-Dec,Constant,0,,,,,,,,,,,,,,,,,,,,,,,,From DOE Prototype Buildings
Hospital BLDG_LIGHT_OFFICE_SCH,Lighting,,Default,1-Jan,31-Dec,Hourly,0.05,0.05,0.05,0.05,0.05,0.05,0.05,0.05,0.1,0.1,0.1,0.1,0.1,0.1,0.1,0.1,0.05,0.05,0.05,0.05,0.05,0.05,0.05,0.05,From DOE Prototype Buildings
Hospital BLDG_LIGHT_OFFICE_SCH,Lighting,,Sat,1-Jan,31-Dec,Hourly,0.1,0.1,0.1,0.1,0.1,0.1,0.1,0.2,0.4,0.4,0.4,0.4,0.4,0.4,0.4,0.4,0.4,0.4,0.1,0.1,0.1,0.1,0.1,0.1,From DOE Prototype Buildings
Hospital BLDG_LIGHT_OFFICE_SCH,Lighting,,SmrDsn,1-Jan,31-Dec,Constant,1,,,,,,,,,,,,,,,,,,,,,,,,From DOE Prototype Buildings
Hospital BLDG_LIGHT_OFFICE_SCH,Lighting,,Wkdy,1-Jan,31-Dec,Hourly,0.1,0.1,0.1,0.1,0.1,0.1,0.1,0.5,0.9,0.9,0.9,0.9,0.9,0.9,0.9,0.9,0.3,0.3,0.3,0.3,0.3,0.3,0.3,0.1,From DOE Prototype Buildings
Hospital BLDG_LIGHT_OFFICE_SCH,Lighting,,WntrDsn,1-Jan,31-Dec,Constant,0,,,,,,,,,,,,,,,,,,,,,,,,From DOE Prototype Buildings
Hospital BLDG_LIGHT_RADIOLOGY_SCH,Lighting,,Default,1-Jan,31-Dec,Hourly,0.05,0.05,0.05,0.05,0.05,0.05,0.05,0.05,0.1,0.1,0.1,0.1,0.1,0.1,0.1,0.1,0.05,0.05,0.05,0.05,0.05,0.05,0.05,0.05,From DOE Prototype Buildings
Hospital BLDG_LIGHT_RADIOLOGY_SCH,Lighting,,Sat,1-Jan,31-Dec,Hourly,0.1,0.1,0.1,0.1,0.1,0.1,0.1,0.2,0.4,0.4,0.4,0.4,0.4,0.4,0.4,0.4,0.4,0.4,0.1,0.1,0.1,0.1,0.1,0.1,From DOE Prototype Buildings
Hospital BLDG_LIGHT_RADIOLOGY_SCH,Lighting,,SmrDsn,1-Jan,31-Dec,Constant,1,,,,,,,,,,,,,,,,,,,,,,,,From DOE Prototype Buildings
Hospital BLDG_LIGHT_RADIOLOGY_SCH,Lighting,,Wkdy,1-Jan,31-Dec,Hourly,0.1,0.1,0.1,0.1,0.1,0.1,0.1,0.5,0.9,0.9,0.9,0.9,0.9,0.9,0.9,0.9,0.3,0.3,0.3,0.3,0.3,0.3,0.3,0.1,From DOE Prototype Buildings
Hospital BLDG_LIGHT_RADIOLOGY_SCH,Lighting,,WntrDsn,1-Jan,31-Dec,Constant,0,,,,,,,,,,,,,,,,,,,,,,,,From DOE Prototype Buildings
Hospital BLDG_LIGHT_SCH,Lighting,,Default,1-Jan,31-Dec,Hourly,0.05,0.05,0.05,0.05,0.05,0.05,0.05,0.05,0.1,0.1,0.1,0.1,0.1,0.1,0.1,0.1,0.05,0.05,0.05,0.05,0.05,0.05,0.05,0.05,From DOE Prototype Buildings
Hospital BLDG_LIGHT_SCH,Lighting,,Sat,1-Jan,31-Dec,Hourly,0.1,0.1,0.1,0.1,0.1,0.1,0.1,0.2,0.4,0.4,0.4,0.4,0.4,0.4,0.4,0.4,0.4,0.4,0.1,0.1,0.1,0.1,0.1,0.1,From DOE Prototype Buildings
Hospital BLDG_LIGHT_SCH,Lighting,,SmrDsn,1-Jan,31-Dec,Constant,1,,,,,,,,,,,,,,,,,,,,,,,,From DOE Prototype Buildings
Hospital BLDG_LIGHT_SCH,Lighting,,Wkdy,1-Jan,31-Dec,Hourly,0.1,0.1,0.1,0.1,0.1,0.1,0.1,0.5,0.9,0.9,0.9,0.9,0.9,0.9,0.9,0.9,0.3,0.3,0.3,0.3,0.3,0.3,0.3,0.1,From DOE Prototype Buildings
Hospital BLDG_LIGHT_SCH,Lighting,,WntrDsn,1-Jan,31-Dec,Constant,0,,,,,,,,,,,,,,,,,,,,,,,,From DOE Prototype Buildings
Hospital BLDG_OA_FRAC_SCH,OA Air,,Default,1-Jan,31-Dec,Constant,0,,,,,,,,,,,,,,,,,,,,,,,,From DOE Prototype Buildings
Hospital BLDG_OA_FRAC_SCH,OA Air,,WntrDsn|SmrDsn|Sat|Wkdy,1-Jan,31-Dec,Hourly,0,0,0,0,0,0,0.25,0.25,0.25,0.25,0.25,0.25,0.25,0.25,0.25,0.25,0.25,0.25,0,0,0,0,0,0,From DOE Prototype Buildings
Hospital BLDG_OCC_EXTD_SCH,Occupancy,,Default,1-Jan,31-Dec,Hourly,0.4,0.4,0.4,0.4,0.4,0.4,0.4,0.4,0.6,0.6,0.6,0.6,0.6,0.6,0.6,0.6,0.4,0.4,0.4,0.4,0.4,0.4,0.4,0.4,From DOE Prototype Buildings
Hospital BLDG_OCC_EXTD_SCH,Occupancy,,Sat,1-Jan,31-Dec,Hourly,0.4,0.4,0.4,0.4,0.4,0.4,0.4,0.5,0.6,0.6,0.6,0.6,0.6,0.6,0.6,0.6,0.6,0.5,0.5,0.4,0.4,0.4,0.4,0.4,From DOE Prototype Buildings
Hospital BLDG_OCC_EXTD_SCH,Occupancy,,SmrDsn,1-Jan,31-Dec,Constant,1,,,,,,,,,,,,,,,,,,,,,,,,From DOE Prototype Buildings
Hospital BLDG_OCC_EXTD_SCH,Occupancy,,Wkdy,1-Jan,31-Dec,Hourly,0.4,0.4,0.4,0.4,0.4,0.4,0.4,0.5,0.6,0.8,0.8,0.8,0.8,0.8,0.8,0.8,0.8,0.6,0.5,0.5,0.4,0.4,0.4,0.4,From DOE Prototype Buildings
Hospital BLDG_OCC_EXTD_SCH,Occupancy,,WntrDsn,1-Jan,31-Dec,Constant,0,,,,,,,,,,,,,,,,,,,,,,,,From DOE Prototype Buildings
Hospital BLDG_OCC_SCH,Occupancy,,Default,1-Jan,31-Dec,Hourly,0,0,0,0,0,0,0,0,0.05,0.05,0.05,0.05,0.05,0.05,0.05,0.05,0,0,0,0,0,0,0,0,From DOE Prototype Buildings
Hospital BLDG_OCC_SCH,Occupancy,,Sat,1-Jan,31-Dec,Hourly,0,0,0,0,0,0,0,0.1,0.3,0.4,0.4,0.4,0.4,0.4,0.4,0.4,0.4,0.1,0.1,0,0,0,0,0,From DOE Prototype Buildings
Hospital BLDG_OCC_SCH,Occupancy,,SmrDsn,1-Jan,31-Dec,Constant,1,,,,,,,,,,,,,,,,,,,,,,,,From DOE Prototype Buildings
Hospital BLDG_OCC_SCH,Occupancy,,Wkdy,1-Jan,31-Dec,Hourly,0,0,0,0,0,0,0,0.1,0.5,0.8,0.8,0.8,0.8,0.8,0.8,0.8,0.8,0.5,0.3,0.3,0.2,0.2,0,0,From DOE Prototype Buildings
Hospital BLDG_OCC_SCH,Occupancy,,WntrDsn,1-Jan,31-Dec,Constant,0,,,,,,,,,,,,,,,,,,,,,,,,From DOE Prototype Buildings
Hospital BLDG_SWH_EXTD_SCH,Service Water Heating,,Default|WntrDsn|Sat,1-Jan,31-Dec,Hourly,0.3,0.3,0.3,0.3,0.3,0.3,0.3,0.3,0.4,0.5,0.6,0.6,0.6,0.6,0.6,0.6,0.6,0.5,0.3,0.3,0.3,0.3,0.3,0.3,From DOE Prototype Buildings
Hospital BLDG_SWH_EXTD_SCH,Service Water Heating,,SmrDsn|Wkdy,1-Jan,31-Dec,Hourly,0.3,0.3,0.3,0.3,0.3,0.3,0.3,0.5,0.58,0.66,0.78,0.82,0.71,0.82,0.78,0.74,0.63,0.41,0.35,0.35,0.35,0.3,0.3,0.3,From DOE Prototype Buildings
Hospital BLDG_SWH_SCH,Service Water Heating,,Default,1-Jan,31-Dec,Hourly,0,0,0,0,0,0,0,0,0.01,0.01,0.01,0.01,0.01,0.01,0.01,0.01,0,0,0,0,0,0,0,0,From DOE Prototype Buildings
Hospital BLDG_SWH_SCH,Service Water Heating,,SmrDsn|Wkdy,1-Jan,31-Dec,Hourly,0,0,0,0,0,0,0,0.17,0.58,0.66,0.78,0.82,0.71,0.82,0.78,0.74,0.63,0.41,0.18,0.18,0.18,0.1,0,0,From DOE Prototype Buildings
Hospital BLDG_SWH_SCH,Service Water Heating,,WntrDsn|Sat,1-Jan,31-Dec,Hourly,0,0,0,0,0,0,0,0.01,0.2,0.28,0.3,0.3,0.24,0.24,0.23,0.23,0.23,0.1,0.1,0,0,0,0,0,From DOE Prototype Buildings
Hospital CLGSETP_SCH,Thermostat Setpoint,C,Default|WntrDsn|SmrDsn,1-Jan,31-Dec,Constant,24,,,,,,,,,,,,,,,,,,,,,,,,From DOE Prototype Buildings
Hospital Clothing,Clothing,,Default|WntrDsn,1-Jan,31-Dec,Constant,1,,,,,,,,,,,,,,,,,,,,,,,,From DOE Reference Buildings 
Hospital Clothing,Clothing,,SmrDsn,1-Jan,31-Dec,Constant,0.5,,,,,,,,,,,,,,,,,,,,,,,,From DOE Reference Buildings 
Hospital Clothing,Clothing,,Wknd|Wkdy,1-Oct,31-Dec,Constant,1,,,,,,,,,,,,,,,,,,,,,,,,From DOE Reference Buildings 
Hospital Clothing,Clothing,,Wknd|Wkdy,1-May,30-Sep,Constant,0.5,,,,,,,,,,,,,,,,,,,,,,,,From DOE Reference Buildings 
Hospital CLOTHING_SCH,Clothing,W,Default|SmrDsn,1-Jan,31-Dec,Constant,0.5,,,,,,,,,,,,,,,,,,,,,,,,From DOE Prototype Buildings
Hospital CLOTHING_SCH,Clothing,W,Wknd|Wkdy,1-Oct,31-Dec,Constant,1,,,,,,,,,,,,,,,,,,,,,,,,From DOE Prototype Buildings
Hospital CLOTHING_SCH,Clothing,W,Wknd|Wkdy,1-Jan,30-Apr,Constant,1,,,,,,,,,,,,,,,,,,,,,,,,From DOE Prototype Buildings
Hospital CLOTHING_SCH,Clothing,W,WntrDsn,1-Jan,31-Dec,Constant,1,,,,,,,,,,,,,,,,,,,,,,,,From DOE Prototype Buildings
Hospital CoolingCoilAvailSched,Unknown,,Default|WntrDsn|SmrDsn,1-Jan,31-Dec,Constant,1,,,,,,,,,,,,,,,,,,,,,,,,From DOE Prototype Buildings
Hospital Cool-Supply-Air-Temp-Sch,Unknown,C,Default|WntrDsn|SmrDsn,1-Jan,31-Dec,Constant,12.8,,,,,,,,,,,,,,,,,,,,,,,,From DOE Prototype Buildings
Hospital Critical ClgSetp,Thermostat Setpoint,C,Default|WntrDsn|SmrDsn,1-Jan,31-Dec,Constant,22.2,,,,,,,,,,,,,,,,,,,,,,,,From DOE Reference Buildings 
Hospital Critical Equip,Equipment,,Default|SmrDsn|Sun|Sat,1-Jan,31-Dec,Hourly,0.5,0.5,0.5,0.5,0.5,0.5,1,1,1,1,1,1,1,1,1,1,1,1,0.8,0.8,0.5,0.5,0.5,0.5,From DOE Reference Buildings 
Hospital Critical Equip,Equipment,,WntrDsn,1-Jan,31-Dec,Constant,0.3,,,,,,,,,,,,,,,,,,,,,,,,From DOE Reference Buildings 
Hospital Critical HtgSetp,Thermostat Setpoint,C,Default|WntrDsn|SmrDsn,1-Jan,31-Dec,Constant,21.1,,,,,,,,,,,,,,,,,,,,,,,,From DOE Reference Buildings 
Hospital Critical Light,Lighting,,Default|WntrDsn|SmrDsn|Sun|Sat,1-Jan,31-Dec,Hourly,0.5,0.5,0.5,0.5,0.7,0.7,0.9,0.9,0.9,0.9,0.9,0.9,0.9,0.9,0.9,0.9,0.9,0.9,0.7,0.7,0.7,0.7,0.5,0.5,From DOE Reference Buildings 
Hospital Critical Occ,Occupancy,,Default|WntrDsn|SmrDsn|Sun|Sat,1-Jan,31-Dec,Hourly,0.4,0.4,0.4,0.4,0.65,0.65,0.9,0.9,0.9,0.9,0.9,0.9,0.9,0.9,0.9,0.9,0.9,0.9,0.65,0.65,0.65,0.65,0.4,0.4,From DOE Reference Buildings 
Hospital CW-Loop-Temp-Schedule,Unknown,C,Default|WntrDsn|SmrDsn,1-Jan,31-Dec,Constant,6.7,,,,,,,,,,,,,,,,,,,,,,,,From DOE Prototype Buildings
Hospital Dishwashing Booster Setpoint Temp Schedule,Service Water Heating,W,Default|WntrDsn|SmrDsn,1-Jan,31-Dec,Constant,82.22,,,,,,,,,,,,,,,,,,,,,,,,From DOE Prototype Buildings
Hospital Dishwashing Booster Water Inlet Temp Schedule,Service Water Heating,W,Default|WntrDsn|SmrDsn,1-Jan,31-Dec,Constant,60,,,,,,,,,,,,,,,,,,,,,,,,From DOE Prototype Buildings
Hospital Dual Zone Control Type Sched,Unknown,,Default|WntrDsn|SmrDsn,1-Jan,31-Dec,Constant,4,,,,,,,,,,,,,,,,,,,,,,,,From DOE Prototype Buildings
Hospital ELEV_LIGHT_FAN_SCH_24_7,Lighting,,Default|WntrDsn|SmrDsn,1-Jan,31-Dec,Constant,1,,,,,,,,,,,,,,,,,,,,,,,,From DOE Prototype Buildings
Hospital ELEV_LIGHT_FAN_SCH_ADD_DF,Lighting,,Default,1-Jan,31-Dec,Hourly,0.2,0.2,0.2,0.2,0.2,0.2,0.2,0.2,0.4,0.4,0.4,0.4,0.4,0.4,0.4,0.4,0.2,0.2,0.2,0.2,0.2,0.2,0.2,0.2,From DOE Prototype Buildings
Hospital ELEV_LIGHT_FAN_SCH_ADD_DF,Lighting,,Sat,1-Jan,31-Dec,Hourly,0.2,0.2,0.2,0.2,0.2,0.2,0.2,0.4,0.46,0.7,0.7,0.7,0.51,0.51,0.51,0.51,0.51,0.25,0.2,0.2,0.2,0.2,0.2,0.2,From DOE Prototype Buildings
Hospital ELEV_LIGHT_FAN_SCH_ADD_DF,Lighting,,SmrDsn,1-Jan,31-Dec,Constant,1,,,,,,,,,,,,,,,,,,,,,,,,From DOE Prototype Buildings
Hospital ELEV_LIGHT_FAN_SCH_ADD_DF,Lighting,,Wkdy,1-Jan,31-Dec,Hourly,0.2,0.2,0.2,0.2,0.2,0.2,0.2,0.5,1,1,1,1,1,1,1,1,1,1,0.52,0.52,0.52,0.28,0.2,0.2,From DOE Prototype Buildings
Hospital ELEV_LIGHT_FAN_SCH_ADD_DF,Lighting,,WntrDsn,1-Jan,31-Dec,Constant,0.2,,,,,,,,,,,,,,,,,,,,,,,,From DOE Prototype Buildings
Hospital ER_Exam1_Mult4_Flr_1 sub cat Latent fract sched,Unknown,,Default|WntrDsn|SmrDsn,1-Jan,31-Dec,Constant,0.05,,,,,,,,,,,,,,,,,,,,,,,,From DOE Prototype Buildings
Hospital ER_Exam1_Mult4_Flr_1 sub cat Sensible fract sched,Unknown,,Default|WntrDsn|SmrDsn,1-Jan,31-Dec,Constant,0.2,,,,,,,,,,,,,,,,,,,,,,,,From DOE Prototype Buildings
Hospital ER_Exam1_Mult4_Flr_1 sub cat Temp Sched,Unknown,C,Default|WntrDsn|SmrDsn,1-Jan,31-Dec,Constant,60,,,,,,,,,,,,,,,,,,,,,,,,From DOE Prototype Buildings
Hospital ER_Exam1_Mult4_Flr_1 sub catHot Supply Temp Sched,Unknown,C,Default|WntrDsn|SmrDsn,1-Jan,31-Dec,Constant,55,,,,,,,,,,,,,,,,,,,,,,,,From DOE Prototype Buildings
Hospital ER_Exam3_Mult4_Flr_1 sub cat Latent fract sched,Unknown,,Default|WntrDsn|SmrDsn,1-Jan,31-Dec,Constant,0.05,,,,,,,,,,,,,,,,,,,,,,,,From DOE Prototype Buildings
Hospital ER_Exam3_Mult4_Flr_1 sub cat Sensible fract sched,Unknown,,Default|WntrDsn|SmrDsn,1-Jan,31-Dec,Constant,0.2,,,,,,,,,,,,,,,,,,,,,,,,From DOE Prototype Buildings
Hospital ER_Exam3_Mult4_Flr_1 sub cat Temp Sched,Unknown,C,Default|WntrDsn|SmrDsn,1-Jan,31-Dec,Constant,60,,,,,,,,,,,,,,,,,,,,,,,,From DOE Prototype Buildings
Hospital ER_Exam3_Mult4_Flr_1 sub catHot Supply Temp Sched,Unknown,C,Default|WntrDsn|SmrDsn,1-Jan,31-Dec,Constant,55,,,,,,,,,,,,,,,,,,,,,,,,From DOE Prototype Buildings
Hospital ER_ExtraElecHeatC_Sch,Unknown,,Default|WntrDsn|SmrDsn,1-Jan,31-Dec,Constant,1,,,,,,,,,,,,,,,,,,,,,,,,From DOE Prototype Buildings
Hospital ER_ExtraWaterHeatC_Sch,Unknown,,Default|WntrDsn|SmrDsn,1-Jan,31-Dec,Constant,1,,,,,,,,,,,,,,,,,,,,,,,,From DOE Prototype Buildings
Hospital ER_Trauma1_Flr_1 sub cat Latent fract sched,Unknown,,Default|WntrDsn|SmrDsn,1-Jan,31-Dec,Constant,0.05,,,,,,,,,,,,,,,,,,,,,,,,From DOE Prototype Buildings
Hospital ER_Trauma1_Flr_1 sub cat Sensible fract sched,Unknown,,Default|WntrDsn|SmrDsn,1-Jan,31-Dec,Constant,0.2,,,,,,,,,,,,,,,,,,,,,,,,From DOE Prototype Buildings
Hospital ER_Trauma1_Flr_1 sub cat Temp Sched,Unknown,C,Default|WntrDsn|SmrDsn,1-Jan,31-Dec,Constant,60,,,,,,,,,,,,,,,,,,,,,,,,From DOE Prototype Buildings
Hospital ER_Trauma1_Flr_1 sub catHot Supply Temp Sched,Unknown,C,Default|WntrDsn|SmrDsn,1-Jan,31-Dec,Constant,55,,,,,,,,,,,,,,,,,,,,,,,,From DOE Prototype Buildings
Hospital ER_Trauma2_Flr_1 sub cat Latent fract sched,Unknown,,Default|WntrDsn|SmrDsn,1-Jan,31-Dec,Constant,0.05,,,,,,,,,,,,,,,,,,,,,,,,From DOE Prototype Buildings
Hospital ER_Trauma2_Flr_1 sub cat Sensible fract sched,Unknown,,Default|WntrDsn|SmrDsn,1-Jan,31-Dec,Constant,0.2,,,,,,,,,,,,,,,,,,,,,,,,From DOE Prototype Buildings
Hospital ER_Trauma2_Flr_1 sub cat Temp Sched,Unknown,C,Default|WntrDsn|SmrDsn,1-Jan,31-Dec,Constant,60,,,,,,,,,,,,,,,,,,,,,,,,From DOE Prototype Buildings
Hospital ER_Trauma2_Flr_1 sub catHot Supply Temp Sched,Unknown,C,Default|WntrDsn|SmrDsn,1-Jan,31-Dec,Constant,55,,,,,,,,,,,,,,,,,,,,,,,,From DOE Prototype Buildings
Hospital ER_Triage_Mult4_Flr_1 sub cat Latent fract sched,Unknown,,Default|WntrDsn|SmrDsn,1-Jan,31-Dec,Constant,0.05,,,,,,,,,,,,,,,,,,,,,,,,From DOE Prototype Buildings
Hospital ER_Triage_Mult4_Flr_1 sub cat Sensible fract sched,Unknown,,Default|WntrDsn|SmrDsn,1-Jan,31-Dec,Constant,0.2,,,,,,,,,,,,,,,,,,,,,,,,From DOE Prototype Buildings
Hospital ER_Triage_Mult4_Flr_1 sub cat Temp Sched,Unknown,C,Default|WntrDsn|SmrDsn,1-Jan,31-Dec,Constant,60,,,,,,,,,,,,,,,,,,,,,,,,From DOE Prototype Buildings
Hospital ER_Triage_Mult4_Flr_1 sub catHot Supply Temp Sched,Unknown,C,Default|WntrDsn|SmrDsn,1-Jan,31-Dec,Constant,55,,,,,,,,,,,,,,,,,,,,,,,,From DOE Prototype Buildings
Hospital Exterior_Lgt_ALWAYS_ON,Unknown,,Default|WntrDsn|SmrDsn,1-Jan,31-Dec,Constant,1,,,,,,,,,,,,,,,,,,,,,,,,From DOE Prototype Buildings
Hospital Heat-Supply-Air-Temp-Sch,Unknown,C,Default|WntrDsn|SmrDsn,1-Jan,31-Dec,Constant,12.8,,,,,,,,,,,,,,,,,,,,,,,,From DOE Prototype Buildings
Hospital Hours_of_operation,Operation,,Default|WntrDsn|SmrDsn,1-Jan,31-Dec,Constant,1,,,,,,,,,,,,,,,,,,,,,,,,From DOE Prototype Buildings
Hospital HTGSETP_SCH,Thermostat Setpoint,C,Default|WntrDsn|SmrDsn,1-Jan,31-Dec,Constant,21,,,,,,,,,,,,,,,,,,,,,,,,From DOE Prototype Buildings
Hospital Humidity Setpoint Schedule,Unknown,,Default|WntrDsn|SmrDsn|Sat|Wkdy,1-Jan,31-Dec,Constant,50,,,,,,,,,,,,,,,,,,,,,,,,From DOE Prototype Buildings
Hospital HVACOperationSchd,Operation,,Default|WntrDsn|SmrDsn,1-Jan,31-Dec,Constant,1,,,,,,,,,,,,,,,,,,,,,,,,From DOE Prototype Buildings
Hospital HW-Loop-Temp-Schedule,Unknown,C,Default|WntrDsn|SmrDsn,1-Jan,31-Dec,Constant,82,,,,,,,,,,,,,,,,,,,,,,,,From DOE Prototype Buildings
Hospital ICU_ExtraElecHeatC_Sch,Unknown,,Default|WntrDsn|SmrDsn,1-Jan,31-Dec,Constant,1,,,,,,,,,,,,,,,,,,,,,,,,From DOE Prototype Buildings
Hospital ICU_ExtraWaterHeatC_Sch,Unknown,,Default|WntrDsn|SmrDsn,1-Jan,31-Dec,Constant,1,,,,,,,,,,,,,,,,,,,,,,,,From DOE Prototype Buildings
Hospital Infil Quarter On,Infiltration,,Default|Sun|Sat,1-Jan,31-Dec,Constant,0.25,,,,,,,,,,,,,,,,,,,,,,,,From DOE Reference Buildings 
Hospital Infil Quarter On,Infiltration,,WntrDsn|SmrDsn,1-Jan,31-Dec,Constant,1,,,,,,,,,,,,,,,,,,,,,,,,From DOE Reference Buildings 
Hospital INFIL_SCH_PNNL,Infiltration,,Default|WntrDsn|SmrDsn|Sat|Wkdy,1-Jan,31-Dec,Constant,0.25,,,,,,,,,,,,,,,,,,,,,,,,From DOE Prototype Buildings
Hospital Kitchen ClgSetp,Thermostat Setpoint,C,Default|SmrDsn,1-Jan,31-Dec,Hourly,30,30,30,30,30,26,26,26,26,26,26,26,26,26,26,26,26,26,30,30,30,30,30,30,From DOE Reference Buildings 
Hospital Kitchen ClgSetp,Thermostat Setpoint,C,Wknd,1-Jan,31-Dec,Constant,30,,,,,,,,,,,,,,,,,,,,,,,,From DOE Reference Buildings 
Hospital Kitchen ClgSetp,Thermostat Setpoint,C,WntrDsn,1-Jan,31-Dec,Hourly,30,30,30,30,30,30,30,26,26,26,26,26,26,26,26,30,30,30,30,30,30,30,30,30,From DOE Reference Buildings 
Hospital Kitchen Exhaust,Equipment,,Default|SmrDsn,1-Jan,31-Dec,Hourly,0,0,0,0,0,1,1,1,1,1,1,1,1,1,1,1,1,1,0,0,0,0,0,0,From DOE Reference Buildings 
Hospital Kitchen Exhaust,Equipment,,Wknd,1-Jan,31-Dec,Constant,0,,,,,,,,,,,,,,,,,,,,,,,,From DOE Reference Buildings 
Hospital Kitchen Exhaust,Equipment,,WntrDsn,1-Jan,31-Dec,Hourly,0,0,0,0,0,0,0,1,1,1,1,1,1,1,1,0,0,0,0,0,0,0,0,0,From DOE Reference Buildings 
Hospital Kitchen Exhaust Fan Balanced Exhaust Fraction Schedule,Equipment,,Default|WntrDsn|SmrDsn,1-Jan,31-Dec,Hourly,0,0,0,0,0,0,0,0.4458,0.4458,0.4458,0.4458,0.4458,0.4458,0.4458,0.4458,0.4458,0.4458,0.4458,0.4458,0.4458,0.4458,0.4458,0.4458,0.4458,From DOE Prototype Buildings
Hospital Kitchen Gas,Equipment,,Default|Sun,1-Jan,31-Dec,Hourly,0.02,0.02,0.02,0.02,0.02,0.05,0.1,0.15,0.2,0.15,0.25,0.25,0.25,0.2,0.15,0.2,0.3,0.3,0.3,0.2,0.2,0.15,0.1,0.05,From DOE Reference Buildings 
Hospital Kitchen Gas,Equipment,,SmrDsn,1-Jan,31-Dec,Constant,0.25,,,,,,,,,,,,,,,,,,,,,,,,From DOE Reference Buildings 
Hospital Kitchen Gas,Equipment,,WntrDsn,1-Jan,31-Dec,Constant,0,,,,,,,,,,,,,,,,,,,,,,,,From DOE Reference Buildings 
Hospital Kitchen HtgSetp,Thermostat Setpoint,C,Default|SmrDsn,1-Jan,31-Dec,Hourly,15.6,15.6,15.6,15.6,15.6,19,19,19,19,19,19,19,19,19,19,19,19,19,15.6,15.6,15.6,15.6,15.6,15.6,From DOE Reference Buildings 
Hospital Kitchen HtgSetp,Thermostat Setpoint,C,Wknd,1-Jan,31-Dec,Constant,15.6,,,,,,,,,,,,,,,,,,,,,,,,From DOE Reference Buildings 
Hospital Kitchen HtgSetp,Thermostat Setpoint,C,WntrDsn,1-Jan,31-Dec,Hourly,15.6,15.6,15.6,15.6,15.6,15.6,15.6,19,19,19,19,19,19,19,19,15.6,15.6,15.6,15.6,15.6,15.6,15.6,15.6,15.6,From DOE Reference Buildings 
Hospital Kitchen_Exhaust_SCH,Equipment,,Default|WntrDsn|SmrDsn,1-Jan,31-Dec,Hourly,0,0,0,0,0,0,0,1,1,1,1,1,1,1,1,1,1,1,1,1,1,1,1,1,From DOE Prototype Buildings
Hospital Kitchen_Flr_5 sub cat Latent fract sched,Equipment,,Default|WntrDsn|SmrDsn,1-Jan,31-Dec,Constant,0.05,,,,,,,,,,,,,,,,,,,,,,,,From DOE Prototype Buildings
Hospital Kitchen_Flr_5 sub cat Sensible fract sched,Equipment,,Default|WntrDsn|SmrDsn,1-Jan,31-Dec,Constant,0.2,,,,,,,,,,,,,,,,,,,,,,,,From DOE Prototype Buildings
Hospital Kitchen_Flr_5 sub cat Temp Sched,Equipment,C,Default|WntrDsn|SmrDsn,1-Jan,31-Dec,Constant,60,,,,,,,,,,,,,,,,,,,,,,,,From DOE Prototype Buildings
Hospital Kitchen_Flr_5 sub catHot Supply Temp Sched,Equipment,C,Default|WntrDsn|SmrDsn,1-Jan,31-Dec,Constant,55,,,,,,,,,,,,,,,,,,,,,,,,From DOE Prototype Buildings
Hospital Kitchen_Flr_5_Case:1_WALKINFREEZER_WalkInStockingSched,Equipment,W,Default,1-Jan,31-Dec,Hourly,0,0,0,0,725,417,290,0,0,0,0,0,0,0,0,0,0,0,0,0,0,0,0,0,From DOE Prototype Buildings
Hospital Kitchen_Flr_5_Case:1_WALKINFREEZER_WalkInStockingSched,Equipment,W,WntrDsn|SmrDsn|Wknd|Mon|Wed|Thu,1-Jan,31-Dec,Hourly,0,0,0,0,125,117,90,0,0,0,0,0,0,0,0,0,0,0,0,125,117,90,0,0,From DOE Prototype Buildings
Hospital Kitchen_Flr_5_Case:2_SELFCONTAINEDDISPLAYCASE_CaseStockingSched,Equipment,W,Default|WntrDsn|SmrDsn,1-Jan,31-Dec,Constant,0,,,,,,,,,,,,,,,,,,,,,,,,From DOE Prototype Buildings
Hospital Kitchen_SAT_SCH,Equipment,C,Default|WntrDsn|SmrDsn,1-Jan,31-Dec,Constant,15.6,,,,,,,,,,,,,,,,,,,,,,,,From DOE Prototype Buildings
Hospital Lab_Flr_3 sub cat Latent fract sched,Unknown,,Default|WntrDsn|SmrDsn,1-Jan,31-Dec,Constant,0.05,,,,,,,,,,,,,,,,,,,,,,,,From DOE Prototype Buildings
Hospital Lab_Flr_3 sub cat Sensible fract sched,Unknown,,Default|WntrDsn|SmrDsn,1-Jan,31-Dec,Constant,0.2,,,,,,,,,,,,,,,,,,,,,,,,From DOE Prototype Buildings
Hospital Lab_Flr_3 sub cat Temp Sched,Unknown,C,Default|WntrDsn|SmrDsn,1-Jan,31-Dec,Constant,60,,,,,,,,,,,,,,,,,,,,,,,,From DOE Prototype Buildings
Hospital Lab_Flr_3 sub catHot Supply Temp Sched,Unknown,C,Default|WntrDsn|SmrDsn,1-Jan,31-Dec,Constant,55,,,,,,,,,,,,,,,,,,,,,,,,From DOE Prototype Buildings
Hospital Lab_Flr_4 sub cat Latent fract sched,Unknown,,Default|WntrDsn|SmrDsn,1-Jan,31-Dec,Constant,0.05,,,,,,,,,,,,,,,,,,,,,,,,From DOE Prototype Buildings
Hospital Lab_Flr_4 sub cat Sensible fract sched,Unknown,,Default|WntrDsn|SmrDsn,1-Jan,31-Dec,Constant,0.2,,,,,,,,,,,,,,,,,,,,,,,,From DOE Prototype Buildings
Hospital Lab_Flr_4 sub cat Temp Sched,Unknown,C,Default|WntrDsn|SmrDsn,1-Jan,31-Dec,Constant,60,,,,,,,,,,,,,,,,,,,,,,,,From DOE Prototype Buildings
Hospital Lab_Flr_4 sub catHot Supply Temp Sched,Unknown,C,Default|WntrDsn|SmrDsn,1-Jan,31-Dec,Constant,55,,,,,,,,,,,,,,,,,,,,,,,,From DOE Prototype Buildings
Hospital Labs_ExtraElecHeatC_Sch,Unknown,,Default|WntrDsn|SmrDsn,1-Jan,31-Dec,Constant,1,,,,,,,,,,,,,,,,,,,,,,,,From DOE Prototype Buildings
Hospital Labs_ExtraWaterHeatC_Sch,Unknown,,Default|WntrDsn|SmrDsn,1-Jan,31-Dec,Constant,1,,,,,,,,,,,,,,,,,,,,,,,,From DOE Prototype Buildings
Hospital Laundry Setpoint Temp Schedule,Equipment,W,Default|WntrDsn|SmrDsn,1-Jan,31-Dec,Constant,82.22,,,,,,,,,,,,,,,,,,,,,,,,From DOE Prototype Buildings
Hospital LAUNDRY_SWH_SCH,Equipment,,Default|WntrDsn|SmrDsn,1-Jan,31-Dec,Hourly,0,0,0,0,0,0,0,0,1,1,1,1,1,1,1,0,0,0,0,0,0,0,0,0,From DOE Prototype Buildings
Hospital MaxRelHumSetSch,Unknown,,Default|WntrDsn|SmrDsn,1-Jan,31-Dec,Constant,60,,,,,,,,,,,,,,,,,,,,,,,,From DOE Prototype Buildings
Hospital MinOA_Sched,OA Air,,Default|WntrDsn|SmrDsn,1-Jan,31-Dec,Constant,1,,,,,,,,,,,,,,,,,,,,,,,,From DOE Prototype Buildings
Hospital MinRelHumSetSch,Unknown,,Default|WntrDsn|SmrDsn,1-Jan,31-Dec,Constant,40,,,,,,,,,,,,,,,,,,,,,,,,From DOE Prototype Buildings
Hospital MinRelHumSetSch_addDI,Unknown,,Default|WntrDsn|SmrDsn,1-Jan,31-Dec,Constant,30,,,,,,,,,,,,,,,,,,,,,,,,From DOE Prototype Buildings
Hospital MinRelHumSetSch_addDI_ICU,Unknown,,Default|WntrDsn|SmrDsn,1-Jan,31-Dec,Constant,35,,,,,,,,,,,,,,,,,,,,,,,,From DOE Prototype Buildings
Hospital OR ClgSetp,Thermostat Setpoint,C,Default|WntrDsn|SmrDsn,1-Jan,31-Dec,Hourly,22.2,22.2,22.2,22.2,22.2,22.2,18.3,18.3,18.3,18.3,18.3,18.3,18.3,18.3,18.3,18.3,18.3,22.2,22.2,22.2,22.2,22.2,22.2,22.2,From DOE Reference Buildings 
Hospital OR HtgSetp,Thermostat Setpoint,C,Default|WntrDsn|SmrDsn,1-Jan,31-Dec,Constant,18.3,,,,,,,,,,,,,,,,,,,,,,,,From DOE Reference Buildings 
Hospital OR_ExtraElecHeatC_Sch,Unknown,,Default|WntrDsn|SmrDsn,1-Jan,31-Dec,Constant,1,,,,,,,,,,,,,,,,,,,,,,,,From DOE Prototype Buildings
Hospital OR_ExtraWaterHeatC_Sch,Unknown,,Default|WntrDsn|SmrDsn,1-Jan,31-Dec,Constant,1,,,,,,,,,,,,,,,,,,,,,,,,From DOE Prototype Buildings
Hospital OR_MinSA_Sched,Unknown,,Default|WntrDsn,1-Jan,31-Dec,Constant,0.2,,,,,,,,,,,,,,,,,,,,,,,,From DOE Prototype Buildings
Hospital OR_MinSA_Sched,Unknown,,Sat,1-Jan,31-Dec,Hourly,0.2,0.2,0.2,0.2,0.2,0.2,0.2,0.2,0.2,1,1,1,1,1,1,1,1,0.2,0.2,0.2,0.2,0.2,0.2,0.2,From DOE Prototype Buildings
Hospital OR_MinSA_Sched,Unknown,,SmrDsn,1-Jan,31-Dec,Constant,1,,,,,,,,,,,,,,,,,,,,,,,,From DOE Prototype Buildings
Hospital OR_MinSA_Sched,Unknown,,Wkdy,1-Jan,31-Dec,Hourly,0.2,0.2,0.2,0.2,0.2,0.2,0.2,0.2,0.2,1,1,1,1,1,1,1,1,1,0.2,0.2,0.2,0.2,0.2,0.2,From DOE Prototype Buildings
Hospital OR1_Flr_2 sub cat Latent fract sched,Unknown,,Default|WntrDsn|SmrDsn,1-Jan,31-Dec,Constant,0.05,,,,,,,,,,,,,,,,,,,,,,,,From DOE Prototype Buildings
Hospital OR1_Flr_2 sub cat Sensible fract sched,Unknown,,Default|WntrDsn|SmrDsn,1-Jan,31-Dec,Constant,0.2,,,,,,,,,,,,,,,,,,,,,,,,From DOE Prototype Buildings
Hospital OR1_Flr_2 sub cat Temp Sched,Unknown,C,Default|WntrDsn|SmrDsn,1-Jan,31-Dec,Constant,60,,,,,,,,,,,,,,,,,,,,,,,,From DOE Prototype Buildings
Hospital OR1_Flr_2 sub catHot Supply Temp Sched,Unknown,C,Default|WntrDsn|SmrDsn,1-Jan,31-Dec,Constant,55,,,,,,,,,,,,,,,,,,,,,,,,From DOE Prototype Buildings
Hospital OR2_Mult5_Flr_2 sub cat Latent fract sched,Unknown,,Default|WntrDsn|SmrDsn,1-Jan,31-Dec,Constant,0.05,,,,,,,,,,,,,,,,,,,,,,,,From DOE Prototype Buildings
Hospital OR2_Mult5_Flr_2 sub cat Sensible fract sched,Unknown,,Default|WntrDsn|SmrDsn,1-Jan,31-Dec,Constant,0.2,,,,,,,,,,,,,,,,,,,,,,,,From DOE Prototype Buildings
Hospital OR2_Mult5_Flr_2 sub cat Temp Sched,Unknown,C,Default|WntrDsn|SmrDsn,1-Jan,31-Dec,Constant,60,,,,,,,,,,,,,,,,,,,,,,,,From DOE Prototype Buildings
Hospital OR2_Mult5_Flr_2 sub catHot Supply Temp Sched,Unknown,C,Default|WntrDsn|SmrDsn,1-Jan,31-Dec,Constant,55,,,,,,,,,,,,,,,,,,,,,,,,From DOE Prototype Buildings
Hospital OR3_Flr_2 sub cat Latent fract sched,Unknown,,Default|WntrDsn|SmrDsn,1-Jan,31-Dec,Constant,0.05,,,,,,,,,,,,,,,,,,,,,,,,From DOE Prototype Buildings
Hospital OR3_Flr_2 sub cat Sensible fract sched,Unknown,,Default|WntrDsn|SmrDsn,1-Jan,31-Dec,Constant,0.2,,,,,,,,,,,,,,,,,,,,,,,,From DOE Prototype Buildings
Hospital OR3_Flr_2 sub cat Temp Sched,Unknown,C,Default|WntrDsn|SmrDsn,1-Jan,31-Dec,Constant,60,,,,,,,,,,,,,,,,,,,,,,,,From DOE Prototype Buildings
Hospital OR3_Flr_2 sub catHot Supply Temp Sched,Unknown,C,Default|WntrDsn|SmrDsn,1-Jan,31-Dec,Constant,55,,,,,,,,,,,,,,,,,,,,,,,,From DOE Prototype Buildings
Hospital OR4_Flr_2 sub cat Latent fract sched,Unknown,,Default|WntrDsn|SmrDsn,1-Jan,31-Dec,Constant,0.05,,,,,,,,,,,,,,,,,,,,,,,,From DOE Prototype Buildings
Hospital OR4_Flr_2 sub cat Sensible fract sched,Unknown,,Default|WntrDsn|SmrDsn,1-Jan,31-Dec,Constant,0.2,,,,,,,,,,,,,,,,,,,,,,,,From DOE Prototype Buildings
Hospital OR4_Flr_2 sub cat Temp Sched,Unknown,C,Default|WntrDsn|SmrDsn,1-Jan,31-Dec,Constant,60,,,,,,,,,,,,,,,,,,,,,,,,From DOE Prototype Buildings
Hospital OR4_Flr_2 sub catHot Supply Temp Sched,Unknown,C,Default|WntrDsn|SmrDsn,1-Jan,31-Dec,Constant,55,,,,,,,,,,,,,,,,,,,,,,,,From DOE Prototype Buildings
Hospital Patrms_ExtraElecHeatC_Sch,Unknown,,Default|WntrDsn|SmrDsn,1-Jan,31-Dec,Constant,1,,,,,,,,,,,,,,,,,,,,,,,,From DOE Prototype Buildings
Hospital Patrms_ExtraWaterHeatC_Sch,Unknown,,Default|WntrDsn|SmrDsn,1-Jan,31-Dec,Constant,1,,,,,,,,,,,,,,,,,,,,,,,,From DOE Prototype Buildings
Hospital PatRoom1_Mult10_Flr_3 sub cat Latent fract sched,Unknown,,Default|WntrDsn|SmrDsn,1-Jan,31-Dec,Constant,0.05,,,,,,,,,,,,,,,,,,,,,,,,From DOE Prototype Buildings
Hospital PatRoom1_Mult10_Flr_3 sub cat Sensible fract sched,Unknown,,Default|WntrDsn|SmrDsn,1-Jan,31-Dec,Constant,0.2,,,,,,,,,,,,,,,,,,,,,,,,From DOE Prototype Buildings
Hospital PatRoom1_Mult10_Flr_3 sub cat Temp Sched,Unknown,C,Default|WntrDsn|SmrDsn,1-Jan,31-Dec,Constant,60,,,,,,,,,,,,,,,,,,,,,,,,From DOE Prototype Buildings
Hospital PatRoom1_Mult10_Flr_3 sub catHot Supply Temp Sched,Unknown,C,Default|WntrDsn|SmrDsn,1-Jan,31-Dec,Constant,55,,,,,,,,,,,,,,,,,,,,,,,,From DOE Prototype Buildings
Hospital PatRoom1_Mult10_Flr_4 sub cat Latent fract sched,Unknown,,Default|WntrDsn|SmrDsn,1-Jan,31-Dec,Constant,0.05,,,,,,,,,,,,,,,,,,,,,,,,From DOE Prototype Buildings
Hospital PatRoom1_Mult10_Flr_4 sub cat Sensible fract sched,Unknown,,Default|WntrDsn|SmrDsn,1-Jan,31-Dec,Constant,0.2,,,,,,,,,,,,,,,,,,,,,,,,From DOE Prototype Buildings
Hospital PatRoom1_Mult10_Flr_4 sub cat Temp Sched,Unknown,C,Default|WntrDsn|SmrDsn,1-Jan,31-Dec,Constant,60,,,,,,,,,,,,,,,,,,,,,,,,From DOE Prototype Buildings
Hospital PatRoom1_Mult10_Flr_4 sub catHot Supply Temp Sched,Unknown,C,Default|WntrDsn|SmrDsn,1-Jan,31-Dec,Constant,55,,,,,,,,,,,,,,,,,,,,,,,,From DOE Prototype Buildings
Hospital PatRoom2_Flr_3 sub cat Latent fract sched,Unknown,,Default|WntrDsn|SmrDsn,1-Jan,31-Dec,Constant,0.05,,,,,,,,,,,,,,,,,,,,,,,,From DOE Prototype Buildings
Hospital PatRoom2_Flr_3 sub cat Sensible fract sched,Unknown,,Default|WntrDsn|SmrDsn,1-Jan,31-Dec,Constant,0.2,,,,,,,,,,,,,,,,,,,,,,,,From DOE Prototype Buildings
Hospital PatRoom2_Flr_3 sub cat Temp Sched,Unknown,C,Default|WntrDsn|SmrDsn,1-Jan,31-Dec,Constant,60,,,,,,,,,,,,,,,,,,,,,,,,From DOE Prototype Buildings
Hospital PatRoom2_Flr_3 sub catHot Supply Temp Sched,Unknown,C,Default|WntrDsn|SmrDsn,1-Jan,31-Dec,Constant,55,,,,,,,,,,,,,,,,,,,,,,,,From DOE Prototype Buildings
Hospital PatRoom2_Flr_4 sub cat Latent fract sched,Unknown,,Default|WntrDsn|SmrDsn,1-Jan,31-Dec,Constant,0.05,,,,,,,,,,,,,,,,,,,,,,,,From DOE Prototype Buildings
Hospital PatRoom2_Flr_4 sub cat Sensible fract sched,Unknown,,Default|WntrDsn|SmrDsn,1-Jan,31-Dec,Constant,0.2,,,,,,,,,,,,,,,,,,,,,,,,From DOE Prototype Buildings
Hospital PatRoom2_Flr_4 sub cat Temp Sched,Unknown,C,Default|WntrDsn|SmrDsn,1-Jan,31-Dec,Constant,60,,,,,,,,,,,,,,,,,,,,,,,,From DOE Prototype Buildings
Hospital PatRoom2_Flr_4 sub catHot Supply Temp Sched,Unknown,C,Default|WntrDsn|SmrDsn,1-Jan,31-Dec,Constant,55,,,,,,,,,,,,,,,,,,,,,,,,From DOE Prototype Buildings
Hospital PatRoom3_Mult10_Flr_3 sub cat Latent fract sched,Unknown,,Default|WntrDsn|SmrDsn,1-Jan,31-Dec,Constant,0.05,,,,,,,,,,,,,,,,,,,,,,,,From DOE Prototype Buildings
Hospital PatRoom3_Mult10_Flr_3 sub cat Sensible fract sched,Unknown,,Default|WntrDsn|SmrDsn,1-Jan,31-Dec,Constant,0.2,,,,,,,,,,,,,,,,,,,,,,,,From DOE Prototype Buildings
Hospital PatRoom3_Mult10_Flr_3 sub cat Temp Sched,Unknown,C,Default|WntrDsn|SmrDsn,1-Jan,31-Dec,Constant,60,,,,,,,,,,,,,,,,,,,,,,,,From DOE Prototype Buildings
Hospital PatRoom3_Mult10_Flr_3 sub catHot Supply Temp Sched,Unknown,C,Default|WntrDsn|SmrDsn,1-Jan,31-Dec,Constant,55,,,,,,,,,,,,,,,,,,,,,,,,From DOE Prototype Buildings
Hospital PatRoom3_Mult10_Flr_4 sub cat Latent fract sched,Unknown,,Default|WntrDsn|SmrDsn,1-Jan,31-Dec,Constant,0.05,,,,,,,,,,,,,,,,,,,,,,,,From DOE Prototype Buildings
Hospital PatRoom3_Mult10_Flr_4 sub cat Sensible fract sched,Unknown,,Default|WntrDsn|SmrDsn,1-Jan,31-Dec,Constant,0.2,,,,,,,,,,,,,,,,,,,,,,,,From DOE Prototype Buildings
Hospital PatRoom3_Mult10_Flr_4 sub cat Temp Sched,Unknown,C,Default|WntrDsn|SmrDsn,1-Jan,31-Dec,Constant,60,,,,,,,,,,,,,,,,,,,,,,,,From DOE Prototype Buildings
Hospital PatRoom3_Mult10_Flr_4 sub catHot Supply Temp Sched,Unknown,C,Default|WntrDsn|SmrDsn,1-Jan,31-Dec,Constant,55,,,,,,,,,,,,,,,,,,,,,,,,From DOE Prototype Buildings
Hospital PatRoom4_Flr_3 sub cat Latent fract sched,Unknown,,Default|WntrDsn|SmrDsn,1-Jan,31-Dec,Constant,0.05,,,,,,,,,,,,,,,,,,,,,,,,From DOE Prototype Buildings
Hospital PatRoom4_Flr_3 sub cat Sensible fract sched,Unknown,,Default|WntrDsn|SmrDsn,1-Jan,31-Dec,Constant,0.2,,,,,,,,,,,,,,,,,,,,,,,,From DOE Prototype Buildings
Hospital PatRoom4_Flr_3 sub cat Temp Sched,Unknown,C,Default|WntrDsn|SmrDsn,1-Jan,31-Dec,Constant,60,,,,,,,,,,,,,,,,,,,,,,,,From DOE Prototype Buildings
Hospital PatRoom4_Flr_3 sub catHot Supply Temp Sched,Unknown,C,Default|WntrDsn|SmrDsn,1-Jan,31-Dec,Constant,55,,,,,,,,,,,,,,,,,,,,,,,,From DOE Prototype Buildings
Hospital PatRoom4_Flr_4 sub cat Latent fract sched,Unknown,,Default|WntrDsn|SmrDsn,1-Jan,31-Dec,Constant,0.05,,,,,,,,,,,,,,,,,,,,,,,,From DOE Prototype Buildings
Hospital PatRoom4_Flr_4 sub cat Sensible fract sched,Unknown,,Default|WntrDsn|SmrDsn,1-Jan,31-Dec,Constant,0.2,,,,,,,,,,,,,,,,,,,,,,,,From DOE Prototype Buildings
Hospital PatRoom4_Flr_4 sub cat Temp Sched,Unknown,C,Default|WntrDsn|SmrDsn,1-Jan,31-Dec,Constant,60,,,,,,,,,,,,,,,,,,,,,,,,From DOE Prototype Buildings
Hospital PatRoom4_Flr_4 sub catHot Supply Temp Sched,Unknown,C,Default|WntrDsn|SmrDsn,1-Jan,31-Dec,Constant,55,,,,,,,,,,,,,,,,,,,,,,,,From DOE Prototype Buildings
Hospital PatRoom5_Mult10_Flr_3 sub cat Latent fract sched,Unknown,,Default|WntrDsn|SmrDsn,1-Jan,31-Dec,Constant,0.05,,,,,,,,,,,,,,,,,,,,,,,,From DOE Prototype Buildings
Hospital PatRoom5_Mult10_Flr_3 sub cat Sensible fract sched,Unknown,,Default|WntrDsn|SmrDsn,1-Jan,31-Dec,Constant,0.2,,,,,,,,,,,,,,,,,,,,,,,,From DOE Prototype Buildings
Hospital PatRoom5_Mult10_Flr_3 sub cat Temp Sched,Unknown,C,Default|WntrDsn|SmrDsn,1-Jan,31-Dec,Constant,60,,,,,,,,,,,,,,,,,,,,,,,,From DOE Prototype Buildings
Hospital PatRoom5_Mult10_Flr_3 sub catHot Supply Temp Sched,Unknown,C,Default|WntrDsn|SmrDsn,1-Jan,31-Dec,Constant,55,,,,,,,,,,,,,,,,,,,,,,,,From DOE Prototype Buildings
Hospital PatRoom5_Mult10_Flr_4 sub cat Latent fract sched,Unknown,,Default|WntrDsn|SmrDsn,1-Jan,31-Dec,Constant,0.05,,,,,,,,,,,,,,,,,,,,,,,,From DOE Prototype Buildings
Hospital PatRoom5_Mult10_Flr_4 sub cat Sensible fract sched,Unknown,,Default|WntrDsn|SmrDsn,1-Jan,31-Dec,Constant,0.2,,,,,,,,,,,,,,,,,,,,,,,,From DOE Prototype Buildings
Hospital PatRoom5_Mult10_Flr_4 sub cat Temp Sched,Unknown,C,Default|WntrDsn|SmrDsn,1-Jan,31-Dec,Constant,60,,,,,,,,,,,,,,,,,,,,,,,,From DOE Prototype Buildings
Hospital PatRoom5_Mult10_Flr_4 sub catHot Supply Temp Sched,Unknown,C,Default|WntrDsn|SmrDsn,1-Jan,31-Dec,Constant,55,,,,,,,,,,,,,,,,,,,,,,,,From DOE Prototype Buildings
Hospital PatRoom6_Flr_3 sub cat Latent fract sched,Unknown,,Default|WntrDsn|SmrDsn,1-Jan,31-Dec,Constant,0.05,,,,,,,,,,,,,,,,,,,,,,,,From DOE Prototype Buildings
Hospital PatRoom6_Flr_3 sub cat Sensible fract sched,Unknown,,Default|WntrDsn|SmrDsn,1-Jan,31-Dec,Constant,0.2,,,,,,,,,,,,,,,,,,,,,,,,From DOE Prototype Buildings
Hospital PatRoom6_Flr_3 sub cat Temp Sched,Unknown,C,Default|WntrDsn|SmrDsn,1-Jan,31-Dec,Constant,60,,,,,,,,,,,,,,,,,,,,,,,,From DOE Prototype Buildings
Hospital PatRoom6_Flr_3 sub catHot Supply Temp Sched,Unknown,C,Default|WntrDsn|SmrDsn,1-Jan,31-Dec,Constant,55,,,,,,,,,,,,,,,,,,,,,,,,From DOE Prototype Buildings
Hospital PatRoom6_Flr_4 sub cat Latent fract sched,Unknown,,Default|WntrDsn|SmrDsn,1-Jan,31-Dec,Constant,0.05,,,,,,,,,,,,,,,,,,,,,,,,From DOE Prototype Buildings
Hospital PatRoom6_Flr_4 sub cat Sensible fract sched,Unknown,,Default|WntrDsn|SmrDsn,1-Jan,31-Dec,Constant,0.2,,,,,,,,,,,,,,,,,,,,,,,,From DOE Prototype Buildings
Hospital PatRoom6_Flr_4 sub cat Temp Sched,Unknown,C,Default|WntrDsn|SmrDsn,1-Jan,31-Dec,Constant,60,,,,,,,,,,,,,,,,,,,,,,,,From DOE Prototype Buildings
Hospital PatRoom6_Flr_4 sub catHot Supply Temp Sched,Unknown,C,Default|WntrDsn|SmrDsn,1-Jan,31-Dec,Constant,55,,,,,,,,,,,,,,,,,,,,,,,,From DOE Prototype Buildings
Hospital PatRoom7_Mult10_Flr_3 sub cat Latent fract sched,Unknown,,Default|WntrDsn|SmrDsn,1-Jan,31-Dec,Constant,0.05,,,,,,,,,,,,,,,,,,,,,,,,From DOE Prototype Buildings
Hospital PatRoom7_Mult10_Flr_3 sub cat Sensible fract sched,Unknown,,Default|WntrDsn|SmrDsn,1-Jan,31-Dec,Constant,0.2,,,,,,,,,,,,,,,,,,,,,,,,From DOE Prototype Buildings
Hospital PatRoom7_Mult10_Flr_3 sub cat Temp Sched,Unknown,C,Default|WntrDsn|SmrDsn,1-Jan,31-Dec,Constant,60,,,,,,,,,,,,,,,,,,,,,,,,From DOE Prototype Buildings
Hospital PatRoom7_Mult10_Flr_3 sub catHot Supply Temp Sched,Unknown,C,Default|WntrDsn|SmrDsn,1-Jan,31-Dec,Constant,55,,,,,,,,,,,,,,,,,,,,,,,,From DOE Prototype Buildings
Hospital PatRoom7_Mult10_Flr_4 sub cat Latent fract sched,Unknown,,Default|WntrDsn|SmrDsn,1-Jan,31-Dec,Constant,0.05,,,,,,,,,,,,,,,,,,,,,,,,From DOE Prototype Buildings
Hospital PatRoom7_Mult10_Flr_4 sub cat Sensible fract sched,Unknown,,Default|WntrDsn|SmrDsn,1-Jan,31-Dec,Constant,0.2,,,,,,,,,,,,,,,,,,,,,,,,From DOE Prototype Buildings
Hospital PatRoom7_Mult10_Flr_4 sub cat Temp Sched,Unknown,C,Default|WntrDsn|SmrDsn,1-Jan,31-Dec,Constant,60,,,,,,,,,,,,,,,,,,,,,,,,From DOE Prototype Buildings
Hospital PatRoom7_Mult10_Flr_4 sub catHot Supply Temp Sched,Unknown,C,Default|WntrDsn|SmrDsn,1-Jan,31-Dec,Constant,55,,,,,,,,,,,,,,,,,,,,,,,,From DOE Prototype Buildings
Hospital PatRoom8_Flr_3 sub cat Latent fract sched,Unknown,,Default|WntrDsn|SmrDsn,1-Jan,31-Dec,Constant,0.05,,,,,,,,,,,,,,,,,,,,,,,,From DOE Prototype Buildings
Hospital PatRoom8_Flr_3 sub cat Sensible fract sched,Unknown,,Default|WntrDsn|SmrDsn,1-Jan,31-Dec,Constant,0.2,,,,,,,,,,,,,,,,,,,,,,,,From DOE Prototype Buildings
Hospital PatRoom8_Flr_3 sub cat Temp Sched,Unknown,C,Default|WntrDsn|SmrDsn,1-Jan,31-Dec,Constant,60,,,,,,,,,,,,,,,,,,,,,,,,From DOE Prototype Buildings
Hospital PatRoom8_Flr_3 sub catHot Supply Temp Sched,Unknown,C,Default|WntrDsn|SmrDsn,1-Jan,31-Dec,Constant,55,,,,,,,,,,,,,,,,,,,,,,,,From DOE Prototype Buildings
Hospital PatRoom8_Flr_4 sub cat Latent fract sched,Unknown,,Default|WntrDsn|SmrDsn,1-Jan,31-Dec,Constant,0.05,,,,,,,,,,,,,,,,,,,,,,,,From DOE Prototype Buildings
Hospital PatRoom8_Flr_4 sub cat Sensible fract sched,Unknown,,Default|WntrDsn|SmrDsn,1-Jan,31-Dec,Constant,0.2,,,,,,,,,,,,,,,,,,,,,,,,From DOE Prototype Buildings
Hospital PatRoom8_Flr_4 sub cat Temp Sched,Unknown,C,Default|WntrDsn|SmrDsn,1-Jan,31-Dec,Constant,60,,,,,,,,,,,,,,,,,,,,,,,,From DOE Prototype Buildings
Hospital PatRoom8_Flr_4 sub catHot Supply Temp Sched,Unknown,C,Default|WntrDsn|SmrDsn,1-Jan,31-Dec,Constant,55,,,,,,,,,,,,,,,,,,,,,,,,From DOE Prototype Buildings
Hospital PhysTherapy_Flr_3 sub cat Latent fract sched,Unknown,,Default|WntrDsn|SmrDsn,1-Jan,31-Dec,Constant,0.05,,,,,,,,,,,,,,,,,,,,,,,,From DOE Prototype Buildings
Hospital PhysTherapy_Flr_3 sub cat Sensible fract sched,Unknown,,Default|WntrDsn|SmrDsn,1-Jan,31-Dec,Constant,0.2,,,,,,,,,,,,,,,,,,,,,,,,From DOE Prototype Buildings
Hospital PhysTherapy_Flr_3 sub cat Temp Sched,Unknown,C,Default|WntrDsn|SmrDsn,1-Jan,31-Dec,Constant,60,,,,,,,,,,,,,,,,,,,,,,,,From DOE Prototype Buildings
Hospital PhysTherapy_Flr_3 sub catHot Supply Temp Sched,Unknown,C,Default|WntrDsn|SmrDsn,1-Jan,31-Dec,Constant,55,,,,,,,,,,,,,,,,,,,,,,,,From DOE Prototype Buildings
Hospital PlantOnSched,Unknown,,Default|WntrDsn|SmrDsn,1-Jan,31-Dec,Constant,1,,,,,,,,,,,,,,,,,,,,,,,,From DOE Prototype Buildings
Hospital Radiology_Flr_4 sub cat Latent fract sched,Unknown,,Default|WntrDsn|SmrDsn,1-Jan,31-Dec,Constant,0.05,,,,,,,,,,,,,,,,,,,,,,,,From DOE Prototype Buildings
Hospital Radiology_Flr_4 sub cat Sensible fract sched,Unknown,,Default|WntrDsn|SmrDsn,1-Jan,31-Dec,Constant,0.2,,,,,,,,,,,,,,,,,,,,,,,,From DOE Prototype Buildings
Hospital Radiology_Flr_4 sub cat Temp Sched,Unknown,C,Default|WntrDsn|SmrDsn,1-Jan,31-Dec,Constant,60,,,,,,,,,,,,,,,,,,,,,,,,From DOE Prototype Buildings
Hospital Radiology_Flr_4 sub catHot Supply Temp Sched,Unknown,C,Default|WntrDsn|SmrDsn,1-Jan,31-Dec,Constant,55,,,,,,,,,,,,,,,,,,,,,,,,From DOE Prototype Buildings
Hospital ReheatCoilAvailSched,Unknown,,Default|WntrDsn|SmrDsn,1-Jan,31-Dec,Constant,1,,,,,,,,,,,,,,,,,,,,,,,,From DOE Prototype Buildings
Hospital scheduleOSCBasementFloorTemp,Unknown,C,Default|WntrDsn|SmrDsn,1-Jan,31-Dec,Constant,0,,,,,,,,,,,,,,,,,,,,,,,,From DOE Prototype Buildings
Hospital scheduleOSCBasementLowerWallTemp,Unknown,C,Default|WntrDsn|SmrDsn,1-Jan,31-Dec,Constant,0,,,,,,,,,,,,,,,,,,,,,,,,From DOE Prototype Buildings
Hospital scheduleOSCBasementUpperWallTemp,Unknown,C,Default|WntrDsn|SmrDsn,1-Jan,31-Dec,Constant,0,,,,,,,,,,,,,,,,,,,,,,,,From DOE Prototype Buildings
Hospital scheduleOSCBasementWallSurfaceTemp,Unknown,C,Default|WntrDsn|SmrDsn,1-Jan,31-Dec,Constant,0,,,,,,,,,,,,,,,,,,,,,,,,From DOE Prototype Buildings
Hospital SHADING_SCH,Unknown,W,Default|WntrDsn|SmrDsn,1-Jan,31-Dec,Constant,0,,,,,,,,,,,,,,,,,,,,,,,,From DOE Prototype Buildings
Hospital SHWSys1 Water Heater Ambient Temperature Schedule,Service Water Heating,C,Default|WntrDsn|SmrDsn,1-Jan,31-Dec,Constant,22,,,,,,,,,,,,,,,,,,,,,,,,From DOE Prototype Buildings
Hospital SHWSys1 Water Heater Setpoint Temperature Schedule,Service Water Heating,C,Default|WntrDsn|SmrDsn,1-Jan,31-Dec,Constant,60,,,,,,,,,,,,,,,,,,,,,,,,From DOE Prototype Buildings
Hospital SHWSys1-Loop-Temp-Schedule,Service Water Heating,C,Default|WntrDsn|SmrDsn,1-Jan,31-Dec,Constant,60,,,,,,,,,,,,,,,,,,,,,,,,From DOE Prototype Buildings
Hospital Tower-Loop-Temp-Schedule,Unknown,C,Default|WntrDsn|SmrDsn,1-Jan,31-Dec,Constant,21.1,,,,,,,,,,,,,,,,,,,,,,,,From DOE Prototype Buildings
Hospital VAV_ER_OAminOAFracSchedule,OA Air,,Default|WntrDsn|SmrDsn,1-Jan,31-Dec,Constant,0.33,,,,,,,,,,,,,,,,,,,,,,,,From DOE Prototype Buildings
Hospital VAV_ICU_OAminOAFracSchedule,OA Air,,Default|WntrDsn|SmrDsn,1-Jan,31-Dec,Constant,0.33,,,,,,,,,,,,,,,,,,,,,,,,From DOE Prototype Buildings
Hospital VAV_LABS_OAminOAFracSchedule,OA Air,,Default|WntrDsn|SmrDsn,1-Jan,31-Dec,Constant,1,,,,,,,,,,,,,,,,,,,,,,,,From DOE Prototype Buildings
Hospital VAV_OR_OAminOAFracSchedule,OA Air,,Default|WntrDsn|SmrDsn,1-Jan,31-Dec,Constant,0.33,,,,,,,,,,,,,,,,,,,,,,,,From DOE Prototype Buildings
Hospital VAV_PATRMS_OAminOAFracSchedule,OA Air,,Default|WntrDsn|SmrDsn,1-Jan,31-Dec,Constant,0.33,,,,,,,,,,,,,,,,,,,,,,,,From DOE Prototype Buildings
Hospital VAV_SAT_SCH,Unknown,C,Default|WntrDsn|SmrDsn,1-Jan,31-Dec,Constant,12.8,,,,,,,,,,,,,,,,,,,,,,,,From DOE Prototype Buildings
Hospital walkin_occ_lght_SCH,Occupancy,,Default,1-Jan,31-Dec,Hourly,0.05,0.05,0.05,0.05,0.05,0.05,0.05,0.05,0.052,0.052,0.052,0.052,0.052,0.052,0.052,0.052,0.05,0.05,0.05,0.05,0.05,0.05,0.05,0.05,From DOE Prototype Buildings
Hospital walkin_occ_lght_SCH,Occupancy,,Sat,1-Jan,31-Dec,Hourly,0.1,0.1,0.1,0.1,0.1,0.1,0.1,0.104,0.208,0.208,0.208,0.208,0.208,0.208,0.208,0.208,0.208,0.208,0.1,0.1,0.1,0.1,0.1,0.1,From DOE Prototype Buildings
Hospital walkin_occ_lght_SCH,Occupancy,,SmrDsn,1-Jan,31-Dec,Constant,1,,,,,,,,,,,,,,,,,,,,,,,,From DOE Prototype Buildings
Hospital walkin_occ_lght_SCH,Occupancy,,Wkdy,1-Jan,31-Dec,Hourly,0.1,0.1,0.1,0.1,0.1,0.1,0.1,0.26,0.468,0.468,0.468,0.468,0.468,0.468,0.468,0.468,0.156,0.156,0.156,0.156,0.156,0.156,0.156,0.1,From DOE Prototype Buildings
Hospital walkin_occ_lght_SCH,Occupancy,,WntrDsn,1-Jan,31-Dec,Constant,0,,,,,,,,,,,,,,,,,,,,,,,,From DOE Prototype Buildings
Hospital Work Eff,Unknown,,Default|WntrDsn|SmrDsn,1-Jan,31-Dec,Constant,0,,,,,,,,,,,,,,,,,,,,,,,,From DOE Reference Buildings 
Hospital WORK_EFF_SCH,Unknown,,Default|WntrDsn|SmrDsn,1-Jan,31-Dec,Constant,0,,,,,,,,,,,,,,,,,,,,,,,,From DOE Prototype Buildings
HotelLarge Adva_OccGuestRoom_ClgSP_Sch,Thermostat Setpoint,C,Default,1-Jan,31-Dec,Hourly,21.11,21.11,21.11,21.11,21.11,21.11,21.11,21.11,21.11,23.333,23.333,23.333,23.333,23.333,23.333,23.333,21.11,21.11,21.11,21.11,21.11,21.11,21.11,21.11,From DOE Prototype Buildings
HotelLarge Adva_OccGuestRoom_ClgSP_Sch,Thermostat Setpoint,C,WntrDsn|SmrDsn,1-Jan,31-Dec,Constant,21.11,,,,,,,,,,,,,,,,,,,,,,,,From DOE Prototype Buildings
HotelLarge Adva_OccGuestRoom_HtgSP_Sch,Thermostat Setpoint,C,Default,1-Jan,31-Dec,Hourly,21.11,21.11,21.11,21.11,21.11,21.11,21.11,21.11,21.11,18.889,18.889,18.889,18.889,18.889,18.889,18.889,21.11,21.11,21.11,21.11,21.11,21.11,21.11,21.11,From DOE Prototype Buildings
HotelLarge Adva_OccGuestRoom_HtgSP_Sch,Thermostat Setpoint,C,WntrDsn|SmrDsn,1-Jan,31-Dec,Constant,21.11,,,,,,,,,,,,,,,,,,,,,,,,From DOE Prototype Buildings
HotelLarge Adva5F_OccGuestRoom_ClgSP_Sch,Thermostat Setpoint,C,Default,1-Jan,31-Dec,Hourly,21.11,21.11,21.11,21.11,21.11,21.11,21.11,21.11,21.11,23.888,23.888,23.888,23.888,23.888,23.888,23.888,21.11,21.11,21.11,21.11,21.11,21.11,21.11,21.11,From DOE Prototype Buildings
HotelLarge Adva5F_OccGuestRoom_ClgSP_Sch,Thermostat Setpoint,C,WntrDsn|SmrDsn,1-Jan,31-Dec,Constant,21.11,,,,,,,,,,,,,,,,,,,,,,,,From DOE Prototype Buildings
HotelLarge Adva5F_OccGuestRoom_HtgSP_Sch,Thermostat Setpoint,C,Default,1-Jan,31-Dec,Hourly,21.11,21.11,21.11,21.11,21.11,21.11,21.11,21.11,21.11,18.334,18.334,18.334,18.334,18.334,18.334,18.334,21.11,21.11,21.11,21.11,21.11,21.11,21.11,21.11,From DOE Prototype Buildings
HotelLarge Adva5F_OccGuestRoom_HtgSP_Sch,Thermostat Setpoint,C,WntrDsn|SmrDsn,1-Jan,31-Dec,Constant,21.11,,,,,,,,,,,,,,,,,,,,,,,,From DOE Prototype Buildings
HotelLarge AIR_VELO_SCH,Unknown,W,Default|WntrDsn|SmrDsn,1-Jan,31-Dec,Constant,0.2,,,,,,,,,,,,,,,,,,,,,,,,From DOE Prototype Buildings
HotelLarge ALWAYS_OFF,Unknown,,Default|WntrDsn|SmrDsn,1-Jan,31-Dec,Constant,0,,,,,,,,,,,,,,,,,,,,,,,,From DOE Prototype Buildings
HotelLarge ALWAYS_ON,Unknown,,Default|WntrDsn|SmrDsn,1-Jan,31-Dec,Constant,1,,,,,,,,,,,,,,,,,,,,,,,,From DOE Prototype Buildings
HotelLarge Base_OccGuestRoom_ClgSP_Sch,Thermostat Setpoint,C,Default|WntrDsn|SmrDsn,1-Jan,31-Dec,Constant,21.11,,,,,,,,,,,,,,,,,,,,,,,,From DOE Prototype Buildings
HotelLarge Base_OccGuestRoom_HtgSP_Sch,Thermostat Setpoint,C,Default|WntrDsn|SmrDsn,1-Jan,31-Dec,Constant,21.11,,,,,,,,,,,,,,,,,,,,,,,,From DOE Prototype Buildings
HotelLarge BASEMENT_EQUIP_SCH,Equipment,,Default,1-Jan,31-Dec,Hourly,0.4,0.4,0.3,0.3,0.3,0.3,0.4,0.5,0.5,0.4,0.4,0.4,0.4,0.3,0.3,0.3,0.3,0.3,0.6,0.8,0.9,0.7,0.6,0.4,From DOE Prototype Buildings
HotelLarge BASEMENT_EQUIP_SCH,Equipment,,Sat,1-Jan,31-Dec,Hourly,0.3,0.3,0.2,0.2,0.2,0.2,0.4,0.4,0.5,0.5,0.4,0.35,0.35,0.35,0.35,0.35,0.35,0.35,0.7,0.8,0.8,0.8,0.7,0.4,From DOE Prototype Buildings
HotelLarge BASEMENT_EQUIP_SCH,Equipment,,SmrDsn,1-Jan,31-Dec,Constant,1,,,,,,,,,,,,,,,,,,,,,,,,From DOE Prototype Buildings
HotelLarge BASEMENT_EQUIP_SCH,Equipment,,Wkdy,1-Jan,31-Dec,Hourly,0.3,0.25,0.2,0.2,0.2,0.3,0.5,0.6,0.5,0.5,0.35,0.35,0.35,0.35,0.35,0.35,0.35,0.35,0.7,0.9,0.95,0.9,0.7,0.4,From DOE Prototype Buildings
HotelLarge BASEMENT_EQUIP_SCH,Equipment,,WntrDsn,1-Jan,31-Dec,Constant,0,,,,,,,,,,,,,,,,,,,,,,,,From DOE Prototype Buildings
HotelLarge BASEMENT_EQUIP_SCH_2010,Equipment,,Default,1-Jan,31-Dec,Hourly,0.3841429,0.3841429,0.288107175,0.288107175,0.288107175,0.288107175,0.3841429,0.480178625,0.480178625,0.3841429,0.3841429,0.3841429,0.3841429,0.288107175,0.288107175,0.288107175,0.288107175,0.288107175,0.57621435,0.7682858,0.864321525,0.672250075,0.57621435,0.3841429,From DOE Prototype Buildings
HotelLarge BASEMENT_EQUIP_SCH_2010,Equipment,,Sat,1-Jan,31-Dec,Hourly,0.288107175,0.288107175,0.19207145,0.19207145,0.19207145,0.19207145,0.3841429,0.3841429,0.480178625,0.480178625,0.3841429,0.336125038,0.336125038,0.336125038,0.336125038,0.336125038,0.336125038,0.336125038,0.672250075,0.7682858,0.7682858,0.7682858,0.672250075,0.3841429,From DOE Prototype Buildings
HotelLarge BASEMENT_EQUIP_SCH_2010,Equipment,,SmrDsn,1-Jan,31-Dec,Constant,1,,,,,,,,,,,,,,,,,,,,,,,,From DOE Prototype Buildings
HotelLarge BASEMENT_EQUIP_SCH_2010,Equipment,,Wkdy,1-Jan,31-Dec,Hourly,0.288107175,0.240089313,0.19207145,0.19207145,0.19207145,0.288107175,0.480178625,0.57621435,0.480178625,0.480178625,0.336125038,0.336125038,0.336125038,0.336125038,0.336125038,0.336125038,0.336125038,0.336125038,0.672250075,0.864321525,0.912339388,0.864321525,0.672250075,0.3841429,From DOE Prototype Buildings
HotelLarge BASEMENT_EQUIP_SCH_2010,Equipment,,WntrDsn,1-Jan,31-Dec,Constant,0,,,,,,,,,,,,,,,,,,,,,,,,From DOE Prototype Buildings
HotelLarge BLDG_ELEVATORS,Elevator,,Default,1-Jan,31-Dec,Hourly,0.05,0.05,0.05,0.05,0.1,0.2,0.4,0.5,0.5,0.35,0.15,0.15,0.15,0.15,0.15,0.15,0.35,0.5,0.5,0.4,0.4,0.3,0.2,0.1,From DOE Prototype Buildings
HotelLarge BLDG_ELEVATORS,Elevator,,SmrDsn,1-Jan,31-Dec,Constant,0.5,,,,,,,,,,,,,,,,,,,,,,,,From DOE Prototype Buildings
HotelLarge BLDG_ELEVATORS,Elevator,,WntrDsn,1-Jan,31-Dec,Constant,0.05,,,,,,,,,,,,,,,,,,,,,,,,From DOE Prototype Buildings
HotelLarge BLDG_EQUIP_SCH,Equipment,,Default,1-Jan,31-Dec,Hourly,0.4,0.4,0.3,0.3,0.3,0.3,0.4,0.5,0.5,0.4,0.4,0.4,0.4,0.3,0.3,0.3,0.3,0.3,0.6,0.8,0.9,0.7,0.6,0.4,From DOE Prototype Buildings
HotelLarge BLDG_EQUIP_SCH,Equipment,,Sat,1-Jan,31-Dec,Hourly,0.3,0.3,0.2,0.2,0.2,0.2,0.4,0.4,0.5,0.5,0.4,0.35,0.35,0.35,0.35,0.35,0.35,0.35,0.7,0.8,0.8,0.8,0.7,0.4,From DOE Prototype Buildings
HotelLarge BLDG_EQUIP_SCH,Equipment,,SmrDsn,1-Jan,31-Dec,Constant,1,,,,,,,,,,,,,,,,,,,,,,,,From DOE Prototype Buildings
HotelLarge BLDG_EQUIP_SCH,Equipment,,Wkdy,1-Jan,31-Dec,Hourly,0.3,0.25,0.2,0.2,0.2,0.3,0.5,0.6,0.5,0.5,0.35,0.35,0.35,0.35,0.35,0.35,0.35,0.35,0.7,0.9,0.95,0.9,0.7,0.4,From DOE Prototype Buildings
HotelLarge BLDG_EQUIP_SCH,Equipment,,WntrDsn,1-Jan,31-Dec,Constant,0,,,,,,,,,,,,,,,,,,,,,,,,From DOE Prototype Buildings
HotelLarge BLDG_LIGHT_CORRIDOR_SCH,Lighting,,Default,1-Jan,31-Dec,Hourly,0.3,0.3,0.2,0.2,0.2,0.2,0.3,0.4,0.4,0.3,0.3,0.3,0.3,0.2,0.2,0.2,0.2,0.2,0.5,0.7,0.8,0.6,0.5,0.3,From DOE Prototype Buildings
HotelLarge BLDG_LIGHT_CORRIDOR_SCH,Lighting,,Sat,1-Jan,31-Dec,Hourly,0.2,0.2,0.1,0.1,0.1,0.1,0.3,0.3,0.4,0.4,0.3,0.25,0.25,0.25,0.25,0.25,0.25,0.25,0.6,0.7,0.7,0.7,0.6,0.3,From DOE Prototype Buildings
HotelLarge BLDG_LIGHT_CORRIDOR_SCH,Lighting,,SmrDsn,1-Jan,31-Dec,Constant,1,,,,,,,,,,,,,,,,,,,,,,,,From DOE Prototype Buildings
HotelLarge BLDG_LIGHT_CORRIDOR_SCH,Lighting,,Wkdy,1-Jan,31-Dec,Hourly,0.2,0.15,0.1,0.1,0.1,0.2,0.4,0.5,0.4,0.4,0.25,0.25,0.25,0.25,0.25,0.25,0.25,0.25,0.6,0.8,0.9,0.8,0.6,0.3,From DOE Prototype Buildings
HotelLarge BLDG_LIGHT_CORRIDOR_SCH,Lighting,,WntrDsn,1-Jan,31-Dec,Constant,0,,,,,,,,,,,,,,,,,,,,,,,,From DOE Prototype Buildings
HotelLarge BLDG_LIGHT_CORRIDOR_SCH_2010,Lighting,,Default,1-Jan,31-Dec,Hourly,0.25029,0.25029,0.16686,0.16686,0.16686,0.16686,0.25029,0.33372,0.33372,0.25029,0.25029,0.25029,0.25029,0.16686,0.16686,0.16686,0.16686,0.16686,0.41715,0.58401,0.66744,0.50058,0.41715,0.25029,From DOE Prototype Buildings
HotelLarge BLDG_LIGHT_CORRIDOR_SCH_2010,Lighting,,Sat,1-Jan,31-Dec,Hourly,0.16686,0.16686,0.08343,0.08343,0.08343,0.08343,0.25029,0.25029,0.33372,0.33372,0.25029,0.208575,0.208575,0.208575,0.208575,0.208575,0.208575,0.208575,0.50058,0.58401,0.58401,0.58401,0.50058,0.25029,From DOE Prototype Buildings
HotelLarge BLDG_LIGHT_CORRIDOR_SCH_2010,Lighting,,SmrDsn,1-Jan,31-Dec,Constant,1,,,,,,,,,,,,,,,,,,,,,,,,From DOE Prototype Buildings
HotelLarge BLDG_LIGHT_CORRIDOR_SCH_2010,Lighting,,Wkdy,1-Jan,31-Dec,Hourly,0.16686,0.125145,0.08343,0.08343,0.08343,0.16686,0.33372,0.41715,0.33372,0.33372,0.208575,0.208575,0.208575,0.208575,0.208575,0.208575,0.208575,0.208575,0.50058,0.66744,0.75087,0.66744,0.50058,0.25029,From DOE Prototype Buildings
HotelLarge BLDG_LIGHT_CORRIDOR_SCH_2010,Lighting,,WntrDsn,1-Jan,31-Dec,Constant,0,,,,,,,,,,,,,,,,,,,,,,,,From DOE Prototype Buildings
HotelLarge BLDG_LIGHT_GUESTROOM_SCH,Lighting,,Default,1-Jan,31-Dec,Hourly,0.26,0.26,0.11,0.11,0.11,0.11,0.41,0.41,0.56,0.56,0.41,0.33,0.33,0.33,0.33,0.33,0.33,0.33,0.85,1,1,1,0.85,0.41,From DOE Prototype Buildings
HotelLarge BLDG_LIGHT_GUESTROOM_SCH,Lighting,,SmrDsn,1-Jan,31-Dec,Constant,1,,,,,,,,,,,,,,,,,,,,,,,,From DOE Prototype Buildings
HotelLarge BLDG_LIGHT_GUESTROOM_SCH,Lighting,,Wkdy,1-Jan,31-Dec,Hourly,0.22,0.17,0.11,0.11,0.11,0.22,0.44,0.56,0.44,0.44,0.28,0.28,0.28,0.28,0.28,0.28,0.28,0.28,0.67,0.89,1,0.89,0.67,0.33,From DOE Prototype Buildings
HotelLarge BLDG_LIGHT_GUESTROOM_SCH,Lighting,,WntrDsn,1-Jan,31-Dec,Constant,0,,,,,,,,,,,,,,,,,,,,,,,,From DOE Prototype Buildings
HotelLarge BLDG_LIGHT_GUESTROOM_SCH_2010,Lighting,,Default,1-Jan,31-Dec,Hourly,0.2197,0.2197,0.0945,0.0945,0.0945,0.0945,0.3852,0.3852,0.5259,0.444267,0.302158,0.2432,0.2432,0.2432,0.2432,0.2432,0.2432,0.253275,0.7973,0.938,0.938,0.938,0.7973,0.3852,From DOE Prototype Buildings
HotelLarge BLDG_LIGHT_GUESTROOM_SCH_2010,Lighting,,SmrDsn,1-Jan,31-Dec,Constant,1,,,,,,,,,,,,,,,,,,,,,,,,From DOE Prototype Buildings
HotelLarge BLDG_LIGHT_GUESTROOM_SCH_2010,Lighting,,Wkdy,1-Jan,31-Dec,Hourly,0.1859,0.1452,0.0945,0.0945,0.0945,0.1859,0.4121,0.5259,0.4121,0.4121,0.2087,0.2087,0.2087,0.2087,0.2087,0.2087,0.21304,0.2149,0.6297,0.8342,0.938,0.8342,0.6297,0.3083,From DOE Prototype Buildings
HotelLarge BLDG_LIGHT_GUESTROOM_SCH_2010,Lighting,,WntrDsn,1-Jan,31-Dec,Constant,0,,,,,,,,,,,,,,,,,,,,,,,,From DOE Prototype Buildings
HotelLarge BLDG_LIGHT_OFFICE_BSMT_SCH,Lighting,,Default,1-Jan,31-Dec,Hourly,0.3,0.3,0.2,0.2,0.2,0.2,0.3,0.4,0.4,0.3,0.3,0.3,0.3,0.2,0.2,0.2,0.2,0.2,0.5,0.7,0.8,0.6,0.5,0.3,From DOE Prototype Buildings
HotelLarge BLDG_LIGHT_OFFICE_BSMT_SCH,Lighting,,Sat,1-Jan,31-Dec,Hourly,0.2,0.2,0.1,0.1,0.1,0.1,0.3,0.3,0.4,0.4,0.3,0.25,0.25,0.25,0.25,0.25,0.25,0.25,0.6,0.7,0.7,0.7,0.6,0.3,From DOE Prototype Buildings
HotelLarge BLDG_LIGHT_OFFICE_BSMT_SCH,Lighting,,SmrDsn,1-Jan,31-Dec,Constant,1,,,,,,,,,,,,,,,,,,,,,,,,From DOE Prototype Buildings
HotelLarge BLDG_LIGHT_OFFICE_BSMT_SCH,Lighting,,Wkdy,1-Jan,31-Dec,Hourly,0.2,0.15,0.1,0.1,0.1,0.2,0.4,0.5,0.4,0.4,0.25,0.25,0.25,0.25,0.25,0.25,0.25,0.25,0.6,0.8,0.9,0.8,0.6,0.3,From DOE Prototype Buildings
HotelLarge BLDG_LIGHT_OFFICE_BSMT_SCH,Lighting,,WntrDsn,1-Jan,31-Dec,Constant,0,,,,,,,,,,,,,,,,,,,,,,,,From DOE Prototype Buildings
HotelLarge BLDG_LIGHT_OFFICE_BSMT_SCH_2010,Lighting,,Default,1-Jan,31-Dec,Hourly,0.28125,0.28125,0.1875,0.1875,0.1875,0.1875,0.28125,0.375,0.375,0.28125,0.28125,0.28125,0.28125,0.1875,0.1875,0.1875,0.1875,0.1875,0.46875,0.65625,0.75,0.5625,0.46875,0.28125,From DOE Prototype Buildings
HotelLarge BLDG_LIGHT_OFFICE_BSMT_SCH_2010,Lighting,,Sat,1-Jan,31-Dec,Hourly,0.1875,0.1875,0.09375,0.09375,0.09375,0.09375,0.28125,0.28125,0.375,0.375,0.28125,0.234375,0.234375,0.234375,0.234375,0.234375,0.234375,0.234375,0.5625,0.65625,0.65625,0.65625,0.5625,0.28125,From DOE Prototype Buildings
HotelLarge BLDG_LIGHT_OFFICE_BSMT_SCH_2010,Lighting,,SmrDsn,1-Jan,31-Dec,Constant,1,,,,,,,,,,,,,,,,,,,,,,,,From DOE Prototype Buildings
HotelLarge BLDG_LIGHT_OFFICE_BSMT_SCH_2010,Lighting,,Wkdy,1-Jan,31-Dec,Hourly,0.1875,0.140625,0.09375,0.09375,0.09375,0.1875,0.375,0.46875,0.375,0.375,0.234375,0.234375,0.234375,0.234375,0.234375,0.234375,0.234375,0.234375,0.5625,0.75,0.84375,0.75,0.5625,0.28125,From DOE Prototype Buildings
HotelLarge BLDG_LIGHT_OFFICE_BSMT_SCH_2010,Lighting,,WntrDsn,1-Jan,31-Dec,Constant,0,,,,,,,,,,,,,,,,,,,,,,,,From DOE Prototype Buildings
HotelLarge BLDG_LIGHT_SCH,Lighting,,Default,1-Jan,31-Dec,Hourly,0.3,0.3,0.2,0.2,0.2,0.2,0.3,0.4,0.4,0.3,0.3,0.3,0.3,0.2,0.2,0.2,0.2,0.2,0.5,0.7,0.8,0.6,0.5,0.3,From DOE Prototype Buildings
HotelLarge BLDG_LIGHT_SCH,Lighting,,Sat,1-Jan,31-Dec,Hourly,0.2,0.2,0.1,0.1,0.1,0.1,0.3,0.3,0.4,0.4,0.3,0.25,0.25,0.25,0.25,0.25,0.25,0.25,0.6,0.7,0.7,0.7,0.6,0.3,From DOE Prototype Buildings
HotelLarge BLDG_LIGHT_SCH,Lighting,,SmrDsn,1-Jan,31-Dec,Constant,1,,,,,,,,,,,,,,,,,,,,,,,,From DOE Prototype Buildings
HotelLarge BLDG_LIGHT_SCH,Lighting,,Wkdy,1-Jan,31-Dec,Hourly,0.2,0.15,0.1,0.1,0.1,0.2,0.4,0.5,0.4,0.4,0.25,0.25,0.25,0.25,0.25,0.25,0.25,0.25,0.6,0.8,0.9,0.8,0.6,0.3,From DOE Prototype Buildings
HotelLarge BLDG_LIGHT_SCH,Lighting,,WntrDsn,1-Jan,31-Dec,Constant,0,,,,,,,,,,,,,,,,,,,,,,,,From DOE Prototype Buildings
HotelLarge BLDG_LIGHT_STORAGE_SCH,Lighting,,Default,1-Jan,31-Dec,Hourly,0.3,0.3,0.2,0.2,0.2,0.2,0.3,0.4,0.4,0.3,0.3,0.3,0.3,0.2,0.2,0.2,0.2,0.2,0.5,0.7,0.8,0.6,0.5,0.3,From DOE Prototype Buildings
HotelLarge BLDG_LIGHT_STORAGE_SCH,Lighting,,Sat,1-Jan,31-Dec,Hourly,0.2,0.2,0.1,0.1,0.1,0.1,0.3,0.3,0.4,0.4,0.3,0.25,0.25,0.25,0.25,0.25,0.25,0.25,0.6,0.7,0.7,0.7,0.6,0.3,From DOE Prototype Buildings
HotelLarge BLDG_LIGHT_STORAGE_SCH,Lighting,,SmrDsn,1-Jan,31-Dec,Constant,1,,,,,,,,,,,,,,,,,,,,,,,,From DOE Prototype Buildings
HotelLarge BLDG_LIGHT_STORAGE_SCH,Lighting,,Wkdy,1-Jan,31-Dec,Hourly,0.2,0.15,0.1,0.1,0.1,0.2,0.4,0.5,0.4,0.4,0.25,0.25,0.25,0.25,0.25,0.25,0.25,0.25,0.6,0.8,0.9,0.8,0.6,0.3,From DOE Prototype Buildings
HotelLarge BLDG_LIGHT_STORAGE_SCH,Lighting,,WntrDsn,1-Jan,31-Dec,Constant,0,,,,,,,,,,,,,,,,,,,,,,,,From DOE Prototype Buildings
HotelLarge BLDG_LIGHT_STORAGE_SCH_2010,Lighting,,Default,1-Jan,31-Dec,Hourly,0.17565,0.17565,0.1171,0.1171,0.1171,0.1171,0.17565,0.2342,0.2342,0.17565,0.17565,0.17565,0.17565,0.1171,0.1171,0.1171,0.1171,0.1171,0.29275,0.40985,0.4684,0.3513,0.29275,0.17565,From DOE Prototype Buildings
HotelLarge BLDG_LIGHT_STORAGE_SCH_2010,Lighting,,Sat,1-Jan,31-Dec,Hourly,0.1171,0.1171,0.05855,0.05855,0.05855,0.05855,0.17565,0.17565,0.2342,0.2342,0.17565,0.146375,0.146375,0.146375,0.146375,0.146375,0.146375,0.146375,0.3513,0.40985,0.40985,0.40985,0.3513,0.17565,From DOE Prototype Buildings
HotelLarge BLDG_LIGHT_STORAGE_SCH_2010,Lighting,,SmrDsn,1-Jan,31-Dec,Constant,1,,,,,,,,,,,,,,,,,,,,,,,,From DOE Prototype Buildings
HotelLarge BLDG_LIGHT_STORAGE_SCH_2010,Lighting,,Wkdy,1-Jan,31-Dec,Hourly,0.1171,0.087825,0.05855,0.05855,0.05855,0.1171,0.2342,0.29275,0.2342,0.2342,0.146375,0.146375,0.146375,0.146375,0.146375,0.146375,0.146375,0.146375,0.3513,0.4684,0.52695,0.4684,0.3513,0.17565,From DOE Prototype Buildings
HotelLarge BLDG_LIGHT_STORAGE_SCH_2010,Lighting,,WntrDsn,1-Jan,31-Dec,Constant,0,,,,,,,,,,,,,,,,,,,,,,,,From DOE Prototype Buildings
HotelLarge BLDG_OCC_SCH,Occupancy,,Default,1-Jan,31-Dec,Hourly,0.7,0.7,0.7,0.7,0.7,0.7,0.7,0.7,0.5,0.5,0.5,0.3,0.3,0.2,0.2,0.2,0.3,0.4,0.4,0.6,0.6,0.8,0.8,0.8,From DOE Prototype Buildings
HotelLarge BLDG_OCC_SCH,Occupancy,,Sat,1-Jan,31-Dec,Hourly,0.9,0.9,0.9,0.9,0.9,0.9,0.7,0.5,0.5,0.3,0.3,0.3,0.3,0.3,0.3,0.3,0.3,0.5,0.6,0.6,0.6,0.7,0.7,0.7,From DOE Prototype Buildings
HotelLarge BLDG_OCC_SCH,Occupancy,,SmrDsn,1-Jan,31-Dec,Constant,1,,,,,,,,,,,,,,,,,,,,,,,,From DOE Prototype Buildings
HotelLarge BLDG_OCC_SCH,Occupancy,,Wkdy,1-Jan,31-Dec,Hourly,0.9,0.9,0.9,0.9,0.9,0.9,0.7,0.4,0.4,0.2,0.2,0.2,0.2,0.2,0.2,0.3,0.5,0.5,0.5,0.7,0.7,0.8,0.9,0.9,From DOE Prototype Buildings
HotelLarge BLDG_OCC_SCH,Occupancy,,WntrDsn,1-Jan,31-Dec,Constant,0,,,,,,,,,,,,,,,,,,,,,,,,From DOE Prototype Buildings
HotelLarge BLDG_SWH_SCH,Service Water Heating,,Default,1-Jan,31-Dec,Hourly,0.25,0.2,0.2,0.2,0.2,0.3,0.5,0.5,0.5,0.55,0.5,0.5,0.4,0.4,0.3,0.3,0.3,0.4,0.5,0.5,0.4,0.5,0.4,0.2,From DOE Prototype Buildings
HotelLarge BLDG_SWH_SCH,Service Water Heating,,SmrDsn|Wkdy,1-Jan,31-Dec,Hourly,0.2,0.15,0.15,0.15,0.2,0.25,0.5,0.6,0.55,0.45,0.4,0.45,0.4,0.35,0.3,0.3,0.3,0.4,0.55,0.6,0.5,0.55,0.45,0.25,From DOE Prototype Buildings
HotelLarge BLDG_SWH_SCH,Service Water Heating,,WntrDsn|Sat,1-Jan,31-Dec,Hourly,0.2,0.15,0.15,0.15,0.2,0.25,0.4,0.5,0.5,0.5,0.45,0.5,0.5,0.45,0.4,0.4,0.35,0.4,0.55,0.55,0.5,0.55,0.4,0.3,From DOE Prototype Buildings
HotelLarge Booster Water Inlet Temp Schedule,Unknown,W,Default|WntrDsn|SmrDsn,1-Jan,31-Dec,Constant,60,,,,,,,,,,,,,,,,,,,,,,,,From DOE Prototype Buildings
HotelLarge Booster Water Setpoint Temp Schedule,Unknown,W,Default|WntrDsn|SmrDsn,1-Jan,31-Dec,Constant,82.22,,,,,,,,,,,,,,,,,,,,,,,,From DOE Prototype Buildings
HotelLarge CLGSETP_SCH,Thermostat Setpoint,C,Default|WntrDsn|SmrDsn,1-Jan,31-Dec,Constant,24,,,,,,,,,,,,,,,,,,,,,,,,From DOE Prototype Buildings
HotelLarge CLOTHING_SCH,Clothing,W,Default|SmrDsn,1-Jan,31-Dec,Constant,0.5,,,,,,,,,,,,,,,,,,,,,,,,From DOE Prototype Buildings
HotelLarge CLOTHING_SCH,Clothing,W,Wknd|Wkdy,1-Oct,31-Dec,Constant,1,,,,,,,,,,,,,,,,,,,,,,,,From DOE Prototype Buildings
HotelLarge CLOTHING_SCH,Clothing,W,Wknd|Wkdy,1-Jan,30-Apr,Constant,1,,,,,,,,,,,,,,,,,,,,,,,,From DOE Prototype Buildings
HotelLarge CLOTHING_SCH,Clothing,W,WntrDsn,1-Jan,31-Dec,Constant,1,,,,,,,,,,,,,,,,,,,,,,,,From DOE Prototype Buildings
HotelLarge CoolingCoilAvailSched,Unknown,,Default|WntrDsn|SmrDsn,1-Jan,31-Dec,Constant,1,,,,,,,,,,,,,,,,,,,,,,,,From DOE Prototype Buildings
HotelLarge Cool-Supply-Air-Temp-Sch,Unknown,C,Default|WntrDsn|SmrDsn,1-Jan,31-Dec,Constant,12.8,,,,,,,,,,,,,,,,,,,,,,,,From DOE Prototype Buildings
HotelLarge CW-Loop-Temp-Schedule,Unknown,C,Default|WntrDsn|SmrDsn,1-Jan,31-Dec,Constant,6.7,,,,,,,,,,,,,,,,,,,,,,,,From DOE Prototype Buildings
HotelLarge Dual Zone Control Type Sched,Unknown,,Default|WntrDsn|SmrDsn,1-Jan,31-Dec,Constant,4,,,,,,,,,,,,,,,,,,,,,,,,From DOE Prototype Buildings
HotelLarge ELEV_LIGHT_FAN_SCH_24_7,Lighting,,Default|WntrDsn|SmrDsn,1-Jan,31-Dec,Constant,1,,,,,,,,,,,,,,,,,,,,,,,,From DOE Prototype Buildings
HotelLarge ELEV_LIGHT_FAN_SCH_ADD_DF,Lighting,,Default,1-Jan,31-Dec,Hourly,0.05,0.05,0.05,0.05,0.1,0.2,0.4,0.5,0.5,0.35,0.15,0.15,0.15,0.15,0.15,0.15,0.35,0.5,0.5,0.4,0.4,0.3,0.2,0.1,From DOE Prototype Buildings
HotelLarge ELEV_LIGHT_FAN_SCH_ADD_DF,Lighting,,SmrDsn,1-Jan,31-Dec,Constant,0.5,,,,,,,,,,,,,,,,,,,,,,,,From DOE Prototype Buildings
HotelLarge ELEV_LIGHT_FAN_SCH_ADD_DF,Lighting,,WntrDsn,1-Jan,31-Dec,Constant,0.05,,,,,,,,,,,,,,,,,,,,,,,,From DOE Prototype Buildings
HotelLarge EmployeeLounge_Eqp_Sch,Equipment,,Default|Wkdy,1-Jan,31-Dec,Hourly,0.11,0.11,0.11,0.11,0.11,0.19,0.19,0.25,1,1,0.86,0.86,1,0.86,0.86,0.86,0.86,0.86,0.25,0.19,0.11,0.11,0.11,0.11,From DOE Prototype Buildings
HotelLarge EmployeeLounge_Eqp_Sch,Equipment,,SmrDsn,1-Jan,31-Dec,Constant,1,,,,,,,,,,,,,,,,,,,,,,,,From DOE Prototype Buildings
HotelLarge EmployeeLounge_Eqp_Sch,Equipment,,WntrDsn,1-Jan,31-Dec,Constant,0,,,,,,,,,,,,,,,,,,,,,,,,From DOE Prototype Buildings
HotelLarge EmployeeLounge_Occ_Sch,Occupancy,,Default,1-Jan,31-Dec,Hourly,0,0,0,0,0,0.05,0.05,0.05,0.1,0.1,0.1,0.1,0.2,0.1,0.1,0.1,0.1,0.1,0.05,0.05,0,0,0,0,From DOE Prototype Buildings
HotelLarge EmployeeLounge_Occ_Sch,Occupancy,,SmrDsn,1-Jan,31-Dec,Constant,1,,,,,,,,,,,,,,,,,,,,,,,,From DOE Prototype Buildings
HotelLarge EmployeeLounge_Occ_Sch,Occupancy,,Wkdy,1-Jan,31-Dec,Hourly,0,0,0,0,0,0.1,0.1,0.2,0.2,0.2,0.2,0.2,0.7,0.2,0.2,0.2,0.2,0.2,0.1,0.1,0,0,0,0,From DOE Prototype Buildings
HotelLarge EmployeeLounge_Occ_Sch,Occupancy,,WntrDsn,1-Jan,31-Dec,Constant,0,,,,,,,,,,,,,,,,,,,,,,,,From DOE Prototype Buildings
HotelLarge ExerciseRoom_Eqp_Sch,Equipment,,Default|WntrDsn|SmrDsn,1-Jan,31-Dec,Hourly,0,0,0,0,0,0,0.5,1,1,0.5,0.5,0.5,0,0.5,0.5,0.5,1,0.5,0.5,1,1,0.5,0.5,0,From DOE Prototype Buildings
HotelLarge ExerciseRoom_Occ_Sch,Occupancy,,Default|WntrDsn|SmrDsn,1-Jan,31-Dec,Hourly,0,0,0,0,0,0,0.5,1,1,1,1,0.5,0,1,1,1,1,1,1,1,1,1,0.5,0,From DOE Prototype Buildings
HotelLarge Exterior_Lgt_ALWAYS_ON,Unknown,,Default|WntrDsn|SmrDsn,1-Jan,31-Dec,Constant,1,,,,,,,,,,,,,,,,,,,,,,,,From DOE Prototype Buildings
HotelLarge Exterior_Ltg_Sch,Unknown,,Default|WntrDsn|SmrDsn,1-Jan,31-Dec,Hourly,1,1,1,1,1,1,1,0,0,0,0,0,0,0,0,0,0,0,0,1,1,1,1,1,From DOE Prototype Buildings
HotelLarge FAN_SCH,Unknown,,Default|WntrDsn|SmrDsn,1-Jan,31-Dec,Constant,1,,,,,,,,,,,,,,,,,,,,,,,,From DOE Prototype Buildings
HotelLarge FLR_3_DOAS_OAminOAFracSchedule,OA Air,,Default|WntrDsn|SmrDsn,1-Jan,31-Dec,Constant,1,,,,,,,,,,,,,,,,,,,,,,,,From DOE Prototype Buildings
HotelLarge GuestRoom_Eqp_Sch_Adva,Equipment,,Default,1-Jan,31-Dec,Hourly,0.17,0.17,0.17,0.17,0.17,0.17,0.3,0.62,0.9,0.62,0.13,0.13,0.13,0.13,0.13,0.13,0.21,0.4,0.48,0.46,0.62,0.69,0.34,0.17,From DOE Prototype Buildings
HotelLarge GuestRoom_Eqp_Sch_Adva,Equipment,,SmrDsn,1-Jan,31-Dec,Constant,1,,,,,,,,,,,,,,,,,,,,,,,,From DOE Prototype Buildings
HotelLarge GuestRoom_Eqp_Sch_Adva,Equipment,,Wkdy,1-Jan,31-Dec,Hourly,0.17,0.17,0.17,0.17,0.17,0.17,0.62,0.9,0.43,0.43,0.12,0.12,0.12,0.12,0.12,0.12,0.19,0.48,0.48,0.46,0.62,0.69,0.34,0.17,From DOE Prototype Buildings
HotelLarge GuestRoom_Eqp_Sch_Adva,Equipment,,WntrDsn,1-Jan,31-Dec,Constant,0,,,,,,,,,,,,,,,,,,,,,,,,From DOE Prototype Buildings
HotelLarge GuestRoom_Eqp_Sch_Base,Equipment,,Default,1-Jan,31-Dec,Hourly,0.2,0.2,0.2,0.2,0.2,0.2,0.3,0.62,0.9,0.62,0.29,0.29,0.29,0.29,0.29,0.29,0.29,0.43,0.51,0.49,0.66,0.7,0.35,0.2,From DOE Prototype Buildings
HotelLarge GuestRoom_Eqp_Sch_Base,Equipment,,SmrDsn,1-Jan,31-Dec,Constant,1,,,,,,,,,,,,,,,,,,,,,,,,From DOE Prototype Buildings
HotelLarge GuestRoom_Eqp_Sch_Base,Equipment,,Wkdy,1-Jan,31-Dec,Hourly,0.2,0.2,0.2,0.2,0.2,0.2,0.62,0.9,0.43,0.43,0.26,0.26,0.26,0.26,0.26,0.26,0.26,0.51,0.51,0.49,0.66,0.7,0.35,0.2,From DOE Prototype Buildings
HotelLarge GuestRoom_Eqp_Sch_Base,Equipment,,WntrDsn,1-Jan,31-Dec,Constant,0,,,,,,,,,,,,,,,,,,,,,,,,From DOE Prototype Buildings
HotelLarge GuestRoom_Occ_Sch,Occupancy,,Default,1-Jan,31-Dec,Hourly,0.65,0.65,0.65,0.65,0.65,0.65,0.5,0.34,0.34,0.2,0.2,0.2,0.2,0.2,0.2,0.2,0.2,0.34,0.35,0.65,0.65,0.5,0.5,0.5,From DOE Prototype Buildings
HotelLarge GuestRoom_Occ_Sch,Occupancy,,SmrDsn,1-Jan,31-Dec,Constant,1,,,,,,,,,,,,,,,,,,,,,,,,From DOE Prototype Buildings
HotelLarge GuestRoom_Occ_Sch,Occupancy,,Wkdy,1-Jan,31-Dec,Hourly,0.65,0.65,0.65,0.65,0.65,0.65,0.5,0.28,0.28,0.13,0.13,0.13,0.13,0.13,0.13,0.2,0.35,0.35,0.35,0.5,0.5,0.58,0.65,0.65,From DOE Prototype Buildings
HotelLarge GuestRoom_Occ_Sch,Occupancy,,WntrDsn,1-Jan,31-Dec,Constant,0,,,,,,,,,,,,,,,,,,,,,,,,From DOE Prototype Buildings
HotelLarge GuestRoom_SWH_Sch,Service Water Heating,,Default|WntrDsn|SmrDsn,1-Jan,31-Dec,Hourly,0.2,0.15,0.15,0.15,0.2,0.25,0.35,0.6,0.8,0.55,0.4,0.3,0.2,0.2,0.2,0.2,0.2,0.25,0.3,0.4,0.4,0.4,0.6,0.35,From DOE Prototype Buildings
HotelLarge GuestRoom_SWH_Sch,Service Water Heating,,Wkdy,1-Jan,31-Dec,Hourly,0.2,0.15,0.15,0.15,0.2,0.35,0.6,0.8,0.55,0.4,0.3,0.2,0.2,0.2,0.2,0.2,0.2,0.3,0.55,0.4,0.4,0.6,0.45,0.25,From DOE Prototype Buildings
HotelLarge Heating-Supply-Air-Temp-Sch,Unknown,C,Default|WntrDsn|SmrDsn,1-Jan,31-Dec,Constant,16,,,,,,,,,,,,,,,,,,,,,,,,From DOE Prototype Buildings
HotelLarge Hours_of_operation,Operation,,Default|WntrDsn|SmrDsn,1-Jan,31-Dec,Constant,1,,,,,,,,,,,,,,,,,,,,,,,,From DOE Prototype Buildings
HotelLarge HTGSETP_SCH,Thermostat Setpoint,C,Default|WntrDsn|SmrDsn,1-Jan,31-Dec,Constant,21,,,,,,,,,,,,,,,,,,,,,,,,From DOE Prototype Buildings
HotelLarge Humidity Setpoint Schedule,Unknown,,Default|WntrDsn|SmrDsn|Sat|Wkdy,1-Jan,31-Dec,Constant,50,,,,,,,,,,,,,,,,,,,,,,,,From DOE Prototype Buildings
HotelLarge HVACOperationSchd,Operation,,Default|WntrDsn|SmrDsn,1-Jan,31-Dec,Constant,1,,,,,,,,,,,,,,,,,,,,,,,,From DOE Prototype Buildings
HotelLarge HW-Loop-Temp-Schedule,Unknown,C,Default|WntrDsn|SmrDsn,1-Jan,31-Dec,Constant,60,,,,,,,,,,,,,,,,,,,,,,,,From DOE Prototype Buildings
HotelLarge INFIL_HALF_ON_SCH,Infiltration,,Default|WntrDsn|SmrDsn,1-Jan,31-Dec,Constant,0.5,,,,,,,,,,,,,,,,,,,,,,,,From DOE Prototype Buildings
HotelLarge INFIL_QUARTER_ON_SCH,Infiltration,,Default|WntrDsn|SmrDsn,1-Jan,31-Dec,Constant,0.25,,,,,,,,,,,,,,,,,,,,,,,,From DOE Prototype Buildings
HotelLarge INFIL_SCH,Infiltration,,Default|WntrDsn|SmrDsn,1-Jan,31-Dec,Constant,1,,,,,,,,,,,,,,,,,,,,,,,,From DOE Prototype Buildings
HotelLarge Kitchen Exhaust Fan Balanced Exhaust Fraction Schedule,Equipment,,Default|WntrDsn|SmrDsn,1-Jan,31-Dec,Hourly,0,0,0,0,0,0,0,0.508715482,0.508715482,0.508715482,0.508715482,0.508715482,0.508715482,0.508715482,0.508715482,0.508715482,0.508715482,0.508715482,0.508715482,0.508715482,0.508715482,0.508715482,0.508715482,0.508715482,From DOE Prototype Buildings
HotelLarge Kitchen_Elec_Equip_SCH,Equipment,,Default|Sun|Wkdy,1-Jan,31-Dec,Hourly,0.1,0.1,0.1,0.1,0.1,0.1,0.25,0.3,0.3,0.3,0.3,0.3,0.3,0.3,0.3,0.3,0.3,0.3,0.3,0.3,0.3,0.3,0.3,0.3,From DOE Prototype Buildings
HotelLarge Kitchen_Elec_Equip_SCH,Equipment,,SmrDsn,1-Jan,31-Dec,Constant,0.3,,,,,,,,,,,,,,,,,,,,,,,,From DOE Prototype Buildings
HotelLarge Kitchen_Elec_Equip_SCH,Equipment,,WntrDsn,1-Jan,31-Dec,Constant,0,,,,,,,,,,,,,,,,,,,,,,,,From DOE Prototype Buildings
HotelLarge Kitchen_Exhaust_SCH,Equipment,,Default|WntrDsn|SmrDsn,1-Jan,31-Dec,Hourly,0,0,0,0,0,0,0,1,1,1,1,1,1,1,1,1,1,1,1,1,1,1,1,1,From DOE Prototype Buildings
HotelLarge Kitchen_Flr_6 Water Equipment Hot Supply Temp Sched,Equipment,C,Default|WntrDsn|SmrDsn,1-Jan,31-Dec,Constant,55,,,,,,,,,,,,,,,,,,,,,,,,From DOE Prototype Buildings
HotelLarge Kitchen_Flr_6 Water Equipment Latent fract sched,Equipment,,Default|WntrDsn|SmrDsn,1-Jan,31-Dec,Constant,0.05,,,,,,,,,,,,,,,,,,,,,,,,From DOE Prototype Buildings
HotelLarge Kitchen_Flr_6 Water Equipment Sensible fract sched,Equipment,,Default|WntrDsn|SmrDsn,1-Jan,31-Dec,Constant,0.2,,,,,,,,,,,,,,,,,,,,,,,,From DOE Prototype Buildings
HotelLarge Kitchen_Flr_6 Water Equipment Temp Sched,Equipment,C,Default|WntrDsn|SmrDsn,1-Jan,31-Dec,Constant,60,,,,,,,,,,,,,,,,,,,,,,,,From DOE Prototype Buildings
HotelLarge Kitchen_Flr_6_Case:1_WALKINFREEZER_WalkInStockingSched,Equipment,W,Default,1-Jan,31-Dec,Hourly,0,0,0,0,725,417,290,0,0,0,0,0,0,0,0,0,0,0,0,0,0,0,0,0,From DOE Prototype Buildings
HotelLarge Kitchen_Flr_6_Case:1_WALKINFREEZER_WalkInStockingSched,Equipment,W,WntrDsn|SmrDsn|Wknd|Mon|Wed|Thu,1-Jan,31-Dec,Hourly,0,0,0,0,125,117,90,0,0,0,0,0,0,0,0,0,0,0,0,125,117,90,0,0,From DOE Prototype Buildings
HotelLarge Kitchen_Flr_6_Case:2_SELFCONTAINEDDISPLAYCASE_CaseStockingSched,Equipment,W,Default|WntrDsn|SmrDsn,1-Jan,31-Dec,Constant,0,0,0,0,0,0,50,70,70,80,70,50,50,80,90,80,0,0,0,0,0,0,0,0,From DOE Prototype Buildings
HotelLarge Kitchen_Gas_Equip_SCH,Equipment,,Default|Sat|Wkdy,1-Jan,31-Dec,Hourly,0.02,0.02,0.02,0.02,0.02,0.05,0.1,0.15,0.2,0.15,0.25,0.25,0.25,0.2,0.15,0.2,0.3,0.3,0.3,0.2,0.2,0.15,0.1,0.05,From DOE Prototype Buildings
HotelLarge Kitchen_Gas_Equip_SCH,Equipment,,SmrDsn,1-Jan,31-Dec,Constant,0.25,,,,,,,,,,,,,,,,,,,,,,,,From DOE Prototype Buildings
HotelLarge Kitchen_Gas_Equip_SCH,Equipment,,WntrDsn,1-Jan,31-Dec,Constant,0,,,,,,,,,,,,,,,,,,,,,,,,From DOE Prototype Buildings
HotelLarge Laundry Setpoint Temp Schedule,Equipment,W,Default|WntrDsn|SmrDsn,1-Jan,31-Dec,Constant,82.22,,,,,,,,,,,,,,,,,,,,,,,,From DOE Prototype Buildings
HotelLarge LAUNDRY_SWH_SCH,Equipment,,Default|WntrDsn|SmrDsn,1-Jan,31-Dec,Hourly,0,0,0,0,0,0,0,0,0,0,0,0,0,0,0,0,0,1,1,1,1,1,1,1,From DOE Prototype Buildings
HotelLarge LaundryRoom_Eqp_Elec_Sch,Equipment,,Default,1-Jan,31-Dec,Hourly,0,0,0,0,0,0,0,0,1,1,1,1,1,1,1,1,0,0,0,0,0,0,0,0,From DOE Prototype Buildings
HotelLarge LaundryRoom_Eqp_Elec_Sch,Equipment,,SmrDsn,1-Jan,31-Dec,Constant,1,,,,,,,,,,,,,,,,,,,,,,,,From DOE Prototype Buildings
HotelLarge LaundryRoom_Eqp_Elec_Sch,Equipment,,WntrDsn,1-Jan,31-Dec,Constant,0,,,,,,,,,,,,,,,,,,,,,,,,From DOE Prototype Buildings
HotelLarge LaundryRoom_Eqp_Gas_Sch,Equipment,,Default,1-Jan,31-Dec,Hourly,0,0,0,0,0,0,0,0,0,1,1,1,1,1,1,1,1,0,0,0,0,0,0,0,From DOE Prototype Buildings
HotelLarge LaundryRoom_Eqp_Gas_Sch,Equipment,,SmrDsn,1-Jan,31-Dec,Constant,1,,,,,,,,,,,,,,,,,,,,,,,,From DOE Prototype Buildings
HotelLarge LaundryRoom_Eqp_Gas_Sch,Equipment,,WntrDsn,1-Jan,31-Dec,Constant,0,,,,,,,,,,,,,,,,,,,,,,,,From DOE Prototype Buildings
HotelLarge LaundryRoom_Occ_Sch,Occupancy,,Default|Wkdy,1-Jan,31-Dec,Hourly,0,0,0,0,0,0,0,0,0.09,0.09,0.18,0.18,0,0.18,0.18,0.18,0.09,0,0,0,0,0,0,0,From DOE Prototype Buildings
HotelLarge LaundryRoom_Occ_Sch,Occupancy,,SmrDsn,1-Jan,31-Dec,Constant,1,,,,,,,,,,,,,,,,,,,,,,,,From DOE Prototype Buildings
HotelLarge LaundryRoom_Occ_Sch,Occupancy,,WntrDsn,1-Jan,31-Dec,Constant,0,,,,,,,,,,,,,,,,,,,,,,,,From DOE Prototype Buildings
HotelLarge LaundryRoom_SWH_Sch,Equipment,,Default|WntrDsn|SmrDsn,1-Jan,31-Dec,Hourly,0,0,0,0,0,0,0,0,1,1,1,1,1,1,1,1,0,0,0,0,0,0,0,0,From DOE Prototype Buildings
HotelLarge Lobby_Eqp_Sch,Equipment,,Default,1-Jan,31-Dec,Hourly,0.21,0.21,0.21,0.21,0.21,0.68,1,1,1,1,0.32,0.23,0.23,0.23,0.23,0.23,0.23,0.23,0.23,0.23,0.23,0.23,0.23,0.21,From DOE Prototype Buildings
HotelLarge Lobby_Eqp_Sch,Equipment,,SmrDsn,1-Jan,31-Dec,Constant,1,,,,,,,,,,,,,,,,,,,,,,,,From DOE Prototype Buildings
HotelLarge Lobby_Eqp_Sch,Equipment,,WntrDsn,1-Jan,31-Dec,Constant,0,,,,,,,,,,,,,,,,,,,,,,,,From DOE Prototype Buildings
HotelLarge Lobby_Occ_Sch,Occupancy,,Default,1-Jan,31-Dec,Hourly,0.1,0.1,0.1,0.1,0.1,0.1,0.3,0.7,0.7,0.7,0.2,0.2,0.2,0.2,0.2,0.2,0.2,0.2,0.2,0.2,0.2,0.2,0.1,0.1,From DOE Prototype Buildings
HotelLarge Lobby_Occ_Sch,Occupancy,,SmrDsn,1-Jan,31-Dec,Constant,1,,,,,,,,,,,,,,,,,,,,,,,,From DOE Prototype Buildings
HotelLarge Lobby_Occ_Sch,Occupancy,,Wkdy,1-Jan,31-Dec,Hourly,0.1,0.1,0.1,0.1,0.1,0.3,0.7,0.7,0.7,0.7,0.2,0.2,0.2,0.2,0.2,0.2,0.4,0.4,0.2,0.2,0.2,0.2,0.1,0.1,From DOE Prototype Buildings
HotelLarge Lobby_Occ_Sch,Occupancy,,WntrDsn,1-Jan,31-Dec,Constant,0,,,,,,,,,,,,,,,,,,,,,,,,From DOE Prototype Buildings
HotelLarge MaxRelHumSetSch,Unknown,,Default|WntrDsn|SmrDsn,1-Jan,31-Dec,Constant,60,,,,,,,,,,,,,,,,,,,,,,,,From DOE Prototype Buildings
HotelLarge MeetingRoom_Eqp_Sch,Equipment,,Default|WntrDsn|SmrDsn,1-Jan,31-Dec,Hourly,0,0,0,0,0,0,0,0.05,0.54,0.54,0.26,0.26,0.05,0.54,0.54,0.26,0.26,0.26,0.05,0.05,0,0,0,0,From DOE Prototype Buildings
HotelLarge MeetingRoom_Occ_Sch,Occupancy,,Default|Wkdy,1-Jan,31-Dec,Hourly,0,0,0,0,0,0,0,0.05,0.5,0.5,0.2,0.2,0.05,0.5,0.5,0.2,0.2,0.2,0.05,0.05,0,0,0,0,From DOE Prototype Buildings
HotelLarge MeetingRoom_Occ_Sch,Occupancy,,SmrDsn,1-Jan,31-Dec,Constant,1,,,,,,,,,,,,,,,,,,,,,,,,From DOE Prototype Buildings
HotelLarge MeetingRoom_Occ_Sch,Occupancy,,WntrDsn,1-Jan,31-Dec,Constant,0,,,,,,,,,,,,,,,,,,,,,,,,From DOE Prototype Buildings
HotelLarge MinOA_MotorizedDamper_Sched,OA Air,,Default|WntrDsn|SmrDsn,1-Jan,31-Dec,Constant,1,,,,,,,,,,,,,,,,,,,,,,,,From DOE Prototype Buildings
HotelLarge MinOA_Sched,OA Air,,Default|WntrDsn|SmrDsn,1-Jan,31-Dec,Constant,1,,,,,,,,,,,,,,,,,,,,,,,,From DOE Prototype Buildings
HotelLarge MinRelHumSetSch,Unknown,,Default|WntrDsn|SmrDsn,1-Jan,31-Dec,Constant,30,,,,,,,,,,,,,,,,,,,,,,,,From DOE Prototype Buildings
HotelLarge N Adva_OccGuestRoom_ClgSP_Sch,Thermostat Setpoint,C,Default,1-Jan,31-Dec,Hourly,21.111,21.111,21.111,21.111,21.111,21.111,21.111,21.111,21.111,23.333,23.333,23.333,23.333,23.333,23.333,23.333,21.111,21.111,21.111,21.111,21.111,21.111,21.111,21.111,From DOE Prototype Buildings
HotelLarge N Adva_OccGuestRoom_ClgSP_Sch,Thermostat Setpoint,C,WntrDsn|SmrDsn,1-Jan,31-Dec,Constant,21.111,,,,,,,,,,,,,,,,,,,,,,,,From DOE Prototype Buildings
HotelLarge N Adva_OccGuestRoom_HtgSP_Sch,Thermostat Setpoint,C,Default,1-Jan,31-Dec,Hourly,21.111,21.111,21.111,21.111,21.111,21.111,21.111,21.111,21.111,18.889,18.889,18.889,18.889,18.889,18.889,18.889,21.111,21.111,21.111,21.111,21.111,21.111,21.111,21.111,From DOE Prototype Buildings
HotelLarge N Adva_OccGuestRoom_HtgSP_Sch,Thermostat Setpoint,C,WntrDsn|SmrDsn,1-Jan,31-Dec,Constant,21.111,,,,,,,,,,,,,,,,,,,,,,,,From DOE Prototype Buildings
HotelLarge Off During Unoccupied Period,Occupancy,,Default|WntrDsn|SmrDsn,1-Jan,31-Dec,Hourly,0,0,0,0,0,0,0,0,1,1,1,1,1,1,1,1,1,1,0,0,0,0,0,0,From DOE Prototype Buildings
HotelLarge Office_Eqp_Sch,Equipment,,Default,1-Jan,31-Dec,Hourly,0.33,0.33,0.33,0.33,0.33,0.38,0.38,0.43,0.63,0.63,0.63,0.63,0.63,0.63,0.63,0.63,0.63,0.63,0.48,0.48,0.48,0.48,0.33,0.33,From DOE Prototype Buildings
HotelLarge Office_Eqp_Sch,Equipment,,SmrDsn,1-Jan,31-Dec,Constant,1,,,,,,,,,,,,,,,,,,,,,,,,From DOE Prototype Buildings
HotelLarge Office_Eqp_Sch,Equipment,,Wkdy,1-Jan,31-Dec,Hourly,0.33,0.33,0.33,0.33,0.33,0.38,0.38,0.43,0.43,0.43,1,1,0.94,1,1,1,1,0.75,0.63,0.63,0.48,0.48,0.33,0.33,From DOE Prototype Buildings
HotelLarge Office_Eqp_Sch,Equipment,,WntrDsn,1-Jan,31-Dec,Constant,0,,,,,,,,,,,,,,,,,,,,,,,,From DOE Prototype Buildings
HotelLarge Office_Occ_Sch,Occupancy,,Default,1-Jan,31-Dec,Hourly,0.2,0.2,0.2,0.2,0.2,0.2,0.2,0.3,0.5,0.5,0.5,0.5,0.5,0.5,0.5,0.5,0.5,0.3,0.2,0.2,0.2,0.2,0.2,0.2,From DOE Prototype Buildings
HotelLarge Office_Occ_Sch,Occupancy,,SmrDsn,1-Jan,31-Dec,Constant,1,,,,,,,,,,,,,,,,,,,,,,,,From DOE Prototype Buildings
HotelLarge Office_Occ_Sch,Occupancy,,Wkdy,1-Jan,31-Dec,Hourly,0.2,0.2,0.2,0.2,0.2,0.2,0.3,0.4,1,1,1,1,0.5,1,1,1,1,0.4,0.3,0.2,0.2,0.2,0.2,0.2,From DOE Prototype Buildings
HotelLarge Office_Occ_Sch,Occupancy,,WntrDsn,1-Jan,31-Dec,Constant,0,,,,,,,,,,,,,,,,,,,,,,,,From DOE Prototype Buildings
HotelLarge PlantOnSched,Unknown,,Default|WntrDsn|SmrDsn,1-Jan,31-Dec,Constant,1,,,,,,,,,,,,,,,,,,,,,,,,From DOE Prototype Buildings
HotelLarge ReheatCoilAvailSched,Unknown,,Default|WntrDsn|SmrDsn,1-Jan,31-Dec,Constant,1,,,,,,,,,,,,,,,,,,,,,,,,From DOE Prototype Buildings
HotelLarge Room_1_Flr_3 Water Equipment Hot Supply Temp Sched,Equipment,C,Default|WntrDsn|SmrDsn,1-Jan,31-Dec,Constant,55,,,,,,,,,,,,,,,,,,,,,,,,From DOE Prototype Buildings
HotelLarge Room_1_Flr_3 Water Equipment Latent fract sched,Equipment,,Default|WntrDsn|SmrDsn,1-Jan,31-Dec,Constant,0.05,,,,,,,,,,,,,,,,,,,,,,,,From DOE Prototype Buildings
HotelLarge Room_1_Flr_3 Water Equipment Sensible fract sched,Equipment,,Default|WntrDsn|SmrDsn,1-Jan,31-Dec,Constant,0.2,,,,,,,,,,,,,,,,,,,,,,,,From DOE Prototype Buildings
HotelLarge Room_1_Flr_3 Water Equipment Temp Sched,Equipment,C,Default|WntrDsn|SmrDsn,1-Jan,31-Dec,Constant,60,,,,,,,,,,,,,,,,,,,,,,,,From DOE Prototype Buildings
HotelLarge Room_1_Flr_6 Water Equipment Hot Supply Temp Sched,Equipment,C,Default|WntrDsn|SmrDsn,1-Jan,31-Dec,Constant,55,,,,,,,,,,,,,,,,,,,,,,,,From DOE Prototype Buildings
HotelLarge Room_1_Flr_6 Water Equipment Latent fract sched,Equipment,,Default|WntrDsn|SmrDsn,1-Jan,31-Dec,Constant,0.05,,,,,,,,,,,,,,,,,,,,,,,,From DOE Prototype Buildings
HotelLarge Room_1_Flr_6 Water Equipment Sensible fract sched,Equipment,,Default|WntrDsn|SmrDsn,1-Jan,31-Dec,Constant,0.2,,,,,,,,,,,,,,,,,,,,,,,,From DOE Prototype Buildings
HotelLarge Room_1_Flr_6 Water Equipment Temp Sched,Equipment,C,Default|WntrDsn|SmrDsn,1-Jan,31-Dec,Constant,60,,,,,,,,,,,,,,,,,,,,,,,,From DOE Prototype Buildings
HotelLarge Room_2_Flr_3 Water Equipment Hot Supply Temp Sched,Equipment,C,Default|WntrDsn|SmrDsn,1-Jan,31-Dec,Constant,55,,,,,,,,,,,,,,,,,,,,,,,,From DOE Prototype Buildings
HotelLarge Room_2_Flr_3 Water Equipment Latent fract sched,Equipment,,Default|WntrDsn|SmrDsn,1-Jan,31-Dec,Constant,0.05,,,,,,,,,,,,,,,,,,,,,,,,From DOE Prototype Buildings
HotelLarge Room_2_Flr_3 Water Equipment Sensible fract sched,Equipment,,Default|WntrDsn|SmrDsn,1-Jan,31-Dec,Constant,0.2,,,,,,,,,,,,,,,,,,,,,,,,From DOE Prototype Buildings
HotelLarge Room_2_Flr_3 Water Equipment Temp Sched,Equipment,C,Default|WntrDsn|SmrDsn,1-Jan,31-Dec,Constant,60,,,,,,,,,,,,,,,,,,,,,,,,From DOE Prototype Buildings
HotelLarge Room_2_Flr_6 Water Equipment Hot Supply Temp Sched,Equipment,C,Default|WntrDsn|SmrDsn,1-Jan,31-Dec,Constant,55,,,,,,,,,,,,,,,,,,,,,,,,From DOE Prototype Buildings
HotelLarge Room_2_Flr_6 Water Equipment Latent fract sched,Equipment,,Default|WntrDsn|SmrDsn,1-Jan,31-Dec,Constant,0.05,,,,,,,,,,,,,,,,,,,,,,,,From DOE Prototype Buildings
HotelLarge Room_2_Flr_6 Water Equipment Sensible fract sched,Equipment,,Default|WntrDsn|SmrDsn,1-Jan,31-Dec,Constant,0.2,,,,,,,,,,,,,,,,,,,,,,,,From DOE Prototype Buildings
HotelLarge Room_2_Flr_6 Water Equipment Temp Sched,Equipment,C,Default|WntrDsn|SmrDsn,1-Jan,31-Dec,Constant,60,,,,,,,,,,,,,,,,,,,,,,,,From DOE Prototype Buildings
HotelLarge Room_3_Mult19_Flr_3 Water Equipment Hot Supply Temp Sched,Equipment,C,Default|WntrDsn|SmrDsn,1-Jan,31-Dec,Constant,55,,,,,,,,,,,,,,,,,,,,,,,,From DOE Prototype Buildings
HotelLarge Room_3_Mult19_Flr_3 Water Equipment Latent fract sched,Equipment,,Default|WntrDsn|SmrDsn,1-Jan,31-Dec,Constant,0.05,,,,,,,,,,,,,,,,,,,,,,,,From DOE Prototype Buildings
HotelLarge Room_3_Mult19_Flr_3 Water Equipment Sensible fract sched,Equipment,,Default|WntrDsn|SmrDsn,1-Jan,31-Dec,Constant,0.2,,,,,,,,,,,,,,,,,,,,,,,,From DOE Prototype Buildings
HotelLarge Room_3_Mult19_Flr_3 Water Equipment Temp Sched,Equipment,C,Default|WntrDsn|SmrDsn,1-Jan,31-Dec,Constant,60,,,,,,,,,,,,,,,,,,,,,,,,From DOE Prototype Buildings
HotelLarge Room_3_Mult9_Flr_6 Water Equipment Hot Supply Temp Sched,Equipment,C,Default|WntrDsn|SmrDsn,1-Jan,31-Dec,Constant,55,,,,,,,,,,,,,,,,,,,,,,,,From DOE Prototype Buildings
HotelLarge Room_3_Mult9_Flr_6 Water Equipment Latent fract sched,Equipment,,Default|WntrDsn|SmrDsn,1-Jan,31-Dec,Constant,0.05,,,,,,,,,,,,,,,,,,,,,,,,From DOE Prototype Buildings
HotelLarge Room_3_Mult9_Flr_6 Water Equipment Sensible fract sched,Equipment,,Default|WntrDsn|SmrDsn,1-Jan,31-Dec,Constant,0.2,,,,,,,,,,,,,,,,,,,,,,,,From DOE Prototype Buildings
HotelLarge Room_3_Mult9_Flr_6 Water Equipment Temp Sched,Equipment,C,Default|WntrDsn|SmrDsn,1-Jan,31-Dec,Constant,60,,,,,,,,,,,,,,,,,,,,,,,,From DOE Prototype Buildings
HotelLarge Room_4_Mult19_Flr_3 Water Equipment Hot Supply Temp Sched,Equipment,C,Default|WntrDsn|SmrDsn,1-Jan,31-Dec,Constant,55,,,,,,,,,,,,,,,,,,,,,,,,From DOE Prototype Buildings
HotelLarge Room_4_Mult19_Flr_3 Water Equipment Latent fract sched,Equipment,,Default|WntrDsn|SmrDsn,1-Jan,31-Dec,Constant,0.05,,,,,,,,,,,,,,,,,,,,,,,,From DOE Prototype Buildings
HotelLarge Room_4_Mult19_Flr_3 Water Equipment Sensible fract sched,Equipment,,Default|WntrDsn|SmrDsn,1-Jan,31-Dec,Constant,0.2,,,,,,,,,,,,,,,,,,,,,,,,From DOE Prototype Buildings
HotelLarge Room_4_Mult19_Flr_3 Water Equipment Temp Sched,Equipment,C,Default|WntrDsn|SmrDsn,1-Jan,31-Dec,Constant,60,,,,,,,,,,,,,,,,,,,,,,,,From DOE Prototype Buildings
HotelLarge Room_5_Flr_3 Water Equipment Hot Supply Temp Sched,Equipment,C,Default|WntrDsn|SmrDsn,1-Jan,31-Dec,Constant,55,,,,,,,,,,,,,,,,,,,,,,,,From DOE Prototype Buildings
HotelLarge Room_5_Flr_3 Water Equipment Latent fract sched,Equipment,,Default|WntrDsn|SmrDsn,1-Jan,31-Dec,Constant,0.05,,,,,,,,,,,,,,,,,,,,,,,,From DOE Prototype Buildings
HotelLarge Room_5_Flr_3 Water Equipment Sensible fract sched,Equipment,,Default|WntrDsn|SmrDsn,1-Jan,31-Dec,Constant,0.2,,,,,,,,,,,,,,,,,,,,,,,,From DOE Prototype Buildings
HotelLarge Room_5_Flr_3 Water Equipment Temp Sched,Equipment,C,Default|WntrDsn|SmrDsn,1-Jan,31-Dec,Constant,60,,,,,,,,,,,,,,,,,,,,,,,,From DOE Prototype Buildings
HotelLarge Room_6_Flr_3 Water Equipment Hot Supply Temp Sched,Equipment,C,Default|WntrDsn|SmrDsn,1-Jan,31-Dec,Constant,55,,,,,,,,,,,,,,,,,,,,,,,,From DOE Prototype Buildings
HotelLarge Room_6_Flr_3 Water Equipment Latent fract sched,Equipment,,Default|WntrDsn|SmrDsn,1-Jan,31-Dec,Constant,0.05,,,,,,,,,,,,,,,,,,,,,,,,From DOE Prototype Buildings
HotelLarge Room_6_Flr_3 Water Equipment Sensible fract sched,Equipment,,Default|WntrDsn|SmrDsn,1-Jan,31-Dec,Constant,0.2,,,,,,,,,,,,,,,,,,,,,,,,From DOE Prototype Buildings
HotelLarge Room_6_Flr_3 Water Equipment Temp Sched,Equipment,C,Default|WntrDsn|SmrDsn,1-Jan,31-Dec,Constant,60,,,,,,,,,,,,,,,,,,,,,,,,From DOE Prototype Buildings
HotelLarge S Adva_OccGuestRoom_ClgSP_Sch,Thermostat Setpoint,C,Default,1-Jan,31-Dec,Hourly,21.111,21.111,21.111,21.111,21.111,21.111,21.111,21.111,21.111,23.333,23.333,23.333,23.333,23.333,23.333,23.333,21.111,21.111,21.111,21.111,21.111,21.111,21.111,21.111,From DOE Prototype Buildings
HotelLarge S Adva_OccGuestRoom_ClgSP_Sch,Thermostat Setpoint,C,WntrDsn|SmrDsn,1-Jan,31-Dec,Constant,21.111,,,,,,,,,,,,,,,,,,,,,,,,From DOE Prototype Buildings
HotelLarge S Adva_OccGuestRoom_HtgSP_Sch,Thermostat Setpoint,C,Default,1-Jan,31-Dec,Hourly,21.111,21.111,21.111,21.111,21.111,21.111,21.111,21.111,21.111,18.889,18.889,18.889,18.889,18.889,18.889,18.889,21.111,21.111,21.111,21.111,21.111,21.111,21.111,21.111,From DOE Prototype Buildings
HotelLarge S Adva_OccGuestRoom_HtgSP_Sch,Thermostat Setpoint,C,WntrDsn|SmrDsn,1-Jan,31-Dec,Constant,21.111,,,,,,,,,,,,,,,,,,,,,,,,From DOE Prototype Buildings
HotelLarge scheduleOSCBasementFloorTemp,Unknown,C,Default|WntrDsn|SmrDsn,1-Jan,31-Dec,Constant,0,,,,,,,,,,,,,,,,,,,,,,,,From DOE Prototype Buildings
HotelLarge scheduleOSCBasementLowerWallTemp,Unknown,C,Default|WntrDsn|SmrDsn,1-Jan,31-Dec,Constant,0,,,,,,,,,,,,,,,,,,,,,,,,From DOE Prototype Buildings
HotelLarge scheduleOSCBasementUpperWallTemp,Unknown,C,Default|WntrDsn|SmrDsn,1-Jan,31-Dec,Constant,0,,,,,,,,,,,,,,,,,,,,,,,,From DOE Prototype Buildings
HotelLarge scheduleOSCBasementWallSurfaceTemp,Unknown,C,Default|WntrDsn|SmrDsn,1-Jan,31-Dec,Constant,0,,,,,,,,,,,,,,,,,,,,,,,,From DOE Prototype Buildings
HotelLarge Seasonal-Reset-Supply-Air-Temp-Sch,Unknown,C,Default|WntrDsn|SmrDsn,1-Jan,31-Dec,Constant,13,,,,,,,,,,,,,,,,,,,,,,,,From DOE Prototype Buildings
HotelLarge Seasonal-Reset-Supply-Air-Temp-Sch,Unknown,C,Wknd|Wkdy,1-Oct,31-Dec,Constant,13,,,,,,,,,,,,,,,,,,,,,,,,From DOE Prototype Buildings
HotelLarge Seasonal-Reset-Supply-Air-Temp-Sch,Unknown,C,Wknd|Wkdy,1-Jan,31-Mar,Constant,13,,,,,,,,,,,,,,,,,,,,,,,,From DOE Prototype Buildings
HotelLarge SHADING_SCH,Unknown,W,Default|WntrDsn|SmrDsn,1-Jan,31-Dec,Constant,0,,,,,,,,,,,,,,,,,,,,,,,,From DOE Prototype Buildings
HotelLarge Sliding_Doors_Ventilation_Availability_SCH,Unknown,,Default,1-Jan,31-Dec,Hourly,0,0,0,0,0,0,1,1,1,0,0,0,0,0,0,0,1,1,1,1,1,1,0,0,From DOE Prototype Buildings
HotelLarge Sliding_Doors_Ventilation_Availability_SCH,Unknown,,WntrDsn|SmrDsn,1-Jan,31-Dec,Constant,0,,,,,,,,,,,,,,,,,,,,,,,,From DOE Prototype Buildings
HotelLarge SWHSys1 Water Heater Ambient Temperature Schedule Name,Service Water Heating,C,Default|WntrDsn|SmrDsn,1-Jan,31-Dec,Constant,22,,,,,,,,,,,,,,,,,,,,,,,,From DOE Prototype Buildings
HotelLarge SWHSys1 Water Heater Setpoint Temperature Schedule Name,Service Water Heating,C,Default|WntrDsn|SmrDsn,1-Jan,31-Dec,Constant,60,,,,,,,,,,,,,,,,,,,,,,,,From DOE Prototype Buildings
HotelLarge SWHSys1-Loop-Temp-Schedule,Service Water Heating,C,Default|WntrDsn|SmrDsn,1-Jan,31-Dec,Constant,60,,,,,,,,,,,,,,,,,,,,,,,,From DOE Prototype Buildings
HotelLarge walkin_occ_lght_SCH,Occupancy,,Default,1-Jan,31-Dec,Hourly,0.156,0.156,0.104,0.104,0.104,0.104,0.156,0.208,0.208,0.156,0.156,0.156,0.156,0.104,0.104,0.104,0.104,0.104,0.26,0.364,0.416,0.312,0.26,0.156,From DOE Prototype Buildings
HotelLarge walkin_occ_lght_SCH,Occupancy,,Sat,1-Jan,31-Dec,Hourly,0.104,0.104,0.052,0.052,0.052,0.052,0.156,0.156,0.208,0.208,0.156,0.13,0.13,0.13,0.13,0.13,0.13,0.13,0.312,0.364,0.364,0.364,0.312,0.156,From DOE Prototype Buildings
HotelLarge walkin_occ_lght_SCH,Occupancy,,SmrDsn,1-Jan,31-Dec,Constant,1,,,,,,,,,,,,,,,,,,,,,,,,From DOE Prototype Buildings
HotelLarge walkin_occ_lght_SCH,Occupancy,,Wkdy,1-Jan,31-Dec,Hourly,0.104,0.078,0.052,0.052,0.052,0.104,0.208,0.26,0.208,0.208,0.13,0.13,0.13,0.13,0.13,0.13,0.13,0.13,0.312,0.416,0.468,0.416,0.312,0.156,From DOE Prototype Buildings
HotelLarge walkin_occ_lght_SCH,Occupancy,,WntrDsn,1-Jan,31-Dec,Constant,0,,,,,,,,,,,,,,,,,,,,,,,,From DOE Prototype Buildings
HotelLarge WORK_EFF_SCH,Unknown,,Default|WntrDsn|SmrDsn,1-Jan,31-Dec,Constant,0,,,,,,,,,,,,,,,,,,,,,,,,From DOE Prototype Buildings
HotelSmall Adva_EmployeeLounge_ClgSP_Sch,Thermostat Setpoint,C,Default|WntrDsn|SmrDsn,1-Jan,31-Dec,Hourly,26.667,26.667,26.667,26.667,26.667,23.889,23.889,23.889,23.889,23.889,23.889,23.889,23.889,23.889,23.889,23.889,23.889,23.889,23.889,23.889,26.667,26.667,26.667,26.667,From DOE Prototype Buildings
HotelSmall Adva_EmployeeLounge_HtgSP_Sch,Thermostat Setpoint,C,Default|WntrDsn|SmrDsn,1-Jan,31-Dec,Hourly,18.333,18.333,18.333,18.333,18.333,21.111,21.111,21.111,21.111,21.111,21.111,21.111,21.111,21.111,21.111,21.111,21.111,21.111,21.111,21.111,18.333,18.333,18.333,18.333,From DOE Prototype Buildings
HotelSmall Adva_ExerciseCenter_ClgSP_Sch,Thermostat Setpoint,C,Default|WntrDsn|SmrDsn,1-Jan,31-Dec,Hourly,26.667,26.667,26.667,26.667,26.667,26.667,23.889,23.889,23.889,23.889,23.889,23.889,23.889,23.889,23.889,23.889,23.889,23.889,23.889,23.889,23.889,23.889,23.889,26.667,From DOE Prototype Buildings
HotelSmall Adva_ExerciseCenter_HtgSP_Sch,Thermostat Setpoint,C,Default|WntrDsn|SmrDsn,1-Jan,31-Dec,Hourly,18.333,18.333,18.333,18.333,18.333,18.333,21.111,21.111,21.111,21.111,21.111,21.111,21.111,21.111,21.111,21.111,21.111,21.111,21.111,21.111,21.111,21.111,21.111,18.333,From DOE Prototype Buildings
HotelSmall Adva_MeetingRoom_ClgSP_Sch,Thermostat Setpoint,C,Default|WntrDsn|SmrDsn,1-Jan,31-Dec,Hourly,26.667,26.667,26.667,26.667,26.667,26.667,26.667,23.889,23.889,23.889,23.889,23.889,23.889,23.889,23.889,23.889,23.889,23.889,23.889,26.667,26.667,26.667,26.667,26.667,From DOE Prototype Buildings
HotelSmall Adva_MeetingRoom_HtgSP_Sch,Thermostat Setpoint,C,Default|WntrDsn|SmrDsn,1-Jan,31-Dec,Hourly,18.333,18.333,18.333,18.333,18.333,18.333,18.333,21.111,21.111,21.111,21.111,21.111,21.111,21.111,21.111,21.111,21.111,21.111,21.111,18.333,18.333,18.333,18.333,18.333,From DOE Prototype Buildings
HotelSmall Adva_OccGuestRoom_ClgSP_Sch,Thermostat Setpoint,C,Default,1-Jan,31-Dec,Hourly,21.111,21.111,21.111,21.111,21.111,21.111,21.111,21.111,21.111,23.333,23.333,23.333,23.333,23.333,23.333,23.333,21.111,21.111,21.111,21.111,21.111,21.111,21.111,21.111,From DOE Prototype Buildings
HotelSmall Adva_OccGuestRoom_ClgSP_Sch,Thermostat Setpoint,C,WntrDsn|SmrDsn,1-Jan,31-Dec,Constant,21.111,,,,,,,,,,,,,,,,,,,,,,,,From DOE Prototype Buildings
HotelSmall Adva_OccGuestRoom_HtgSP_Sch,Thermostat Setpoint,C,Default,1-Jan,31-Dec,Hourly,21.111,21.111,21.111,21.111,21.111,21.111,21.111,21.111,21.111,18.889,18.889,18.889,18.889,18.889,18.889,18.889,21.111,21.111,21.111,21.111,21.111,21.111,21.111,21.111,From DOE Prototype Buildings
HotelSmall Adva_OccGuestRoom_HtgSP_Sch,Thermostat Setpoint,C,WntrDsn|SmrDsn,1-Jan,31-Dec,Constant,21.111,,,,,,,,,,,,,,,,,,,,,,,,From DOE Prototype Buildings
HotelSmall Adva5F_OccGuestRoom_ClgSP_Sch,Thermostat Setpoint,C,Default,1-Jan,31-Dec,Hourly,21.111,21.111,21.111,21.111,21.111,21.111,21.111,21.111,21.111,23.888,23.888,23.888,23.888,23.888,23.888,23.888,21.111,21.111,21.111,21.111,21.111,21.111,21.111,21.111,From DOE Prototype Buildings
HotelSmall Adva5F_OccGuestRoom_ClgSP_Sch,Thermostat Setpoint,C,WntrDsn|SmrDsn,1-Jan,31-Dec,Constant,21.111,,,,,,,,,,,,,,,,,,,,,,,,From DOE Prototype Buildings
HotelSmall Adva5F_OccGuestRoom_HtgSP_Sch,Thermostat Setpoint,C,Default,1-Jan,31-Dec,Hourly,21.111,21.111,21.111,21.111,21.111,21.111,21.111,21.111,21.111,18.334,18.334,18.334,18.334,18.334,18.334,18.334,21.111,21.111,21.111,21.111,21.111,21.111,21.111,21.111,From DOE Prototype Buildings
HotelSmall Adva5F_OccGuestRoom_HtgSP_Sch,Thermostat Setpoint,C,WntrDsn|SmrDsn,1-Jan,31-Dec,Constant,21.111,,,,,,,,,,,,,,,,,,,,,,,,From DOE Prototype Buildings
HotelSmall AlwaysOff,Unknown,,Default|WntrDsn|SmrDsn,1-Jan,31-Dec,Constant,0,,,,,,,,,,,,,,,,,,,,,,,,From DOE Prototype Buildings
HotelSmall AlwaysOff_SCH,Unknown,,Default|WntrDsn|SmrDsn,1-Jan,31-Dec,Constant,0,,,,,,,,,,,,,,,,,,,,,,,,From DOE Prototype Buildings
HotelSmall AlwaysOn,Unknown,,Default|WntrDsn|SmrDsn,1-Jan,31-Dec,Constant,1,,,,,,,,,,,,,,,,,,,,,,,,From DOE Prototype Buildings
HotelSmall AlwaysOn_SCH,Unknown,,Default|WntrDsn|SmrDsn,1-Jan,31-Dec,Constant,1,,,,,,,,,,,,,,,,,,,,,,,,From DOE Prototype Buildings
HotelSmall Base_OccGuestRoom_ClgSP_Sch,Thermostat Setpoint,C,Default|WntrDsn|SmrDsn,1-Jan,31-Dec,Constant,21.111,,,,,,,,,,,,,,,,,,,,,,,,From DOE Prototype Buildings
HotelSmall Base_OccGuestRoom_HtgSP_Sch,Thermostat Setpoint,C,Default|WntrDsn|SmrDsn,1-Jan,31-Dec,Constant,21.111,,,,,,,,,,,,,,,,,,,,,,,,From DOE Prototype Buildings
HotelSmall BLDG_ELEVATORS,Elevator,,Default,1-Jan,31-Dec,Hourly,0.05,0.05,0.05,0.05,0.1,0.2,0.4,0.5,0.5,0.35,0.15,0.15,0.15,0.15,0.15,0.15,0.35,0.5,0.5,0.4,0.4,0.3,0.2,0.1,From DOE Prototype Buildings
HotelSmall BLDG_ELEVATORS,Elevator,,SmrDsn,1-Jan,31-Dec,Constant,0.5,,,,,,,,,,,,,,,,,,,,,,,,From DOE Prototype Buildings
HotelSmall BLDG_ELEVATORS,Elevator,,WntrDsn,1-Jan,31-Dec,Constant,0.05,,,,,,,,,,,,,,,,,,,,,,,,From DOE Prototype Buildings
HotelSmall BLDG_LIGHT_CORRIDOR_SCH,Lighting,,Default|WntrDsn|SmrDsn,1-Jan,31-Dec,Constant,1,,,,,,,,,,,,,,,,,,,,,,,,From DOE Prototype Buildings
HotelSmall BLDG_LIGHT_CORRIDOR_SCH_2013,Lighting,,Default|WntrDsn|SmrDsn,1-Jan,31-Dec,Constant,0.65,,,,,,,,,,,,,,,,,,,,,,,,From DOE Prototype Buildings
HotelSmall BLDG_LIGHT_EMPLOYEELOUNGE_SCH,Lighting,,Default,1-Jan,31-Dec,Hourly,0,0,0,0,0,0.2,0.3,0.5,1,1,1,1,1,1,1,1,1,1,0.5,0.3,0.2,0.05,0,0,From DOE Prototype Buildings
HotelSmall BLDG_LIGHT_EMPLOYEELOUNGE_SCH,Lighting,,SmrDsn,1-Jan,31-Dec,Constant,1,,,,,,,,,,,,,,,,,,,,,,,,From DOE Prototype Buildings
HotelSmall BLDG_LIGHT_EMPLOYEELOUNGE_SCH,Lighting,,WntrDsn,1-Jan,31-Dec,Constant,0,,,,,,,,,,,,,,,,,,,,,,,,From DOE Prototype Buildings
HotelSmall BLDG_LIGHT_EXERCENTER_SCH,Lighting,,Default|WntrDsn|SmrDsn,1-Jan,31-Dec,Hourly,0,0,0,0,0,0,0.5,1,1,1,1,1,1,1,1,1,1,1,1,1,1,1,0.5,0,From DOE Prototype Buildings
HotelSmall BLDG_LIGHT_FRONTLOUNGE_SCH,Lighting,,Default,1-Jan,31-Dec,Hourly,0,0,0,0,0,0.2,0.3,0.5,1,1,1,1,1,1,1,1,1,1,0.5,0.3,0.2,0.05,0,0,From DOE Prototype Buildings
HotelSmall BLDG_LIGHT_FRONTLOUNGE_SCH,Lighting,,SmrDsn,1-Jan,31-Dec,Constant,1,,,,,,,,,,,,,,,,,,,,,,,,From DOE Prototype Buildings
HotelSmall BLDG_LIGHT_FRONTLOUNGE_SCH,Lighting,,WntrDsn,1-Jan,31-Dec,Constant,0,,,,,,,,,,,,,,,,,,,,,,,,From DOE Prototype Buildings
HotelSmall BLDG_LIGHT_GUESTROOM_SCH_2010,Lighting,,Default,1-Jan,31-Dec,Hourly,0.220,0.220,0.095,0.095,0.095,0.095,0.385,0.385,0.526,0.444,0.302,0.243,0.243,0.243,0.243,0.243,0.243,0.253,0.797,0.939,0.939,0.939,0.797,0.385,From DOE Prototype Buildings
HotelSmall BLDG_LIGHT_GUESTROOM_SCH_2010,Lighting,,SmrDsn,1-Jan,31-Dec,Constant,1,,,,,,,,,,,,,,,,,,,,,,,,From DOE Prototype Buildings
HotelSmall BLDG_LIGHT_GUESTROOM_SCH_2010,Lighting,,Wkdy,1-Jan,31-Dec,Hourly,0.186,0.145,0.095,0.095,0.095,0.186,0.412,0.526,0.412,0.412,0.209,0.209,0.209,0.209,0.209,0.209,0.213,0.215,0.630,0.834,0.938,0.834,0.630,0.308,From DOE Prototype Buildings
HotelSmall BLDG_LIGHT_GUESTROOM_SCH_2010,Lighting,,WntrDsn,1-Jan,31-Dec,Constant,0,,,,,,,,,,,,,,,,,,,,,,,,From DOE Prototype Buildings
HotelSmall BLDG_LIGHT_GUESTROOM_SCH_2013,Lighting,,Default,1-Jan,31-Dec,Hourly,0.13,0.13,0.06,0.06,0.06,0.06,0.33,0.33,0.45,0.18667,0.062121,0.05,0.05,0.05,0.05,0.05,0.05,0.0825,0.68,0.8,0.8,0.8,0.68,0.33,From DOE Prototype Buildings
HotelSmall BLDG_LIGHT_GUESTROOM_SCH_2013,Lighting,,SmrDsn,1-Jan,31-Dec,Constant,1,,,,,,,,,,,,,,,,,,,,,,,,From DOE Prototype Buildings
HotelSmall BLDG_LIGHT_GUESTROOM_SCH_2013,Lighting,,Wkdy,1-Jan,31-Dec,Hourly,0.11,0.09,0.06,0.06,0.06,0.11,0.35,0.45,0.45,0.35,0.35,0.35,0.35,0.35,0.35,0.05,0.064,0.07,0.54,0.71,0.8,0.71,0.54,0.26,From DOE Prototype Buildings
HotelSmall BLDG_LIGHT_GUESTROOM_SCH_2013,Lighting,,WntrDsn,1-Jan,31-Dec,Constant,0,,,,,,,,,,,,,,,,,,,,,,,,From DOE Prototype Buildings
HotelSmall BLDG_LIGHT_LAUNDRY_SCH,Lighting,,Default|WntrDsn|SmrDsn,1-Jan,31-Dec,Hourly,0,0,0,0,0,0,0,0,1,1,1,1,1,1,1,1,1,0,0,0,0,0,0,0,From DOE Prototype Buildings
HotelSmall BLDG_LIGHT_MECHROOM_SCH,Lighting,,Default|Wkdy,1-Jan,31-Dec,Hourly,0.1,0.1,0.1,0.1,0.1,0.1,0.1,0.2,0.4,0.4,0.4,0.4,0.4,0.4,0.4,0.4,0.4,0.4,0.2,0.2,0.2,0.2,0.1,0.1,From DOE Prototype Buildings
HotelSmall BLDG_LIGHT_MECHROOM_SCH,Lighting,,SmrDsn,1-Jan,31-Dec,Constant,1,,,,,,,,,,,,,,,,,,,,,,,,From DOE Prototype Buildings
HotelSmall BLDG_LIGHT_MECHROOM_SCH,Lighting,,WntrDsn,1-Jan,31-Dec,Constant,0,,,,,,,,,,,,,,,,,,,,,,,,From DOE Prototype Buildings
HotelSmall BLDG_LIGHT_MEETINGROOM_SCH,Lighting,,Default,1-Jan,31-Dec,Hourly,0,0,0,0,0,0.2,0.3,0.5,1,1,1,1,1,1,1,1,1,1,0.5,0.3,0.2,0.05,0,0,From DOE Prototype Buildings
HotelSmall BLDG_LIGHT_MEETINGROOM_SCH,Lighting,,SmrDsn,1-Jan,31-Dec,Constant,1,,,,,,,,,,,,,,,,,,,,,,,,From DOE Prototype Buildings
HotelSmall BLDG_LIGHT_MEETINGROOM_SCH,Lighting,,WntrDsn,1-Jan,31-Dec,Constant,0,,,,,,,,,,,,,,,,,,,,,,,,From DOE Prototype Buildings
HotelSmall BLDG_LIGHT_OFFICE_SCH,Lighting,,Default,1-Jan,31-Dec,Hourly,0.4175,0.4175,0.4175,0.4175,0.4175,0.4175,0.4175,0.50935,0.7515,0.7515,0.7515,0.7515,0.668,0.7515,0.7515,0.7515,0.7515,0.50935,0.4175,0.4175,0.4175,0.4175,0.4175,0.4175,From DOE Prototype Buildings
HotelSmall BLDG_LIGHT_OFFICE_SCH,Lighting,,SmrDsn,1-Jan,31-Dec,Constant,1,,,,,,,,,,,,,,,,,,,,,,,,From DOE Prototype Buildings
HotelSmall BLDG_LIGHT_OFFICE_SCH,Lighting,,WntrDsn,1-Jan,31-Dec,Constant,0,,,,,,,,,,,,,,,,,,,,,,,,From DOE Prototype Buildings
HotelSmall BLDG_LIGHT_RESTROOM_SCH,Lighting,,Default|WntrDsn|SmrDsn,1-Jan,31-Dec,Constant,0.66,,,,,,,,,,,,,,,,,,,,,,,,From DOE Prototype Buildings
HotelSmall BLDG_LIGHT_STAIR_SCH,Lighting,,Default|WntrDsn|SmrDsn,1-Jan,31-Dec,Constant,0.55,,,,,,,,,,,,,,,,,,,,,,,,From DOE Prototype Buildings
HotelSmall BLDG_LIGHT_STORAGE_SCH,Lighting,,Default|Wkdy,1-Jan,31-Dec,Hourly,0.054,0.054,0.054,0.054,0.054,0.054,0.054,0.108,0.217,0.217,0.217,0.217,0.217,0.217,0.217,0.217,0.217,0.217,0.108,0.108,0.108,0.108,0.054,0.054,From DOE Prototype Buildings
HotelSmall BLDG_LIGHT_STORAGE_SCH,Lighting,,SmrDsn,1-Jan,31-Dec,Constant,1,,,,,,,,,,,,,,,,,,,,,,,,From DOE Prototype Buildings
HotelSmall BLDG_LIGHT_STORAGE_SCH,Lighting,,WntrDsn,1-Jan,31-Dec,Constant,0,,,,,,,,,,,,,,,,,,,,,,,,From DOE Prototype Buildings
HotelSmall CommonArea_ClgSP_Sch,Thermostat Setpoint,C,Default|WntrDsn|SmrDsn,1-Jan,31-Dec,Constant,23.889,,,,,,,,,,,,,,,,,,,,,,,,From DOE Prototype Buildings
HotelSmall CommonArea_HtgSP_Sch,Thermostat Setpoint,C,Default|WntrDsn|SmrDsn,1-Jan,31-Dec,Constant,21.111,,,,,,,,,,,,,,,,,,,,,,,,From DOE Prototype Buildings
HotelSmall CommonArea_Infil_Sch,Infiltration,,Default,1-Jan,31-Dec,Constant,0.25,,,,,,,,,,,,,,,,,,,,,,,,From DOE Prototype Buildings
HotelSmall CommonArea_Infil_Sch,Infiltration,,SmrDsn,1-Jan,31-Dec,Constant,1,,,,,,,,,,,,,,,,,,,,,,,,From DOE Prototype Buildings
HotelSmall CommonArea_Infil_Sch,Infiltration,,WntrDsn,1-Jan,31-Dec,Constant,0,,,,,,,,,,,,,,,,,,,,,,,,From DOE Prototype Buildings
HotelSmall COMPACT HVAC-ALWAYS 0,Unknown,,Default|WntrDsn|SmrDsn,1-Jan,31-Dec,Constant,0,,,,,,,,,,,,,,,,,,,,,,,,From DOE Prototype Buildings
HotelSmall COMPACT HVAC-ALWAYS 1,Unknown,,Default|WntrDsn|SmrDsn,1-Jan,31-Dec,Constant,1,,,,,,,,,,,,,,,,,,,,,,,,From DOE Prototype Buildings
HotelSmall COMPACT HVAC-ALWAYS 4,Unknown,,Default|WntrDsn|SmrDsn,1-Jan,31-Dec,Constant,4,,,,,,,,,,,,,,,,,,,,,,,,From DOE Prototype Buildings
HotelSmall ELEV_LIGHT_FAN_SCH_24_7,Lighting,,Default|WntrDsn|SmrDsn,1-Jan,31-Dec,Constant,1,,,,,,,,,,,,,,,,,,,,,,,,From DOE Prototype Buildings
HotelSmall ELEV_LIGHT_FAN_SCH_ADD_DF,Lighting,,Default,1-Jan,31-Dec,Hourly,0.05,0.05,0.05,0.05,0.1,0.2,0.4,0.5,0.5,0.35,0.15,0.15,0.15,0.15,0.15,0.15,0.35,0.5,0.5,0.4,0.4,0.3,0.2,0.1,From DOE Prototype Buildings
HotelSmall ELEV_LIGHT_FAN_SCH_ADD_DF,Lighting,,SmrDsn,1-Jan,31-Dec,Constant,0.5,,,,,,,,,,,,,,,,,,,,,,,,From DOE Prototype Buildings
HotelSmall ELEV_LIGHT_FAN_SCH_ADD_DF,Lighting,,WntrDsn,1-Jan,31-Dec,Constant,0.05,,,,,,,,,,,,,,,,,,,,,,,,From DOE Prototype Buildings
HotelSmall EmployeeLounge_Eqp_Sch,Equipment,,Default|Wkdy,1-Jan,31-Dec,Hourly,0.11,0.11,0.11,0.11,0.11,0.19,0.19,0.25,1,1,0.86,0.86,1,0.86,0.86,0.86,0.86,0.86,0.25,0.19,0.11,0.11,0.11,0.11,From DOE Prototype Buildings
HotelSmall EmployeeLounge_Eqp_Sch,Equipment,,SmrDsn,1-Jan,31-Dec,Constant,1,,,,,,,,,,,,,,,,,,,,,,,,From DOE Prototype Buildings
HotelSmall EmployeeLounge_Eqp_Sch,Equipment,,WntrDsn,1-Jan,31-Dec,Constant,0,,,,,,,,,,,,,,,,,,,,,,,,From DOE Prototype Buildings
HotelSmall EmployeeLounge_Occ_Sch,Occupancy,,Default,1-Jan,31-Dec,Hourly,0,0,0,0,0,0.05,0.05,0.05,0.1,0.1,0.1,0.1,0.2,0.1,0.1,0.1,0.1,0.1,0.05,0.05,0,0,0,0,From DOE Prototype Buildings
HotelSmall EmployeeLounge_Occ_Sch,Occupancy,,SmrDsn,1-Jan,31-Dec,Constant,1,,,,,,,,,,,,,,,,,,,,,,,,From DOE Prototype Buildings
HotelSmall EmployeeLounge_Occ_Sch,Occupancy,,Wkdy,1-Jan,31-Dec,Hourly,0,0,0,0,0,0.1,0.1,0.2,0.2,0.2,0.2,0.2,0.7,0.2,0.2,0.2,0.2,0.2,0.1,0.1,0,0,0,0,From DOE Prototype Buildings
HotelSmall EmployeeLounge_Occ_Sch,Occupancy,,WntrDsn,1-Jan,31-Dec,Constant,0,,,,,,,,,,,,,,,,,,,,,,,,From DOE Prototype Buildings
HotelSmall ExerciseCenter_Eqp_Sch,Equipment,,Default|WntrDsn|SmrDsn,1-Jan,31-Dec,Hourly,0,0,0,0,0,0,0.5,1,1,0.5,0.5,0.5,0,0.5,0.5,0.5,1,0.5,0.5,1,1,0.5,0.5,0,From DOE Prototype Buildings
HotelSmall ExerciseCenter_Occ_Sch,Occupancy,,Default|WntrDsn|SmrDsn,1-Jan,31-Dec,Hourly,0,0,0,0,0,0,0.5,1,1,1,1,0.5,0,1,1,1,1,1,1,1,1,1,0.5,0,From DOE Prototype Buildings
HotelSmall Exterior_Lgt_ALWAYS_ON,Unknown,,Default|WntrDsn|SmrDsn,1-Jan,31-Dec,Constant,1,,,,,,,,,,,,,,,,,,,,,,,,From DOE Prototype Buildings
HotelSmall Exterior_Ltg_Sch,Unknown,,Default|WntrDsn|SmrDsn,1-Jan,31-Dec,Hourly,1,1,1,1,1,1,1,0,0,0,0,0,0,0,0,0,0,0,0,1,1,1,1,1,From DOE Prototype Buildings
HotelSmall GuestRoom_Eqp_Sch_Adva,Equipment,,Default,1-Jan,31-Dec,Hourly,0.09,0.09,0.09,0.09,0.09,0.09,0.3,0.62,0.9,0.62,0.13,0.13,0.13,0.13,0.13,0.13,0.21,0.4,0.48,0.46,0.62,0.69,0.34,0.09,From DOE Prototype Buildings
HotelSmall GuestRoom_Eqp_Sch_Adva,Equipment,,SmrDsn,1-Jan,31-Dec,Constant,1,,,,,,,,,,,,,,,,,,,,,,,,From DOE Prototype Buildings
HotelSmall GuestRoom_Eqp_Sch_Adva,Equipment,,Wkdy,1-Jan,31-Dec,Hourly,0.09,0.09,0.09,0.09,0.09,0.09,0.62,0.9,0.43,0.43,0.12,0.12,0.12,0.12,0.12,0.12,0.19,0.48,0.48,0.46,0.62,0.69,0.34,0.09,From DOE Prototype Buildings
HotelSmall GuestRoom_Eqp_Sch_Adva,Equipment,,WntrDsn,1-Jan,31-Dec,Constant,0,,,,,,,,,,,,,,,,,,,,,,,,From DOE Prototype Buildings
HotelSmall GuestRoom_Eqp_Sch_Base,Equipment,,Default,1-Jan,31-Dec,Hourly,0.11,0.11,0.11,0.11,0.11,0.11,0.3,0.62,0.9,0.62,0.29,0.29,0.29,0.29,0.29,0.29,0.29,0.43,0.51,0.49,0.66,0.7,0.35,0.11,From DOE Prototype Buildings
HotelSmall GuestRoom_Eqp_Sch_Base,Equipment,,SmrDsn,1-Jan,31-Dec,Constant,1,,,,,,,,,,,,,,,,,,,,,,,,From DOE Prototype Buildings
HotelSmall GuestRoom_Eqp_Sch_Base,Equipment,,Wkdy,1-Jan,31-Dec,Hourly,0.11,0.11,0.11,0.11,0.11,0.11,0.62,0.9,0.43,0.43,0.26,0.26,0.26,0.26,0.26,0.26,0.26,0.51,0.51,0.49,0.66,0.7,0.35,0.11,From DOE Prototype Buildings
HotelSmall GuestRoom_Eqp_Sch_Base,Equipment,,WntrDsn,1-Jan,31-Dec,Constant,0,,,,,,,,,,,,,,,,,,,,,,,,From DOE Prototype Buildings
HotelSmall GuestRoom_Infil_Sch,Infiltration,,Default,1-Jan,31-Dec,Constant,0.25,,,,,,,,,,,,,,,,,,,,,,,,From DOE Prototype Buildings
HotelSmall GuestRoom_Infil_Sch,Infiltration,,SmrDsn,1-Jan,31-Dec,Constant,1,,,,,,,,,,,,,,,,,,,,,,,,From DOE Prototype Buildings
HotelSmall GuestRoom_Infil_Sch,Infiltration,,WntrDsn,1-Jan,31-Dec,Constant,0,,,,,,,,,,,,,,,,,,,,,,,,From DOE Prototype Buildings
HotelSmall GuestRoom_Occ_Sch,Occupancy,,Default,1-Jan,31-Dec,Hourly,1,1,1,1,1,1,0.77,0.53,0.53,0.3,0.3,0.3,0.3,0.3,0.3,0.3,0.3,0.53,0.54,0.65,0.65,0.77,0.77,0.77,From DOE Prototype Buildings
HotelSmall GuestRoom_Occ_Sch,Occupancy,,SmrDsn,1-Jan,31-Dec,Constant,1,,,,,,,,,,,,,,,,,,,,,,,,From DOE Prototype Buildings
HotelSmall GuestRoom_Occ_Sch,Occupancy,,Wkdy,1-Jan,31-Dec,Hourly,1,1,1,1,1,1,0.77,0.43,0.43,0.2,0.2,0.2,0.2,0.2,0.2,0.31,0.54,0.54,0.54,0.77,0.77,0.89,1,1,From DOE Prototype Buildings
HotelSmall GuestRoom_Occ_Sch,Occupancy,,WntrDsn,1-Jan,31-Dec,Constant,0,,,,,,,,,,,,,,,,,,,,,,,,From DOE Prototype Buildings
HotelSmall GuestRoom_SHW_Sch,Service Water Heating,,Default|WntrDsn|SmrDsn,1-Jan,31-Dec,Hourly,0.2,0.15,0.15,0.15,0.2,0.25,0.35,0.6,0.8,0.55,0.4,0.3,0.2,0.2,0.2,0.2,0.2,0.25,0.3,0.4,0.4,0.4,0.6,0.35,From DOE Prototype Buildings
HotelSmall GuestRoom_SHW_Sch,Service Water Heating,,Wkdy,1-Jan,31-Dec,Hourly,0.2,0.15,0.15,0.15,0.2,0.35,0.6,0.8,0.55,0.4,0.3,0.2,0.2,0.2,0.2,0.2,0.2,0.3,0.55,0.4,0.4,0.6,0.45,0.25,From DOE Prototype Buildings
HotelSmall Heat Exchanger Supply Air Temp Sch,Unknown,C,Default|WntrDsn|SmrDsn,1-Jan,31-Dec,Constant,14,,,,,,,,,,,,,,,,,,,,,,,,From DOE Prototype Buildings
HotelSmall INFIL_Door_Opening_SCH,Infiltration,,Default|WntrDsn|SmrDsn,1-Jan,31-Dec,Hourly,0,0,0,0,0,0,0.144,1,0.144,0.144,0.144,0.144,0.144,0.144,0.144,0.144,0.144,1,0.144,0.144,0.144,0.144,0,0,From DOE Prototype Buildings
HotelSmall LaundryRoom_Eqp_Elec_Sch,Equipment,,Default,1-Jan,31-Dec,Hourly,0,0,0,0,0,0,0,0,1,1,1,1,1,1,1,1,0,0,0,0,0,0,0,0,From DOE Prototype Buildings
HotelSmall LaundryRoom_Eqp_Elec_Sch,Equipment,,SmrDsn,1-Jan,31-Dec,Constant,1,,,,,,,,,,,,,,,,,,,,,,,,From DOE Prototype Buildings
HotelSmall LaundryRoom_Eqp_Elec_Sch,Equipment,,WntrDsn,1-Jan,31-Dec,Constant,0,,,,,,,,,,,,,,,,,,,,,,,,From DOE Prototype Buildings
HotelSmall LaundryRoom_Eqp_Gas_Sch,Equipment,,Default,1-Jan,31-Dec,Hourly,0,0,0,0,0,0,0,0,0,1,1,1,1,1,1,1,1,0,0,0,0,0,0,0,From DOE Prototype Buildings
HotelSmall LaundryRoom_Eqp_Gas_Sch,Equipment,,SmrDsn,1-Jan,31-Dec,Constant,1,,,,,,,,,,,,,,,,,,,,,,,,From DOE Prototype Buildings
HotelSmall LaundryRoom_Eqp_Gas_Sch,Equipment,,WntrDsn,1-Jan,31-Dec,Constant,0,,,,,,,,,,,,,,,,,,,,,,,,From DOE Prototype Buildings
HotelSmall LaundryRoom_Occ_Sch,Occupancy,,Default|Wkdy,1-Jan,31-Dec,Hourly,0,0,0,0,0,0,0,0,0.09,0.09,0.18,0.18,0,0.18,0.18,0.18,0.09,0,0,0,0,0,0,0,From DOE Prototype Buildings
HotelSmall LaundryRoom_Occ_Sch,Occupancy,,SmrDsn,1-Jan,31-Dec,Constant,1,,,,,,,,,,,,,,,,,,,,,,,,From DOE Prototype Buildings
HotelSmall LaundryRoom_Occ_Sch,Occupancy,,WntrDsn,1-Jan,31-Dec,Constant,0,,,,,,,,,,,,,,,,,,,,,,,,From DOE Prototype Buildings
HotelSmall LaundryRoom_SHW_Sch,Equipment,,Default|WntrDsn|SmrDsn,1-Jan,31-Dec,Hourly,0,0,0,0,0,0,0,0,1,1,1,1,1,1,1,1,0,0,0,0,0,0,0,0,From DOE Prototype Buildings
HotelSmall Lobby_Eqp_Sch,Equipment,,Default,1-Jan,31-Dec,Hourly,0.21,0.21,0.21,0.21,0.21,0.68,1,1,1,1,0.32,0.23,0.23,0.23,0.23,0.23,0.23,0.23,0.23,0.23,0.23,0.23,0.23,0.21,From DOE Prototype Buildings
HotelSmall Lobby_Eqp_Sch,Equipment,,SmrDsn,1-Jan,31-Dec,Constant,1,,,,,,,,,,,,,,,,,,,,,,,,From DOE Prototype Buildings
HotelSmall Lobby_Eqp_Sch,Equipment,,WntrDsn,1-Jan,31-Dec,Constant,0,,,,,,,,,,,,,,,,,,,,,,,,From DOE Prototype Buildings
HotelSmall Lobby_Occ_Sch,Occupancy,,Default,1-Jan,31-Dec,Hourly,0.1,0.1,0.1,0.1,0.1,0.1,0.3,0.7,0.7,0.7,0.2,0.2,0.2,0.2,0.2,0.2,0.2,0.2,0.2,0.2,0.2,0.2,0.1,0.1,From DOE Prototype Buildings
HotelSmall Lobby_Occ_Sch,Occupancy,,SmrDsn,1-Jan,31-Dec,Constant,1,,,,,,,,,,,,,,,,,,,,,,,,From DOE Prototype Buildings
HotelSmall Lobby_Occ_Sch,Occupancy,,Wkdy,1-Jan,31-Dec,Hourly,0.1,0.1,0.1,0.1,0.1,0.3,0.7,0.7,0.7,0.7,0.2,0.2,0.2,0.2,0.2,0.2,0.4,0.4,0.2,0.2,0.2,0.2,0.1,0.1,From DOE Prototype Buildings
HotelSmall Lobby_Occ_Sch,Occupancy,,WntrDsn,1-Jan,31-Dec,Constant,0,,,,,,,,,,,,,,,,,,,,,,,,From DOE Prototype Buildings
HotelSmall MeetingRoom_Eqp_Sch,Equipment,,Default|WntrDsn|SmrDsn,1-Jan,31-Dec,Hourly,0,0,0,0,0,0,0,0.05,0.54,0.54,0.26,0.26,0.05,0.54,0.54,0.26,0.26,0.26,0.05,0.05,0,0,0,0,From DOE Prototype Buildings
HotelSmall MeetingRoom_Occ_Sch,Occupancy,,Default|Wkdy,1-Jan,31-Dec,Hourly,0,0,0,0,0,0,0,0.05,0.5,0.5,0.2,0.2,0.05,0.5,0.5,0.2,0.2,0.2,0.05,0.05,0,0,0,0,From DOE Prototype Buildings
HotelSmall MeetingRoom_Occ_Sch,Occupancy,,SmrDsn,1-Jan,31-Dec,Constant,1,,,,,,,,,,,,,,,,,,,,,,,,From DOE Prototype Buildings
HotelSmall MeetingRoom_Occ_Sch,Occupancy,,WntrDsn,1-Jan,31-Dec,Constant,0,,,,,,,,,,,,,,,,,,,,,,,,From DOE Prototype Buildings
HotelSmall MinOA_MotorizedDamper_Sched,OA Air,,Default|WntrDsn|SmrDsn,1-Jan,31-Dec,Constant,1,,,,,,,,,,,,,,,,,,,,,,,,From DOE Prototype Buildings
HotelSmall N Adva_OccGuestRoom_ClgSP_Sch,Thermostat Setpoint,C,Default,1-Jan,31-Dec,Hourly,21.111,21.111,21.111,21.111,21.111,21.111,21.111,21.111,21.111,23.333,23.333,23.333,23.333,23.333,23.333,23.333,21.111,21.111,21.111,21.111,21.111,21.111,21.111,21.111,From DOE Prototype Buildings
HotelSmall N Adva_OccGuestRoom_ClgSP_Sch,Thermostat Setpoint,C,WntrDsn|SmrDsn,1-Jan,31-Dec,Constant,21.111,,,,,,,,,,,,,,,,,,,,,,,,From DOE Prototype Buildings
HotelSmall N Adva_OccGuestRoom_HtgSP_Sch,Thermostat Setpoint,C,Default,1-Jan,31-Dec,Hourly,21.111,21.111,21.111,21.111,21.111,21.111,21.111,21.111,21.111,18.889,18.889,18.889,18.889,18.889,18.889,18.889,21.111,21.111,21.111,21.111,21.111,21.111,21.111,21.111,From DOE Prototype Buildings
HotelSmall N Adva_OccGuestRoom_HtgSP_Sch,Thermostat Setpoint,C,WntrDsn|SmrDsn,1-Jan,31-Dec,Constant,21.111,,,,,,,,,,,,,,,,,,,,,,,,From DOE Prototype Buildings
HotelSmall Off During Unoccupied Period,Occupancy,,Default|WntrDsn|SmrDsn,1-Jan,31-Dec,Hourly,0,0,0,0,0,0,0,0,1,1,1,1,1,1,1,1,1,1,0,0,0,0,0,0,From DOE Prototype Buildings
HotelSmall OFF_EQUIP_SCH,Equipment,,Default,1-Jan,31-Dec,Hourly,0.33,0.33,0.33,0.33,0.33,0.38,0.38,0.43,0.63,0.63,0.63,0.63,0.63,0.63,0.63,0.63,0.63,0.63,0.48,0.48,0.48,0.48,0.33,0.33,From DOE Prototype Buildings
HotelSmall OFF_EQUIP_SCH,Equipment,,SmrDsn,1-Jan,31-Dec,Constant,1,,,,,,,,,,,,,,,,,,,,,,,,From DOE Prototype Buildings
HotelSmall OFF_EQUIP_SCH,Equipment,,Wkdy,1-Jan,31-Dec,Hourly,0.33,0.33,0.33,0.33,0.33,0.38,0.38,0.43,0.43,0.43,1,1,0.94,1,1,1,1,0.75,0.63,0.63,0.48,0.48,0.33,0.33,From DOE Prototype Buildings
HotelSmall OFF_EQUIP_SCH,Equipment,,WntrDsn,1-Jan,31-Dec,Constant,0,,,,,,,,,,,,,,,,,,,,,,,,From DOE Prototype Buildings
HotelSmall Office_Occ_Sch,Occupancy,,Default,1-Jan,31-Dec,Hourly,0.2,0.2,0.2,0.2,0.2,0.2,0.2,0.3,0.5,0.5,0.5,0.5,0.5,0.5,0.5,0.5,0.5,0.3,0.2,0.2,0.2,0.2,0.2,0.2,From DOE Prototype Buildings
HotelSmall Office_Occ_Sch,Occupancy,,SmrDsn,1-Jan,31-Dec,Constant,1,,,,,,,,,,,,,,,,,,,,,,,,From DOE Prototype Buildings
HotelSmall Office_Occ_Sch,Occupancy,,Wkdy,1-Jan,31-Dec,Hourly,0.2,0.2,0.2,0.2,0.2,0.2,0.3,0.4,1,1,1,1,0.5,1,1,1,1,0.4,0.3,0.2,0.2,0.2,0.2,0.2,From DOE Prototype Buildings
HotelSmall Office_Occ_Sch,Occupancy,,WntrDsn,1-Jan,31-Dec,Constant,0,,,,,,,,,,,,,,,,,,,,,,,,From DOE Prototype Buildings
HotelSmall PlantOnSched,Unknown,,Default|WntrDsn|SmrDsn,1-Jan,31-Dec,Constant,1,,,,,,,,,,,,,,,,,,,,,,,,From DOE Prototype Buildings
HotelSmall S Adva_OccGuestRoom_ClgSP_Sch,Thermostat Setpoint,C,Default,1-Jan,31-Dec,Hourly,21.111,21.111,21.111,21.111,21.111,21.111,21.111,21.111,21.111,23.333,23.333,23.333,23.333,23.333,23.333,23.333,21.111,21.111,21.111,21.111,21.111,21.111,21.111,21.111,From DOE Prototype Buildings
HotelSmall S Adva_OccGuestRoom_ClgSP_Sch,Thermostat Setpoint,C,WntrDsn|SmrDsn,1-Jan,31-Dec,Constant,21.111,,,,,,,,,,,,,,,,,,,,,,,,From DOE Prototype Buildings
HotelSmall S Adva_OccGuestRoom_HtgSP_Sch,Thermostat Setpoint,C,Default,1-Jan,31-Dec,Hourly,21.111,21.111,21.111,21.111,21.111,21.111,21.111,21.111,21.111,18.889,18.889,18.889,18.889,18.889,18.889,18.889,21.111,21.111,21.111,21.111,21.111,21.111,21.111,21.111,From DOE Prototype Buildings
HotelSmall S Adva_OccGuestRoom_HtgSP_Sch,Thermostat Setpoint,C,WntrDsn|SmrDsn,1-Jan,31-Dec,Constant,21.111,,,,,,,,,,,,,,,,,,,,,,,,From DOE Prototype Buildings
HotelSmall SAC_Econ_MaxOAFrac_Sch,Unknown,,Default|WntrDsn|SmrDsn,1-Jan,31-Dec,Constant,0.7,,,,,,,,,,,,,,,,,,,,,,,,
HotelSmall SemiHeated_HtgSP_Sch,Thermostat Setpoint,C,Default|WntrDsn|SmrDsn,1-Jan,31-Dec,Constant,7.2,,,,,,,,,,,,,,,,,,,,,,,,From DOE Prototype Buildings
HotelSmall SHW Latent fract sched,Service Water Heating,,Default|WntrDsn|SmrDsn,1-Jan,31-Dec,Constant,0.05,,,,,,,,,,,,,,,,,,,,,,,,From DOE Prototype Buildings
HotelSmall SHW Laundry Temp Sched,Equipment,C,Default|WntrDsn|SmrDsn,1-Jan,31-Dec,Constant,82.22,,,,,,,,,,,,,,,,,,,,,,,,From DOE Prototype Buildings
HotelSmall SHW Sensible fract sched,Service Water Heating,,Default|WntrDsn|SmrDsn,1-Jan,31-Dec,Constant,0.2,,,,,,,,,,,,,,,,,,,,,,,,From DOE Prototype Buildings
HotelSmall SHW Shower Temp Sched,Service Water Heating,C,Default|WntrDsn|SmrDsn,1-Jan,31-Dec,Constant,60,,,,,,,,,,,,,,,,,,,,,,,,From DOE Prototype Buildings
HotelSmall SHWSys Water Heater Ambient Temperature Schedule,Service Water Heating,C,Default|WntrDsn|SmrDsn,1-Jan,31-Dec,Constant,21.1,,,,,,,,,,,,,,,,,,,,,,,,From DOE Prototype Buildings
HotelSmall SHWSysLaundry Water Heater Setpoint Temperature Schedule,Equipment,C,Default|WntrDsn|SmrDsn,1-Jan,31-Dec,Constant,60,,,,,,,,,,,,,,,,,,,,,,,,From DOE Prototype Buildings
HotelSmall SHWSysLaundry-Loop-Temp-Schedule,Equipment,C,Default|WntrDsn|SmrDsn,1-Jan,31-Dec,Constant,60,,,,,,,,,,,,,,,,,,,,,,,,From DOE Prototype Buildings
HotelSmall SHWSysShower Water Heater Setpoint Temperature Schedule,Service Water Heating,C,Default|WntrDsn|SmrDsn,1-Jan,31-Dec,Constant,60,,,,,,,,,,,,,,,,,,,,,,,,From DOE Prototype Buildings
HotelSmall SHWSysShower-Loop-Temp-Schedule,Service Water Heating,C,Default|WntrDsn|SmrDsn,1-Jan,31-Dec,Constant,60,,,,,,,,,,,,,,,,,,,,,,,,From DOE Prototype Buildings
HotelSmall Sliding_Doors_Ventilation_Availability_SCH,Unknown,,Default,1-Jan,31-Dec,Hourly,0,0,0,0,0,0,1,1,1,0,0,0,0,0,0,0,1,1,1,1,1,1,0,0,From DOE Prototype Buildings
HotelSmall Sliding_Doors_Ventilation_Availability_SCH,Unknown,,WntrDsn|SmrDsn,1-Jan,31-Dec,Constant,0,,,,,,,,,,,,,,,,,,,,,,,,From DOE Prototype Buildings
HotelSmall VacGuestRoom_ClgSP_Sch,Thermostat Setpoint,C,Default|WntrDsn|SmrDsn,1-Jan,31-Dec,Constant,23.333,,,,,,,,,,,,,,,,,,,,,,,,From DOE Prototype Buildings
HotelSmall VacGuestRoom_HtgSP_Sch,Thermostat Setpoint,C,Default|WntrDsn|SmrDsn,1-Jan,31-Dec,Constant,18.889,,,,,,,,,,,,,,,,,,,,,,,,From DOE Prototype Buildings
Large Office BLDG ELEVATORS,Elevator,,Default|WntrDsn|SmrDsn,1-Jan,31-Dec,Hourly,0.05,0.05,0.05,0.05,0.1,0.2,0.4,0.5,0.5,0.35,0.15,0.15,0.15,0.15,0.15,0.15,0.35,0.5,0.5,0.4,0.4,0.3,0.2,0.1,From DOE Reference Buildings 
Large Office Bldg Equip,Equipment,,Default,1-Jan,31-Dec,Hourly,0.4,0.4,0.4,0.4,0.4,0.4,0.4,0.4,0.9,0.9,0.9,0.9,0.8,0.9,0.9,0.9,0.9,0.8,0.6,0.6,0.5,0.5,0.4,0.4,From DOE Reference Buildings 
Large Office Bldg Equip,Equipment,,Sat,1-Jan,31-Dec,Hourly,0.3,0.3,0.3,0.3,0.3,0.3,0.4,0.4,0.5,0.5,0.5,0.5,0.5,0.5,0.35,0.35,0.35,0.3,0.3,0.3,0.3,0.3,0.3,0.3,From DOE Reference Buildings 
Large Office Bldg Equip,Equipment,,SmrDsn,1-Jan,31-Dec,Constant,1,,,,,,,,,,,,,,,,,,,,,,,,From DOE Reference Buildings 
Large Office Bldg Equip,Equipment,,Sun,1-Jan,31-Dec,Constant,0.3,,,,,,,,,,,,,,,,,,,,,,,,From DOE Reference Buildings 
Large Office Bldg Equip,Equipment,,WntrDsn,1-Jan,31-Dec,Constant,0,,,,,,,,,,,,,,,,,,,,,,,,From DOE Reference Buildings 
Large Office Bldg Light,Lighting,,Default,1-Jan,31-Dec,Hourly,0.05,0.05,0.05,0.05,0.05,0.1,0.1,0.3,0.9,0.9,0.9,0.9,0.9,0.9,0.9,0.9,0.9,0.7,0.5,0.5,0.3,0.3,0.1,0.05,From DOE Reference Buildings 
Large Office Bldg Light,Lighting,,Sat,1-Jan,31-Dec,Hourly,0.05,0.05,0.05,0.05,0.05,0.05,0.1,0.1,0.5,0.5,0.5,0.5,0.5,0.5,0.15,0.15,0.15,0.05,0.05,0.05,0.05,0.05,0.05,0.05,From DOE Reference Buildings 
Large Office Bldg Light,Lighting,,SmrDsn,1-Jan,31-Dec,Constant,1,,,,,,,,,,,,,,,,,,,,,,,,From DOE Reference Buildings 
Large Office Bldg Light,Lighting,,Sun,1-Jan,31-Dec,Constant,0.05,,,,,,,,,,,,,,,,,,,,,,,,From DOE Reference Buildings 
Large Office Bldg Light,Lighting,,WntrDsn,1-Jan,31-Dec,Constant,0,,,,,,,,,,,,,,,,,,,,,,,,From DOE Reference Buildings 
Large Office Bldg Occ,Occupancy,,Default,1-Jan,31-Dec,Hourly,0,0,0,0,0,0,0.1,0.2,0.95,0.95,0.95,0.95,0.5,0.95,0.95,0.95,0.95,0.7,0.4,0.4,0.1,0.1,0.05,0.05,From DOE Reference Buildings 
Large Office Bldg Occ,Occupancy,,Sat,1-Jan,31-Dec,Hourly,0,0,0,0,0,0,0.1,0.1,0.5,0.5,0.5,0.5,0.5,0.5,0.1,0.1,0.1,0,0,0,0,0,0,0,From DOE Reference Buildings 
Large Office Bldg Occ,Occupancy,,SmrDsn,1-Jan,31-Dec,Hourly,0,0,0,0,0,0,1,1,1,1,1,1,1,1,1,1,1,1,1,1,1,1,0.05,0.05,From DOE Reference Buildings 
Large Office Bldg Occ,Occupancy,,WntrDsn|Sun,1-Jan,31-Dec,Constant,0,,,,,,,,,,,,,,,,,,,,,,,,From DOE Reference Buildings 
Large Office ClgSetp,Thermostat Setpoint,C,Default|SmrDsn,1-Jan,31-Dec,Hourly,26.7,26.7,26.7,26.7,26.7,26.7,24,24,24,24,24,24,24,24,24,24,24,24,24,24,24,24,26.7,26.7,From DOE Reference Buildings 
Large Office ClgSetp,Thermostat Setpoint,C,Sat,1-Jan,31-Dec,Hourly,26.7,26.7,26.7,26.7,26.7,26.7,24,24,24,24,24,24,24,24,24,24,24,24,26.7,26.7,26.7,26.7,26.7,26.7,From DOE Reference Buildings 
Large Office ClgSetp,Thermostat Setpoint,C,WntrDsn|Sun,1-Jan,31-Dec,Constant,26.7,,,,,,,,,,,,,,,,,,,,,,,,From DOE Reference Buildings 
Large Office Clothing,Clothing,,Default|WntrDsn,1-Jan,31-Dec,Constant,1,,,,,,,,,,,,,,,,,,,,,,,,From DOE Reference Buildings 
Large Office Clothing,Clothing,,SmrDsn,1-Jan,31-Dec,Constant,0.5,,,,,,,,,,,,,,,,,,,,,,,,From DOE Reference Buildings 
Large Office Clothing,Clothing,,Wknd|Wkdy,1-Oct,31-Dec,Constant,1,,,,,,,,,,,,,,,,,,,,,,,,From DOE Reference Buildings 
Large Office Clothing,Clothing,,Wknd|Wkdy,1-May,30-Sep,Constant,0.5,,,,,,,,,,,,,,,,,,,,,,,,From DOE Reference Buildings 
Large Office HtgSetp,Thermostat Setpoint,C,Default,1-Jan,31-Dec,Hourly,15.6,15.6,15.6,15.6,15.6,15.6,21,21,21,21,21,21,21,21,21,21,21,21,21,21,21,21,15.6,15.6,From DOE Reference Buildings 
Large Office HtgSetp,Thermostat Setpoint,C,Sat,1-Jan,31-Dec,Hourly,15.6,15.6,15.6,15.6,15.6,15.6,21,21,21,21,21,21,21,21,21,21,21,21,15.6,15.6,15.6,15.6,15.6,15.6,From DOE Reference Buildings 
Large Office HtgSetp,Thermostat Setpoint,C,SmrDsn|Sun,1-Jan,31-Dec,Constant,15.6,,,,,,,,,,,,,,,,,,,,,,,,From DOE Reference Buildings 
Large Office HtgSetp,Thermostat Setpoint,C,WntrDsn,1-Jan,31-Dec,Constant,21,,,,,,,,,,,,,,,,,,,,,,,,From DOE Reference Buildings 
Large Office Infil Quarter On,Infiltration,,Default|SmrDsn,1-Jan,31-Dec,Hourly,1,1,1,1,1,1,0.25,0.25,0.25,0.25,0.25,0.25,0.25,0.25,0.25,0.25,0.25,0.25,0.25,0.25,0.25,0.25,1,1,From DOE Reference Buildings 
Large Office Infil Quarter On,Infiltration,,Sun,1-Jan,31-Dec,Constant,1,,,,,,,,,,,,,,,,,,,,,,,,From DOE Reference Buildings 
Large Office Infil Quarter On,Infiltration,,WntrDsn|Sat,1-Jan,31-Dec,Hourly,1,1,1,1,1,1,0.25,0.25,0.25,0.25,0.25,0.25,0.25,0.25,0.25,0.25,0.25,0.25,1,1,1,1,1,1,From DOE Reference Buildings 
Large Office Work Eff,Unknown,,Default|WntrDsn|SmrDsn,1-Jan,31-Dec,Constant,0,,,,,,,,,,,,,,,,,,,,,,,,From DOE Reference Buildings 
LargeHotel BLDG ELEVATORS,Elevator,,Default|WntrDsn|SmrDsn,1-Jan,31-Dec,Hourly,0.05,0.05,0.05,0.05,0.1,0.2,0.4,0.5,0.5,0.35,0.15,0.15,0.15,0.15,0.15,0.15,0.35,0.5,0.5,0.4,0.4,0.3,0.2,0.1,From DOE Reference Buildings 
LargeHotel Bldg Equip,Equipment,,Default,1-Jan,31-Dec,Hourly,0.3,0.25,0.2,0.2,0.2,0.3,0.5,0.6,0.5,0.5,0.35,0.35,0.35,0.35,0.35,0.35,0.35,0.35,0.7,0.9,0.95,0.9,0.7,0.4,From DOE Reference Buildings 
LargeHotel Bldg Equip,Equipment,,Sat,1-Jan,31-Dec,Hourly,0.3,0.3,0.2,0.2,0.2,0.2,0.4,0.4,0.5,0.5,0.4,0.35,0.35,0.35,0.35,0.35,0.35,0.35,0.7,0.8,0.8,0.8,0.7,0.4,From DOE Reference Buildings 
LargeHotel Bldg Equip,Equipment,,SmrDsn,1-Jan,31-Dec,Constant,1,,,,,,,,,,,,,,,,,,,,,,,,From DOE Reference Buildings 
LargeHotel Bldg Equip,Equipment,,Sun,1-Jan,31-Dec,Hourly,0.4,0.4,0.3,0.3,0.3,0.3,0.4,0.5,0.5,0.4,0.4,0.4,0.4,0.3,0.3,0.3,0.3,0.3,0.6,0.8,0.9,0.7,0.6,0.4,From DOE Reference Buildings 
LargeHotel Bldg Equip,Equipment,,WntrDsn,1-Jan,31-Dec,Constant,0,,,,,,,,,,,,,,,,,,,,,,,,From DOE Reference Buildings 
LargeHotel Bldg Light,Lighting,,Default,1-Jan,31-Dec,Hourly,0.2,0.15,0.1,0.1,0.1,0.2,0.4,0.5,0.4,0.4,0.25,0.25,0.25,0.25,0.25,0.25,0.25,0.25,0.6,0.8,0.9,0.8,0.6,0.3,From DOE Reference Buildings 
LargeHotel Bldg Light,Lighting,,Sat,1-Jan,31-Dec,Hourly,0.2,0.2,0.1,0.1,0.1,0.1,0.3,0.3,0.4,0.4,0.3,0.25,0.25,0.25,0.25,0.25,0.25,0.25,0.6,0.7,0.7,0.7,0.6,0.3,From DOE Reference Buildings 
LargeHotel Bldg Light,Lighting,,SmrDsn,1-Jan,31-Dec,Constant,1,,,,,,,,,,,,,,,,,,,,,,,,From DOE Reference Buildings 
LargeHotel Bldg Light,Lighting,,Sun,1-Jan,31-Dec,Hourly,0.3,0.3,0.2,0.2,0.2,0.2,0.3,0.4,0.4,0.3,0.3,0.3,0.3,0.2,0.2,0.2,0.2,0.2,0.5,0.7,0.8,0.6,0.5,0.3,From DOE Reference Buildings 
LargeHotel Bldg Light,Lighting,,WntrDsn,1-Jan,31-Dec,Constant,0,,,,,,,,,,,,,,,,,,,,,,,,From DOE Reference Buildings 
LargeHotel Bldg Occ,Occupancy,,Default,1-Jan,31-Dec,Hourly,0.9,0.9,0.9,0.9,0.9,0.9,0.7,0.4,0.4,0.2,0.2,0.2,0.2,0.2,0.2,0.3,0.5,0.5,0.5,0.7,0.7,0.8,0.9,0.9,From DOE Reference Buildings 
LargeHotel Bldg Occ,Occupancy,,Sat,1-Jan,31-Dec,Hourly,0.9,0.9,0.9,0.9,0.9,0.9,0.7,0.5,0.5,0.3,0.3,0.3,0.3,0.3,0.3,0.3,0.3,0.5,0.6,0.6,0.6,0.7,0.7,0.7,From DOE Reference Buildings 
LargeHotel Bldg Occ,Occupancy,,SmrDsn,1-Jan,31-Dec,Constant,1,,,,,,,,,,,,,,,,,,,,,,,,From DOE Reference Buildings 
LargeHotel Bldg Occ,Occupancy,,Sun,1-Jan,31-Dec,Hourly,0.7,0.7,0.7,0.7,0.7,0.7,0.7,0.7,0.5,0.5,0.5,0.3,0.3,0.2,0.2,0.2,0.3,0.4,0.4,0.6,0.6,0.8,0.8,0.8,From DOE Reference Buildings 
LargeHotel Bldg Occ,Occupancy,,WntrDsn,1-Jan,31-Dec,Constant,0,,,,,,,,,,,,,,,,,,,,,,,,From DOE Reference Buildings 
LargeHotel ClgSetp,Thermostat Setpoint,C,Default|WntrDsn|SmrDsn,1-Jan,31-Dec,Hourly,30,30,30,30,30,30,30,24,24,24,24,24,24,24,24,24,24,24,24,24,24,24,24,24,From DOE Reference Buildings 
LargeHotel Clothing,Clothing,,Default|WntrDsn,1-Jan,31-Dec,Constant,1,,,,,,,,,,,,,,,,,,,,,,,,From DOE Reference Buildings 
LargeHotel Clothing,Clothing,,SmrDsn,1-Jan,31-Dec,Constant,0.5,,,,,,,,,,,,,,,,,,,,,,,,From DOE Reference Buildings 
LargeHotel Clothing,Clothing,,Wknd|Wkdy,1-Oct,31-Dec,Constant,1,,,,,,,,,,,,,,,,,,,,,,,,From DOE Reference Buildings 
LargeHotel Clothing,Clothing,,Wknd|Wkdy,1-May,30-Sep,Constant,0.5,,,,,,,,,,,,,,,,,,,,,,,,From DOE Reference Buildings 
LargeHotel Common Occ,Occupancy,,Default|SmrDsn,1-Jan,31-Dec,Constant,1,,,,,,,,,,,,,,,,,,,,,,,,From DOE Reference Buildings 
LargeHotel Common Occ,Occupancy,,Wkdy,1-Jan,31-Dec,Hourly,0.1,0.1,0.1,0.1,0.1,0.3,0.7,0.7,0.7,0.7,0.2,0.2,0.2,0.2,0.2,0.2,0.4,0.4,0.2,0.2,0.2,0.2,0.1,0.1,From DOE Reference Buildings 
LargeHotel Common Occ,Occupancy,,Wknd,1-Jan,31-Dec,Hourly,0.1,0.1,0.1,0.1,0.1,0.1,0.3,0.7,0.7,0.7,0.2,0.2,0.2,0.2,0.2,0.2,0.2,0.2,0.2,0.2,0.2,0.2,0.1,0.1,From DOE Reference Buildings 
LargeHotel Common Occ,Occupancy,,WntrDsn,1-Jan,31-Dec,Constant,0,,,,,,,,,,,,,,,,,,,,,,,,
LargeHotel Corridor ClgSetp,Thermostat Setpoint,C,Default|WntrDsn|SmrDsn,1-Jan,31-Dec,Constant,30,,,,,,,,,,,,,,,,,,,,,,,,From DOE Reference Buildings 
LargeHotel Corridor HtgSetp,Thermostat Setpoint,C,Default|WntrDsn|SmrDsn,1-Jan,31-Dec,Constant,16,,,,,,,,,,,,,,,,,,,,,,,,From DOE Reference Buildings 
LargeHotel GuestRoom ClgSetp,Thermostat Setpoint,C,Default|WntrDsn|SmrDsn,1-Jan,31-Dec,Constant,24,,,,,,,,,,,,,,,,,,,,,,,,From DOE Reference Buildings 
LargeHotel GuestRoom Equip,Equipment,,Default,1-Jan,31-Dec,Hourly,0.2,0.2,0.2,0.2,0.2,0.2,0.62,0.9,0.43,0.43,0.26,0.26,0.26,0.26,0.26,0.26,0.26,0.51,0.51,0.49,0.66,0.7,0.35,0.2,From DOE Reference Buildings 
LargeHotel GuestRoom Equip,Equipment,,SmrDsn,1-Jan,31-Dec,Constant,1,,,,,,,,,,,,,,,,,,,,,,,,From DOE Reference Buildings 
LargeHotel GuestRoom Equip,Equipment,,Wknd,1-Jan,31-Dec,Hourly,0.2,0.2,0.2,0.2,0.2,0.2,0.3,0.62,0.9,0.62,0.29,0.29,0.29,0.29,0.29,0.29,0.29,0.43,0.51,0.49,0.66,0.7,0.35,0.2,From DOE Reference Buildings 
LargeHotel GuestRoom Equip,Equipment,,WntrDsn,1-Jan,31-Dec,Constant,0,,,,,,,,,,,,,,,,,,,,,,,,From DOE Reference Buildings 
LargeHotel GuestRoom HtgSetp,Thermostat Setpoint,C,Default|WntrDsn|SmrDsn,1-Jan,31-Dec,Constant,21,,,,,,,,,,,,,,,,,,,,,,,,From DOE Reference Buildings 
LargeHotel GuestRoom Occ,Occupancy,,Default|Wkdy,1-Jan,31-Dec,Hourly,0.65,0.65,0.65,0.65,0.65,0.65,0.5,0.28,0.28,0.13,0.13,0.13,0.13,0.13,0.13,0.2,0.35,0.35,0.35,0.5,0.5,0.58,0.65,0.65,From DOE Reference Buildings 
LargeHotel GuestRoom Occ,Occupancy,,SmrDsn,1-Jan,31-Dec,Constant,1,,,,,,,,,,,,,,,,,,,,,,,,From DOE Reference Buildings 
LargeHotel GuestRoom Occ,Occupancy,,Wknd,1-Jan,31-Dec,Hourly,0.65,0.65,0.65,0.65,0.65,0.65,0.5,0.34,0.34,0.2,0.2,0.2,0.2,0.2,0.2,0.2,0.2,0.34,0.35,0.65,0.65,0.5,0.5,0.5,From DOE Reference Buildings 
LargeHotel GuestRoom Occ,Occupancy,,WntrDsn,1-Jan,31-Dec,Constant,0,,,,,,,,,,,,,,,,,,,,,,,,From DOE Reference Buildings 
LargeHotel GuestRoom_Ltg_Sch_Base,Lighting,,Default|SmrDsn,1-Jan,31-Dec,Constant,1,,,,,,,,,,,,,,,,,,,,,,,,From DOE Reference Buildings 
LargeHotel GuestRoom_Ltg_Sch_Base,Lighting,,Wkdy,1-Jan,31-Dec,Hourly,0.22,0.17,0.11,0.11,0.11,0.22,0.44,0.56,0.44,0.44,0.28,0.28,0.28,0.28,0.28,0.28,0.28,0.28,0.67,0.89,1,0.89,0.67,0.33,From DOE Reference Buildings 
LargeHotel GuestRoom_Ltg_Sch_Base,Lighting,,Wknd,1-Jan,31-Dec,Hourly,0.26,0.26,0.11,0.11,0.11,0.11,0.41,0.41,0.56,0.56,0.41,0.33,0.33,0.33,0.33,0.33,0.33,0.33,0.85,1,1,1,0.85,0.41,From DOE Reference Buildings 
LargeHotel GuestRoom_Ltg_Sch_Base,Lighting,,WntrDsn,1-Jan,31-Dec,Constant,0,,,,,,,,,,,,,,,,,,,,,,,,From DOE Reference Buildings 
LargeHotel HtgSetp,Thermostat Setpoint,C,Default|WntrDsn|SmrDsn,1-Jan,31-Dec,Hourly,16,16,16,16,16,16,16,21,21,21,21,21,21,21,21,21,21,21,21,21,21,21,21,21,From DOE Reference Buildings 
LargeHotel Infil Quarter On,Infiltration,,Default|WntrDsn|SmrDsn,1-Jan,31-Dec,Constant,0.25,,,,,,,,,,,,,,,,,,,,,,,,From DOE Reference Buildings 
LargeHotel Kitchen ClgSetp,Thermostat Setpoint,C,Default|WntrDsn|SmrDsn,1-Jan,31-Dec,Hourly,30,30,30,30,30,30,30,26,26,26,26,26,26,26,26,26,26,26,26,26,26,26,26,26,From DOE Reference Buildings 
LargeHotel Kitchen Equip,Equipment,,Default|Sun|Wkdy,1-Jan,31-Dec,Hourly,0.1,0.1,0.1,0.1,0.1,0.1,0.25,0.35,0.35,0.25,0.35,0.35,0.35,0.25,0.25,0.25,0.35,0.35,0.35,0.25,0.25,0.25,0.25,0.25,From DOE Reference Buildings 
LargeHotel Kitchen Equip,Equipment,,SmrDsn,1-Jan,31-Dec,Constant,0.35,,,,,,,,,,,,,,,,,,,,,,,,From DOE Reference Buildings 
LargeHotel Kitchen Equip,Equipment,,WntrDsn,1-Jan,31-Dec,Constant,0,,,,,,,,,,,,,,,,,,,,,,,,From DOE Reference Buildings 
LargeHotel Kitchen Exhaust,Equipment,,Default|WntrDsn|SmrDsn,1-Jan,31-Dec,Hourly,0,0,0,0,0,0,0,1,1,1,1,1,1,1,1,1,1,1,1,1,1,1,1,1,From DOE Reference Buildings 
LargeHotel Kitchen Gas,Equipment,,Default|Sun,1-Jan,31-Dec,Hourly,0.02,0.02,0.02,0.02,0.02,0.05,0.1,0.15,0.2,0.15,0.25,0.25,0.25,0.2,0.15,0.2,0.3,0.3,0.3,0.2,0.2,0.15,0.1,0.05,From DOE Reference Buildings 
LargeHotel Kitchen Gas,Equipment,,SmrDsn,1-Jan,31-Dec,Constant,0.25,,,,,,,,,,,,,,,,,,,,,,,,From DOE Reference Buildings 
LargeHotel Kitchen Gas,Equipment,,WntrDsn,1-Jan,31-Dec,Constant,0,,,,,,,,,,,,,,,,,,,,,,,,From DOE Reference Buildings 
LargeHotel Kitchen HtgSetp,Thermostat Setpoint,C,Default|WntrDsn|SmrDsn,1-Jan,31-Dec,Hourly,16,16,16,16,16,16,16,19,19,19,19,19,19,19,19,19,19,19,19,19,19,19,19,19,From DOE Reference Buildings 
LargeHotel Kitchen_Elec_Equip_SCH,Equipment,,Default|Wkdy|Sat,1-Jan,31-Dec,Hourly,0.1,0.1,0.1,0.1,0.1,0.1,0.25,0.35,0.35,0.25,0.35,0.35,0.35,0.25,0.25,0.25,0.35,0.35,0.35,0.25,0.25,0.25,0.25,0.25,From DOE Reference Buildings 
LargeHotel Kitchen_Elec_Equip_SCH,Equipment,,SmrDsn,1-Jan,31-Dec,Constant,0.35,,,,,,,,,,,,,,,,,,,,,,,,From DOE Reference Buildings 
LargeHotel Kitchen_Elec_Equip_SCH,Equipment,,WntrDsn,1-Jan,31-Dec,Constant,0,,,,,,,,,,,,,,,,,,,,,,,,From DOE Reference Buildings 
LargeHotel LaundryRoom Equip,Equipment,,Default,1-Jan,31-Dec,Hourly,0,0,0,0,0,0,0,0,1,1,1,1,1,1,1,1,0,0,0,0,0,0,0,0,From DOE Reference Buildings 
LargeHotel LaundryRoom Equip,Equipment,,SmrDsn,1-Jan,31-Dec,Constant,1,,,,,,,,,,,,,,,,,,,,,,,,From DOE Reference Buildings 
LargeHotel LaundryRoom Equip,Equipment,,WntrDsn,1-Jan,31-Dec,Constant,0,,,,,,,,,,,,,,,,,,,,,,,,From DOE Reference Buildings 
LargeHotel LaundryRoom Gas,Equipment,,Default,1-Jan,31-Dec,Hourly,0,0,0,0,0,0,0,0,0,1,1,1,1,1,1,1,1,0,0,0,0,0,0,0,From DOE Reference Buildings 
LargeHotel LaundryRoom Gas,Equipment,,SmrDsn,1-Jan,31-Dec,Constant,1,,,,,,,,,,,,,,,,,,,,,,,,From DOE Reference Buildings 
LargeHotel LaundryRoom Gas,Equipment,,WntrDsn,1-Jan,31-Dec,Constant,0,,,,,,,,,,,,,,,,,,,,,,,,From DOE Reference Buildings 
LargeHotel Lobby Occ,Occupancy,,Default,1-Jan,31-Dec,Hourly,0.1,0.1,0.1,0.1,0.1,0.3,0.7,0.7,0.7,0.7,0.2,0.2,0.2,0.2,0.2,0.2,0.4,0.4,0.2,0.2,0.2,0.2,0.1,0.1,From DOE Reference Buildings 
LargeHotel Lobby Occ,Occupancy,,SmrDsn,1-Jan,31-Dec,Constant,1,,,,,,,,,,,,,,,,,,,,,,,,From DOE Reference Buildings 
LargeHotel Lobby Occ,Occupancy,,Wknd,1-Jan,31-Dec,Hourly,0.1,0.1,0.1,0.1,0.1,0.1,0.3,0.7,0.7,0.7,0.2,0.2,0.2,0.2,0.2,0.2,0.2,0.2,0.2,0.2,0.2,0.2,0.1,0.1,From DOE Reference Buildings 
LargeHotel Lobby Occ,Occupancy,,WntrDsn,1-Jan,31-Dec,Constant,0,,,,,,,,,,,,,,,,,,,,,,,,From DOE Reference Buildings 
LargeHotel Work Eff,Unknown,,Default|WntrDsn|SmrDsn,1-Jan,31-Dec,Constant,0,,,,,,,,,,,,,,,,,,,,,,,,From DOE Reference Buildings 
Medium Office BLDG ELEVATORS,Elevator,,Sun,1-Jan,31-Dec,Constant,0,,,,,,,,,,,,,,,,,,,,,,,,From DOE Reference Buildings 
Medium Office BLDG ELEVATORS,Elevator,,Wkdy|SmrDsn,1-Jan,31-Dec,Hourly,0,0,0,0,0,0,0,0.35,0.69,0.43,0.37,0.43,0.58,0.48,0.37,0.37,0.46,0.62,0.12,0.04,0.04,0,0,0,From DOE Reference Buildings 
Medium Office BLDG ELEVATORS,Elevator,,WntrDsn|Sat,1-Jan,31-Dec,Hourly,0,0,0,0,0,0,0,0.16,0.14,0.21,0.18,0.25,0.21,0.13,0.08,0.04,0.05,0.06,0,0,0,0,0,0,From DOE Reference Buildings 
Medium Office Bldg Equip,Equipment,,Default|Wkdy,1-Jan,31-Dec,Hourly,0.4,0.4,0.4,0.4,0.4,0.4,0.4,0.4,0.9,0.9,0.9,0.9,0.8,0.9,0.9,0.9,0.9,0.8,0.6,0.6,0.5,0.5,0.4,0.4,From DOE Reference Buildings 
Medium Office Bldg Equip,Equipment,,Sat,1-Jan,31-Dec,Hourly,0.3,0.3,0.3,0.3,0.3,0.3,0.4,0.4,0.5,0.5,0.5,0.5,0.5,0.5,0.35,0.35,0.35,0.3,0.3,0.3,0.3,0.3,0.3,0.3,From DOE Reference Buildings 
Medium Office Bldg Equip,Equipment,,SmrDsn,1-Jan,31-Dec,Constant,1,,,,,,,,,,,,,,,,,,,,,,,,From DOE Reference Buildings 
Medium Office Bldg Equip,Equipment,,Sun,1-Jan,31-Dec,Constant,0.3,,,,,,,,,,,,,,,,,,,,,,,,From DOE Reference Buildings 
Medium Office Bldg Equip,Equipment,,WntrDsn,1-Jan,31-Dec,Constant,0,,,,,,,,,,,,,,,,,,,,,,,,From DOE Reference Buildings 
Medium Office Bldg Light,Lighting,,Default|Wkdy,1-Jan,31-Dec,Hourly,0.05,0.05,0.05,0.05,0.05,0.1,0.1,0.3,0.9,0.9,0.9,0.9,0.9,0.9,0.9,0.9,0.9,0.7,0.5,0.5,0.3,0.3,0.1,0.05,From DOE Reference Buildings 
Medium Office Bldg Light,Lighting,,Sat,1-Jan,31-Dec,Hourly,0.05,0.05,0.05,0.05,0.05,0.05,0.1,0.1,0.5,0.5,0.5,0.5,0.5,0.5,0.15,0.15,0.15,0.05,0.05,0.05,0.05,0.05,0.05,0.05,From DOE Reference Buildings 
Medium Office Bldg Light,Lighting,,SmrDsn,1-Jan,31-Dec,Constant,1,,,,,,,,,,,,,,,,,,,,,,,,From DOE Reference Buildings 
Medium Office Bldg Light,Lighting,,Sun,1-Jan,31-Dec,Constant,0.05,,,,,,,,,,,,,,,,,,,,,,,,From DOE Reference Buildings 
Medium Office Bldg Light,Lighting,,WntrDsn,1-Jan,31-Dec,Constant,0,,,,,,,,,,,,,,,,,,,,,,,,From DOE Reference Buildings 
Medium Office Bldg Occ,Occupancy,,Default|Wkdy,1-Jan,31-Dec,Hourly,0,0,0,0,0,0,0.1,0.2,0.95,0.95,0.95,0.95,0.5,0.95,0.95,0.95,0.95,0.7,0.4,0.4,0.1,0.1,0.05,0.05,From DOE Reference Buildings 
Medium Office Bldg Occ,Occupancy,,Sat,1-Jan,31-Dec,Hourly,0,0,0,0,0,0,0.1,0.1,0.5,0.5,0.5,0.5,0.5,0.5,0.1,0.1,0.1,0,0,0,0,0,0,0,From DOE Reference Buildings 
Medium Office Bldg Occ,Occupancy,,SmrDsn,1-Jan,31-Dec,Hourly,0,0,0,0,0,0,1,1,1,1,1,1,1,1,1,1,1,1,1,1,1,1,0.05,0.05,From DOE Reference Buildings 
Medium Office Bldg Occ,Occupancy,,WntrDsn|Sun,1-Jan,31-Dec,Constant,0,,,,,,,,,,,,,,,,,,,,,,,,From DOE Reference Buildings 
Medium Office Bldg Swh,Service Water Heating,,Default|SmrDsn,1-Jan,31-Dec,Hourly,0.05,0.05,0.05,0.05,0.05,0.08,0.07,0.19,0.35,0.38,0.39,0.47,0.57,0.54,0.34,0.33,0.44,0.26,0.21,0.15,0.17,0.08,0.05,0.05,From DOE Reference Buildings 
Medium Office Bldg Swh,Service Water Heating,,Sun,1-Jan,31-Dec,Hourly,0.04,0.04,0.04,0.04,0.04,0.07,0.04,0.04,0.04,0.04,0.04,0.06,0.06,0.09,0.06,0.04,0.04,0.04,0.04,0.04,0.04,0.07,0.04,0.04,From DOE Reference Buildings 
Medium Office Bldg Swh,Service Water Heating,,WntrDsn|Sat,1-Jan,31-Dec,Hourly,0.05,0.05,0.05,0.05,0.05,0.08,0.07,0.11,0.15,0.21,0.19,0.23,0.2,0.19,0.15,0.13,0.14,0.07,0.07,0.07,0.07,0.09,0.05,0.05,From DOE Reference Buildings 
Medium Office ClgSetp,Thermostat Setpoint,C,Default|SmrDsn,1-Jan,31-Dec,Hourly,26.7,26.7,26.7,26.7,26.7,26.7,24,24,24,24,24,24,24,24,24,24,24,24,24,24,24,24,26.7,26.7,From DOE Reference Buildings 
Medium Office ClgSetp,Thermostat Setpoint,C,Sat,1-Jan,31-Dec,Hourly,26.7,26.7,26.7,26.7,26.7,26.7,24,24,24,24,24,24,24,24,24,24,24,24,26.7,26.7,26.7,26.7,26.7,26.7,From DOE Reference Buildings 
Medium Office ClgSetp,Thermostat Setpoint,C,WntrDsn|Sun,1-Jan,31-Dec,Constant,26.7,,,,,,,,,,,,,,,,,,,,,,,,From DOE Reference Buildings 
Medium Office Clothing,Clothing,,Default|WntrDsn,1-Jan,31-Dec,Constant,1,,,,,,,,,,,,,,,,,,,,,,,,From DOE Reference Buildings 
Medium Office Clothing,Clothing,,SmrDsn,1-Jan,31-Dec,Constant,0.5,,,,,,,,,,,,,,,,,,,,,,,,From DOE Reference Buildings 
Medium Office Clothing,Clothing,,Wknd|Wkdy,1-Oct,31-Dec,Constant,1,,,,,,,,,,,,,,,,,,,,,,,,From DOE Reference Buildings 
Medium Office Clothing,Clothing,,Wknd|Wkdy,1-May,30-Sep,Constant,0.5,,,,,,,,,,,,,,,,,,,,,,,,From DOE Reference Buildings 
Medium Office HtgSetp,Thermostat Setpoint,C,Default,1-Jan,31-Dec,Hourly,15.6,15.6,15.6,15.6,15.6,15.6,21,21,21,21,21,21,21,21,21,21,21,21,21,21,21,21,15.6,15.6,From DOE Reference Buildings 
Medium Office HtgSetp,Thermostat Setpoint,C,Sat,1-Jan,31-Dec,Hourly,15.6,15.6,15.6,15.6,15.6,15.6,21,21,21,21,21,21,21,21,21,21,21,21,15.6,15.6,15.6,15.6,15.6,15.6,From DOE Reference Buildings 
Medium Office HtgSetp,Thermostat Setpoint,C,SmrDsn|Sun,1-Jan,31-Dec,Constant,15.6,,,,,,,,,,,,,,,,,,,,,,,,From DOE Reference Buildings 
Medium Office HtgSetp,Thermostat Setpoint,C,WntrDsn,1-Jan,31-Dec,Constant,21,,,,,,,,,,,,,,,,,,,,,,,,From DOE Reference Buildings 
Medium Office Infil Quarter On,Infiltration,,Default|SmrDsn,1-Jan,31-Dec,Hourly,1,1,1,1,1,1,0.25,0.25,0.25,0.25,0.25,0.25,0.25,0.25,0.25,0.25,0.25,0.25,0.25,0.25,0.25,0.25,1,1,From DOE Reference Buildings 
Medium Office Infil Quarter On,Infiltration,,Sun,1-Jan,31-Dec,Constant,1,,,,,,,,,,,,,,,,,,,,,,,,From DOE Reference Buildings 
Medium Office Infil Quarter On,Infiltration,,WntrDsn|Sat,1-Jan,31-Dec,Hourly,1,1,1,1,1,1,0.25,0.25,0.25,0.25,0.25,0.25,0.25,0.25,0.25,0.25,0.25,0.25,1,1,1,1,1,1,From DOE Reference Buildings 
Medium Office Work Eff,Unknown,,Default|WntrDsn|SmrDsn,1-Jan,31-Dec,Constant,0,,,,,,,,,,,,,,,,,,,,,,,,From DOE Reference Buildings 
MidriseApartment Apartment ClgSetp,Thermostat Setpoint,C,Default|WntrDsn|SmrDsn,1-Jan,31-Dec,Constant,23.89999962,,,,,,,,,,,,,,,,,,,,,,,,From DOE Reference Buildings 
MidriseApartment Apartment DHW,Unknown,,Default|WntrDsn|SmrDsn,1-Jan,31-Dec,Hourly,0.08,0.04,0.01,0.01,0.04,0.27,0.94,1,0.96,0.84,0.76,0.61,0.53,0.47,0.41,0.47,0.55,0.73,0.86,0.82,0.75,0.61,0.53,0.29,From DOE Reference Buildings 
MidriseApartment Apartment Equip,Equipment,,Default|WntrDsn|SmrDsn,1-Jan,31-Dec,Hourly,0.45,0.41,0.39,0.38,0.38,0.43,0.54,0.65,0.66,0.67,0.69,0.7,0.69,0.66,0.65,0.68,0.8,1,1,0.93,0.89,0.85,0.71,0.58,From DOE Reference Buildings 
MidriseApartment Apartment HtgSetp,Thermostat Setpoint,C,Default|WntrDsn|SmrDsn,1-Jan,31-Dec,Constant,21.10000038,,,,,,,,,,,,,,,,,,,,,,,,From DOE Reference Buildings 
MidriseApartment Apartment Light,Lighting,,Default|WntrDsn|SmrDsn,1-Jan,31-Dec,Hourly,0.067,0.067,0.067,0.067,0.187,0.394,0.44,0.393,0.172,0.119,0.119,0.119,0.119,0.119,0.119,0.206,0.439,0.616,0.829,0.986,1,0.692,0.384,0.16,From DOE Reference Buildings 
MidriseApartment Apartment Occ,Occupancy,,Default|WntrDsn|SmrDsn,1-Jan,31-Dec,Hourly,1,1,1,1,1,1,1,0.85,0.39,0.25,0.25,0.25,0.25,0.25,0.25,0.25,0.3,0.52,0.87,0.87,0.87,1,1,1,From DOE Reference Buildings 
MidriseApartment Apartment Operation,Operation,,Default|WntrDsn|SmrDsn,1-Jan,31-Dec,Constant,0,,,,,,,,,,,,,,,,,,,,,,,,From DOE Reference Buildings 
MidriseApartment BLDG ELEVATORS,Elevator,,Default|WntrDsn|SmrDsn,1-Jan,31-Dec,Hourly,0.05,0.05,0.05,0.05,0.1,0.2,0.4,0.5,0.5,0.35,0.15,0.15,0.15,0.15,0.15,0.15,0.35,0.5,0.5,0.4,0.4,0.3,0.2,0.1,From DOE Reference Buildings 
MidriseApartment Clothing,Clothing,,Default|WntrDsn,1-Jan,31-Dec,Constant,1,,,,,,,,,,,,,,,,,,,,,,,,From DOE Reference Buildings 
MidriseApartment Clothing,Clothing,,SmrDsn,1-Jan,31-Dec,Constant,0.5,,,,,,,,,,,,,,,,,,,,,,,,From DOE Reference Buildings 
MidriseApartment Clothing,Clothing,,Wknd|Wkdy,1-Oct,31-Dec,Constant,1,,,,,,,,,,,,,,,,,,,,,,,,From DOE Reference Buildings 
MidriseApartment Clothing,Clothing,,Wknd|Wkdy,1-May,30-Sep,Constant,0.5,,,,,,,,,,,,,,,,,,,,,,,,From DOE Reference Buildings 
MidriseApartment Corridor ClgSetp,Thermostat Setpoint,C,Default|WntrDsn|SmrDsn,1-Jan,31-Dec,Constant,40,,,,,,,,,,,,,,,,,,,,,,,,From DOE Reference Buildings 
MidriseApartment Corridor HtgSetp,Thermostat Setpoint,C,Default|WntrDsn|SmrDsn,1-Jan,31-Dec,Constant,15.60000038,,,,,,,,,,,,,,,,,,,,,,,,From DOE Reference Buildings 
MidriseApartment Corridor Light,Lighting,,Default|WntrDsn|SmrDsn,1-Jan,31-Dec,Constant,1,,,,,,,,,,,,,,,,,,,,,,,,From DOE Reference Buildings 
MidriseApartment Infil,Infiltration,,Default|WntrDsn|SmrDsn,1-Jan,31-Dec,Constant,1,,,,,,,,,,,,,,,,,,,,,,,,From DOE Reference Buildings 
MidriseApartment Office ClgSetp,Thermostat Setpoint,C,Default,1-Jan,31-Dec,Hourly,29.39999962,29.39999962,29.39999962,29.39999962,29.39999962,29.39999962,29.39999962,26.69999886,23.89999962,23.89999962,23.89999962,23.89999962,23.89999962,23.89999962,23.89999962,23.89999962,23.89999962,26.69999886,29.39999962,29.39999962,29.39999962,29.39999962,29.39999962,29.39999962,From DOE Reference Buildings 
MidriseApartment Office ClgSetp,Thermostat Setpoint,C,SmrDsn,1-Jan,31-Dec,Hourly,29.4,29.4,29.4,29.4,29.4,29.4,29.4,26.7,23.9,23.9,23.9,23.9,23.9,23.9,23.9,23.9,23.9,26.7,29.4,29.4,29.4,29.4,29.4,29.4,From DOE Reference Buildings 
MidriseApartment Office ClgSetp,Thermostat Setpoint,C,WntrDsn,1-Jan,31-Dec,Constant,29.4,,,,,,,,,,,,,,,,,,,,,,,,From DOE Reference Buildings 
MidriseApartment Office Equip,Equipment,,Default|SmrDsn,1-Jan,31-Dec,Hourly,0.33,0.33,0.33,0.33,0.33,0.33,0.33,0.5,1,1,1,1,0.94,1,1,1,1,0.5,0.33,0.33,0.33,0.33,0.33,0.33,From DOE Reference Buildings 
MidriseApartment Office Equip,Equipment,,WntrDsn|Wknd,1-Jan,31-Dec,Constant,0.33,,,,,,,,,,,,,,,,,,,,,,,,From DOE Reference Buildings 
MidriseApartment Office HtgSetp,Thermostat Setpoint,C,Default,1-Jan,31-Dec,Hourly,15.60000134,15.60000134,15.60000134,15.60000134,15.60000134,15.60000134,15.60000134,18.29999924,21.10000038,21.10000038,21.10000038,21.10000038,21.10000038,21.10000038,21.10000038,21.10000038,21.10000038,18.30000114,15.60000038,15.60000038,15.60000038,15.60000038,15.60000038,15.60000038,From DOE Reference Buildings 
MidriseApartment Office HtgSetp,Thermostat Setpoint,C,SmrDsn,1-Jan,31-Dec,Constant,15.6,,,,,,,,,,,,,,,,,,,,,,,,From DOE Reference Buildings 
MidriseApartment Office HtgSetp,Thermostat Setpoint,C,WntrDsn,1-Jan,31-Dec,Hourly,15.6,15.6,15.6,15.6,15.6,15.6,15.6,18.3,21.1,21.1,21.1,21.1,21.1,21.1,21.1,21.1,21.1,18.3,15.6,15.6,15.6,15.6,15.6,15.6,From DOE Reference Buildings 
MidriseApartment OFFICE Infil,Infiltration,,Default,1-Jan,31-Dec,Hourly,1,1,1,1,1,1,1,1,0.25,0.25,0.25,0.25,0.25,0.25,0.25,0.25,0.25,1,1,1,1,1,1,1,From DOE Reference Buildings 
MidriseApartment OFFICE Infil,Infiltration,,WntrDsn|SmrDsn|Wknd,1-Jan,31-Dec,Constant,1,,,,,,,,,,,,,,,,,,,,,,,,From DOE Reference Buildings 
MidriseApartment Office Light,Lighting,,Default|SmrDsn,1-Jan,31-Dec,Hourly,0.18,0.18,0.18,0.18,0.18,0.18,0.18,0.18,0.9,0.9,0.9,0.9,0.8,0.9,0.9,0.9,0.9,0.18,0.18,0.18,0.18,0.18,0.18,0.18,From DOE Reference Buildings 
MidriseApartment Office Light,Lighting,,WntrDsn|Wknd,1-Jan,31-Dec,Constant,0.18,,,,,,,,,,,,,,,,,,,,,,,,From DOE Reference Buildings 
MidriseApartment Office Occ,Occupancy,,Default|WntrDsn|SmrDsn,1-Jan,31-Dec,Hourly,0,0,0,0,0,0,0,0,1,1,1,1,0.5,1,1,1,1,0,0,0,0,0,0,0,From DOE Reference Buildings 
MidriseApartment Office Occ,Occupancy,,Wknd,1-Jan,31-Dec,Constant,0,,,,,,,,,,,,,,,,,,,,,,,,From DOE Reference Buildings 
MidriseApartment Office Operation,Operation,,Default|WntrDsn|SmrDsn,1-Jan,31-Dec,Hourly,0,0,0,0,0,0,0,0,1,1,1,1,1,1,1,1,1,0,0,0,0,0,0,0,From DOE Reference Buildings 
MidriseApartment Office Operation,Operation,,Wknd,1-Jan,31-Dec,Constant,0,,,,,,,,,,,,,,,,,,,,,,,,From DOE Reference Buildings 
MidriseApartment UnitHeater ClgSP Sch,Thermostat Setpoint,,Default|WntrDsn|SmrDsn,1-Jan,31-Dec,Constant,0,,,,,,,,,,,,,,,,,,,,,,,,From DOE Reference Buildings 
MidriseApartment UnitHeater HtgSP Sch,Thermostat Setpoint,,Default|WntrDsn|SmrDsn,1-Jan,31-Dec,Constant,0,,,,,,,,,,,,,,,,,,,,,,,,From DOE Reference Buildings 
MidriseApartment Work Eff,Unknown,,Default|WntrDsn|SmrDsn,1-Jan,31-Dec,Constant,0,,,,,,,,,,,,,,,,,,,,,,,,From DOE Reference Buildings 
NECB-A-Electric-Equipment,Equipment,FRACTION,Default|Wkdy,1-Jan,31-Dec,Hourly,0.2,0.2,0.2,0.2,0.2,0.2,0.2,0.3,0.8,0.9,0.9,0.9,0.9,0.9,0.9,0.9,0.9,0.9,0.5,0.3,0.3,0.2,0.2,0.2,
NECB-A-Electric-Equipment,Equipment,FRACTION,Sat,1-Jan,31-Dec,Hourly,0.2,0.2,0.2,0.2,0.2,0.2,0.2,0.2,0.2,0.2,0.2,0.2,0.2,0.2,0.2,0.2,0.2,0.2,0.2,0.2,0.2,0.2,0.2,0.2,
NECB-A-Electric-Equipment,Equipment,FRACTION,Sun|Hol,1-Jan,31-Dec,Hourly,0.2,0.2,0.2,0.2,0.2,0.2,0.2,0.2,0.2,0.2,0.2,0.2,0.2,0.2,0.2,0.2,0.2,0.2,0.2,0.2,0.2,0.2,0.2,0.2,
NECB-A-Fan,Fan,ON_OFF,Default|Wkdy,1-Jan,31-Dec,Hourly,0,0,0,0,0,0,1,1,1,1,1,1,1,1,1,1,1,1,1,1,1,0,0,0,
NECB-A-Fan,Fan,ON_OFF,Sat,1-Jan,31-Dec,Hourly,0,0,0,0,0,0,0,0,0,0,0,0,0,0,0,0,0,0,0,0,0,0,0,0,
NECB-A-Fan,Fan,ON_OFF,Sun|Hol,1-Jan,31-Dec,Hourly,0,0,0,0,0,0,0,0,0,0,0,0,0,0,0,0,0,0,0,0,0,0,0,0,
NECB-A-Lighting,Lighting,FRACTION,Default|Wkdy,1-Jan,31-Dec,Hourly,0.05,0.05,0.05,0.05,0.05,0.05,0.05,0.3,0.8,0.9,0.9,0.9,0.9,0.9,0.9,0.9,0.9,0.8,0.5,0.3,0.3,0.1,0.1,0.05,
NECB-A-Lighting,Lighting,FRACTION,Sat,1-Jan,31-Dec,Hourly,0.05,0.05,0.05,0.05,0.05,0.05,0.05,0.05,0.05,0.05,0.05,0.05,0.05,0.05,0.05,0.05,0.05,0.05,0.05,0.05,0.05,0.05,0.05,0.05,
NECB-A-Lighting,Lighting,FRACTION,Sun|Hol,1-Jan,31-Dec,Hourly,0.05,0.05,0.05,0.05,0.05,0.05,0.05,0.05,0.05,0.05,0.05,0.05,0.05,0.05,0.05,0.05,0.05,0.05,0.05,0.05,0.05,0.05,0.05,0.05,
NECB-A-Occupancy,Occupancy,FRACTION,Default|Wkdy,1-Jan,31-Dec,Hourly,0,0,0,0,0,0,0,0.1,0.7,0.9,0.9,0.9,0.5,0.5,0.9,0.9,0.9,0.7,0.3,0.1,0.1,0.1,0.1,0,
NECB-A-Occupancy,Occupancy,FRACTION,Sat,1-Jan,31-Dec,Hourly,0,0,0,0,0,0,0,0,0,0,0,0,0,0,0,0,0,0,0,0,0,0,0,0,
NECB-A-Occupancy,Occupancy,FRACTION,Sun|Hol,1-Jan,31-Dec,Hourly,0,0,0,0,0,0,0,0,0,0,0,0,0,0,0,0,0,0,0,0,0,0,0,0,
NECB-A-Processes,Processes,FRACTION,Default|Wkdy,1-Jan,31-Dec,Hourly,0.2,0.2,0.2,0.2,0.2,0.2,0.2,0.3,0.8,0.9,0.9,0.9,0.9,0.9,0.9,0.9,0.9,0.9,0.5,0.3,0.3,0.2,0.2,0.2,
NECB-A-Processes,Processes,FRACTION,Sat,1-Jan,31-Dec,Hourly,0.2,0.2,0.2,0.2,0.2,0.2,0.2,0.2,0.2,0.2,0.2,0.2,0.2,0.2,0.2,0.2,0.2,0.2,0.2,0.2,0.2,0.2,0.2,0.2,
NECB-A-Processes,Processes,FRACTION,Sun|Hol,1-Jan,31-Dec,Hourly,0.2,0.2,0.2,0.2,0.2,0.2,0.2,0.2,0.2,0.2,0.2,0.2,0.2,0.2,0.2,0.2,0.2,0.2,0.2,0.2,0.2,0.2,0.2,0.2,
NECB-A-Service Water Heating,Service Water Heating,FRACTION,Default|Wkdy,1-Jan,31-Dec,Hourly,0.05,0.05,0.05,0.05,0.05,0.05,0.05,0.1,0.5,0.5,0.9,0.9,0.9,0.9,0.9,0.9,0.7,0.5,0.3,0.2,0.2,0.2,0.05,0.05,
NECB-A-Service Water Heating,Service Water Heating,FRACTION,Sat,1-Jan,31-Dec,Hourly,0.05,0.05,0.05,0.05,0.05,0.05,0.05,0.05,0.05,0.05,0.05,0.05,0.05,0.05,0.05,0.05,0.05,0.05,0.05,0.05,0.05,0.05,0.05,0.05,
NECB-A-Service Water Heating,Service Water Heating,FRACTION,Sun|Hol,1-Jan,31-Dec,Hourly,0.05,0.05,0.05,0.05,0.05,0.05,0.05,0.05,0.05,0.05,0.05,0.05,0.05,0.05,0.05,0.05,0.05,0.05,0.05,0.05,0.05,0.05,0.05,0.05,
NECB-A-Thermostat Setpoint-Cooling,Thermostat Setpoint,TEMPERATURE,Default|Wkdy,1-Jan,31-Dec,Hourly,35,35,35,35,35,35,24,24,24,24,24,24,24,24,24,24,24,24,24,24,24,35,35,35,
NECB-A-Thermostat Setpoint-Cooling,Thermostat Setpoint,TEMPERATURE,Sat,1-Jan,31-Dec,Hourly,35,35,35,35,35,35,35,35,35,35,35,35,35,35,35,35,35,35,35,35,35,35,35,35,
NECB-A-Thermostat Setpoint-Cooling,Thermostat Setpoint,TEMPERATURE,Sun|Hol,1-Jan,31-Dec,Hourly,35,35,35,35,35,35,35,35,35,35,35,35,35,35,35,35,35,35,35,35,35,35,35,35,
NECB-A-Thermostat Setpoint-Heating,Thermostat Setpoint,TEMPERATURE,Default|Wkdy,1-Jan,31-Dec,Hourly,18,18,18,18,18,18,20,22,22,22,22,22,22,22,22,22,22,22,22,22,22,18,18,18,
NECB-A-Thermostat Setpoint-Heating,Thermostat Setpoint,TEMPERATURE,Sat,1-Jan,31-Dec,Hourly,18,18,18,18,18,18,18,18,18,18,18,18,18,18,18,18,18,18,18,18,18,18,18,18,
NECB-A-Thermostat Setpoint-Heating,Thermostat Setpoint,TEMPERATURE,Sun|Hol,1-Jan,31-Dec,Hourly,18,18,18,18,18,18,18,18,18,18,18,18,18,18,18,18,18,18,18,18,18,18,18,18,
NECB-B-Electric-Equipment,Equipment,FRACTION,Default|Wkdy,1-Jan,31-Dec,Hourly,0.9,0.5,0.1,0.1,0.1,0.1,0.1,0.1,0.1,0.5,0.7,0.9,0.9,0.9,0.9,0.9,0.9,0.9,0.9,0.9,0.9,0.9,0.9,0.9,
NECB-B-Electric-Equipment,Equipment,FRACTION,Sat,1-Jan,31-Dec,Hourly,0.9,0.5,0.1,0.1,0.1,0.1,0.1,0.1,0.1,0.5,0.7,0.9,0.9,0.9,0.9,0.9,0.9,0.9,0.9,0.9,0.9,0.9,0.9,0.9,
NECB-B-Electric-Equipment,Equipment,FRACTION,Sun|Hol,1-Jan,31-Dec,Hourly,0.5,0.5,0.1,0.1,0.1,0.1,0.1,0.1,0.1,0.1,0.5,0.9,0.9,0.9,0.9,0.9,0.9,0.9,0.9,0.9,0.9,0.9,0.9,0.5,
NECB-B-Fan,Fan,ON_OFF,Default|Wkdy,1-Jan,31-Dec,Hourly,1,1,0,0,0,0,0,0,1,1,1,1,1,1,1,1,1,1,1,1,1,1,1,1,
NECB-B-Fan,Fan,ON_OFF,Sat,1-Jan,31-Dec,Hourly,1,1,0,0,0,0,0,0,1,1,1,1,1,1,1,1,1,1,1,1,1,1,1,1,
NECB-B-Fan,Fan,ON_OFF,Sun|Hol,1-Jan,31-Dec,Hourly,0,1,0,0,0,0,0,0,0,1,1,1,1,1,1,1,1,1,1,1,1,1,1,0,
NECB-B-Lighting,Lighting,FRACTION,Default|Wkdy,1-Jan,31-Dec,Hourly,0.9,0.5,0.1,0.1,0.1,0.1,0.1,0.1,0.1,0.5,0.7,0.9,0.9,0.9,0.9,0.9,0.9,0.9,0.9,0.9,0.9,0.9,0.9,0.9,
NECB-B-Lighting,Lighting,FRACTION,Sat,1-Jan,31-Dec,Hourly,0.9,0.5,0.1,0.1,0.1,0.1,0.1,0.1,0.1,0.5,0.7,0.9,0.9,0.9,0.9,0.9,0.9,0.9,0.9,0.9,0.9,0.9,0.9,0.9,
NECB-B-Lighting,Lighting,FRACTION,Sun|Hol,1-Jan,31-Dec,Hourly,0.5,0.5,0.1,0.1,0.1,0.1,0.1,0.1,0.1,0.1,0.5,0.9,0.9,0.9,0.9,0.9,0.9,0.9,0.9,0.9,0.9,0.9,0.9,0.5,
NECB-B-Occupancy,Occupancy,FRACTION,Default|Wkdy,1-Jan,31-Dec,Hourly,0.3,0.1,0,0,0,0,0,0,0,0.1,0.2,0.5,0.9,0.8,0.5,0.2,0.2,0.3,0.6,0.9,0.9,0.9,0.6,0.4,
NECB-B-Occupancy,Occupancy,FRACTION,Sat,1-Jan,31-Dec,Hourly,0.5,0.3,0,0,0,0,0,0,0,0.1,0.2,0.5,0.9,0.8,0.5,0.2,0.2,0.3,0.6,0.9,0.9,0.9,0.6,0.6,
NECB-B-Occupancy,Occupancy,FRACTION,Sun|Hol,1-Jan,31-Dec,Hourly,0.1,0.3,0,0,0,0,0,0,0,0,0.1,0.4,0.5,0.5,0.4,0.2,0.2,0.2,0.5,0.7,0.7,0.5,0.3,0.1,
NECB-B-Processes,Processes,FRACTION,Default|Wkdy,1-Jan,31-Dec,Hourly,0.9,0.5,0.1,0.1,0.1,0.1,0.1,0.1,0.1,0.5,0.7,0.9,0.9,0.9,0.9,0.9,0.9,0.9,0.9,0.9,0.9,0.9,0.9,0.9,
NECB-B-Processes,Processes,FRACTION,Sat,1-Jan,31-Dec,Hourly,0.9,0.5,0.1,0.1,0.1,0.1,0.1,0.1,0.1,0.5,0.7,0.9,0.9,0.9,0.9,0.9,0.9,0.9,0.9,0.9,0.9,0.9,0.9,0.9,
NECB-B-Processes,Processes,FRACTION,Sun|Hol,1-Jan,31-Dec,Hourly,0.5,0.5,0.1,0.1,0.1,0.1,0.1,0.1,0.1,0.1,0.5,0.9,0.9,0.9,0.9,0.9,0.9,0.9,0.9,0.9,0.9,0.9,0.9,0.5,
NECB-B-Service Water Heating,Service Water Heating,FRACTION,Default|Wkdy,1-Jan,31-Dec,Hourly,0.6,0.5,0.05,0.05,0.05,0.05,0.05,0.05,0.05,0.7,0.7,0.4,0.5,0.6,0.6,0.4,0.3,0.3,0.4,0.5,0.8,0.8,0.9,0.9,
NECB-B-Service Water Heating,Service Water Heating,FRACTION,Sat,1-Jan,31-Dec,Hourly,0.7,0.6,0.05,0.05,0.05,0.05,0.05,0.05,0.05,0.7,0.7,0.4,0.5,0.6,0.6,0.4,0.3,0.3,0.4,0.5,0.8,0.8,0.9,0.9,
NECB-B-Service Water Heating,Service Water Heating,FRACTION,Sun|Hol,1-Jan,31-Dec,Hourly,0.5,0.6,0.05,0.05,0.05,0.05,0.05,0.05,0.05,0.7,0.7,0.4,0.5,0.6,0.6,0.4,0.3,0.3,0.4,0.5,0.8,0.8,0.5,0.5,
NECB-B-Thermostat Setpoint-Cooling,Thermostat Setpoint,TEMPERATURE,Default|Wkdy,1-Jan,31-Dec,Hourly,24,35,35,35,35,35,35,35,24,24,24,24,24,24,24,24,24,24,24,24,24,24,24,24,
NECB-B-Thermostat Setpoint-Cooling,Thermostat Setpoint,TEMPERATURE,Sat,1-Jan,31-Dec,Hourly,24,35,35,35,35,35,35,35,24,24,24,24,24,24,24,24,24,24,24,24,24,24,24,24,
NECB-B-Thermostat Setpoint-Cooling,Thermostat Setpoint,TEMPERATURE,Sun|Hol,1-Jan,31-Dec,Hourly,35,35,35,35,35,35,35,35,35,24,24,24,24,24,24,24,24,24,24,24,24,24,24,35,
NECB-B-Thermostat Setpoint-Heating,Thermostat Setpoint,TEMPERATURE,Default|Wkdy,1-Jan,31-Dec,Hourly,22,22,18,18,18,18,18,18,20,22,22,22,22,22,22,22,22,22,22,22,22,22,22,22,
NECB-B-Thermostat Setpoint-Heating,Thermostat Setpoint,TEMPERATURE,Sat,1-Jan,31-Dec,Hourly,22,22,18,18,18,18,18,18,20,22,22,22,22,22,22,22,22,22,22,22,22,22,22,22,
NECB-B-Thermostat Setpoint-Heating,Thermostat Setpoint,TEMPERATURE,Sun|Hol,1-Jan,31-Dec,Hourly,18,22,18,18,18,18,18,18,18,20,22,22,22,22,22,22,22,22,22,22,22,22,22,18,
NECB-C-Electric-Equipment,Equipment,FRACTION,Default|Wkdy,1-Jan,31-Dec,Hourly,0.05,0.05,0.05,0.05,0.05,0.05,0.05,0.05,0.5,0.9,0.9,0.9,0.9,0.9,0.9,0.9,0.9,0.9,0.9,0.6,0.5,0.05,0.05,0.05,
NECB-C-Electric-Equipment,Equipment,FRACTION,Sat,1-Jan,31-Dec,Hourly,0.05,0.05,0.05,0.05,0.05,0.05,0.05,0.05,0.5,0.9,0.9,0.9,0.9,0.9,0.9,0.9,0.9,0.9,0.9,0.6,0.5,0.05,0.05,0.05,
NECB-C-Electric-Equipment,Equipment,FRACTION,Sun|Hol,1-Jan,31-Dec,Hourly,0.05,0.05,0.05,0.05,0.05,0.05,0.05,0.05,0.05,0.05,0.5,0.9,0.9,0.9,0.9,0.9,0.9,0.9,0.6,0.05,0.05,0.05,0.05,0.05,
NECB-C-Fan,Fan,ON_OFF,Default|Wkdy,1-Jan,31-Dec,Hourly,0,0,0,0,0,0,0,1,1,1,1,1,1,1,1,1,1,1,1,1,1,0,0,0,
NECB-C-Fan,Fan,ON_OFF,Sat,1-Jan,31-Dec,Hourly,0,0,0,0,0,0,0,1,1,1,1,1,1,1,1,1,1,1,1,1,1,0,0,0,
NECB-C-Fan,Fan,ON_OFF,Sun|Hol,1-Jan,31-Dec,Hourly,0,0,0,0,0,0,0,0,0,1,1,1,1,1,1,1,1,1,1,0,0,0,0,0,
NECB-C-Lighting,Lighting,FRACTION,Default|Wkdy,1-Jan,31-Dec,Hourly,0.05,0.05,0.05,0.05,0.05,0.05,0.05,0.05,0.5,0.9,0.9,0.9,0.9,0.9,0.9,0.9,0.9,0.9,0.9,0.6,0.5,0.05,0.05,0.05,
NECB-C-Lighting,Lighting,FRACTION,Sat,1-Jan,31-Dec,Hourly,0.05,0.05,0.05,0.05,0.05,0.05,0.05,0.05,0.5,0.9,0.9,0.9,0.9,0.9,0.9,0.9,0.9,0.9,0.9,0.6,0.5,0.05,0.05,0.05,
NECB-C-Lighting,Lighting,FRACTION,Sun|Hol,1-Jan,31-Dec,Hourly,0.05,0.05,0.05,0.05,0.05,0.05,0.05,0.05,0.05,0.05,0.5,0.9,0.9,0.9,0.9,0.9,0.9,0.9,0.6,0.05,0.05,0.05,0.05,0.05,
NECB-C-Occupancy,Occupancy,FRACTION,Default|Wkdy,1-Jan,31-Dec,Hourly,0,0,0,0,0,0,0,0,0.1,0.2,0.5,0.5,0.7,0.7,0.7,0.7,0.8,0.7,0.5,0.3,0.3,0,0,0,
NECB-C-Occupancy,Occupancy,FRACTION,Sat,1-Jan,31-Dec,Hourly,0,0,0,0,0,0,0,0,0.1,0.2,0.5,0.6,0.8,0.9,0.9,0.9,0.8,0.7,0.5,0.2,0.2,0,0,0,
NECB-C-Occupancy,Occupancy,FRACTION,Sun|Hol,1-Jan,31-Dec,Hourly,0,0,0,0,0,0,0,0,0,0,0.1,0.2,0.2,0.4,0.4,0.4,0.4,0.4,0.2,0,0,0,0,0,
NECB-C-Processes,Processes,FRACTION,Default|Wkdy,1-Jan,31-Dec,Hourly,0.05,0.05,0.05,0.05,0.05,0.05,0.05,0.05,0.5,0.9,0.9,0.9,0.9,0.9,0.9,0.9,0.9,0.9,0.9,0.6,0.5,0.05,0.05,0.05,
NECB-C-Processes,Processes,FRACTION,Sat,1-Jan,31-Dec,Hourly,0.05,0.05,0.05,0.05,0.05,0.05,0.05,0.05,0.5,0.9,0.9,0.9,0.9,0.9,0.9,0.9,0.9,0.9,0.9,0.6,0.5,0.05,0.05,0.05,
NECB-C-Processes,Processes,FRACTION,Sun|Hol,1-Jan,31-Dec,Hourly,0.05,0.05,0.05,0.05,0.05,0.05,0.05,0.05,0.05,0.05,0.5,0.9,0.9,0.9,0.9,0.9,0.9,0.9,0.6,0.05,0.05,0.05,0.05,0.05,
NECB-C-Service Water Heating,Service Water Heating,FRACTION,Default|Wkdy,1-Jan,31-Dec,Hourly,0.05,0.05,0.05,0.05,0.05,0.05,0.05,0.05,0.1,0.2,0.3,0.4,0.8,0.8,0.8,0.8,0.6,0.4,0.3,0.2,0.2,0.05,0.05,0.05,
NECB-C-Service Water Heating,Service Water Heating,FRACTION,Sat,1-Jan,31-Dec,Hourly,0.05,0.05,0.05,0.05,0.05,0.05,0.05,0.05,0.1,0.2,0.3,0.5,0.9,0.9,0.9,0.9,0.7,0.5,0.3,0.2,0.2,0.05,0.05,0.05,
NECB-C-Service Water Heating,Service Water Heating,FRACTION,Sun|Hol,1-Jan,31-Dec,Hourly,0.05,0.05,0.05,0.05,0.05,0.05,0.05,0.05,0.05,0.05,0.1,0.2,0.4,0.8,0.8,0.6,0.4,0.3,0.2,0.05,0.05,0.05,0.05,0.05,
NECB-C-Thermostat Setpoint-Cooling,Thermostat Setpoint,TEMPERATURE,Default|Wkdy,1-Jan,31-Dec,Hourly,35,35,35,35,35,35,35,24,24,24,24,24,24,24,24,24,24,24,24,24,24,35,35,35,
NECB-C-Thermostat Setpoint-Cooling,Thermostat Setpoint,TEMPERATURE,Sat,1-Jan,31-Dec,Hourly,35,35,35,35,35,35,35,24,24,24,24,24,24,24,24,24,24,24,24,24,24,35,35,35,
NECB-C-Thermostat Setpoint-Cooling,Thermostat Setpoint,TEMPERATURE,Sun|Hol,1-Jan,31-Dec,Hourly,35,35,35,35,35,35,35,35,35,24,24,24,24,24,24,24,24,24,24,35,35,35,35,35,
NECB-C-Thermostat Setpoint-Heating,Thermostat Setpoint,TEMPERATURE,Default|Wkdy,1-Jan,31-Dec,Hourly,18,18,18,18,18,18,18,20,22,22,22,22,22,22,22,22,22,22,22,22,22,18,18,18,
NECB-C-Thermostat Setpoint-Heating,Thermostat Setpoint,TEMPERATURE,Sat,1-Jan,31-Dec,Hourly,18,18,18,18,18,18,18,20,22,22,22,22,22,22,22,22,22,22,22,22,22,18,18,18,
NECB-C-Thermostat Setpoint-Heating,Thermostat Setpoint,TEMPERATURE,Sun|Hol,1-Jan,31-Dec,Hourly,18,18,18,18,18,18,18,18,18,20,22,22,22,22,22,22,22,22,22,18,18,18,18,18,
NECB-D-Electric-Equipment,Equipment,FRACTION,Default|Wkdy,1-Jan,31-Dec,Hourly,0.05,0.05,0.05,0.05,0.05,0.05,0.05,0.05,0.3,0.9,0.9,0.9,0.9,0.9,0.9,0.9,0.7,0.5,0.5,0.7,0.7,0.7,0.3,0.05,
NECB-D-Electric-Equipment,Equipment,FRACTION,Sat,1-Jan,31-Dec,Hourly,0.05,0.05,0.05,0.05,0.05,0.05,0.05,0.05,0.05,0.05,0.05,0.05,0.05,0.05,0.05,0.05,0.05,0.05,0.05,0.05,0.05,0.05,0.05,0.05,
NECB-D-Electric-Equipment,Equipment,FRACTION,Sun|Hol,1-Jan,31-Dec,Hourly,0.05,0.05,0.05,0.05,0.05,0.05,0.05,0.05,0.05,0.05,0.05,0.05,0.05,0.05,0.05,0.05,0.05,0.05,0.05,0.05,0.05,0.05,0.05,0.05,
NECB-D-Fan,Fan,ON_OFF,Default|Wkdy,1-Jan,31-Dec,Hourly,0,0,0,0,0,0,0,1,1,1,1,1,1,1,1,1,1,1,1,1,1,1,1,0,
NECB-D-Fan,Fan,ON_OFF,Sat,1-Jan,31-Dec,Hourly,0,0,0,0,0,0,0,0,0,0,0,0,0,0,0,0,0,0,0,0,0,0,0,0,
NECB-D-Fan,Fan,ON_OFF,Sun|Hol,1-Jan,31-Dec,Hourly,0,0,0,0,0,0,0,0,0,0,0,0,0,0,0,0,0,0,0,0,0,0,0,0,
NECB-D-Lighting,Lighting,FRACTION,Default|Wkdy,1-Jan,31-Dec,Hourly,0.05,0.05,0.05,0.05,0.05,0.05,0.05,0.05,0.3,0.9,0.9,0.9,0.9,0.9,0.9,0.9,0.7,0.5,0.5,0.7,0.7,0.7,0.3,0.05,
NECB-D-Lighting,Lighting,FRACTION,Sat,1-Jan,31-Dec,Hourly,0.05,0.05,0.05,0.05,0.05,0.05,0.05,0.05,0.05,0.05,0.05,0.05,0.05,0.05,0.05,0.05,0.05,0.05,0.05,0.05,0.05,0.05,0.05,0.05,
NECB-D-Lighting,Lighting,FRACTION,Sun|Hol,1-Jan,31-Dec,Hourly,0.05,0.05,0.05,0.05,0.05,0.05,0.05,0.05,0.05,0.05,0.05,0.05,0.05,0.05,0.05,0.05,0.05,0.05,0.05,0.05,0.05,0.05,0.05,0.05,
NECB-D-Occupancy,Occupancy,FRACTION,Default|Wkdy,1-Jan,31-Dec,Hourly,0,0,0,0,0,0,0,0,0.1,0.9,0.9,0.9,0.8,0.8,0.8,0.8,0.5,0.2,0.1,0.3,0.3,0.3,0.1,0,
NECB-D-Occupancy,Occupancy,FRACTION,Sat,1-Jan,31-Dec,Hourly,0,0,0,0,0,0,0,0,0,0,0,0,0,0,0,0,0,0,0,0,0,0,0,0,
NECB-D-Occupancy,Occupancy,FRACTION,Sun|Hol,1-Jan,31-Dec,Hourly,0,0,0,0,0,0,0,0,0,0,0,0,0,0,0,0,0,0,0,0,0,0,0,0,
NECB-D-Processes,Processes,FRACTION,Default|Wkdy,1-Jan,31-Dec,Hourly,0.05,0.05,0.05,0.05,0.05,0.05,0.05,0.05,0.3,0.9,0.9,0.9,0.9,0.9,0.9,0.9,0.7,0.5,0.5,0.7,0.7,0.7,0.3,0.05,
NECB-D-Processes,Processes,FRACTION,Sat,1-Jan,31-Dec,Hourly,0.05,0.05,0.05,0.05,0.05,0.05,0.05,0.05,0.05,0.05,0.05,0.05,0.05,0.05,0.05,0.05,0.05,0.05,0.05,0.05,0.05,0.05,0.05,0.05,
NECB-D-Processes,Processes,FRACTION,Sun|Hol,1-Jan,31-Dec,Hourly,0.05,0.05,0.05,0.05,0.05,0.05,0.05,0.05,0.05,0.05,0.05,0.05,0.05,0.05,0.05,0.05,0.05,0.05,0.05,0.05,0.05,0.05,0.05,0.05,
NECB-D-Service Water Heating,Service Water Heating,FRACTION,Default|Wkdy,1-Jan,31-Dec,Hourly,0.05,0.05,0.05,0.05,0.05,0.05,0.05,0.05,0.5,0.5,0.9,0.9,0.9,0.9,0.9,0.9,0.7,0.3,0.5,0.5,0.5,0.3,0.05,0.05,
NECB-D-Service Water Heating,Service Water Heating,FRACTION,Sat,1-Jan,31-Dec,Hourly,0.05,0.05,0.05,0.05,0.05,0.05,0.05,0.05,0.05,0.05,0.05,0.05,0.05,0.05,0.05,0.05,0.05,0.05,0.05,0.05,0.05,0.05,0.05,0.05,
NECB-D-Service Water Heating,Service Water Heating,FRACTION,Sun|Hol,1-Jan,31-Dec,Hourly,0.05,0.05,0.05,0.05,0.05,0.05,0.05,0.05,0.05,0.05,0.05,0.05,0.05,0.05,0.05,0.05,0.05,0.05,0.05,0.05,0.05,0.05,0.05,0.05,
NECB-D-Thermostat Setpoint-Cooling,Thermostat Setpoint,TEMPERATURE,Default|Wkdy,1-Jan,31-Dec,Hourly,35,35,35,35,35,35,35,24,24,24,24,24,24,24,24,24,24,24,24,24,24,24,24,35,
NECB-D-Thermostat Setpoint-Cooling,Thermostat Setpoint,TEMPERATURE,Sat,1-Jan,31-Dec,Hourly,35,35,35,35,35,35,35,35,35,35,35,35,35,35,35,35,35,35,35,35,35,35,35,35,
NECB-D-Thermostat Setpoint-Cooling,Thermostat Setpoint,TEMPERATURE,Sun|Hol,1-Jan,31-Dec,Hourly,35,35,35,35,35,35,35,35,35,35,35,35,35,35,35,35,35,35,35,35,35,35,35,35,
NECB-D-Thermostat Setpoint-Heating,Thermostat Setpoint,TEMPERATURE,Default|Wkdy,1-Jan,31-Dec,Hourly,18,18,18,18,18,18,18,20,22,22,22,22,22,22,22,22,22,22,22,22,22,22,22,18,
NECB-D-Thermostat Setpoint-Heating,Thermostat Setpoint,TEMPERATURE,Sat,1-Jan,31-Dec,Hourly,18,18,18,18,18,18,18,18,18,18,18,18,18,18,18,18,18,18,18,18,18,18,18,18,
NECB-D-Thermostat Setpoint-Heating,Thermostat Setpoint,TEMPERATURE,Sun|Hol,1-Jan,31-Dec,Hourly,18,18,18,18,18,18,18,18,18,18,18,18,18,18,18,18,18,18,18,18,18,18,18,18,
NECB-E-Electric-Equipment,Equipment,FRACTION,Default|Wkdy,1-Jan,31-Dec,Hourly,0.05,0.05,0.05,0.05,0.05,0.05,0.05,0.05,0.4,0.7,0.9,0.9,0.9,0.9,0.9,0.9,0.9,0.9,0.4,0.05,0.05,0.05,0.05,0.05,
NECB-E-Electric-Equipment,Equipment,FRACTION,Sat,1-Jan,31-Dec,Hourly,0.05,0.05,0.05,0.05,0.05,0.05,0.05,0.05,0.05,0.5,0.9,0.9,0.9,0.9,0.9,0.7,0.5,0.05,0.05,0.05,0.05,0.05,0.05,0.05,
NECB-E-Electric-Equipment,Equipment,FRACTION,Sun|Hol,1-Jan,31-Dec,Hourly,0.05,0.05,0.05,0.05,0.05,0.05,0.05,0.05,0.05,0.05,0.05,0.05,0.05,0.05,0.05,0.05,0.05,0.05,0.05,0.05,0.05,0.05,0.05,0.05,
NECB-E-Fan,Fan,ON_OFF,Default|Wkdy,1-Jan,31-Dec,Hourly,0,0,0,0,0,0,0,1,1,1,1,1,1,1,1,1,1,1,1,0,0,0,0,0,
NECB-E-Fan,Fan,ON_OFF,Sat,1-Jan,31-Dec,Hourly,0,0,0,0,0,0,0,0,1,1,1,1,1,1,1,1,1,0,0,0,0,0,0,0,
NECB-E-Fan,Fan,ON_OFF,Sun|Hol,1-Jan,31-Dec,Hourly,0,0,0,0,0,0,0,0,0,0,0,0,0,0,0,0,0,0,0,0,0,0,0,0,
NECB-E-Lighting,Lighting,FRACTION,Default|Wkdy,1-Jan,31-Dec,Hourly,0.05,0.05,0.05,0.05,0.05,0.05,0.05,0.05,0.4,0.7,0.9,0.9,0.9,0.9,0.9,0.9,0.9,0.9,0.4,0.05,0.05,0.05,0.05,0.05,
NECB-E-Lighting,Lighting,FRACTION,Sat,1-Jan,31-Dec,Hourly,0.05,0.05,0.05,0.05,0.05,0.05,0.05,0.05,0.05,0.5,0.9,0.9,0.9,0.9,0.9,0.7,0.5,0.05,0.05,0.05,0.05,0.05,0.05,0.05,
NECB-E-Lighting,Lighting,FRACTION,Sun|Hol,1-Jan,31-Dec,Hourly,0.05,0.05,0.05,0.05,0.05,0.05,0.05,0.05,0.05,0.05,0.05,0.05,0.05,0.05,0.05,0.05,0.05,0.05,0.05,0.05,0.05,0.05,0.05,0.05,
NECB-E-Occupancy,Occupancy,FRACTION,Default|Wkdy,1-Jan,31-Dec,Hourly,0,0,0,0,0,0,0,0,0.2,0.7,0.9,0.9,0.9,0.9,0.5,0.9,0.8,0.8,0.2,0,0,0,0,0,
NECB-E-Occupancy,Occupancy,FRACTION,Sat,1-Jan,31-Dec,Hourly,0,0,0,0,0,0,0,0,0,0.2,0.2,0.2,0.2,0.1,0.1,0.1,0.1,0,0,0,0,0,0,0,
NECB-E-Occupancy,Occupancy,FRACTION,Sun|Hol,1-Jan,31-Dec,Hourly,0,0,0,0,0,0,0,0,0,0,0,0,0,0,0,0,0,0,0,0,0,0,0,0,
NECB-E-Processes,Processes,FRACTION,Default|Wkdy,1-Jan,31-Dec,Hourly,0.05,0.05,0.05,0.05,0.05,0.05,0.05,0.05,0.4,0.7,0.9,0.9,0.9,0.9,0.9,0.9,0.9,0.9,0.4,0.05,0.05,0.05,0.05,0.05,
NECB-E-Processes,Processes,FRACTION,Sat,1-Jan,31-Dec,Hourly,0.05,0.05,0.05,0.05,0.05,0.05,0.05,0.05,0.05,0.5,0.9,0.9,0.9,0.9,0.9,0.7,0.5,0.05,0.05,0.05,0.05,0.05,0.05,0.05,
NECB-E-Processes,Processes,FRACTION,Sun|Hol,1-Jan,31-Dec,Hourly,0.05,0.05,0.05,0.05,0.05,0.05,0.05,0.05,0.05,0.05,0.05,0.05,0.05,0.05,0.05,0.05,0.05,0.05,0.05,0.05,0.05,0.05,0.05,0.05,
NECB-E-Service Water Heating,Service Water Heating,FRACTION,Default|Wkdy,1-Jan,31-Dec,Hourly,0.05,0.05,0.05,0.05,0.05,0.05,0.05,0.05,0.1,0.4,0.5,0.5,0.7,0.9,0.8,0.7,0.8,0.3,0.05,0.05,0.05,0.05,0.05,0.05,
NECB-E-Service Water Heating,Service Water Heating,FRACTION,Sat,1-Jan,31-Dec,Hourly,0.05,0.05,0.05,0.05,0.05,0.05,0.05,0.05,0.05,0.05,0.2,0.2,0.4,0.2,0.2,0.2,0.05,0.05,0.05,0.05,0.05,0.05,0.05,0.05,
NECB-E-Service Water Heating,Service Water Heating,FRACTION,Sun|Hol,1-Jan,31-Dec,Hourly,0.05,0.05,0.05,0.05,0.05,0.05,0.05,0.05,0.05,0.05,0.05,0.05,0.05,0.05,0.05,0.05,0.05,0.05,0.05,0.05,0.05,0.05,0.05,0.05,
NECB-E-Thermostat Setpoint-Cooling,Thermostat Setpoint,TEMPERATURE,Default|Wkdy,1-Jan,31-Dec,Hourly,35,35,35,35,35,35,35,24,24,24,24,24,24,24,24,24,24,24,24,35,35,35,35,35,
NECB-E-Thermostat Setpoint-Cooling,Thermostat Setpoint,TEMPERATURE,Sat,1-Jan,31-Dec,Hourly,35,35,35,35,35,35,35,35,24,24,24,24,24,24,24,24,24,35,35,35,35,35,35,35,
NECB-E-Thermostat Setpoint-Cooling,Thermostat Setpoint,TEMPERATURE,Sun|Hol,1-Jan,31-Dec,Hourly,35,35,35,35,35,35,35,35,35,35,35,35,35,35,35,35,35,35,35,35,35,35,35,35,
NECB-E-Thermostat Setpoint-Heating,Thermostat Setpoint,TEMPERATURE,Default|Wkdy,1-Jan,31-Dec,Hourly,18,18,18,18,18,18,18,20,22,22,22,22,22,22,22,22,22,22,22,18,18,18,18,18,
NECB-E-Thermostat Setpoint-Heating,Thermostat Setpoint,TEMPERATURE,Sat,1-Jan,31-Dec,Hourly,18,18,18,18,18,18,18,18,20,22,22,22,22,22,22,22,22,18,18,18,18,18,18,18,
NECB-E-Thermostat Setpoint-Heating,Thermostat Setpoint,TEMPERATURE,Sun|Hol,1-Jan,31-Dec,Hourly,18,18,18,18,18,18,18,18,18,18,18,18,18,18,18,18,18,18,18,18,18,18,18,18,
NECB-F-Electric-Equipment,Equipment,FRACTION,Default|Wkdy,1-Jan,31-Dec,Hourly,0.3,0.2,0.2,0.1,0.1,0.1,0.2,0.4,0.5,0.4,0.4,0.3,0.2,0.2,0.2,0.2,0.2,0.2,0.2,0.6,0.8,0.9,0.8,0.6,
NECB-F-Electric-Equipment,Equipment,FRACTION,Sat,1-Jan,31-Dec,Hourly,0.3,0.2,0.2,0.1,0.1,0.1,0.1,0.3,0.3,0.4,0.4,0.3,0.2,0.2,0.2,0.2,0.2,0.2,0.2,0.6,0.7,0.7,0.7,0.6,
NECB-F-Electric-Equipment,Equipment,FRACTION,Sun|Hol,1-Jan,31-Dec,Hourly,0.3,0.3,0.3,0.2,0.2,0.2,0.2,0.3,0.4,0.4,0.3,0.3,0.3,0.3,0.2,0.2,0.2,0.2,0.2,0.5,0.7,0.8,0.6,0.5,
NECB-F-Fan,Fan,ON_OFF,Default|Wkdy,1-Jan,31-Dec,Hourly,1,1,1,1,1,1,1,1,1,1,1,1,1,1,1,1,1,1,1,1,1,1,1,1,
NECB-F-Fan,Fan,ON_OFF,Sat,1-Jan,31-Dec,Hourly,1,1,1,1,1,1,1,1,1,1,1,1,1,1,1,1,1,1,1,1,1,1,1,1,
NECB-F-Fan,Fan,ON_OFF,Sun|Hol,1-Jan,31-Dec,Hourly,1,1,1,1,1,1,1,1,1,1,1,1,1,1,1,1,1,1,1,1,1,1,1,1,
NECB-F-Lighting,Lighting,FRACTION,Default|Wkdy,1-Jan,31-Dec,Hourly,0.3,0.2,0.2,0.1,0.1,0.1,0.2,0.4,0.5,0.4,0.4,0.3,0.2,0.2,0.2,0.2,0.2,0.2,0.2,0.6,0.8,0.9,0.8,0.6,
NECB-F-Lighting,Lighting,FRACTION,Sat,1-Jan,31-Dec,Hourly,0.3,0.2,0.2,0.1,0.1,0.1,0.1,0.3,0.3,0.4,0.4,0.3,0.2,0.2,0.2,0.2,0.2,0.2,0.2,0.6,0.7,0.7,0.7,0.6,
NECB-F-Lighting,Lighting,FRACTION,Sun|Hol,1-Jan,31-Dec,Hourly,0.3,0.3,0.3,0.2,0.2,0.2,0.2,0.3,0.4,0.4,0.3,0.3,0.3,0.3,0.2,0.2,0.2,0.2,0.2,0.5,0.7,0.8,0.6,0.5,
NECB-F-Occupancy,Occupancy,FRACTION,Default|Wkdy,1-Jan,31-Dec,Hourly,0.9,0.9,0.9,0.9,0.9,0.9,0.9,0.7,0.4,0.4,0.2,0.2,0.2,0.2,0.2,0.2,0.3,0.5,0.5,0.5,0.7,0.7,0.8,0.9,
NECB-F-Occupancy,Occupancy,FRACTION,Sat,1-Jan,31-Dec,Hourly,0.7,0.9,0.9,0.9,0.9,0.9,0.9,0.7,0.5,0.5,0.3,0.3,0.3,0.3,0.3,0.3,0.3,0.3,0.5,0.6,0.6,0.6,0.7,0.7,
NECB-F-Occupancy,Occupancy,FRACTION,Sun|Hol,1-Jan,31-Dec,Hourly,0.8,0.7,0.7,0.7,0.7,0.7,0.7,0.7,0.7,0.5,0.5,0.5,0.3,0.3,0.2,0.2,0.2,0.3,0.4,0.4,0.6,0.6,0.8,0.8,
NECB-F-Processes,Processes,FRACTION,Default|Wkdy,1-Jan,31-Dec,Hourly,0.3,0.2,0.2,0.1,0.1,0.1,0.2,0.4,0.5,0.4,0.4,0.3,0.2,0.2,0.2,0.2,0.2,0.2,0.2,0.6,0.8,0.9,0.8,0.6,
NECB-F-Processes,Processes,FRACTION,Sat,1-Jan,31-Dec,Hourly,0.3,0.2,0.2,0.1,0.1,0.1,0.1,0.3,0.3,0.4,0.4,0.3,0.2,0.2,0.2,0.2,0.2,0.2,0.2,0.6,0.7,0.7,0.7,0.6,
NECB-F-Processes,Processes,FRACTION,Sun|Hol,1-Jan,31-Dec,Hourly,0.3,0.3,0.3,0.2,0.2,0.2,0.2,0.3,0.4,0.4,0.3,0.3,0.3,0.3,0.2,0.2,0.2,0.2,0.2,0.5,0.7,0.8,0.6,0.5,
NECB-F-Service Water Heating,Service Water Heating,FRACTION,Default|Wkdy,1-Jan,31-Dec,Hourly,0.5,0.3,0.2,0.1,0.1,0.2,0.4,0.6,0.9,0.7,0.5,0.5,0.4,0.5,0.4,0.3,0.3,0.3,0.3,0.5,0.7,0.7,0.7,0.7,
NECB-F-Service Water Heating,Service Water Heating,FRACTION,Sat,1-Jan,31-Dec,Hourly,0.5,0.3,0.2,0.1,0.1,0.2,0.4,0.5,0.8,0.6,0.5,0.5,0.5,0.5,0.5,0.4,0.3,0.3,0.3,0.5,0.7,0.7,0.7,0.7,
NECB-F-Service Water Heating,Service Water Heating,FRACTION,Sun|Hol,1-Jan,31-Dec,Hourly,0.5,0.3,0.2,0.1,0.1,0.2,0.4,0.4,0.6,0.9,0.7,0.5,0.5,0.5,0.4,0.3,0.3,0.3,0.3,0.4,0.6,0.6,0.6,0.6,
NECB-F-Thermostat Setpoint-Cooling,Thermostat Setpoint,TEMPERATURE,Default|Wkdy,1-Jan,31-Dec,Hourly,24,24,24,24,24,24,24,24,24,24,24,24,24,24,24,24,24,24,24,24,24,24,24,24,
NECB-F-Thermostat Setpoint-Cooling,Thermostat Setpoint,TEMPERATURE,Sat,1-Jan,31-Dec,Hourly,24,24,24,24,24,24,24,24,24,24,24,24,24,24,24,24,24,24,24,24,24,24,24,24,
NECB-F-Thermostat Setpoint-Cooling,Thermostat Setpoint,TEMPERATURE,Sun|Hol,1-Jan,31-Dec,Hourly,24,24,24,24,24,24,24,24,24,24,24,24,24,24,24,24,24,24,24,24,24,24,24,24,
NECB-F-Thermostat Setpoint-Heating,Thermostat Setpoint,TEMPERATURE,Default|Wkdy,1-Jan,31-Dec,Hourly,22,18,18,18,18,18,18,20,22,22,22,22,22,22,22,22,22,22,22,22,22,22,22,22,
NECB-F-Thermostat Setpoint-Heating,Thermostat Setpoint,TEMPERATURE,Sat,1-Jan,31-Dec,Hourly,22,18,18,18,18,18,18,20,22,22,22,22,22,22,22,22,22,22,22,22,22,22,22,22,
NECB-F-Thermostat Setpoint-Heating,Thermostat Setpoint,TEMPERATURE,Sun|Hol,1-Jan,31-Dec,Hourly,22,18,18,18,18,18,18,20,22,22,22,22,22,22,22,22,22,22,22,22,22,22,22,22,
NECB-G-Electric-Equipment,Equipment,FRACTION,Default|Wkdy,1-Jan,31-Dec,Hourly,0.3,0.2,0.2,0.2,0.2,0.2,0.2,0.8,0.8,0.4,0.4,0.4,0.4,0.4,0.4,0.4,0.5,0.2,0.9,0.9,0.7,0.5,0.5,0.5,
NECB-G-Electric-Equipment,Equipment,FRACTION,Sat,1-Jan,31-Dec,Hourly,0.3,0.2,0.2,0.2,0.2,0.2,0.2,0.8,0.8,0.4,0.4,0.4,0.4,0.4,0.4,0.4,0.5,0.2,0.9,0.9,0.7,0.5,0.5,0.5,
NECB-G-Electric-Equipment,Equipment,FRACTION,Sun|Hol,1-Jan,31-Dec,Hourly,0.3,0.2,0.2,0.2,0.2,0.2,0.2,0.8,0.8,0.4,0.4,0.4,0.4,0.4,0.4,0.4,0.5,0.2,0.9,0.9,0.7,0.5,0.5,0.5,
NECB-G-Fan,Fan,ON_OFF,Default|Wkdy,1-Jan,31-Dec,Hourly,1,1,1,1,1,1,1,1,1,1,1,1,1,1,1,1,1,1,1,1,1,1,1,1,
NECB-G-Fan,Fan,ON_OFF,Sat,1-Jan,31-Dec,Hourly,1,1,1,1,1,1,1,1,1,1,1,1,1,1,1,1,1,1,1,1,1,1,1,1,
NECB-G-Fan,Fan,ON_OFF,Sun|Hol,1-Jan,31-Dec,Hourly,1,1,1,1,1,1,1,1,1,1,1,1,1,1,1,1,1,1,1,1,1,1,1,1,
NECB-G-Lighting,Lighting,FRACTION,Default|Wkdy,1-Jan,31-Dec,Hourly,0.3,0,0,0,0,0,0.2,0.5,0.5,0,0,0,0,0,0,0,0,0,0,0.9,0.9,0.9,0.8,0.6,
NECB-G-Lighting,Lighting,FRACTION,Sat,1-Jan,31-Dec,Hourly,0.3,0,0,0,0,0,0.2,0.5,0.5,0,0,0,0,0,0,0,0,0,0,0.9,0.9,0.9,0.8,0.6,
NECB-G-Lighting,Lighting,FRACTION,Sun|Hol,1-Jan,31-Dec,Hourly,0.3,0,0,0,0,0,0.2,0.5,0.5,0,0,0,0,0,0,0,0,0,0,0.9,0.9,0.9,0.8,0.6,
NECB-G-Occupancy,Occupancy,FRACTION,Default|Wkdy,1-Jan,31-Dec,Hourly,0.9,0.9,0.9,0.9,0.9,0.9,0.9,0.7,0.4,0.3,0.3,0.3,0.3,0.3,0.3,0.3,0.3,0.5,0.9,0.9,0.9,0.9,0.9,0.9,
NECB-G-Occupancy,Occupancy,FRACTION,Sat,1-Jan,31-Dec,Hourly,0.9,0.9,0.9,0.9,0.9,0.9,0.9,0.7,0.5,0.5,0.5,0.5,0.5,0.5,0.5,0.5,0.5,0.7,0.9,0.9,0.9,0.9,0.9,0.9,
NECB-G-Occupancy,Occupancy,FRACTION,Sun|Hol,1-Jan,31-Dec,Hourly,0.9,0.9,0.9,0.9,0.9,0.9,0.9,0.7,0.5,0.5,0.5,0.5,0.5,0.5,0.5,0.5,0.5,0.7,0.9,0.9,0.9,0.9,0.9,0.9,
NECB-G-Processes,Processes,FRACTION,Default|Wkdy,1-Jan,31-Dec,Hourly,0.3,0.2,0.2,0.2,0.2,0.2,0.2,0.8,0.8,0.4,0.4,0.4,0.4,0.4,0.4,0.4,0.5,0.2,0.9,0.9,0.7,0.5,0.5,0.5,
NECB-G-Processes,Processes,FRACTION,Sat,1-Jan,31-Dec,Hourly,0.3,0.2,0.2,0.2,0.2,0.2,0.2,0.8,0.8,0.4,0.4,0.4,0.4,0.4,0.4,0.4,0.5,0.2,0.9,0.9,0.7,0.5,0.5,0.5,
NECB-G-Processes,Processes,FRACTION,Sun|Hol,1-Jan,31-Dec,Hourly,0.3,0.2,0.2,0.2,0.2,0.2,0.2,0.8,0.8,0.4,0.4,0.4,0.4,0.4,0.4,0.4,0.5,0.2,0.9,0.9,0.7,0.5,0.5,0.5,
NECB-G-Service Water Heating,Service Water Heating,FRACTION,Default|Wkdy,1-Jan,31-Dec,Hourly,0.1,0.05,0.05,0.05,0.05,0.05,0.2,0.8,0.7,0.5,0.4,0.2,0.2,0.2,0.3,0.5,0.5,0.7,0.7,0.4,0.4,0.2,0.2,0.1,
NECB-G-Service Water Heating,Service Water Heating,FRACTION,Sat,1-Jan,31-Dec,Hourly,0.1,0.05,0.05,0.05,0.05,0.05,0.05,0.2,0.5,0.5,0.5,0.3,0.3,0.3,0.3,0.7,0.9,0.7,0.7,0.6,0.5,0.4,0.3,0.2,
NECB-G-Service Water Heating,Service Water Heating,FRACTION,Sun|Hol,1-Jan,31-Dec,Hourly,0.1,0.05,0.05,0.05,0.05,0.05,0.05,0.05,0.2,0.3,0.3,0.2,0.2,0.3,0.4,0.5,0.6,0.7,0.4,0.3,0.2,0.2,0.2,0.2,
NECB-G-Thermostat Setpoint-Cooling,Thermostat Setpoint,TEMPERATURE,Default|Wkdy,1-Jan,31-Dec,Hourly,24,24,24,24,24,24,24,24,24,24,24,24,24,24,24,24,24,24,24,24,24,24,24,24,
NECB-G-Thermostat Setpoint-Cooling,Thermostat Setpoint,TEMPERATURE,Sat,1-Jan,31-Dec,Hourly,24,24,24,24,24,24,24,24,24,24,24,24,24,24,24,24,24,24,24,24,24,24,24,24,
NECB-G-Thermostat Setpoint-Cooling,Thermostat Setpoint,TEMPERATURE,Sun|Hol,1-Jan,31-Dec,Hourly,24,24,24,24,24,24,24,24,24,24,24,24,24,24,24,24,24,24,24,24,24,24,24,24,
NECB-G-Thermostat Setpoint-Heating,Thermostat Setpoint,TEMPERATURE,Default|Wkdy,1-Jan,31-Dec,Hourly,22,18,18,18,18,18,18,20,22,22,22,22,22,22,22,22,22,22,22,22,22,22,22,22,
NECB-G-Thermostat Setpoint-Heating,Thermostat Setpoint,TEMPERATURE,Sat,1-Jan,31-Dec,Hourly,22,18,18,18,18,18,18,20,22,22,22,22,22,22,22,22,22,22,22,22,22,22,22,22,
NECB-G-Thermostat Setpoint-Heating,Thermostat Setpoint,TEMPERATURE,Sun|Hol,1-Jan,31-Dec,Hourly,22,18,18,18,18,18,18,20,22,22,22,22,22,22,22,22,22,22,22,22,22,22,22,22,
NECB-H-Electric-Equipment,Equipment,FRACTION,Default|Wkdy,1-Jan,31-Dec,Hourly,0.9,0.9,0.9,0.9,0.9,0.9,0.9,0.9,0.9,0.9,0.9,0.9,0.9,0.9,0.9,0.9,0.9,0.9,0.9,0.9,0.9,0.9,0.9,0.9,
NECB-H-Electric-Equipment,Equipment,FRACTION,Sat,1-Jan,31-Dec,Hourly,0.9,0.9,0.9,0.9,0.9,0.9,0.9,0.9,0.9,0.9,0.9,0.9,0.9,0.9,0.9,0.9,0.9,0.9,0.9,0.9,0.9,0.9,0.9,0.9,
NECB-H-Electric-Equipment,Equipment,FRACTION,Sun|Hol,1-Jan,31-Dec,Hourly,0.9,0.9,0.9,0.9,0.9,0.9,0.9,0.9,0.9,0.9,0.9,0.9,0.9,0.9,0.9,0.9,0.9,0.9,0.9,0.9,0.9,0.9,0.9,0.9,
NECB-H-Fan,Fan,ON_OFF,Default|Wkdy,1-Jan,31-Dec,Hourly,1,1,1,1,1,1,1,1,1,1,1,1,1,1,1,1,1,1,1,1,1,1,1,1,
NECB-H-Fan,Fan,ON_OFF,Sat,1-Jan,31-Dec,Hourly,1,1,1,1,1,1,1,1,1,1,1,1,1,1,1,1,1,1,1,1,1,1,1,1,
NECB-H-Fan,Fan,ON_OFF,Sun|Hol,1-Jan,31-Dec,Hourly,1,1,1,1,1,1,1,1,1,1,1,1,1,1,1,1,1,1,1,1,1,1,1,1,
NECB-H-Lighting,Lighting,FRACTION,Default|Wkdy,1-Jan,31-Dec,Hourly,0.9,0.9,0.9,0.9,0.9,0.9,0.9,0.9,0.9,0.9,0.9,0.9,0.9,0.9,0.9,0.9,0.9,0.9,0.9,0.9,0.9,0.9,0.9,0.9,
NECB-H-Lighting,Lighting,FRACTION,Sat,1-Jan,31-Dec,Hourly,0.9,0.9,0.9,0.9,0.9,0.9,0.9,0.9,0.9,0.9,0.9,0.9,0.9,0.9,0.9,0.9,0.9,0.9,0.9,0.9,0.9,0.9,0.9,0.9,
NECB-H-Lighting,Lighting,FRACTION,Sun|Hol,1-Jan,31-Dec,Hourly,0.9,0.9,0.9,0.9,0.9,0.9,0.9,0.9,0.9,0.9,0.9,0.9,0.9,0.9,0.9,0.9,0.9,0.9,0.9,0.9,0.9,0.9,0.9,0.9,
NECB-H-Occupancy,Occupancy,FRACTION,Default|Wkdy,1-Jan,31-Dec,Hourly,0.9,0.9,0.9,0.9,0.9,0.9,0.9,0.9,0.9,0.9,0.9,0.9,0.9,0.9,0.9,0.9,0.9,0.9,0.9,0.9,0.9,0.9,0.9,0.9,
NECB-H-Occupancy,Occupancy,FRACTION,Sat,1-Jan,31-Dec,Hourly,0.9,0.9,0.9,0.9,0.9,0.9,0.9,0.9,0.9,0.9,0.9,0.9,0.9,0.9,0.9,0.9,0.9,0.9,0.9,0.9,0.9,0.9,0.9,0.9,
NECB-H-Occupancy,Occupancy,FRACTION,Sun|Hol,1-Jan,31-Dec,Hourly,0.9,0.9,0.9,0.9,0.9,0.9,0.9,0.9,0.9,0.9,0.9,0.9,0.9,0.9,0.9,0.9,0.9,0.9,0.9,0.9,0.9,0.9,0.9,0.9,
NECB-H-Processes,Processes,FRACTION,Default|Wkdy,1-Jan,31-Dec,Hourly,0.9,0.9,0.9,0.9,0.9,0.9,0.9,0.9,0.9,0.9,0.9,0.9,0.9,0.9,0.9,0.9,0.9,0.9,0.9,0.9,0.9,0.9,0.9,0.9,
NECB-H-Processes,Processes,FRACTION,Sat,1-Jan,31-Dec,Hourly,0.9,0.9,0.9,0.9,0.9,0.9,0.9,0.9,0.9,0.9,0.9,0.9,0.9,0.9,0.9,0.9,0.9,0.9,0.9,0.9,0.9,0.9,0.9,0.9,
NECB-H-Processes,Processes,FRACTION,Sun|Hol,1-Jan,31-Dec,Hourly,0.9,0.9,0.9,0.9,0.9,0.9,0.9,0.9,0.9,0.9,0.9,0.9,0.9,0.9,0.9,0.9,0.9,0.9,0.9,0.9,0.9,0.9,0.9,0.9,
NECB-H-Service Water Heating,Service Water Heating,FRACTION,Default|Wkdy,1-Jan,31-Dec,Hourly,0.9,0.9,0.9,0.9,0.9,0.9,0.9,0.9,0.9,0.9,0.9,0.9,0.9,0.9,0.9,0.9,0.9,0.9,0.9,0.9,0.9,0.9,0.9,0.9,
NECB-H-Service Water Heating,Service Water Heating,FRACTION,Sat,1-Jan,31-Dec,Hourly,0.9,0.9,0.9,0.9,0.9,0.9,0.9,0.9,0.9,0.9,0.9,0.9,0.9,0.9,0.9,0.9,0.9,0.9,0.9,0.9,0.9,0.9,0.9,0.9,
NECB-H-Service Water Heating,Service Water Heating,FRACTION,Sun|Hol,1-Jan,31-Dec,Hourly,0.9,0.9,0.9,0.9,0.9,0.9,0.9,0.9,0.9,0.9,0.9,0.9,0.9,0.9,0.9,0.9,0.9,0.9,0.9,0.9,0.9,0.9,0.9,0.9,
NECB-H-Thermostat Setpoint-Cooling,Thermostat Setpoint,TEMPERATURE,Default|Wkdy,1-Jan,31-Dec,Hourly,24,24,24,24,24,24,24,24,24,24,24,24,24,24,24,24,24,24,24,24,24,24,24,24,
NECB-H-Thermostat Setpoint-Cooling,Thermostat Setpoint,TEMPERATURE,Sat,1-Jan,31-Dec,Hourly,24,24,24,24,24,24,24,24,24,24,24,24,24,24,24,24,24,24,24,24,24,24,24,24,
NECB-H-Thermostat Setpoint-Cooling,Thermostat Setpoint,TEMPERATURE,Sun|Hol,1-Jan,31-Dec,Hourly,24,24,24,24,24,24,24,24,24,24,24,24,24,24,24,24,24,24,24,24,24,24,24,24,
NECB-H-Thermostat Setpoint-Heating,Thermostat Setpoint,TEMPERATURE,Default|Wkdy,1-Jan,31-Dec,Hourly,22,18,18,18,18,18,18,20,22,22,22,22,22,22,22,22,22,22,22,22,22,22,22,22,
NECB-H-Thermostat Setpoint-Heating,Thermostat Setpoint,TEMPERATURE,Sat,1-Jan,31-Dec,Hourly,22,18,18,18,18,18,18,20,22,22,22,22,22,22,22,22,22,22,22,22,22,22,22,22,
NECB-H-Thermostat Setpoint-Heating,Thermostat Setpoint,TEMPERATURE,Sun|Hol,1-Jan,31-Dec,Hourly,22,18,18,18,18,18,18,20,22,22,22,22,22,22,22,22,22,22,22,22,22,22,22,22,
NECB-I-Electric-Equipment,Equipment,FRACTION,Default|Wkdy,1-Jan,31-Dec,Hourly,0.1,0.1,0.1,0.1,0.1,0.1,0.1,0.1,0.1,0.1,0.1,0.1,0.1,0.1,0.1,0.2,0.2,0.2,0.8,0.8,0.8,0.8,0.8,0.8,
NECB-I-Electric-Equipment,Equipment,FRACTION,Sat,1-Jan,31-Dec,Hourly,0.1,0.1,0.1,0.1,0.1,0.1,0.1,0.1,0.1,0.1,0.2,0.2,0.2,0.8,0.8,0.8,0.8,0.8,0.8,0.8,0.8,0.8,0.8,0.8,
NECB-I-Electric-Equipment,Equipment,FRACTION,Sun|Hol,1-Jan,31-Dec,Hourly,0.1,0.1,0.1,0.1,0.1,0.1,0.1,0.1,0.8,0.8,0.8,0.8,0.8,0.2,0.1,0.1,0.1,0.1,0.1,0.1,0.1,0.1,0.1,0.1,
NECB-I-Fan,Fan,ON_OFF,Default|Wkdy,1-Jan,31-Dec,Hourly,1,0,0,0,0,0,0,0,0,0,0,0,0,0,1,1,1,1,1,1,1,1,1,1,
NECB-I-Fan,Fan,ON_OFF,Sat,1-Jan,31-Dec,Hourly,1,0,0,0,0,0,0,0,0,0,1,1,1,1,1,1,1,1,1,1,1,1,1,1,
NECB-I-Fan,Fan,ON_OFF,Sun|Hol,1-Jan,31-Dec,Hourly,0,0,0,0,0,0,0,1,1,1,1,1,1,1,0,0,0,0,0,0,0,0,0,0,
NECB-I-Lighting,Lighting,FRACTION,Default|Wkdy,1-Jan,31-Dec,Hourly,0.5,0.05,0.05,0.05,0.05,0.05,0.05,0.05,0.05,0.05,0.05,0.05,0.05,0.05,0.05,0.5,0.5,0.5,0.8,0.9,0.9,0.9,0.9,0.9,
NECB-I-Lighting,Lighting,FRACTION,Sat,1-Jan,31-Dec,Hourly,0.5,0.05,0.05,0.05,0.05,0.05,0.05,0.05,0.05,0.05,0.5,0.5,0.5,0.8,0.9,0.9,0.9,0.8,0.6,0.8,0.9,0.9,0.9,0.9,
NECB-I-Lighting,Lighting,FRACTION,Sun|Hol,1-Jan,31-Dec,Hourly,0.05,0.05,0.05,0.05,0.05,0.05,0.05,0.05,0.5,0.9,0.9,0.9,0.9,0.5,0.05,0.05,0.05,0.05,0.05,0.05,0.05,0.05,0.05,0.05,
NECB-I-Occupancy,Occupancy,FRACTION,Default|Wkdy,1-Jan,31-Dec,Hourly,0.1,0,0,0,0,0,0,0,0,0,0,0,0,0,0,0.1,0.1,0.1,0.4,0.8,0.8,0.8,0.6,0.4,
NECB-I-Occupancy,Occupancy,FRACTION,Sat,1-Jan,31-Dec,Hourly,0.1,0,0,0,0,0,0,0,0,0,0.1,0.1,0.1,0.4,0.6,0.8,0.6,0.4,0.2,0.4,0.8,0.8,0.6,0.4,
NECB-I-Occupancy,Occupancy,FRACTION,Sun|Hol,1-Jan,31-Dec,Hourly,0,0,0,0,0,0,0,0,0.2,0.4,0.8,0.8,0.4,0.2,0,0,0,0,0,0,0,0,0,0,
NECB-I-Processes,Processes,FRACTION,Default|Wkdy,1-Jan,31-Dec,Hourly,0.1,0.1,0.1,0.1,0.1,0.1,0.1,0.1,0.1,0.1,0.1,0.1,0.1,0.1,0.1,0.2,0.2,0.2,0.8,0.8,0.8,0.8,0.8,0.8,
NECB-I-Processes,Processes,FRACTION,Sat,1-Jan,31-Dec,Hourly,0.1,0.1,0.1,0.1,0.1,0.1,0.1,0.1,0.1,0.1,0.2,0.2,0.2,0.8,0.8,0.8,0.8,0.8,0.8,0.8,0.8,0.8,0.8,0.8,
NECB-I-Processes,Processes,FRACTION,Sun|Hol,1-Jan,31-Dec,Hourly,0.1,0.1,0.1,0.1,0.1,0.1,0.1,0.1,0.8,0.8,0.8,0.8,0.8,0.2,0.1,0.1,0.1,0.1,0.1,0.1,0.1,0.1,0.1,0.1,
NECB-I-Service Water Heating,Service Water Heating,FRACTION,Default|Wkdy,1-Jan,31-Dec,Hourly,0.2,0.05,0.05,0.05,0.05,0.05,0.05,0.05,0.05,0.05,0.05,0.05,0.05,0.05,0.05,0.2,0.2,0.2,0.4,0.9,0.9,0.9,0.8,0.6,
NECB-I-Service Water Heating,Service Water Heating,FRACTION,Sat,1-Jan,31-Dec,Hourly,0.2,0.05,0.05,0.05,0.05,0.05,0.05,0.05,0.05,0.05,0.2,0.2,0.2,0.4,0.8,0.9,0.8,0.6,0.4,0.4,0.9,0.9,0.8,0.6,
NECB-I-Service Water Heating,Service Water Heating,FRACTION,Sun|Hol,1-Jan,31-Dec,Hourly,0.05,0.05,0.05,0.05,0.05,0.05,0.05,0.1,0.2,0.4,0.4,0.2,0.1,0.05,0.05,0.05,0.05,0.05,0.05,0.05,0.05,0.05,0.05,0.05,
NECB-I-Thermostat Setpoint-Cooling,Thermostat Setpoint,TEMPERATURE,Default|Wkdy,1-Jan,31-Dec,Hourly,35,35,35,35,35,35,35,35,35,35,35,35,35,35,24,24,24,24,24,24,24,24,24,24,
NECB-I-Thermostat Setpoint-Cooling,Thermostat Setpoint,TEMPERATURE,Sat,1-Jan,31-Dec,Hourly,35,35,35,35,35,35,35,35,35,35,24,24,24,24,24,24,24,24,24,24,24,24,24,24,
NECB-I-Thermostat Setpoint-Cooling,Thermostat Setpoint,TEMPERATURE,Sun|Hol,1-Jan,31-Dec,Hourly,35,35,35,35,35,35,35,24,24,24,24,24,24,24,35,35,35,35,35,35,35,35,35,35,
NECB-I-Thermostat Setpoint-Heating,Thermostat Setpoint,TEMPERATURE,Default|Wkdy,1-Jan,31-Dec,Hourly,18,18,18,18,18,18,18,18,18,18,18,18,18,18,20,22,22,22,22,22,22,22,22,22,
NECB-I-Thermostat Setpoint-Heating,Thermostat Setpoint,TEMPERATURE,Sat,1-Jan,31-Dec,Hourly,18,18,18,18,18,18,18,18,18,18,20,22,22,22,22,22,22,22,22,22,22,22,22,22,
NECB-I-Thermostat Setpoint-Heating,Thermostat Setpoint,TEMPERATURE,Sun|Hol,1-Jan,31-Dec,Hourly,18,18,18,18,18,18,18,20,22,22,22,22,22,22,18,18,18,18,18,18,18,18,18,18,
Office Bldg Equip,Equipment,,Default,1-Jan,31-Dec,Hourly,0.4,0.4,0.4,0.4,0.4,0.4,0.4,0.4,0.9,0.9,0.9,0.9,0.8,0.9,0.9,0.9,0.9,0.8,0.6,0.6,0.5,0.5,0.4,0.4,From DOE Reference Buildings 
Office Bldg Equip,Equipment,,Sat,1-Jan,31-Dec,Hourly,0.3,0.3,0.3,0.3,0.3,0.3,0.4,0.4,0.5,0.5,0.5,0.5,0.5,0.5,0.35,0.35,0.35,0.3,0.3,0.3,0.3,0.3,0.3,0.3,From DOE Reference Buildings 
Office Bldg Equip,Equipment,,SmrDsn,1-Jan,31-Dec,Constant,1,,,,,,,,,,,,,,,,,,,,,,,,From DOE Reference Buildings 
Office Bldg Equip,Equipment,,Sun,1-Jan,31-Dec,Constant,0.3,,,,,,,,,,,,,,,,,,,,,,,,From DOE Reference Buildings 
Office Bldg Equip,Equipment,,WntrDsn,1-Jan,31-Dec,Constant,0,,,,,,,,,,,,,,,,,,,,,,,,From DOE Reference Buildings 
Office Bldg Light,Lighting,,Default,1-Jan,31-Dec,Hourly,0.05,0.05,0.05,0.05,0.05,0.1,0.1,0.3,0.9,0.9,0.9,0.9,0.9,0.9,0.9,0.9,0.9,0.5,0.3,0.3,0.2,0.2,0.1,0.05,From DOE Reference Buildings 
Office Bldg Light,Lighting,,Sat,1-Jan,31-Dec,Hourly,0.05,0.05,0.05,0.05,0.05,0.05,0.1,0.1,0.3,0.3,0.3,0.3,0.15,0.15,0.15,0.15,0.15,0.05,0.05,0.05,0.05,0.05,0.05,0.05,From DOE Reference Buildings 
Office Bldg Light,Lighting,,SmrDsn,1-Jan,31-Dec,Constant,1,,,,,,,,,,,,,,,,,,,,,,,,From DOE Reference Buildings 
Office Bldg Light,Lighting,,Sun,1-Jan,31-Dec,Constant,0.05,,,,,,,,,,,,,,,,,,,,,,,,From DOE Reference Buildings 
Office Bldg Light,Lighting,,WntrDsn,1-Jan,31-Dec,Constant,0,,,,,,,,,,,,,,,,,,,,,,,,From DOE Reference Buildings 
Office Infil Quarter On,Infiltration,,Default|SmrDsn,1-Jan,31-Dec,Hourly,1,1,1,1,1,1,0.25,0.25,0.25,0.25,0.25,0.25,0.25,0.25,0.25,0.25,0.25,0.25,0.25,0.25,0.25,0.25,1,1,From DOE Reference Buildings 
Office Infil Quarter On,Infiltration,,Sun,1-Jan,31-Dec,Constant,1,,,,,,,,,,,,,,,,,,,,,,,,From DOE Reference Buildings 
Office Infil Quarter On,Infiltration,,WntrDsn|Sat,1-Jan,31-Dec,Hourly,1,1,1,1,1,1,0.25,0.25,0.25,0.25,0.25,0.25,0.25,0.25,0.25,0.25,0.25,0.25,1,1,1,1,1,1,From DOE Reference Buildings 
Office Misc Occ,Occupancy,,Default,1-Jan,31-Dec,Hourly,0,0,0,0,0,0,0.100000001,0.200000003,0.400000006,0.400000006,0.400000006,0.400000006,0.400000006,0.400000006,0.400000006,0.400000006,0.400000006,0.400000006,0.400000006,0.400000006,0.100000001,0.100000001,0.050000001,0.050000001,From DOE Reference Buildings 
Office Misc Occ,Occupancy,,Sat,1-Jan,31-Dec,Hourly,0,0,0,0,0,0,0.100000001,0.100000001,0.25,0.25,0.25,0.25,0.25,0.25,0.100000001,0.100000001,0.100000001,0,0,0,0,0,0,0,From DOE Reference Buildings 
Office Misc Occ,Occupancy,,SmrDsn,1-Jan,31-Dec,Hourly,0,0,0,0,0,0,1,1,1,1,1,1,1,1,1,1,1,1,1,1,1,1,0.05,0.05,From DOE Reference Buildings 
Office Misc Occ,Occupancy,,WntrDsn|Sun,1-Jan,31-Dec,Constant,0,,,,,,,,,,,,,,,,,,,,,,,,From DOE Reference Buildings 
Office Work Occ,Occupancy,,Default,1-Jan,31-Dec,Hourly,0,0,0,0,0,0,0.100000001,0.200000003,0.850000024,0.850000024,0.850000024,0.850000024,0.5,0.850000024,0.850000024,0.850000024,0.850000024,0.699999988,0.400000006,0.400000006,0.100000001,0.100000001,0.050000001,0.050000001,From DOE Reference Buildings 
Office Work Occ,Occupancy,,Sat,1-Jan,31-Dec,Hourly,0,0,0,0,0,0,0.100000001,0.100000001,0.400000006,0.400000006,0.400000006,0.400000006,0.400000006,0.400000006,0.100000001,0.100000001,0.100000001,0,0,0,0,0,0,0,From DOE Reference Buildings 
Office Work Occ,Occupancy,,SmrDsn,1-Jan,31-Dec,Hourly,0,0,0,0,0,0,1,1,1,1,1,1,1,1,1,1,1,1,1,1,1,1,0.05,0.05,From DOE Reference Buildings 
Office Work Occ,Occupancy,,WntrDsn|Sun,1-Jan,31-Dec,Constant,0,,,,,,,,,,,,,,,,,,,,,,,,From DOE Reference Buildings 
OfficeLarge AIR_VELO_SCH,Unknown,W,Default|WntrDsn|SmrDsn,1-Jan,31-Dec,Constant,0.2,,,,,,,,,,,,,,,,,,,,,,,,From DOE Prototype Buildings
OfficeLarge ALWAYS_OFF,Unknown,,Default|WntrDsn|SmrDsn,1-Jan,31-Dec,Constant,0,,,,,,,,,,,,,,,,,,,,,,,,From DOE Prototype Buildings
OfficeLarge ALWAYS_ON,Unknown,,Default|WntrDsn|SmrDsn,1-Jan,31-Dec,Constant,1,,,,,,,,,,,,,,,,,,,,,,,,From DOE Prototype Buildings
OfficeLarge BLDG_ELEVATORS,Elevator,,Default,1-Jan,31-Dec,Hourly,0.05,0.05,0.05,0.05,0.1,0.2,0.4,0.5,0.5,0.35,0.15,0.15,0.15,0.15,0.15,0.15,0.35,0.5,0.5,0.4,0.4,0.3,0.2,0.1,From DOE Prototype Buildings
OfficeLarge BLDG_ELEVATORS,Elevator,,SmrDsn,1-Jan,31-Dec,Constant,0.5,,,,,,,,,,,,,,,,,,,,,,,,From DOE Prototype Buildings
OfficeLarge BLDG_ELEVATORS,Elevator,,WntrDsn,1-Jan,31-Dec,Constant,0.05,,,,,,,,,,,,,,,,,,,,,,,,From DOE Prototype Buildings
OfficeLarge BLDG_EQUIP_SCH,Equipment,,Default,1-Jan,31-Dec,Constant,0.3,,,,,,,,,,,,,,,,,,,,,,,,From DOE Prototype Buildings
OfficeLarge BLDG_EQUIP_SCH,Equipment,,Sat,1-Jan,31-Dec,Hourly,0.3,0.3,0.3,0.3,0.3,0.3,0.4,0.4,0.5,0.5,0.5,0.5,0.35,0.35,0.35,0.35,0.35,0.3,0.3,0.3,0.3,0.3,0.3,0.3,From DOE Prototype Buildings
OfficeLarge BLDG_EQUIP_SCH,Equipment,,SmrDsn,1-Jan,31-Dec,Constant,1,,,,,,,,,,,,,,,,,,,,,,,,From DOE Prototype Buildings
OfficeLarge BLDG_EQUIP_SCH,Equipment,,Wkdy,1-Jan,31-Dec,Hourly,0.4,0.4,0.4,0.4,0.4,0.4,0.4,0.4,0.9,0.9,0.9,0.9,0.8,0.9,0.9,0.9,0.9,0.5,0.4,0.4,0.4,0.4,0.4,0.4,From DOE Prototype Buildings
OfficeLarge BLDG_EQUIP_SCH,Equipment,,WntrDsn,1-Jan,31-Dec,Constant,0,,,,,,,,,,,,,,,,,,,,,,,,From DOE Prototype Buildings
OfficeLarge BLDG_LIGHT_SCH,Lighting,,Default,1-Jan,31-Dec,Constant,0.05,,,,,,,,,,,,,,,,,,,,,,,,From DOE Prototype Buildings
OfficeLarge BLDG_LIGHT_SCH,Lighting,,Sat,1-Jan,31-Dec,Hourly,0.05,0.05,0.05,0.05,0.05,0.05,0.1,0.1,0.3,0.3,0.3,0.3,0.15,0.15,0.15,0.15,0.15,0.05,0.05,0.05,0.05,0.05,0.05,0.05,From DOE Prototype Buildings
OfficeLarge BLDG_LIGHT_SCH,Lighting,,SmrDsn,1-Jan,31-Dec,Constant,1,,,,,,,,,,,,,,,,,,,,,,,,From DOE Prototype Buildings
OfficeLarge BLDG_LIGHT_SCH,Lighting,,Wkdy,1-Jan,31-Dec,Hourly,0.05,0.05,0.05,0.05,0.05,0.1,0.1,0.3,0.9,0.9,0.9,0.9,0.9,0.9,0.9,0.9,0.9,0.5,0.3,0.3,0.2,0.2,0.1,0.05,From DOE Prototype Buildings
OfficeLarge BLDG_LIGHT_SCH,Lighting,,WntrDsn,1-Jan,31-Dec,Constant,0,,,,,,,,,,,,,,,,,,,,,,,,From DOE Prototype Buildings
OfficeLarge BLDG_OCC_SCH,Occupancy,,Default,1-Jan,31-Dec,Hourly,0,0,0,0,0,0,0.05,0.05,0.05,0.05,0.05,0.05,0.05,0.05,0.05,0.05,0.05,0.05,0,0,0,0,0,0,From DOE Prototype Buildings
OfficeLarge BLDG_OCC_SCH,Occupancy,,Sat,1-Jan,31-Dec,Hourly,0,0,0,0,0,0,0.1,0.1,0.3,0.3,0.3,0.3,0.1,0.1,0.1,0.1,0.1,0.05,0.05,0,0,0,0,0,From DOE Prototype Buildings
OfficeLarge BLDG_OCC_SCH,Occupancy,,SmrDsn,1-Jan,31-Dec,Hourly,0,0,0,0,0,0,1,1,1,1,1,1,1,1,1,1,1,1,1,1,1,1,0.05,0.05,From DOE Prototype Buildings
OfficeLarge BLDG_OCC_SCH,Occupancy,,Wkdy,1-Jan,31-Dec,Hourly,0,0,0,0,0,0,0.1,0.2,0.95,0.95,0.95,0.95,0.5,0.95,0.95,0.95,0.95,0.3,0.1,0.1,0.1,0.1,0.05,0.05,From DOE Prototype Buildings
OfficeLarge BLDG_OCC_SCH,Occupancy,,WntrDsn,1-Jan,31-Dec,Constant,0,,,,,,,,,,,,,,,,,,,,,,,,From DOE Prototype Buildings
OfficeLarge BLDG_SWH_SCH,Service Water Heating,,Default,1-Jan,31-Dec,Hourly,0,0,0,0,0,0,0.07,0.04,0.04,0.04,0.04,0.06,0.06,0.09,0.06,0.04,0.04,0.04,0.04,0.04,0.04,0.07,0.04,0.04,From DOE Prototype Buildings
OfficeLarge BLDG_SWH_SCH,Service Water Heating,,SmrDsn|Wkdy,1-Jan,31-Dec,Hourly,0,0,0,0,0,0,0.07,0.19,0.35,0.38,0.39,0.47,0.57,0.54,0.34,0.33,0.44,0.26,0.21,0.15,0.17,0.08,0.05,0.05,From DOE Prototype Buildings
OfficeLarge BLDG_SWH_SCH,Service Water Heating,,WntrDsn|Sat,1-Jan,31-Dec,Hourly,0,0,0,0,0,0,0.07,0.11,0.15,0.21,0.19,0.23,0.2,0.19,0.15,0.13,0.14,0.07,0.07,0.07,0.07,0.09,0.05,0.05,From DOE Prototype Buildings
OfficeLarge CLGSETP_DC_SCH,Thermostat Setpoint,C,Default,1-Jan,31-Dec,Constant,0,,,,,,,,,,,,,,,,,,,,,,,,From DOE Prototype Buildings
OfficeLarge CLGSETP_DC_SCH,Thermostat Setpoint,C,WntrDsn|SmrDsn,1-Jan,31-Dec,Constant,27,,,,,,,,,,,,,,,,,,,,,,,,From DOE Prototype Buildings
OfficeLarge CLGSETP_SCH_CAV_bas,Thermostat Setpoint,C,Default|WntrDsn,1-Jan,31-Dec,Constant,26.7,,,,,,,,,,,,,,,,,,,,,,,,From DOE Prototype Buildings
OfficeLarge CLGSETP_SCH_CAV_bas,Thermostat Setpoint,C,Sat,1-Jan,31-Dec,Hourly,26.7,26.7,26.7,26.7,24,24,24,24,24,24,24,24,24,24,24,24,24,26.7,26.7,26.7,26.7,26.7,26.7,26.7,From DOE Prototype Buildings
OfficeLarge CLGSETP_SCH_CAV_bas,Thermostat Setpoint,C,SmrDsn,1-Jan,31-Dec,Hourly,26.7,26.7,26.7,26.7,26.7,25.7,25,24,24,24,24,24,24,24,24,24,24,24,24,24,24,24,26.7,26.7,From DOE Prototype Buildings
OfficeLarge CLGSETP_SCH_CAV_bas,Thermostat Setpoint,C,Wkdy,1-Jan,31-Dec,Hourly,26.7,26.7,26.7,26.7,24,24,24,24,24,24,24,24,24,24,24,24,24,24,24,24,24,24,26.7,26.7,From DOE Prototype Buildings
OfficeLarge CLGSETP_SCH_NO_OPTIMUM,Thermostat Setpoint,C,Default|WntrDsn,1-Jan,31-Dec,Constant,26.7,,,,,,,,,,,,,,,,,,,,,,,,From DOE Prototype Buildings
OfficeLarge CLGSETP_SCH_NO_OPTIMUM,Thermostat Setpoint,C,Sat,1-Jan,31-Dec,Hourly,26.7,26.7,26.7,26.7,24,24,24,24,24,24,24,24,24,24,24,24,24,26.7,26.7,26.7,26.7,26.7,26.7,26.7,From DOE Prototype Buildings
OfficeLarge CLGSETP_SCH_NO_OPTIMUM,Thermostat Setpoint,C,SmrDsn,1-Jan,31-Dec,Hourly,26.7,26.7,26.7,26.7,26.7,25.7,25,24,24,24,24,24,24,24,24,24,24,24,24,24,24,24,26.7,26.7,From DOE Prototype Buildings
OfficeLarge CLGSETP_SCH_NO_OPTIMUM,Thermostat Setpoint,C,Wkdy,1-Jan,31-Dec,Hourly,26.7,26.7,26.7,26.7,24,24,24,24,24,24,24,24,24,24,24,24,24,24,24,24,24,24,26.7,26.7,From DOE Prototype Buildings
OfficeLarge CLGSETP_SCH_NO_SETBACK,Thermostat Setpoint,C,Default|WntrDsn|Sat|Wkdy,1-Jan,31-Dec,Constant,24,,,,,,,,,,,,,,,,,,,,,,,,From DOE Prototype Buildings
OfficeLarge CLGSETP_SCH_NO_SETBACK,Thermostat Setpoint,C,SmrDsn,1-Jan,31-Dec,Hourly,26.7,26.7,26.7,26.7,26.7,25.7,25,24,24,24,24,24,24,24,24,24,24,24,24,24,24,24,26.7,26.7,From DOE Prototype Buildings
OfficeLarge CLGSETP_SCH_YES_OPTIMUM,Thermostat Setpoint,C,Default|WntrDsn,1-Jan,31-Dec,Constant,26.7,,,,,,,,,,,,,,,,,,,,,,,,From DOE Prototype Buildings
OfficeLarge CLGSETP_SCH_YES_OPTIMUM,Thermostat Setpoint,C,Sat,1-Jan,31-Dec,Hourly,26.7,26.7,26.7,26.7,25.6,25,24,24,24,24,24,24,24,24,24,24,24,26.7,26.7,26.7,26.7,26.7,26.7,26.7,From DOE Prototype Buildings
OfficeLarge CLGSETP_SCH_YES_OPTIMUM,Thermostat Setpoint,C,SmrDsn,1-Jan,31-Dec,Hourly,26.7,26.7,26.7,26.7,26.7,25.7,25,24,24,24,24,24,24,24,24,24,24,24,24,24,24,24,26.7,26.7,From DOE Prototype Buildings
OfficeLarge CLGSETP_SCH_YES_OPTIMUM,Thermostat Setpoint,C,Wkdy,1-Jan,31-Dec,Hourly,26.7,26.7,26.7,26.7,25.6,25,24,24,24,24,24,24,24,24,24,24,24,24,24,24,24,24,26.7,26.7,From DOE Prototype Buildings
OfficeLarge CLGSETP_SCH_YES_OPTIMUM_original,Thermostat Setpoint,C,Default|WntrDsn,1-Jan,31-Dec,Constant,26.7,,,,,,,,,,,,,,,,,,,,,,,,From DOE Prototype Buildings
OfficeLarge CLGSETP_SCH_YES_OPTIMUM_original,Thermostat Setpoint,C,Sat,1-Jan,31-Dec,Hourly,26.7,26.7,26.7,26.7,25.6,25,24,24,24,24,24,24,24,24,24,24,24,26.7,26.7,26.7,26.7,26.7,26.7,26.7,From DOE Prototype Buildings
OfficeLarge CLGSETP_SCH_YES_OPTIMUM_original,Thermostat Setpoint,C,SmrDsn,1-Jan,31-Dec,Hourly,26.7,26.7,26.7,26.7,26.7,25.7,25,24,24,24,24,24,24,24,24,24,24,24,24,24,24,24,26.7,26.7,From DOE Prototype Buildings
OfficeLarge CLGSETP_SCH_YES_OPTIMUM_original,Thermostat Setpoint,C,Wkdy,1-Jan,31-Dec,Hourly,26.7,26.7,26.7,26.7,25.6,25,24,24,24,24,24,24,24,24,24,24,24,24,24,24,24,24,26.7,26.7,From DOE Prototype Buildings
OfficeLarge CLOTHING_SCH,Clothing,W,Default|SmrDsn,1-Jan,31-Dec,Constant,0.5,,,,,,,,,,,,,,,,,,,,,,,,From DOE Prototype Buildings
OfficeLarge CLOTHING_SCH,Clothing,W,Wknd|Wkdy,1-Oct,31-Dec,Constant,1,,,,,,,,,,,,,,,,,,,,,,,,From DOE Prototype Buildings
OfficeLarge CLOTHING_SCH,Clothing,W,Wknd|Wkdy,1-Jan,30-Apr,Constant,1,,,,,,,,,,,,,,,,,,,,,,,,From DOE Prototype Buildings
OfficeLarge CLOTHING_SCH,Clothing,W,WntrDsn,1-Jan,31-Dec,Constant,1,,,,,,,,,,,,,,,,,,,,,,,,From DOE Prototype Buildings
OfficeLarge CoolingCoilAvailSched,Unknown,,Default|WntrDsn|SmrDsn,1-Jan,31-Dec,Constant,1,,,,,,,,,,,,,,,,,,,,,,,,From DOE Prototype Buildings
OfficeLarge Cool-Supply-Air-Temp-Sch,Unknown,C,Default|WntrDsn|SmrDsn,1-Jan,31-Dec,Constant,12.8,,,,,,,,,,,,,,,,,,,,,,,,From DOE Prototype Buildings
OfficeLarge Core_bottom sub cat Latent fract sched,Unknown,,Default|WntrDsn|SmrDsn,1-Jan,31-Dec,Constant,0.05,,,,,,,,,,,,,,,,,,,,,,,,From DOE Prototype Buildings
OfficeLarge Core_bottom sub cat Sensible fract sched,Unknown,,Default|WntrDsn|SmrDsn,1-Jan,31-Dec,Constant,0.2,,,,,,,,,,,,,,,,,,,,,,,,From DOE Prototype Buildings
OfficeLarge Core_bottom sub cat Temp Sched,Unknown,C,Default|WntrDsn|SmrDsn,1-Jan,31-Dec,Constant,60,,,,,,,,,,,,,,,,,,,,,,,,From DOE Prototype Buildings
OfficeLarge Core_bottom sub catHot Supply Temp Sched,Unknown,C,Default|WntrDsn|SmrDsn,1-Jan,31-Dec,Constant,55,,,,,,,,,,,,,,,,,,,,,,,,From DOE Prototype Buildings
OfficeLarge Core_mid sub cat Latent fract sched,Unknown,,Default|WntrDsn|SmrDsn,1-Jan,31-Dec,Constant,0.05,,,,,,,,,,,,,,,,,,,,,,,,From DOE Prototype Buildings
OfficeLarge Core_mid sub cat Sensible fract sched,Unknown,,Default|WntrDsn|SmrDsn,1-Jan,31-Dec,Constant,0.2,,,,,,,,,,,,,,,,,,,,,,,,From DOE Prototype Buildings
OfficeLarge Core_mid sub cat Temp Sched,Unknown,C,Default|WntrDsn|SmrDsn,1-Jan,31-Dec,Constant,60,,,,,,,,,,,,,,,,,,,,,,,,From DOE Prototype Buildings
OfficeLarge Core_mid sub catHot Supply Temp Sched,Unknown,C,Default|WntrDsn|SmrDsn,1-Jan,31-Dec,Constant,55,,,,,,,,,,,,,,,,,,,,,,,,From DOE Prototype Buildings
OfficeLarge Core_top sub cat Latent fract sched,Unknown,,Default|WntrDsn|SmrDsn,1-Jan,31-Dec,Constant,0.05,,,,,,,,,,,,,,,,,,,,,,,,From DOE Prototype Buildings
OfficeLarge Core_top sub cat Sensible fract sched,Unknown,,Default|WntrDsn|SmrDsn,1-Jan,31-Dec,Constant,0.2,,,,,,,,,,,,,,,,,,,,,,,,From DOE Prototype Buildings
OfficeLarge Core_top sub cat Temp Sched,Unknown,C,Default|WntrDsn|SmrDsn,1-Jan,31-Dec,Constant,60,,,,,,,,,,,,,,,,,,,,,,,,From DOE Prototype Buildings
OfficeLarge Core_top sub catHot Supply Temp Sched,Unknown,C,Default|WntrDsn|SmrDsn,1-Jan,31-Dec,Constant,55,,,,,,,,,,,,,,,,,,,,,,,,From DOE Prototype Buildings
OfficeLarge CW-Loop-Temp-Schedule,Unknown,C,Default|WntrDsn|SmrDsn,1-Jan,31-Dec,Constant,6.7,,,,,,,,,,,,,,,,,,,,,,,,From DOE Prototype Buildings
OfficeLarge DataCenter_ExtraElecHeatC_Sch,Unknown,,Default|WntrDsn|SmrDsn,1-Jan,31-Dec,Constant,1,,,,,,,,,,,,,,,,,,,,,,,,From DOE Prototype Buildings
OfficeLarge DataCenter_ExtraWaterHeatC_Sch,Unknown,,Default|WntrDsn|SmrDsn,1-Jan,31-Dec,Constant,1,,,,,,,,,,,,,,,,,,,,,,,,From DOE Prototype Buildings
OfficeLarge DC_MinRelHumSetSch,Unknown,,Default|WntrDsn|SmrDsn,1-Jan,31-Dec,Constant,30,,,,,,,,,,,,,,,,,,,,,,,,From DOE Prototype Buildings
OfficeLarge Dual Zone Control Type Sched,Unknown,,Default|WntrDsn|SmrDsn,1-Jan,31-Dec,Constant,4,,,,,,,,,,,,,,,,,,,,,,,,From DOE Prototype Buildings
OfficeLarge ELEV_LIGHT_FAN_SCH_24_7,Lighting,,Default|WntrDsn|SmrDsn,1-Jan,31-Dec,Constant,1,,,,,,,,,,,,,,,,,,,,,,,,From DOE Prototype Buildings
OfficeLarge ELEV_LIGHT_FAN_SCH_ADD_DF,Lighting,,Default,1-Jan,31-Dec,Hourly,0.05,0.05,0.05,0.05,0.1,0.2,0.4,0.5,0.5,0.35,0.15,0.15,0.15,0.15,0.15,0.15,0.35,0.5,0.5,0.4,0.4,0.3,0.2,0.1,From DOE Prototype Buildings
OfficeLarge ELEV_LIGHT_FAN_SCH_ADD_DF,Lighting,,SmrDsn,1-Jan,31-Dec,Constant,0.5,,,,,,,,,,,,,,,,,,,,,,,,From DOE Prototype Buildings
OfficeLarge ELEV_LIGHT_FAN_SCH_ADD_DF,Lighting,,WntrDsn,1-Jan,31-Dec,Constant,0.05,,,,,,,,,,,,,,,,,,,,,,,,From DOE Prototype Buildings
OfficeLarge Exterior_Lgt_189_1,Unknown,,Default|WntrDsn|SmrDsn,1-Jan,31-Dec,Hourly,0.5,0.5,0.5,0.5,0.5,0.5,0.5,0.5,0.5,1,1,1,1,1,1,1,1,1,0.5,0.5,0.5,0.5,0.5,0.5,From DOE Prototype Buildings
OfficeLarge Exterior_Lgt_ALWAYS_ON,Unknown,,Default|WntrDsn|SmrDsn,1-Jan,31-Dec,Constant,1,,,,,,,,,,,,,,,,,,,,,,,,From DOE Prototype Buildings
OfficeLarge EXTERIOR_LIGHT_SCH,Lighting,,Default|WntrDsn|SmrDsn,1-Jan,31-Dec,Hourly,1,1,1,1,1,1,1,0,0,0,0,0,0,0,0,0,0,0,0,1,1,1,1,1,From DOE Prototype Buildings
OfficeLarge Exterior_lighting_schedule_a,Lighting,,Default|WntrDsn|SmrDsn,1-Jan,31-Dec,Hourly,0,0,0,0,0,0,1,1,1,1,1,1,1,1,1,1,1,1,1,1,1,1,1,1,From DOE Prototype Buildings
OfficeLarge Exterior_lighting_schedule_b,Lighting,,Default|WntrDsn|SmrDsn,1-Jan,31-Dec,Hourly,0,0,0,0,0,0,0.7,0.7,0.7,0.7,0.7,0.7,0.7,0.7,0.7,0.7,0.7,0.7,0.7,0.7,0.7,0.7,0.7,0.7,From DOE Prototype Buildings
OfficeLarge FAN_SCH,Unknown,,Default|WntrDsn|SmrDsn,1-Jan,31-Dec,Constant,1,,,,,,,,,,,,,,,,,,,,,,,,From DOE Prototype Buildings
OfficeLarge Heat-Supply-Air-Temp-Sch,Unknown,C,Default|WntrDsn|SmrDsn,1-Jan,31-Dec,Constant,12.8,,,,,,,,,,,,,,,,,,,,,,,,From DOE Prototype Buildings
OfficeLarge Hours_of_operation,Operation,,Default,1-Jan,31-Dec,Constant,0,,,,,,,,,,,,,,,,,,,,,,,,From DOE Prototype Buildings
OfficeLarge Hours_of_operation,Operation,,SmrDsn|Wkdy,1-Jan,31-Dec,Hourly,0,0,0,0,0,0,1,1,1,1,1,1,1,1,1,1,1,1,1,1,1,1,0,0,From DOE Prototype Buildings
OfficeLarge Hours_of_operation,Operation,,WntrDsn|Sat,1-Jan,31-Dec,Hourly,0,0,0,0,0,0,1,1,1,1,1,1,1,1,1,1,1,1,0,0,0,0,0,0,From DOE Prototype Buildings
OfficeLarge HTGSETP_DC_SCH,Thermostat Setpoint,C,Default|WntrDsn|SmrDsn,1-Jan,31-Dec,Constant,0,,,,,,,,,,,,,,,,,,,,,,,,From DOE Prototype Buildings
OfficeLarge HTGSETP_SCH_CAV_bas,Thermostat Setpoint,C,Default|SmrDsn,1-Jan,31-Dec,Constant,15.6,,,,,,,,,,,,,,,,,,,,,,,,From DOE Prototype Buildings
OfficeLarge HTGSETP_SCH_CAV_bas,Thermostat Setpoint,C,Sat,1-Jan,31-Dec,Hourly,15.6,15.6,15.6,15.6,21,21,21,21,21,21,21,21,21,21,21,21,21,15.6,15.6,15.6,15.6,15.6,15.6,15.6,From DOE Prototype Buildings
OfficeLarge HTGSETP_SCH_CAV_bas,Thermostat Setpoint,C,Wkdy,1-Jan,31-Dec,Hourly,15.6,15.6,15.6,15.6,21,21,21,21,21,21,21,21,21,21,21,21,21,21,21,21,21,21,15.6,15.6,From DOE Prototype Buildings
OfficeLarge HTGSETP_SCH_CAV_bas,Thermostat Setpoint,C,WntrDsn,1-Jan,31-Dec,Hourly,15.6,15.6,15.6,15.6,15.6,17.6,19.6,21,21,21,21,21,21,21,21,21,21,21,21,21,21,21,15.6,15.6,From DOE Prototype Buildings
OfficeLarge HTGSETP_SCH_NO_OPTIMUM,Thermostat Setpoint,C,Default|SmrDsn,1-Jan,31-Dec,Constant,15.6,,,,,,,,,,,,,,,,,,,,,,,,From DOE Prototype Buildings
OfficeLarge HTGSETP_SCH_NO_OPTIMUM,Thermostat Setpoint,C,Sat,1-Jan,31-Dec,Hourly,15.6,15.6,15.6,15.6,21,21,21,21,21,21,21,21,21,21,21,21,21,15.6,15.6,15.6,15.6,15.6,15.6,15.6,From DOE Prototype Buildings
OfficeLarge HTGSETP_SCH_NO_OPTIMUM,Thermostat Setpoint,C,Wkdy,1-Jan,31-Dec,Hourly,15.6,15.6,15.6,15.6,21,21,21,21,21,21,21,21,21,21,21,21,21,21,21,21,21,21,15.6,15.6,From DOE Prototype Buildings
OfficeLarge HTGSETP_SCH_NO_OPTIMUM,Thermostat Setpoint,C,WntrDsn,1-Jan,31-Dec,Hourly,15.6,15.6,15.6,15.6,15.6,17.6,19.6,21,21,21,21,21,21,21,21,21,21,21,21,21,21,21,15.6,15.6,From DOE Prototype Buildings
OfficeLarge HTGSETP_SCH_YES_OPTIMUM,Thermostat Setpoint,C,Default|SmrDsn,1-Jan,31-Dec,Constant,15.6,,,,,,,,,,,,,,,,,,,,,,,,From DOE Prototype Buildings
OfficeLarge HTGSETP_SCH_YES_OPTIMUM,Thermostat Setpoint,C,Sat,1-Jan,31-Dec,Hourly,15.6,15.6,15.6,15.6,17.8,20,21,21,21,21,21,21,21,21,21,21,21,15.6,15.6,15.6,15.6,15.6,15.6,15.6,From DOE Prototype Buildings
OfficeLarge HTGSETP_SCH_YES_OPTIMUM,Thermostat Setpoint,C,Wkdy,1-Jan,31-Dec,Hourly,15.6,15.6,15.6,15.6,17.8,20,21,21,21,21,21,21,21,21,21,21,21,21,21,21,21,21,15.6,15.6,From DOE Prototype Buildings
OfficeLarge HTGSETP_SCH_YES_OPTIMUM,Thermostat Setpoint,C,WntrDsn,1-Jan,31-Dec,Hourly,15.6,15.6,15.6,15.6,15.6,17.6,19.6,21,21,21,21,21,21,21,21,21,21,21,21,21,21,21,15.6,15.6,From DOE Prototype Buildings
OfficeLarge HTGSETP_SCH_YES_OPTIMUM_original,Thermostat Setpoint,C,Default|SmrDsn,1-Jan,31-Dec,Constant,15.6,,,,,,,,,,,,,,,,,,,,,,,,From DOE Prototype Buildings
OfficeLarge HTGSETP_SCH_YES_OPTIMUM_original,Thermostat Setpoint,C,Sat,1-Jan,31-Dec,Hourly,15.6,15.6,15.6,15.6,17.8,20,21,21,21,21,21,21,21,21,21,21,21,15.6,15.6,15.6,15.6,15.6,15.6,15.6,From DOE Prototype Buildings
OfficeLarge HTGSETP_SCH_YES_OPTIMUM_original,Thermostat Setpoint,C,Wkdy,1-Jan,31-Dec,Hourly,15.6,15.6,15.6,15.6,17.8,20,21,21,21,21,21,21,21,21,21,21,21,21,21,21,21,21,15.6,15.6,From DOE Prototype Buildings
OfficeLarge HTGSETP_SCH_YES_OPTIMUM_original,Thermostat Setpoint,C,WntrDsn,1-Jan,31-Dec,Hourly,15.6,15.6,15.6,15.6,15.6,17.6,19.6,21,21,21,21,21,21,21,21,21,21,21,21,21,21,21,15.6,15.6,From DOE Prototype Buildings
OfficeLarge HVACOperationSchd,Operation,,Default,1-Jan,31-Dec,Constant,0,,,,,,,,,,,,,,,,,,,,,,,,From DOE Prototype Buildings
OfficeLarge HVACOperationSchd,Operation,,SmrDsn|Wkdy,1-Jan,31-Dec,Hourly,0,0,0,0,0,0,1,1,1,1,1,1,1,1,1,1,1,1,1,1,1,1,0,0,From DOE Prototype Buildings
OfficeLarge HVACOperationSchd,Operation,,WntrDsn|Sat,1-Jan,31-Dec,Hourly,0,0,0,0,0,0,1,1,1,1,1,1,1,1,1,1,1,1,0,0,0,0,0,0,From DOE Prototype Buildings
OfficeLarge HW-Loop-Temp-Schedule,Unknown,C,Default|WntrDsn|SmrDsn,1-Jan,31-Dec,Constant,82,,,,,,,,,,,,,,,,,,,,,,,,From DOE Prototype Buildings
OfficeLarge INFIL_HALF_ON_SCH,Infiltration,,Default,1-Jan,31-Dec,Constant,1,,,,,,,,,,,,,,,,,,,,,,,,From DOE Prototype Buildings
OfficeLarge INFIL_HALF_ON_SCH,Infiltration,,SmrDsn|Wkdy,1-Jan,31-Dec,Hourly,1,1,1,1,1,1,0.5,0.5,0.5,0.5,0.5,0.5,0.5,0.5,0.5,0.5,0.5,0.5,0.5,0.5,0.5,0.5,1,1,From DOE Prototype Buildings
OfficeLarge INFIL_HALF_ON_SCH,Infiltration,,WntrDsn|Sat,1-Jan,31-Dec,Hourly,1,1,1,1,1,1,0.5,0.5,0.5,0.5,0.5,0.5,0.5,0.5,0.5,0.5,0.5,0.5,1,1,1,1,1,1,From DOE Prototype Buildings
OfficeLarge INFIL_SCH,Infiltration,,Default,1-Jan,31-Dec,Constant,1,,,,,,,,,,,,,,,,,,,,,,,,From DOE Prototype Buildings
OfficeLarge INFIL_SCH,Infiltration,,SmrDsn|Wkdy,1-Jan,31-Dec,Hourly,1,1,1,1,1,1,0,0,0,0,0,0,0,0,0,0,0,0,0,0,0,0,1,1,From DOE Prototype Buildings
OfficeLarge INFIL_SCH,Infiltration,,WntrDsn|Sat,1-Jan,31-Dec,Hourly,1,1,1,1,1,1,0,0,0,0,0,0,0,0,0,0,0,0,1,1,1,1,1,1,From DOE Prototype Buildings
OfficeLarge INFIL_SCH_PNNL,Infiltration,,Default,1-Jan,31-Dec,Constant,1,,,,,,,,,,,,,,,,,,,,,,,,From DOE Prototype Buildings
OfficeLarge INFIL_SCH_PNNL,Infiltration,,SmrDsn|Wkdy,1-Jan,31-Dec,Hourly,1,1,1,1,1,1,0.25,0.25,0.25,0.25,0.25,0.25,0.25,0.25,0.25,0.25,0.25,0.25,0.25,0.25,0.25,0.25,1,1,From DOE Prototype Buildings
OfficeLarge INFIL_SCH_PNNL,Infiltration,,WntrDsn|Sat,1-Jan,31-Dec,Hourly,1,1,1,1,1,1,0.25,0.25,0.25,0.25,0.25,0.25,0.25,0.25,0.25,0.25,0.25,0.25,1,1,1,1,1,1,From DOE Prototype Buildings
OfficeLarge MinOA_MotorizedDamper_Sched,OA Air,,Default,1-Jan,31-Dec,Constant,0,,,,,,,,,,,,,,,,,,,,,,,,From DOE Prototype Buildings
OfficeLarge MinOA_MotorizedDamper_Sched,OA Air,,SmrDsn|Wkdy,1-Jan,31-Dec,Hourly,0,0,0,0,0,0,0,1,1,1,1,1,1,1,1,1,1,1,1,1,1,1,0,0,From DOE Prototype Buildings
OfficeLarge MinOA_MotorizedDamper_Sched,OA Air,,WntrDsn|Sat,1-Jan,31-Dec,Hourly,0,0,0,0,0,0,0,1,1,1,1,1,1,1,1,1,1,1,0,0,0,0,0,0,From DOE Prototype Buildings
OfficeLarge MinOA_Sched,OA Air,,Default|WntrDsn|SmrDsn,1-Jan,31-Dec,Constant,1,,,,,,,,,,,,,,,,,,,,,,,,From DOE Prototype Buildings
OfficeLarge PLANT LOOP HIGH TEMP SCHEDULE,Unknown,C,Default|WntrDsn|SmrDsn,1-Jan,31-Dec,Constant,18.33,,,,,,,,,,,,,,,,,,,,,,,,From DOE Prototype Buildings
OfficeLarge PLANT LOOP LOW TEMP SCHEDULE,Unknown,C,Default|WntrDsn|SmrDsn,1-Jan,31-Dec,Constant,5,,,,,,,,,,,,,,,,,,,,,,,,From DOE Prototype Buildings
OfficeLarge PlantOnSched,Unknown,,Default|WntrDsn|SmrDsn,1-Jan,31-Dec,Constant,1,,,,,,,,,,,,,,,,,,,,,,,,From DOE Prototype Buildings
OfficeLarge ReheatCoilAvailSched,Unknown,,Default|WntrDsn|SmrDsn,1-Jan,31-Dec,Constant,1,,,,,,,,,,,,,,,,,,,,,,,,From DOE Prototype Buildings
OfficeLarge scheduleOSCBasementFloorTemp,Unknown,C,Default|WntrDsn|SmrDsn,1-Jan,31-Dec,Constant,0,,,,,,,,,,,,,,,,,,,,,,,,From DOE Prototype Buildings
OfficeLarge scheduleOSCBasementLowerWallTemp,Unknown,C,Default|WntrDsn|SmrDsn,1-Jan,31-Dec,Constant,0,,,,,,,,,,,,,,,,,,,,,,,,From DOE Prototype Buildings
OfficeLarge scheduleOSCBasementUpperWallTemp,Unknown,C,Default|WntrDsn|SmrDsn,1-Jan,31-Dec,Constant,0,,,,,,,,,,,,,,,,,,,,,,,,From DOE Prototype Buildings
OfficeLarge scheduleOSCBasementWallSurfaceTemp,Unknown,C,Default|WntrDsn|SmrDsn,1-Jan,31-Dec,Constant,0,,,,,,,,,,,,,,,,,,,,,,,,From DOE Prototype Buildings
OfficeLarge SHADING_SCH,Unknown,W,Default|WntrDsn|SmrDsn,1-Jan,31-Dec,Constant,0,,,,,,,,,,,,,,,,,,,,,,,,From DOE Prototype Buildings
OfficeLarge SHWSys1 Water Heater Ambient Temperature Schedule,Service Water Heating,C,Default|WntrDsn|SmrDsn,1-Jan,31-Dec,Constant,22,,,,,,,,,,,,,,,,,,,,,,,,From DOE Prototype Buildings
OfficeLarge SHWSys1 Water Heater Setpoint Temperature Schedule,Service Water Heating,C,Default|WntrDsn|SmrDsn,1-Jan,31-Dec,Constant,60,,,,,,,,,,,,,,,,,,,,,,,,From DOE Prototype Buildings
OfficeLarge SHWSys1-Loop-Temp-Schedule,Service Water Heating,C,Default|WntrDsn|SmrDsn,1-Jan,31-Dec,Constant,60,,,,,,,,,,,,,,,,,,,,,,,,From DOE Prototype Buildings
OfficeLarge SupplyFanSch,Unknown,,Default|WntrDsn|SmrDsn,1-Jan,31-Dec,Constant,1,,,,,,,,,,,,,,,,,,,,,,,,From DOE Prototype Buildings
OfficeLarge Tower-Loop-Temp-Schedule,Unknown,C,Default|WntrDsn|SmrDsn,1-Jan,31-Dec,Constant,21.1,,,,,,,,,,,,,,,,,,,,,,,,From DOE Prototype Buildings
OfficeLarge WORK_EFF_SCH,Unknown,,Default|WntrDsn|SmrDsn,1-Jan,31-Dec,Constant,0,,,,,,,,,,,,,,,,,,,,,,,,From DOE Prototype Buildings
OfficeMedium AIR_VELO_SCH,Unknown,W,Default|WntrDsn|SmrDsn,1-Jan,31-Dec,Constant,0.2,,,,,,,,,,,,,,,,,,,,,,,,From DOE Prototype Buildings
OfficeMedium ALWAYS_OFF,Unknown,,Default|WntrDsn|SmrDsn,1-Jan,31-Dec,Constant,0,,,,,,,,,,,,,,,,,,,,,,,,From DOE Prototype Buildings
OfficeMedium ALWAYS_ON,Unknown,,Default|WntrDsn|SmrDsn,1-Jan,31-Dec,Constant,1,,,,,,,,,,,,,,,,,,,,,,,,From DOE Prototype Buildings
OfficeMedium BLDG_ELEVATORS,Elevator,,Sat,1-Jan,31-Dec,Hourly,0,0,0,0,0,0,0,0.16,0.14,0.21,0.18,0.25,0.21,0.13,0.08,0.04,0.05,0.06,0,0,0,0,0,0,From DOE Prototype Buildings
OfficeMedium BLDG_ELEVATORS,Elevator,,SmrDsn,1-Jan,31-Dec,Constant,0.69,,,,,,,,,,,,,,,,,,,,,,,,From DOE Prototype Buildings
OfficeMedium BLDG_ELEVATORS,Elevator,,Sun|WntrDsn,1-Jan,31-Dec,Constant,0,,,,,,,,,,,,,,,,,,,,,,,,From DOE Prototype Buildings
OfficeMedium BLDG_ELEVATORS,Elevator,,Wkdy,1-Jan,31-Dec,Hourly,0,0,0,0,0,0,0,0.35,0.69,0.43,0.37,0.43,0.58,0.48,0.37,0.37,0.46,0.62,0.12,0.04,0.04,0,0,0,From DOE Prototype Buildings
OfficeMedium BLDG_EQUIP_SCH,Equipment,,Default,1-Jan,31-Dec,Hourly,0.23813625,0.23813625,0.23813625,0.23813625,0.23813625,0.23813625,0.288107175,0.288107175,0.288107175,0.288107175,0.288107175,0.288107175,0.288107175,0.288107175,0.288107175,0.288107175,0.288107175,0.288107175,0.23813625,0.23813625,0.23813625,0.23813625,0.23813625,0.23813625,From DOE Prototype Buildings
OfficeMedium BLDG_EQUIP_SCH_2004,Equipment,,Sat,1-Jan,31-Dec,Hourly,0.3,0.3,0.3,0.3,0.3,0.3,0.4,0.4,0.5,0.5,0.5,0.5,0.35,0.35,0.35,0.35,0.35,0.3,0.3,0.3,0.3,0.3,0.3,0.3,From DOE Prototype Buildings
OfficeMedium BLDG_EQUIP_SCH_2004,Equipment,,SmrDsn,1-Jan,31-Dec,Constant,1,,,,,,,,,,,,,,,,,,,,,,,,From DOE Prototype Buildings
OfficeMedium BLDG_EQUIP_SCH_2004,Equipment,,Sun,1-Jan,31-Dec,Constant,0.3,,,,,,,,,,,,,,,,,,,,,,,,From DOE Prototype Buildings
OfficeMedium BLDG_EQUIP_SCH_2004,Equipment,,Wkdy,1-Jan,31-Dec,Hourly,0.4,0.4,0.4,0.4,0.4,0.4,0.4,0.4,0.9,0.9,0.9,0.9,0.8,0.9,0.9,0.9,0.9,0.5,0.4,0.4,0.4,0.4,0.4,0.4,From DOE Prototype Buildings
OfficeMedium BLDG_EQUIP_SCH_2004,Equipment,,WntrDsn,1-Jan,31-Dec,Constant,0,,,,,,,,,,,,,,,,,,,,,,,,From DOE Prototype Buildings
OfficeMedium BLDG_EQUIP_SCH_2010,Equipment,,Sat,1-Jan,31-Dec,Hourly,0.23813625,0.23813625,0.23813625,0.23813625,0.23813625,0.23813625,0.3841429,0.3841429,0.480178625,0.480178625,0.480178625,0.480178625,0.336125038,0.336125038,0.336125038,0.336125038,0.336125038,0.288107175,0.288107175,0.23813625,0.23813625,0.23813625,0.23813625,0.23813625,From DOE Prototype Buildings
OfficeMedium BLDG_EQUIP_SCH_2010,Equipment,,SmrDsn,1-Jan,31-Dec,Constant,1,,,,,,,,,,,,,,,,,,,,,,,,From DOE Prototype Buildings
OfficeMedium BLDG_EQUIP_SCH_2010,Equipment,,Sun,1-Jan,31-Dec,Hourly,0.23813625,0.23813625,0.23813625,0.23813625,0.23813625,0.23813625,0.288107175,0.288107175,0.288107175,0.288107175,0.288107175,0.288107175,0.288107175,0.288107175,0.288107175,0.288107175,0.288107175,0.288107175,0.23813625,0.23813625,0.23813625,0.23813625,0.23813625,0.23813625,From DOE Prototype Buildings
OfficeMedium BLDG_EQUIP_SCH_2010,Equipment,,Wkdy,1-Jan,31-Dec,Hourly,0.317515,0.317515,0.317515,0.317515,0.317515,0.317515,0.3841429,0.3841429,0.864321525,0.864321525,0.864321525,0.864321525,0.7682858,0.864321525,0.864321525,0.864321525,0.864321525,0.480178625,0.3841429,0.3841429,0.3841429,0.3841429,0.3841429,0.3841429,From DOE Prototype Buildings
OfficeMedium BLDG_EQUIP_SCH_2010,Equipment,,WntrDsn,1-Jan,31-Dec,Constant,0,,,,,,,,,,,,,,,,,,,,,,,,From DOE Prototype Buildings
OfficeMedium BLDG_EQUIP_SCH_2013,Equipment,,Sat,1-Jan,31-Dec,Hourly,0.230755381,0.230755381,0.230755381,0.230755381,0.230755381,0.230755381,0.381234796,0.381234796,0.476543495,0.476543495,0.476543495,0.476543495,0.333580447,0.333580447,0.333580447,0.333580447,0.333580447,0.285926097,0.285926097,0.230755381,0.230755381,0.230755381,0.230755381,0.230755381,From DOE Prototype Buildings
OfficeMedium BLDG_EQUIP_SCH_2013,Equipment,,SmrDsn,1-Jan,31-Dec,Constant,1,,,,,,,,,,,,,,,,,,,,,,,,From DOE Prototype Buildings
OfficeMedium BLDG_EQUIP_SCH_2013,Equipment,,Sun,1-Jan,31-Dec,Hourly,0.230755381,0.230755381,0.230755381,0.230755381,0.230755381,0.230755381,0.288107175,0.288107175,0.288107175,0.288107175,0.288107175,0.288107175,0.288107175,0.288107175,0.288107175,0.288107175,0.288107175,0.288107175,0.23813625,0.23813625,0.23813625,0.23813625,0.23813625,0.23813625,From DOE Prototype Buildings
OfficeMedium BLDG_EQUIP_SCH_2013,Equipment,,Wkdy,1-Jan,31-Dec,Hourly,0.307673841,0.307673841,0.307673841,0.307673841,0.307673841,0.307673841,0.381234796,0.381234796,0.857778291,0.857778291,0.857778291,0.857778291,0.762469592,0.857778291,0.857778291,0.857778291,0.857778291,0.476543495,0.381234796,0.381234796,0.381234796,0.381234796,0.381234796,0.381234796,From DOE Prototype Buildings
OfficeMedium BLDG_EQUIP_SCH_2013,Equipment,,WntrDsn,1-Jan,31-Dec,Constant,0,,,,,,,,,,,,,,,,,,,,,,,,From DOE Prototype Buildings
OfficeMedium BLDG_LIGHT_SCH_2004,Lighting,,Sat,1-Jan,31-Dec,Hourly,0.05,0.05,0.05,0.05,0.05,0.05,0.1,0.1,0.3,0.3,0.3,0.3,0.15,0.15,0.15,0.15,0.15,0.05,0.05,0.05,0.05,0.05,0.05,0.05,From DOE Prototype Buildings
OfficeMedium BLDG_LIGHT_SCH_2004,Lighting,,SmrDsn,1-Jan,31-Dec,Constant,1,,,,,,,,,,,,,,,,,,,,,,,,From DOE Prototype Buildings
OfficeMedium BLDG_LIGHT_SCH_2004,Lighting,,Sun,1-Jan,31-Dec,Constant,0.05,,,,,,,,,,,,,,,,,,,,,,,,From DOE Prototype Buildings
OfficeMedium BLDG_LIGHT_SCH_2004,Lighting,,Wkdy,1-Jan,31-Dec,Hourly,0.05,0.05,0.05,0.05,0.05,0.1,0.3,0.9,0.9,0.9,0.9,0.9,0.9,0.9,0.9,0.9,0.9,0.5,0.3,0.3,0.2,0.2,0.1,0.05,From DOE Prototype Buildings
OfficeMedium BLDG_LIGHT_SCH_2004,Lighting,,WntrDsn,1-Jan,31-Dec,Constant,0,,,,,,,,,,,,,,,,,,,,,,,,From DOE Prototype Buildings
OfficeMedium BLDG_LIGHT_SCH_2010,Lighting,,Sat,1-Jan,31-Dec,Hourly,0.05,0.05,0.05,0.05,0.05,0.05,0.0904,0.0904,0.2712,0.2712,0.2712,0.2712,0.1356,0.1356,0.1356,0.1356,0.1356,0.0452,0.0452,0.05,0.05,0.05,0.05,0.05,From DOE Prototype Buildings
OfficeMedium BLDG_LIGHT_SCH_2010,Lighting,,SmrDsn,1-Jan,31-Dec,Constant,1,,,,,,,,,,,,,,,,,,,,,,,,From DOE Prototype Buildings
OfficeMedium BLDG_LIGHT_SCH_2010,Lighting,,Sun,1-Jan,31-Dec,Hourly,0.05,0.05,0.05,0.05,0.05,0.05,0.0452,0.0452,0.0452,0.0452,0.0452,0.0452,0.0452,0.0452,0.0452,0.0452,0.0452,0.0452,0.05,0.05,0.05,0.05,0.05,0.05,From DOE Prototype Buildings
OfficeMedium BLDG_LIGHT_SCH_2010,Lighting,,Wkdy,1-Jan,31-Dec,Hourly,0.05,0.05,0.05,0.05,0.05,0.1,0.0904,0.2712,0.8136,0.8136,0.8136,0.8136,0.8136,0.8136,0.8136,0.8136,0.8136,0.452,0.2712,0.2712,0.1808,0.1808,0.0904,0.0452,From DOE Prototype Buildings
OfficeMedium BLDG_LIGHT_SCH_2010,Lighting,,WntrDsn,1-Jan,31-Dec,Constant,0,,,,,,,,,,,,,,,,,,,,,,,,From DOE Prototype Buildings
OfficeMedium BLDG_LIGHT_SCH_2013,Lighting,,Sat,1-Jan,31-Dec,Hourly,0.05,0.05,0.05,0.05,0.05,0.05,0.08623256,0.08623256,0.25869768,0.25869768,0.25869768,0.25869768,0.12934884,0.12934884,0.12934884,0.12934884,0.12934884,0.04311628,0.04311628,0.05,0.05,0.05,0.05,0.05,From DOE Prototype Buildings
OfficeMedium BLDG_LIGHT_SCH_2013,Lighting,,SmrDsn,1-Jan,31-Dec,Constant,1,,,,,,,,,,,,,,,,,,,,,,,,From DOE Prototype Buildings
OfficeMedium BLDG_LIGHT_SCH_2013,Lighting,,Sun,1-Jan,31-Dec,Hourly,0.05,0.05,0.05,0.05,0.05,0.05,0.04311628,0.04311628,0.04311628,0.04311628,0.04311628,0.04311628,0.04311628,0.04311628,0.04311628,0.04311628,0.04311628,0.04311628,0.05,0.05,0.05,0.05,0.05,0.05,From DOE Prototype Buildings
OfficeMedium BLDG_LIGHT_SCH_2013,Lighting,,Wkdy,1-Jan,31-Dec,Hourly,0.05,0.05,0.05,0.05,0.05,0.1,0.08623256,0.25869768,0.77609304,0.77609304,0.77609304,0.77609304,0.77609304,0.77609304,0.77609304,0.77609304,0.77609304,0.4311628,0.25869768,0.25869768,0.17246512,0.17246512,0.08623256,0.04311628,From DOE Prototype Buildings
OfficeMedium BLDG_LIGHT_SCH_2013,Lighting,,WntrDsn,1-Jan,31-Dec,Constant,0,,,,,,,,,,,,,,,,,,,,,,,,From DOE Prototype Buildings
OfficeMedium BLDG_OCC_SCH,Occupancy,,Default,1-Jan,31-Dec,Hourly,0,0,0,0,0,0,0.05,0.05,0.05,0.05,0.05,0.05,0.05,0.05,0.05,0.05,0.05,0.05,0,0,0,0,0,0,From DOE Prototype Buildings
OfficeMedium BLDG_OCC_SCH,Occupancy,,Sat,1-Jan,31-Dec,Hourly,0,0,0,0,0,0,0.1,0.1,0.3,0.3,0.3,0.3,0.1,0.1,0.1,0.1,0.1,0.05,0.05,0,0,0,0,0,From DOE Prototype Buildings
OfficeMedium BLDG_OCC_SCH,Occupancy,,SmrDsn,1-Jan,31-Dec,Hourly,0,0,0,0,0,0,1,1,1,1,1,1,1,1,1,1,1,1,1,1,1,1,0.05,0.05,From DOE Prototype Buildings
OfficeMedium BLDG_OCC_SCH,Occupancy,,Wkdy,1-Jan,31-Dec,Hourly,0,0,0,0,0,0,0.1,0.2,0.95,0.95,0.95,0.95,0.5,0.95,0.95,0.95,0.95,0.3,0.1,0.1,0.1,0.1,0.05,0.05,From DOE Prototype Buildings
OfficeMedium BLDG_OCC_SCH,Occupancy,,WntrDsn,1-Jan,31-Dec,Constant,0,,,,,,,,,,,,,,,,,,,,,,,,From DOE Prototype Buildings
OfficeMedium BLDG_SWH_SCH,Service Water Heating,,Default,1-Jan,31-Dec,Hourly,0,0,0,0,0,0,0.04,0.04,0.04,0.04,0.04,0.06,0.06,0.09,0.06,0.04,0.04,0.04,0,0,0,0,0,0,From DOE Prototype Buildings
OfficeMedium BLDG_SWH_SCH,Service Water Heating,,SmrDsn|Wkdy,1-Jan,31-Dec,Hourly,0,0,0,0,0,0,0.07,0.19,0.35,0.38,0.39,0.47,0.57,0.54,0.34,0.33,0.44,0.26,0.21,0.15,0.17,0.08,0.05,0.05,From DOE Prototype Buildings
OfficeMedium BLDG_SWH_SCH,Service Water Heating,,WntrDsn|Sat,1-Jan,31-Dec,Hourly,0,0,0,0,0,0,0.07,0.11,0.15,0.21,0.19,0.23,0.2,0.19,0.15,0.13,0.14,0.07,0.07,0,0,0,0,0,From DOE Prototype Buildings
OfficeMedium CLGSETP_SCH_NO_OPTIMUM,Thermostat Setpoint,C,Default|WntrDsn,1-Jan,31-Dec,Constant,26.7,,,,,,,,,,,,,,,,,,,,,,,,From DOE Prototype Buildings
OfficeMedium CLGSETP_SCH_NO_OPTIMUM,Thermostat Setpoint,C,Sat,1-Jan,31-Dec,Hourly,26.7,26.7,26.7,26.7,26.7,24,24,24,24,24,24,24,24,24,24,24,24,26.7,26.7,26.7,26.7,26.7,26.7,26.7,From DOE Prototype Buildings
OfficeMedium CLGSETP_SCH_NO_OPTIMUM,Thermostat Setpoint,C,SmrDsn,1-Jan,31-Dec,Hourly,26.7,26.7,26.7,26.7,26.7,25.7,25,24,24,24,24,24,24,24,24,24,24,24,24,24,24,24,26.7,26.7,From DOE Prototype Buildings
OfficeMedium CLGSETP_SCH_NO_OPTIMUM,Thermostat Setpoint,C,Wkdy,1-Jan,31-Dec,Hourly,26.7,26.7,26.7,26.7,26.7,24,24,24,24,24,24,24,24,24,24,24,24,24,24,24,24,24,26.7,26.7,From DOE Prototype Buildings
OfficeMedium CLGSETP_SCH_NO_SETBACK,Thermostat Setpoint,C,Default|WntrDsn|Sat|Wkdy,1-Jan,31-Dec,Constant,24,,,,,,,,,,,,,,,,,,,,,,,,From DOE Prototype Buildings
OfficeMedium CLGSETP_SCH_NO_SETBACK,Thermostat Setpoint,C,SmrDsn,1-Jan,31-Dec,Hourly,26.7,26.7,26.7,26.7,26.7,25.7,25,24,24,24,24,24,24,24,24,24,24,24,24,24,24,24,26.7,26.7,From DOE Prototype Buildings
OfficeMedium CLGSETP_SCH_PACU_VAV_bot,Thermostat Setpoint,C,Default|WntrDsn,1-Jan,31-Dec,Constant,26.7,,,,,,,,,,,,,,,,,,,,,,,,From DOE Prototype Buildings
OfficeMedium CLGSETP_SCH_PACU_VAV_bot,Thermostat Setpoint,C,Sat,1-Jan,31-Dec,Hourly,26.7,26.7,26.7,26.7,26.7,24,24,24,24,24,24,24,24,24,24,24,24,26.7,26.7,26.7,26.7,26.7,26.7,26.7,From DOE Prototype Buildings
OfficeMedium CLGSETP_SCH_PACU_VAV_bot,Thermostat Setpoint,C,SmrDsn,1-Jan,31-Dec,Hourly,26.7,26.7,26.7,26.7,26.7,25.7,25,24,24,24,24,24,24,24,24,24,24,24,24,24,24,24,26.7,26.7,From DOE Prototype Buildings
OfficeMedium CLGSETP_SCH_PACU_VAV_bot,Thermostat Setpoint,C,Wkdy,1-Jan,31-Dec,Hourly,26.7,26.7,26.7,26.7,26.7,24,24,24,24,24,24,24,24,24,24,24,24,24,24,24,24,24,26.7,26.7,From DOE Prototype Buildings
OfficeMedium CLGSETP_SCH_PACU_VAV_mid,Thermostat Setpoint,C,Default|WntrDsn,1-Jan,31-Dec,Constant,26.7,,,,,,,,,,,,,,,,,,,,,,,,From DOE Prototype Buildings
OfficeMedium CLGSETP_SCH_PACU_VAV_mid,Thermostat Setpoint,C,Sat,1-Jan,31-Dec,Hourly,26.7,26.7,26.7,26.7,26.7,24,24,24,24,24,24,24,24,24,24,24,24,26.7,26.7,26.7,26.7,26.7,26.7,26.7,From DOE Prototype Buildings
OfficeMedium CLGSETP_SCH_PACU_VAV_mid,Thermostat Setpoint,C,SmrDsn,1-Jan,31-Dec,Hourly,26.7,26.7,26.7,26.7,26.7,25.7,25,24,24,24,24,24,24,24,24,24,24,24,24,24,24,24,26.7,26.7,From DOE Prototype Buildings
OfficeMedium CLGSETP_SCH_PACU_VAV_mid,Thermostat Setpoint,C,Wkdy,1-Jan,31-Dec,Hourly,26.7,26.7,26.7,26.7,26.7,24,24,24,24,24,24,24,24,24,24,24,24,24,24,24,24,24,26.7,26.7,From DOE Prototype Buildings
OfficeMedium CLGSETP_SCH_PACU_VAV_top,Thermostat Setpoint,C,Default|WntrDsn,1-Jan,31-Dec,Constant,26.7,,,,,,,,,,,,,,,,,,,,,,,,From DOE Prototype Buildings
OfficeMedium CLGSETP_SCH_PACU_VAV_top,Thermostat Setpoint,C,Sat,1-Jan,31-Dec,Hourly,26.7,26.7,26.7,26.7,26.7,24,24,24,24,24,24,24,24,24,24,24,24,26.7,26.7,26.7,26.7,26.7,26.7,26.7,From DOE Prototype Buildings
OfficeMedium CLGSETP_SCH_PACU_VAV_top,Thermostat Setpoint,C,SmrDsn,1-Jan,31-Dec,Hourly,26.7,26.7,26.7,26.7,26.7,25.7,25,24,24,24,24,24,24,24,24,24,24,24,24,24,24,24,26.7,26.7,From DOE Prototype Buildings
OfficeMedium CLGSETP_SCH_PACU_VAV_top,Thermostat Setpoint,C,Wkdy,1-Jan,31-Dec,Hourly,26.7,26.7,26.7,26.7,26.7,24,24,24,24,24,24,24,24,24,24,24,24,24,24,24,24,24,26.7,26.7,From DOE Prototype Buildings
OfficeMedium CLGSETP_SCH_YES_OPTIMUM,Thermostat Setpoint,C,Default|WntrDsn,1-Jan,31-Dec,Constant,26.7,,,,,,,,,,,,,,,,,,,,,,,,From DOE Prototype Buildings
OfficeMedium CLGSETP_SCH_YES_OPTIMUM,Thermostat Setpoint,C,Sat,1-Jan,31-Dec,Hourly,26.7,26.7,26.7,26.7,26.7,25.7,25,24,24,24,24,24,24,24,24,24,24,26.7,26.7,26.7,26.7,26.7,26.7,26.7,From DOE Prototype Buildings
OfficeMedium CLGSETP_SCH_YES_OPTIMUM,Thermostat Setpoint,C,SmrDsn,1-Jan,31-Dec,Hourly,26.7,26.7,26.7,26.7,26.7,25.7,25,24,24,24,24,24,24,24,24,24,24,24,24,24,24,24,26.7,26.7,From DOE Prototype Buildings
OfficeMedium CLGSETP_SCH_YES_OPTIMUM,Thermostat Setpoint,C,Wkdy,1-Jan,31-Dec,Hourly,26.7,26.7,26.7,26.7,26.7,25.6,25,24,24,24,24,24,24,24,24,24,24,24,24,24,24,24,26.7,26.7,From DOE Prototype Buildings
OfficeMedium CLGSETP_SCH_YES_OPTIMUM_ORIGINAL,Thermostat Setpoint,C,Default|WntrDsn,1-Jan,31-Dec,Constant,26.7,,,,,,,,,,,,,,,,,,,,,,,,From DOE Prototype Buildings
OfficeMedium CLGSETP_SCH_YES_OPTIMUM_ORIGINAL,Thermostat Setpoint,C,Sat,1-Jan,31-Dec,Hourly,26.7,26.7,26.7,26.7,26.7,25.7,25,24,24,24,24,24,24,24,24,24,24,26.7,26.7,26.7,26.7,26.7,26.7,26.7,From DOE Prototype Buildings
OfficeMedium CLGSETP_SCH_YES_OPTIMUM_ORIGINAL,Thermostat Setpoint,C,SmrDsn,1-Jan,31-Dec,Hourly,26.7,26.7,26.7,26.7,26.7,25.7,25,24,24,24,24,24,24,24,24,24,24,24,24,24,24,24,26.7,26.7,From DOE Prototype Buildings
OfficeMedium CLGSETP_SCH_YES_OPTIMUM_ORIGINAL,Thermostat Setpoint,C,Wkdy,1-Jan,31-Dec,Hourly,26.7,26.7,26.7,26.7,26.7,25.6,25,24,24,24,24,24,24,24,24,24,24,24,24,24,24,24,26.7,26.7,From DOE Prototype Buildings
OfficeMedium CLOTHING_SCH,Clothing,W,Default|SmrDsn,1-Jan,31-Dec,Constant,0.5,,,,,,,,,,,,,,,,,,,,,,,,From DOE Prototype Buildings
OfficeMedium CLOTHING_SCH,Clothing,W,Wknd|Wkdy,1-Oct,31-Dec,Constant,1,,,,,,,,,,,,,,,,,,,,,,,,From DOE Prototype Buildings
OfficeMedium CLOTHING_SCH,Clothing,W,Wknd|Wkdy,1-Jan,30-Apr,Constant,1,,,,,,,,,,,,,,,,,,,,,,,,From DOE Prototype Buildings
OfficeMedium CLOTHING_SCH,Clothing,W,WntrDsn,1-Jan,31-Dec,Constant,1,,,,,,,,,,,,,,,,,,,,,,,,From DOE Prototype Buildings
OfficeMedium CoolingCoilAvailSched,Unknown,,Default|WntrDsn|SmrDsn,1-Jan,31-Dec,Constant,1,,,,,,,,,,,,,,,,,,,,,,,,From DOE Prototype Buildings
OfficeMedium Cool-Supply-Air-Temp-Sch,Unknown,C,Default|WntrDsn|SmrDsn,1-Jan,31-Dec,Constant,12.8,,,,,,,,,,,,,,,,,,,,,,,,From DOE Prototype Buildings
OfficeMedium Core_bottom sub cat Latent fract sched,Unknown,,Default|WntrDsn|SmrDsn,1-Jan,31-Dec,Constant,0.05,,,,,,,,,,,,,,,,,,,,,,,,From DOE Prototype Buildings
OfficeMedium Core_bottom sub cat Sensible fract sched,Unknown,,Default|WntrDsn|SmrDsn,1-Jan,31-Dec,Constant,0.2,,,,,,,,,,,,,,,,,,,,,,,,From DOE Prototype Buildings
OfficeMedium Core_bottom sub cat Temp Sched,Unknown,C,Default|WntrDsn|SmrDsn,1-Jan,31-Dec,Constant,60,,,,,,,,,,,,,,,,,,,,,,,,From DOE Prototype Buildings
OfficeMedium Core_bottom sub catHot Supply Temp Sched,Unknown,C,Default|WntrDsn|SmrDsn,1-Jan,31-Dec,Constant,55,,,,,,,,,,,,,,,,,,,,,,,,From DOE Prototype Buildings
OfficeMedium Core_mid sub cat Latent fract sched,Unknown,,Default|WntrDsn|SmrDsn,1-Jan,31-Dec,Constant,0.05,,,,,,,,,,,,,,,,,,,,,,,,From DOE Prototype Buildings
OfficeMedium Core_mid sub cat Sensible fract sched,Unknown,,Default|WntrDsn|SmrDsn,1-Jan,31-Dec,Constant,0.2,,,,,,,,,,,,,,,,,,,,,,,,From DOE Prototype Buildings
OfficeMedium Core_mid sub cat Temp Sched,Unknown,C,Default|WntrDsn|SmrDsn,1-Jan,31-Dec,Constant,60,,,,,,,,,,,,,,,,,,,,,,,,From DOE Prototype Buildings
OfficeMedium Core_mid sub catHot Supply Temp Sched,Unknown,C,Default|WntrDsn|SmrDsn,1-Jan,31-Dec,Constant,55,,,,,,,,,,,,,,,,,,,,,,,,From DOE Prototype Buildings
OfficeMedium Core_top sub cat Latent fract sched,Unknown,,Default|WntrDsn|SmrDsn,1-Jan,31-Dec,Constant,0.05,,,,,,,,,,,,,,,,,,,,,,,,From DOE Prototype Buildings
OfficeMedium Core_top sub cat Sensible fract sched,Unknown,,Default|WntrDsn|SmrDsn,1-Jan,31-Dec,Constant,0.2,,,,,,,,,,,,,,,,,,,,,,,,From DOE Prototype Buildings
OfficeMedium Core_top sub cat Temp Sched,Unknown,C,Default|WntrDsn|SmrDsn,1-Jan,31-Dec,Constant,60,,,,,,,,,,,,,,,,,,,,,,,,From DOE Prototype Buildings
OfficeMedium Core_top sub catHot Supply Temp Sched,Unknown,C,Default|WntrDsn|SmrDsn,1-Jan,31-Dec,Constant,55,,,,,,,,,,,,,,,,,,,,,,,,From DOE Prototype Buildings
OfficeMedium CW-Loop-Temp-Schedule,Unknown,C,Default|WntrDsn|SmrDsn,1-Jan,31-Dec,Constant,6.7,,,,,,,,,,,,,,,,,,,,,,,,From DOE Prototype Buildings
OfficeMedium Dual Zone Control Type Sched,Unknown,,Default|WntrDsn|SmrDsn,1-Jan,31-Dec,Constant,4,,,,,,,,,,,,,,,,,,,,,,,,From DOE Prototype Buildings
OfficeMedium ELEV_LIGHT_FAN_SCH_24_7,Lighting,,Default|WntrDsn|SmrDsn,1-Jan,31-Dec,Constant,1,,,,,,,,,,,,,,,,,,,,,,,,From DOE Prototype Buildings
OfficeMedium ELEV_LIGHT_FAN_SCH_ADD_DF,Lighting,,Default|WntrDsn,1-Jan,31-Dec,Constant,0,,,,,,,,,,,,,,,,,,,,,,,,From DOE Prototype Buildings
OfficeMedium ELEV_LIGHT_FAN_SCH_ADD_DF,Lighting,,Sat,1-Jan,31-Dec,Hourly,0,0,0,0,0,0,0,0.16,0.14,0.21,0.18,0.25,0.21,0.13,0.08,0.04,0.05,0.06,0,0,0,0,0,0,From DOE Prototype Buildings
OfficeMedium ELEV_LIGHT_FAN_SCH_ADD_DF,Lighting,,SmrDsn,1-Jan,31-Dec,Constant,0.69,,,,,,,,,,,,,,,,,,,,,,,,From DOE Prototype Buildings
OfficeMedium ELEV_LIGHT_FAN_SCH_ADD_DF,Lighting,,Wkdy,1-Jan,31-Dec,Hourly,0,0,0,0,0,0,0,0.35,0.69,0.43,0.37,0.43,0.58,0.48,0.37,0.37,0.46,0.62,0.12,0.04,0.04,0,0,0,From DOE Prototype Buildings
OfficeMedium Exterior_Lgt_189_1,Lighting,,Default|WntrDsn|SmrDsn,1-Jan,31-Dec,Hourly,0.5,0.5,0.5,0.5,0.5,0.5,0.5,0.5,0.5,1,1,1,1,1,1,1,1,1,0.5,0.5,0.5,0.5,0.5,0.5,From DOE Prototype Buildings
OfficeMedium Exterior_Lgt_ALWAYS_ON,Lighting,,Default|WntrDsn|SmrDsn,1-Jan,31-Dec,Constant,1,,,,,,,,,,,,,,,,,,,,,,,,From DOE Prototype Buildings
OfficeMedium Exterior_lighting_schedule_a,Lighting,,Default|WntrDsn|SmrDsn,1-Jan,31-Dec,Hourly,0,0,0,0,0,0,1,1,1,1,1,1,1,1,1,1,1,1,1,1,1,1,1,1,From DOE Prototype Buildings
OfficeMedium Exterior_lighting_schedule_b,Lighting,,Default|WntrDsn|SmrDsn,1-Jan,31-Dec,Hourly,0.7,0.7,0.7,0.7,0.7,0.7,1,1,1,1,1,1,1,1,1,1,1,1,1,1,1,1,1,1,From DOE Prototype Buildings
OfficeMedium FAN_SCH,Unknown,,Default|WntrDsn|SmrDsn,1-Jan,31-Dec,Constant,1,,,,,,,,,,,,,,,,,,,,,,,,From DOE Prototype Buildings
OfficeMedium Heat-Supply-Air-Temp-Sch,Unknown,C,Default|WntrDsn|SmrDsn,1-Jan,31-Dec,Constant,12.8,,,,,,,,,,,,,,,,,,,,,,,,From DOE Prototype Buildings
OfficeMedium Hours_of_operation,Operation,,Default,1-Jan,31-Dec,Constant,0,,,,,,,,,,,,,,,,,,,,,,,,From DOE Prototype Buildings
OfficeMedium Hours_of_operation,Operation,,SmrDsn|Wkdy,1-Jan,31-Dec,Hourly,0,0,0,0,0,0,1,1,1,1,1,1,1,1,1,1,1,1,1,1,1,1,0,0,From DOE Prototype Buildings
OfficeMedium Hours_of_operation,Operation,,WntrDsn|Sat,1-Jan,31-Dec,Hourly,0,0,0,0,0,0,1,1,1,1,1,1,1,1,1,1,1,1,0,0,0,0,0,0,From DOE Prototype Buildings
OfficeMedium HTGSETP_SCH_NO_OPTIMUM,Thermostat Setpoint,C,Default|SmrDsn,1-Jan,31-Dec,Constant,15.6,,,,,,,,,,,,,,,,,,,,,,,,From DOE Prototype Buildings
OfficeMedium HTGSETP_SCH_NO_OPTIMUM,Thermostat Setpoint,C,Sat,1-Jan,31-Dec,Hourly,15.6,15.6,15.6,15.6,15.6,21,21,21,21,21,21,21,21,21,21,21,21,15.6,15.6,15.6,15.6,15.6,15.6,15.6,From DOE Prototype Buildings
OfficeMedium HTGSETP_SCH_NO_OPTIMUM,Thermostat Setpoint,C,Wkdy,1-Jan,31-Dec,Hourly,15.6,15.6,15.6,15.6,15.6,21,21,21,21,21,21,21,21,21,21,21,21,21,21,21,21,21,15.6,15.6,From DOE Prototype Buildings
OfficeMedium HTGSETP_SCH_NO_OPTIMUM,Thermostat Setpoint,C,WntrDsn,1-Jan,31-Dec,Hourly,15.6,15.6,15.6,15.6,15.6,17.6,19.6,21,21,21,21,21,21,21,21,21,21,21,21,21,21,21,15.6,15.6,From DOE Prototype Buildings
OfficeMedium HTGSETP_SCH_PACU_VAV_bot,Thermostat Setpoint,C,Default|SmrDsn,1-Jan,31-Dec,Constant,15.6,,,,,,,,,,,,,,,,,,,,,,,,From DOE Prototype Buildings
OfficeMedium HTGSETP_SCH_PACU_VAV_bot,Thermostat Setpoint,C,Sat,1-Jan,31-Dec,Hourly,15.6,15.6,15.6,15.6,15.6,21,21,21,21,21,21,21,21,21,21,21,21,15.6,15.6,15.6,15.6,15.6,15.6,15.6,From DOE Prototype Buildings
OfficeMedium HTGSETP_SCH_PACU_VAV_bot,Thermostat Setpoint,C,Wkdy,1-Jan,31-Dec,Hourly,15.6,15.6,15.6,15.6,15.6,21,21,21,21,21,21,21,21,21,21,21,21,21,21,21,21,21,15.6,15.6,From DOE Prototype Buildings
OfficeMedium HTGSETP_SCH_PACU_VAV_bot,Thermostat Setpoint,C,WntrDsn,1-Jan,31-Dec,Hourly,15.6,15.6,15.6,15.6,15.6,17.6,19.6,21,21,21,21,21,21,21,21,21,21,21,21,21,21,21,15.6,15.6,From DOE Prototype Buildings
OfficeMedium HTGSETP_SCH_PACU_VAV_mid,Thermostat Setpoint,C,Default|SmrDsn,1-Jan,31-Dec,Constant,15.6,,,,,,,,,,,,,,,,,,,,,,,,From DOE Prototype Buildings
OfficeMedium HTGSETP_SCH_PACU_VAV_mid,Thermostat Setpoint,C,Sat,1-Jan,31-Dec,Hourly,15.6,15.6,15.6,15.6,15.6,21,21,21,21,21,21,21,21,21,21,21,21,15.6,15.6,15.6,15.6,15.6,15.6,15.6,From DOE Prototype Buildings
OfficeMedium HTGSETP_SCH_PACU_VAV_mid,Thermostat Setpoint,C,Wkdy,1-Jan,31-Dec,Hourly,15.6,15.6,15.6,15.6,15.6,21,21,21,21,21,21,21,21,21,21,21,21,21,21,21,21,21,15.6,15.6,From DOE Prototype Buildings
OfficeMedium HTGSETP_SCH_PACU_VAV_mid,Thermostat Setpoint,C,WntrDsn,1-Jan,31-Dec,Hourly,15.6,15.6,15.6,15.6,15.6,17.6,19.6,21,21,21,21,21,21,21,21,21,21,21,21,21,21,21,15.6,15.6,From DOE Prototype Buildings
OfficeMedium HTGSETP_SCH_PACU_VAV_top,Thermostat Setpoint,C,Default|SmrDsn,1-Jan,31-Dec,Constant,15.6,,,,,,,,,,,,,,,,,,,,,,,,From DOE Prototype Buildings
OfficeMedium HTGSETP_SCH_PACU_VAV_top,Thermostat Setpoint,C,Sat,1-Jan,31-Dec,Hourly,15.6,15.6,15.6,15.6,15.6,21,21,21,21,21,21,21,21,21,21,21,21,15.6,15.6,15.6,15.6,15.6,15.6,15.6,From DOE Prototype Buildings
OfficeMedium HTGSETP_SCH_PACU_VAV_top,Thermostat Setpoint,C,Wkdy,1-Jan,31-Dec,Hourly,15.6,15.6,15.6,15.6,15.6,21,21,21,21,21,21,21,21,21,21,21,21,21,21,21,21,21,15.6,15.6,From DOE Prototype Buildings
OfficeMedium HTGSETP_SCH_PACU_VAV_top,Thermostat Setpoint,C,WntrDsn,1-Jan,31-Dec,Hourly,15.6,15.6,15.6,15.6,15.6,17.6,19.6,21,21,21,21,21,21,21,21,21,21,21,21,21,21,21,15.6,15.6,From DOE Prototype Buildings
OfficeMedium HTGSETP_SCH_YES_OPTIMUM,Thermostat Setpoint,C,Default|SmrDsn,1-Jan,31-Dec,Constant,15.6,,,,,,,,,,,,,,,,,,,,,,,,From DOE Prototype Buildings
OfficeMedium HTGSETP_SCH_YES_OPTIMUM,Thermostat Setpoint,C,Sat,1-Jan,31-Dec,Hourly,15.6,15.6,15.6,15.6,15.6,17.8,20,21,21,21,21,21,21,21,21,21,21,15.6,15.6,15.6,15.6,15.6,15.6,15.6,From DOE Prototype Buildings
OfficeMedium HTGSETP_SCH_YES_OPTIMUM,Thermostat Setpoint,C,Wkdy,1-Jan,31-Dec,Hourly,15.6,15.6,15.6,15.6,15.6,17.8,20,21,21,21,21,21,21,21,21,21,21,21,21,21,21,21,15.6,15.6,From DOE Prototype Buildings
OfficeMedium HTGSETP_SCH_YES_OPTIMUM,Thermostat Setpoint,C,WntrDsn,1-Jan,31-Dec,Hourly,15.6,15.6,15.6,15.6,15.6,17.6,19.6,21,21,21,21,21,21,21,21,21,21,21,21,21,21,21,15.6,15.6,From DOE Prototype Buildings
OfficeMedium HTGSETP_SCH_YES_OPTIMUM_ORIGINAL,Thermostat Setpoint,C,Default|SmrDsn,1-Jan,31-Dec,Constant,15.6,,,,,,,,,,,,,,,,,,,,,,,,From DOE Prototype Buildings
OfficeMedium HTGSETP_SCH_YES_OPTIMUM_ORIGINAL,Thermostat Setpoint,C,Sat,1-Jan,31-Dec,Hourly,15.6,15.6,15.6,15.6,15.6,17.8,20,21,21,21,21,21,21,21,21,21,21,15.6,15.6,15.6,15.6,15.6,15.6,15.6,From DOE Prototype Buildings
OfficeMedium HTGSETP_SCH_YES_OPTIMUM_ORIGINAL,Thermostat Setpoint,C,Wkdy,1-Jan,31-Dec,Hourly,15.6,15.6,15.6,15.6,15.6,17.8,20,21,21,21,21,21,21,21,21,21,21,21,21,21,21,21,15.6,15.6,From DOE Prototype Buildings
OfficeMedium HTGSETP_SCH_YES_OPTIMUM_ORIGINAL,Thermostat Setpoint,C,WntrDsn,1-Jan,31-Dec,Hourly,15.6,15.6,15.6,15.6,15.6,17.6,19.6,21,21,21,21,21,21,21,21,21,21,21,21,21,21,21,15.6,15.6,From DOE Prototype Buildings
OfficeMedium Humidity Setpoint Schedule,Unknown,,Default|WntrDsn|SmrDsn|Sat|Wkdy,1-Jan,31-Dec,Constant,50,,,,,,,,,,,,,,,,,,,,,,,,From DOE Prototype Buildings
OfficeMedium HVACOperationSchd,Operation,,Default,1-Jan,31-Dec,Constant,0,,,,,,,,,,,,,,,,,,,,,,,,From DOE Prototype Buildings
OfficeMedium HVACOperationSchd,Operation,,SmrDsn|Wkdy,1-Jan,31-Dec,Hourly,0,0,0,0,0,0,1,1,1,1,1,1,1,1,1,1,1,1,1,1,1,1,0,0,From DOE Prototype Buildings
OfficeMedium HVACOperationSchd,Operation,,WntrDsn|Sat,1-Jan,31-Dec,Hourly,0,0,0,0,0,0,1,1,1,1,1,1,1,1,1,1,1,1,0,0,0,0,0,0,From DOE Prototype Buildings
OfficeMedium HW-Loop-Temp-Schedule,Unknown,C,Default|WntrDsn|SmrDsn,1-Jan,31-Dec,Constant,60,,,,,,,,,,,,,,,,,,,,,,,,From DOE Prototype Buildings
OfficeMedium INFIL_Door_Opening_SCH,Infiltration,,Default|WntrDsn|SmrDsn,1-Jan,31-Dec,Constant,0,,,,,,,,,,,,,,,,,,,,,,,,From DOE Prototype Buildings
OfficeMedium INFIL_Door_Opening_SCH,Infiltration,,Wkdy,1-Jan,31-Dec,Hourly,0,0,0,0,0,0,0.144,1,0.144,0.144,0.144,0.144,1,0.144,0.144,0.144,0.144,1,0.144,0,0,0,0,0,From DOE Prototype Buildings
OfficeMedium INFIL_SCH_PNNL,Infiltration,,Default,1-Jan,31-Dec,Constant,1,,,,,,,,,,,,,,,,,,,,,,,,From DOE Prototype Buildings
OfficeMedium INFIL_SCH_PNNL,Infiltration,,SmrDsn|Wkdy,1-Jan,31-Dec,Hourly,1,1,1,1,1,1,0.25,0.25,0.25,0.25,0.25,0.25,0.25,0.25,0.25,0.25,0.25,0.25,0.25,0.25,0.25,0.25,1,1,From DOE Prototype Buildings
OfficeMedium INFIL_SCH_PNNL,Infiltration,,WntrDsn|Sat,1-Jan,31-Dec,Hourly,1,1,1,1,1,1,0.25,0.25,0.25,0.25,0.25,0.25,0.25,0.25,0.25,0.25,0.25,0.25,1,1,1,1,1,1,From DOE Prototype Buildings
OfficeMedium MinOA_MotorizedDamper_Sched,OA Air,,Default,1-Jan,31-Dec,Constant,0,,,,,,,,,,,,,,,,,,,,,,,,From DOE Prototype Buildings
OfficeMedium MinOA_MotorizedDamper_Sched,OA Air,,SmrDsn|Wkdy,1-Jan,31-Dec,Hourly,0,0,0,0,0,0,0,1,1,1,1,1,1,1,1,1,1,1,1,1,1,1,0,0,From DOE Prototype Buildings
OfficeMedium MinOA_MotorizedDamper_Sched,OA Air,,WntrDsn|Sat,1-Jan,31-Dec,Hourly,0,0,0,0,0,0,0,1,1,1,1,1,1,1,1,1,1,1,0,0,0,0,0,0,From DOE Prototype Buildings
OfficeMedium MinOA_Sched,OA Air,,Default|WntrDsn|SmrDsn,1-Jan,31-Dec,Constant,1,,,,,,,,,,,,,,,,,,,,,,,,From DOE Prototype Buildings
OfficeMedium Perimeter_bot_ZN_1 sub cat Latent fract sched,Unknown,,Default|WntrDsn|SmrDsn,1-Jan,31-Dec,Constant,0.05,,,,,,,,,,,,,,,,,,,,,,,,From DOE Prototype Buildings
OfficeMedium Perimeter_bot_ZN_1 sub cat Sensible fract sched,Unknown,,Default|WntrDsn|SmrDsn,1-Jan,31-Dec,Constant,0.2,,,,,,,,,,,,,,,,,,,,,,,,From DOE Prototype Buildings
OfficeMedium Perimeter_bot_ZN_1 sub cat Temp Sched,Unknown,C,Default|WntrDsn|SmrDsn,1-Jan,31-Dec,Constant,60,,,,,,,,,,,,,,,,,,,,,,,,From DOE Prototype Buildings
OfficeMedium Perimeter_bot_ZN_1 sub catHot Supply Temp Sched,Unknown,C,Default|WntrDsn|SmrDsn,1-Jan,31-Dec,Constant,55,,,,,,,,,,,,,,,,,,,,,,,,From DOE Prototype Buildings
OfficeMedium Perimeter_bot_ZN_2 sub cat Latent fract sched,Unknown,,Default|WntrDsn|SmrDsn,1-Jan,31-Dec,Constant,0.05,,,,,,,,,,,,,,,,,,,,,,,,From DOE Prototype Buildings
OfficeMedium Perimeter_bot_ZN_2 sub cat Sensible fract sched,Unknown,,Default|WntrDsn|SmrDsn,1-Jan,31-Dec,Constant,0.2,,,,,,,,,,,,,,,,,,,,,,,,From DOE Prototype Buildings
OfficeMedium Perimeter_bot_ZN_2 sub cat Temp Sched,Unknown,C,Default|WntrDsn|SmrDsn,1-Jan,31-Dec,Constant,60,,,,,,,,,,,,,,,,,,,,,,,,From DOE Prototype Buildings
OfficeMedium Perimeter_bot_ZN_2 sub catHot Supply Temp Sched,Unknown,C,Default|WntrDsn|SmrDsn,1-Jan,31-Dec,Constant,55,,,,,,,,,,,,,,,,,,,,,,,,From DOE Prototype Buildings
OfficeMedium Perimeter_bot_ZN_3 sub cat Latent fract sched,Unknown,,Default|WntrDsn|SmrDsn,1-Jan,31-Dec,Constant,0.05,,,,,,,,,,,,,,,,,,,,,,,,From DOE Prototype Buildings
OfficeMedium Perimeter_bot_ZN_3 sub cat Sensible fract sched,Unknown,,Default|WntrDsn|SmrDsn,1-Jan,31-Dec,Constant,0.2,,,,,,,,,,,,,,,,,,,,,,,,From DOE Prototype Buildings
OfficeMedium Perimeter_bot_ZN_3 sub cat Temp Sched,Unknown,C,Default|WntrDsn|SmrDsn,1-Jan,31-Dec,Constant,60,,,,,,,,,,,,,,,,,,,,,,,,From DOE Prototype Buildings
OfficeMedium Perimeter_bot_ZN_3 sub catHot Supply Temp Sched,Unknown,C,Default|WntrDsn|SmrDsn,1-Jan,31-Dec,Constant,55,,,,,,,,,,,,,,,,,,,,,,,,From DOE Prototype Buildings
OfficeMedium Perimeter_bot_ZN_4 sub cat Latent fract sched,Unknown,,Default|WntrDsn|SmrDsn,1-Jan,31-Dec,Constant,0.05,,,,,,,,,,,,,,,,,,,,,,,,From DOE Prototype Buildings
OfficeMedium Perimeter_bot_ZN_4 sub cat Sensible fract sched,Unknown,,Default|WntrDsn|SmrDsn,1-Jan,31-Dec,Constant,0.2,,,,,,,,,,,,,,,,,,,,,,,,From DOE Prototype Buildings
OfficeMedium Perimeter_bot_ZN_4 sub cat Temp Sched,Unknown,C,Default|WntrDsn|SmrDsn,1-Jan,31-Dec,Constant,60,,,,,,,,,,,,,,,,,,,,,,,,From DOE Prototype Buildings
OfficeMedium Perimeter_bot_ZN_4 sub catHot Supply Temp Sched,Unknown,C,Default|WntrDsn|SmrDsn,1-Jan,31-Dec,Constant,55,,,,,,,,,,,,,,,,,,,,,,,,From DOE Prototype Buildings
OfficeMedium Perimeter_mid_ZN_1 sub cat Latent fract sched,Unknown,,Default|WntrDsn|SmrDsn,1-Jan,31-Dec,Constant,0.05,,,,,,,,,,,,,,,,,,,,,,,,From DOE Prototype Buildings
OfficeMedium Perimeter_mid_ZN_1 sub cat Sensible fract sched,Unknown,,Default|WntrDsn|SmrDsn,1-Jan,31-Dec,Constant,0.2,,,,,,,,,,,,,,,,,,,,,,,,From DOE Prototype Buildings
OfficeMedium Perimeter_mid_ZN_1 sub cat Temp Sched,Unknown,C,Default|WntrDsn|SmrDsn,1-Jan,31-Dec,Constant,60,,,,,,,,,,,,,,,,,,,,,,,,From DOE Prototype Buildings
OfficeMedium Perimeter_mid_ZN_1 sub catHot Supply Temp Sched,Unknown,C,Default|WntrDsn|SmrDsn,1-Jan,31-Dec,Constant,55,,,,,,,,,,,,,,,,,,,,,,,,From DOE Prototype Buildings
OfficeMedium Perimeter_mid_ZN_2 sub cat Latent fract sched,Unknown,,Default|WntrDsn|SmrDsn,1-Jan,31-Dec,Constant,0.05,,,,,,,,,,,,,,,,,,,,,,,,From DOE Prototype Buildings
OfficeMedium Perimeter_mid_ZN_2 sub cat Sensible fract sched,Unknown,,Default|WntrDsn|SmrDsn,1-Jan,31-Dec,Constant,0.2,,,,,,,,,,,,,,,,,,,,,,,,From DOE Prototype Buildings
OfficeMedium Perimeter_mid_ZN_2 sub cat Temp Sched,Unknown,C,Default|WntrDsn|SmrDsn,1-Jan,31-Dec,Constant,60,,,,,,,,,,,,,,,,,,,,,,,,From DOE Prototype Buildings
OfficeMedium Perimeter_mid_ZN_2 sub catHot Supply Temp Sched,Unknown,C,Default|WntrDsn|SmrDsn,1-Jan,31-Dec,Constant,55,,,,,,,,,,,,,,,,,,,,,,,,From DOE Prototype Buildings
OfficeMedium Perimeter_mid_ZN_3 sub cat Latent fract sched,Unknown,,Default|WntrDsn|SmrDsn,1-Jan,31-Dec,Constant,0.05,,,,,,,,,,,,,,,,,,,,,,,,From DOE Prototype Buildings
OfficeMedium Perimeter_mid_ZN_3 sub cat Sensible fract sched,Unknown,,Default|WntrDsn|SmrDsn,1-Jan,31-Dec,Constant,0.2,,,,,,,,,,,,,,,,,,,,,,,,From DOE Prototype Buildings
OfficeMedium Perimeter_mid_ZN_3 sub cat Temp Sched,Unknown,C,Default|WntrDsn|SmrDsn,1-Jan,31-Dec,Constant,60,,,,,,,,,,,,,,,,,,,,,,,,From DOE Prototype Buildings
OfficeMedium Perimeter_mid_ZN_3 sub catHot Supply Temp Sched,Unknown,C,Default|WntrDsn|SmrDsn,1-Jan,31-Dec,Constant,55,,,,,,,,,,,,,,,,,,,,,,,,From DOE Prototype Buildings
OfficeMedium Perimeter_mid_ZN_4 sub cat Latent fract sched,Unknown,,Default|WntrDsn|SmrDsn,1-Jan,31-Dec,Constant,0.05,,,,,,,,,,,,,,,,,,,,,,,,From DOE Prototype Buildings
OfficeMedium Perimeter_mid_ZN_4 sub cat Sensible fract sched,Unknown,,Default|WntrDsn|SmrDsn,1-Jan,31-Dec,Constant,0.2,,,,,,,,,,,,,,,,,,,,,,,,From DOE Prototype Buildings
OfficeMedium Perimeter_mid_ZN_4 sub cat Temp Sched,Unknown,C,Default|WntrDsn|SmrDsn,1-Jan,31-Dec,Constant,60,,,,,,,,,,,,,,,,,,,,,,,,From DOE Prototype Buildings
OfficeMedium Perimeter_mid_ZN_4 sub catHot Supply Temp Sched,Unknown,C,Default|WntrDsn|SmrDsn,1-Jan,31-Dec,Constant,55,,,,,,,,,,,,,,,,,,,,,,,,From DOE Prototype Buildings
OfficeMedium Perimeter_top_ZN_1 sub cat Latent fract sched,Unknown,,Default|WntrDsn|SmrDsn,1-Jan,31-Dec,Constant,0.05,,,,,,,,,,,,,,,,,,,,,,,,From DOE Prototype Buildings
OfficeMedium Perimeter_top_ZN_1 sub cat Sensible fract sched,Unknown,,Default|WntrDsn|SmrDsn,1-Jan,31-Dec,Constant,0.2,,,,,,,,,,,,,,,,,,,,,,,,From DOE Prototype Buildings
OfficeMedium Perimeter_top_ZN_1 sub cat Temp Sched,Unknown,C,Default|WntrDsn|SmrDsn,1-Jan,31-Dec,Constant,60,,,,,,,,,,,,,,,,,,,,,,,,From DOE Prototype Buildings
OfficeMedium Perimeter_top_ZN_1 sub catHot Supply Temp Sched,Unknown,C,Default|WntrDsn|SmrDsn,1-Jan,31-Dec,Constant,55,,,,,,,,,,,,,,,,,,,,,,,,From DOE Prototype Buildings
OfficeMedium Perimeter_top_ZN_2 sub cat Latent fract sched,Unknown,,Default|WntrDsn|SmrDsn,1-Jan,31-Dec,Constant,0.05,,,,,,,,,,,,,,,,,,,,,,,,From DOE Prototype Buildings
OfficeMedium Perimeter_top_ZN_2 sub cat Sensible fract sched,Unknown,,Default|WntrDsn|SmrDsn,1-Jan,31-Dec,Constant,0.2,,,,,,,,,,,,,,,,,,,,,,,,From DOE Prototype Buildings
OfficeMedium Perimeter_top_ZN_2 sub cat Temp Sched,Unknown,C,Default|WntrDsn|SmrDsn,1-Jan,31-Dec,Constant,60,,,,,,,,,,,,,,,,,,,,,,,,From DOE Prototype Buildings
OfficeMedium Perimeter_top_ZN_2 sub catHot Supply Temp Sched,Unknown,C,Default|WntrDsn|SmrDsn,1-Jan,31-Dec,Constant,55,,,,,,,,,,,,,,,,,,,,,,,,From DOE Prototype Buildings
OfficeMedium Perimeter_top_ZN_3 sub cat Latent fract sched,Unknown,,Default|WntrDsn|SmrDsn,1-Jan,31-Dec,Constant,0.05,,,,,,,,,,,,,,,,,,,,,,,,From DOE Prototype Buildings
OfficeMedium Perimeter_top_ZN_3 sub cat Sensible fract sched,Unknown,,Default|WntrDsn|SmrDsn,1-Jan,31-Dec,Constant,0.2,,,,,,,,,,,,,,,,,,,,,,,,From DOE Prototype Buildings
OfficeMedium Perimeter_top_ZN_3 sub cat Temp Sched,Unknown,C,Default|WntrDsn|SmrDsn,1-Jan,31-Dec,Constant,60,,,,,,,,,,,,,,,,,,,,,,,,From DOE Prototype Buildings
OfficeMedium Perimeter_top_ZN_3 sub catHot Supply Temp Sched,Unknown,C,Default|WntrDsn|SmrDsn,1-Jan,31-Dec,Constant,55,,,,,,,,,,,,,,,,,,,,,,,,From DOE Prototype Buildings
OfficeMedium Perimeter_top_ZN_4 sub cat Latent fract sched,Unknown,,Default|WntrDsn|SmrDsn,1-Jan,31-Dec,Constant,0.05,,,,,,,,,,,,,,,,,,,,,,,,From DOE Prototype Buildings
OfficeMedium Perimeter_top_ZN_4 sub cat Sensible fract sched,Unknown,,Default|WntrDsn|SmrDsn,1-Jan,31-Dec,Constant,0.2,,,,,,,,,,,,,,,,,,,,,,,,From DOE Prototype Buildings
OfficeMedium Perimeter_top_ZN_4 sub cat Temp Sched,Unknown,C,Default|WntrDsn|SmrDsn,1-Jan,31-Dec,Constant,60,,,,,,,,,,,,,,,,,,,,,,,,From DOE Prototype Buildings
OfficeMedium Perimeter_top_ZN_4 sub catHot Supply Temp Sched,Unknown,C,Default|WntrDsn|SmrDsn,1-Jan,31-Dec,Constant,55,,,,,,,,,,,,,,,,,,,,,,,,From DOE Prototype Buildings
OfficeMedium PlantOnSched,Unknown,,Default|WntrDsn|SmrDsn,1-Jan,31-Dec,Constant,1,,,,,,,,,,,,,,,,,,,,,,,,From DOE Prototype Buildings
OfficeMedium ReheatCoilAvailSched,Unknown,,Default|WntrDsn|SmrDsn,1-Jan,31-Dec,Constant,1,,,,,,,,,,,,,,,,,,,,,,,,From DOE Prototype Buildings
OfficeMedium SHADING_SCH,Unknown,W,Default|WntrDsn|SmrDsn,1-Jan,31-Dec,Constant,0,,,,,,,,,,,,,,,,,,,,,,,,From DOE Prototype Buildings
OfficeMedium SHWSys1 Water Heater Ambient Temperature Schedule,Service Water Heating,C,Default|WntrDsn|SmrDsn,1-Jan,31-Dec,Constant,22,,,,,,,,,,,,,,,,,,,,,,,,From DOE Prototype Buildings
OfficeMedium SHWSys1 Water Heater Setpoint Temperature Schedule,Service Water Heating,C,Default|WntrDsn|SmrDsn,1-Jan,31-Dec,Constant,60,,,,,,,,,,,,,,,,,,,,,,,,From DOE Prototype Buildings
OfficeMedium SHWSys1-Loop-Temp-Schedule,Service Water Heating,C,Default|WntrDsn|SmrDsn,1-Jan,31-Dec,Constant,60,,,,,,,,,,,,,,,,,,,,,,,,From DOE Prototype Buildings
OfficeMedium VAV OA Damper,Operation,Dimensionless,Default|SmrDsn,1-Jan,31-Dec,Hourly,0%,0%,0%,0%,0%,0%,100%,100%,100%,100%,100%,100%,100%,100%,100%,100%,100%,100%,100%,100%,0%,0%,0%,0%,
OfficeMedium VAV OA Damper,Operation,Dimensionless,Sat|Sun|WntrDsn,1-Jan,31-Dec,Constant,0%,,,,,,,,,,,,,,,,,,,,,,,,
OfficeMedium VAV Operation,Operation,Dimensionless,Default|SmrDsn,1-Jan,31-Dec,Hourly,0%,0%,0%,0%,0%,0%,100%,100%,100%,100%,100%,100%,100%,100%,100%,100%,100%,100%,100%,100%,0%,0%,0%,0%,
OfficeMedium VAV Operation,Operation,Dimensionless,Sat|Sun|WntrDsn,1-Jan,31-Dec,Constant,0%,,,,,,,,,,,,,,,,,,,,,,,,
OfficeMedium WORK_EFF_SCH,Unknown,,Default|WntrDsn|SmrDsn,1-Jan,31-Dec,Constant,0,,,,,,,,,,,,,,,,,,,,,,,,From DOE Prototype Buildings
OfficeSmall AIR_VELO_SCH,Unknown,W,Default|WntrDsn|SmrDsn,1-Jan,31-Dec,Constant,0.2,,,,,,,,,,,,,,,,,,,,,,,,From DOE Prototype Buildings
OfficeSmall ALWAYS_OFF,Unknown,,Default|WntrDsn|SmrDsn,1-Jan,31-Dec,Constant,0,,,,,,,,,,,,,,,,,,,,,,,,From DOE Prototype Buildings
OfficeSmall ALWAYS_ON,Unknown,,Default|WntrDsn|SmrDsn,1-Jan,31-Dec,Constant,1,,,,,,,,,,,,,,,,,,,,,,,,From DOE Prototype Buildings
OfficeSmall BLDG_EQUIP_SCH,Equipment,,Default|WntrDsn,1-Jan,31-Dec,Constant,0,,,,,,,,,,,,,,,,,,,,,,,,From DOE Prototype Buildings
OfficeSmall BLDG_EQUIP_SCH,Equipment,,SmrDsn,1-Jan,31-Dec,Constant,1,,,,,,,,,,,,,,,,,,,,,,,,From DOE Prototype Buildings
OfficeSmall BLDG_EQUIP_SCH,Equipment,,Wkdy,1-Jan,31-Dec,Hourly,0.5,0.5,0.5,0.5,0.5,0.5,0.5,0.5,1,1,1,1,0.94,1,1,1,1,0.5,0.2,0.2,0.2,0.2,0.2,0.2,From DOE Prototype Buildings
OfficeSmall BLDG_LIGHT_SCH,Lighting,,Default|WntrDsn,1-Jan,31-Dec,Constant,0,,,,,,,,,,,,,,,,,,,,,,,,From DOE Prototype Buildings
OfficeSmall BLDG_LIGHT_SCH,Lighting,,SmrDsn,1-Jan,31-Dec,Constant,1,,,,,,,,,,,,,,,,,,,,,,,,From DOE Prototype Buildings
OfficeSmall BLDG_LIGHT_SCH,Lighting,,Wkdy,1-Jan,31-Dec,Hourly,0.18,0.18,0.18,0.18,0.18,0.23,0.23,0.42,0.9,0.9,0.9,0.9,0.8,0.9,0.9,0.9,0.9,0.61,0.42,0.42,0.32,0.32,0.23,0.18,From DOE Prototype Buildings
OfficeSmall BLDG_OCC_SCH,Occupancy,,Default|WntrDsn,1-Jan,31-Dec,Constant,0,,,,,,,,,,,,,,,,,,,,,,,,From DOE Prototype Buildings
OfficeSmall BLDG_OCC_SCH,Occupancy,,SmrDsn,1-Jan,31-Dec,Constant,1,,,,,,,,,,,,,,,,,,,,,,,,From DOE Prototype Buildings
OfficeSmall BLDG_OCC_SCH,Occupancy,,Wkdy,1-Jan,31-Dec,Hourly,0,0,0,0,0,0,0.11,0.21,1,1,1,1,0.53,1,1,1,1,0.32,0.11,0.11,0.11,0.11,0.05,0,From DOE Prototype Buildings
OfficeSmall BLDG_SWH_SCH,Service Water Heating,,Default,1-Jan,31-Dec,Constant,0,,,,,,,,,,,,,,,,,,,,,,,,From DOE Prototype Buildings
OfficeSmall BLDG_SWH_SCH,Service Water Heating,,WntrDsn|SmrDsn|Wkdy,1-Jan,31-Dec,Hourly,0,0,0,0,0,0,0,0.27,0.55,0.64,0.64,0.82,1,0.91,0.55,0.55,0.73,0.37,0.37,0.18,0.27,0.09,0,0,From DOE Prototype Buildings
OfficeSmall CLGSETP_SCH_NO_OPTIMUM,Thermostat Setpoint,C,Default,1-Jan,31-Dec,Constant,29.44,,,,,,,,,,,,,,,,,,,,,,,,From DOE Prototype Buildings
OfficeSmall CLGSETP_SCH_NO_OPTIMUM,Thermostat Setpoint,C,SmrDsn,1-Jan,31-Dec,Constant,23.89,,,,,,,,,,,,,,,,,,,,,,,,From DOE Prototype Buildings
OfficeSmall CLGSETP_SCH_NO_OPTIMUM,Thermostat Setpoint,C,Wkdy,1-Jan,31-Dec,Hourly,29.44,29.44,29.44,29.44,29.44,29.44,23.89,23.89,23.89,23.89,23.89,23.89,23.89,23.89,23.89,23.89,23.89,23.89,29.44,29.44,29.44,29.44,29.44,29.44,From DOE Prototype Buildings
OfficeSmall CLGSETP_SCH_NO_OPTIMUM,Thermostat Setpoint,C,WntrDsn,1-Jan,31-Dec,Constant,29.44,,,,,,,,,,,,,,,,,,,,,,,,From DOE Prototype Buildings
OfficeSmall CLGSETP_SCH_NO_SETBACK,Thermostat Setpoint,C,Default,1-Jan,31-Dec,Constant,23.89,,,,,,,,,,,,,,,,,,,,,,,,From DOE Prototype Buildings
OfficeSmall CLGSETP_SCH_NO_SETBACK,Thermostat Setpoint,C,SmrDsn|Wkdy,1-Jan,31-Dec,Constant,23.89,,,,,,,,,,,,,,,,,,,,,,,,From DOE Prototype Buildings
OfficeSmall CLGSETP_SCH_NO_SETBACK,Thermostat Setpoint,C,WntrDsn,1-Jan,31-Dec,Constant,29.44,,,,,,,,,,,,,,,,,,,,,,,,From DOE Prototype Buildings
OfficeSmall CLGSETP_SCH_YES_OPTIMUM,Thermostat Setpoint,C,Default,1-Jan,31-Dec,Constant,23.89,,,,,,,,,,,,,,,,,,,,,,,,From DOE Prototype Buildings
OfficeSmall CLGSETP_SCH_YES_OPTIMUM,Thermostat Setpoint,C,SmrDsn,1-Jan,31-Dec,Constant,23.89,,,,,,,,,,,,,,,,,,,,,,,,From DOE Prototype Buildings
OfficeSmall CLGSETP_SCH_YES_OPTIMUM,Thermostat Setpoint,C,Wkdy,1-Jan,31-Dec,Hourly,29.44,29.44,29.44,29.44,29.44,29.44,27.8,25.6,23.89,23.89,23.89,23.89,23.89,23.89,23.89,23.89,23.89,23.89,29.44,29.44,29.44,29.44,29.44,29.44,From DOE Prototype Buildings
OfficeSmall CLGSETP_SCH_YES_OPTIMUM,Thermostat Setpoint,C,WntrDsn,1-Jan,31-Dec,Constant,29.44,,,,,,,,,,,,,,,,,,,,,,,,From DOE Prototype Buildings
OfficeSmall CLOTHING_SCH,Clothing,W,Default|SmrDsn,1-Jan,31-Dec,Constant,0.5,,,,,,,,,,,,,,,,,,,,,,,,From DOE Prototype Buildings
OfficeSmall CLOTHING_SCH,Clothing,W,Wknd|Wkdy,1-Oct,31-Dec,Constant,1,,,,,,,,,,,,,,,,,,,,,,,,From DOE Prototype Buildings
OfficeSmall CLOTHING_SCH,Clothing,W,Wknd|Wkdy,1-Jan,30-Apr,Constant,1,,,,,,,,,,,,,,,,,,,,,,,,From DOE Prototype Buildings
OfficeSmall CLOTHING_SCH,Clothing,W,WntrDsn,1-Jan,31-Dec,Constant,1,,,,,,,,,,,,,,,,,,,,,,,,From DOE Prototype Buildings
OfficeSmall CoolingCoilAvailSched,Unknown,,Default|WntrDsn|SmrDsn,1-Jan,31-Dec,Constant,1,,,,,,,,,,,,,,,,,,,,,,,,From DOE Prototype Buildings
OfficeSmall Core_ZN Water Equipment Hot Supply Temp Sched,Equipment,C,Default|WntrDsn|SmrDsn,1-Jan,31-Dec,Constant,55,,,,,,,,,,,,,,,,,,,,,,,,From DOE Prototype Buildings
OfficeSmall Core_ZN Water Equipment Latent fract sched,Equipment,,Default|WntrDsn|SmrDsn,1-Jan,31-Dec,Constant,0.05,,,,,,,,,,,,,,,,,,,,,,,,From DOE Prototype Buildings
OfficeSmall Core_ZN Water Equipment Sensible fract sched,Equipment,,Default|WntrDsn|SmrDsn,1-Jan,31-Dec,Constant,0.2,,,,,,,,,,,,,,,,,,,,,,,,From DOE Prototype Buildings
OfficeSmall Core_ZN Water Equipment Temp Sched,Equipment,C,Default|WntrDsn|SmrDsn,1-Jan,31-Dec,Constant,48.8,,,,,,,,,,,,,,,,,,,,,,,,From DOE Prototype Buildings
OfficeSmall CW-Loop-Temp-Schedule,Unknown,C,Default|WntrDsn|SmrDsn,1-Jan,31-Dec,Constant,6.7,,,,,,,,,,,,,,,,,,,,,,,,From DOE Prototype Buildings
OfficeSmall Dual Zone Control Type Sched,Unknown,,Default|WntrDsn|SmrDsn,1-Jan,31-Dec,Constant,4,,,,,,,,,,,,,,,,,,,,,,,,From DOE Prototype Buildings
OfficeSmall Exterior_Lgt_189_1,Unknown,,Default|WntrDsn|SmrDsn,1-Jan,31-Dec,Constant,0.5,,,,,,,,,,,,,,,,,,,,,,,,From DOE Prototype Buildings
OfficeSmall Exterior_Lgt_ALWAYS_ON,Unknown,,Default|WntrDsn|SmrDsn,1-Jan,31-Dec,Constant,1,,,,,,,,,,,,,,,,,,,,,,,,From DOE Prototype Buildings
OfficeSmall Exterior_lighting_schedule_a,Lighting,,Default|WntrDsn|SmrDsn,1-Jan,31-Dec,Hourly,0,0,0,0,0,0,1,1,1,1,1,1,1,1,1,1,1,1,1,1,1,1,1,1,From DOE Prototype Buildings
OfficeSmall Exterior_lighting_schedule_b,Lighting,,Default|WntrDsn|SmrDsn,1-Jan,31-Dec,Hourly,0.7,0.7,0.7,0.7,0.7,0.7,1,1,1,1,1,1,1,1,1,1,1,1,1,1,1,1,1,1,From DOE Prototype Buildings
OfficeSmall Heating-Supply-Air-Temp-Sch,Unknown,C,Default|WntrDsn|SmrDsn,1-Jan,31-Dec,Constant,16,,,,,,,,,,,,,,,,,,,,,,,,From DOE Prototype Buildings
OfficeSmall HTGSETP_SCH_NO_OPTIMUM,Thermostat Setpoint,C,Default,1-Jan,31-Dec,Constant,15.56,,,,,,,,,,,,,,,,,,,,,,,,From DOE Prototype Buildings
OfficeSmall HTGSETP_SCH_NO_OPTIMUM,Thermostat Setpoint,C,SmrDsn,1-Jan,31-Dec,Constant,15.56,,,,,,,,,,,,,,,,,,,,,,,,From DOE Prototype Buildings
OfficeSmall HTGSETP_SCH_NO_OPTIMUM,Thermostat Setpoint,C,Wkdy,1-Jan,31-Dec,Hourly,15.56,15.56,15.56,15.56,15.56,15.56,21.11,21.11,21.11,21.11,21.11,21.11,21.11,21.11,21.11,21.11,21.11,21.11,21.11,15.56,15.56,15.56,15.56,15.56,From DOE Prototype Buildings
OfficeSmall HTGSETP_SCH_NO_OPTIMUM,Thermostat Setpoint,C,WntrDsn,1-Jan,31-Dec,Constant,21.11,,,,,,,,,,,,,,,,,,,,,,,,From DOE Prototype Buildings
OfficeSmall HTGSETP_SCH_YES_OPTIMUM,Thermostat Setpoint,C,Default,1-Jan,31-Dec,Constant,15.56,,,,,,,,,,,,,,,,,,,,,,,,From DOE Prototype Buildings
OfficeSmall HTGSETP_SCH_YES_OPTIMUM,Thermostat Setpoint,C,SmrDsn,1-Jan,31-Dec,Constant,15.56,,,,,,,,,,,,,,,,,,,,,,,,From DOE Prototype Buildings
OfficeSmall HTGSETP_SCH_YES_OPTIMUM,Thermostat Setpoint,C,Wkdy,1-Jan,31-Dec,Hourly,15.56,15.56,15.56,15.56,15.56,15.56,17.8,20,21.11,21.11,21.11,21.11,21.11,21.11,21.11,21.11,21.11,21.11,21.11,15.56,15.56,15.56,15.56,15.56,From DOE Prototype Buildings
OfficeSmall HTGSETP_SCH_YES_OPTIMUM,Thermostat Setpoint,C,WntrDsn,1-Jan,31-Dec,Constant,21.11,,,,,,,,,,,,,,,,,,,,,,,,From DOE Prototype Buildings
OfficeSmall Humidity Setpoint Schedule,Unknown,,Default|WntrDsn|SmrDsn|Sat|Wkdy,1-Jan,31-Dec,Constant,50,,,,,,,,,,,,,,,,,,,,,,,,From DOE Prototype Buildings
OfficeSmall HVACOperationSchd,Operation,,Default|WntrDsn,1-Jan,31-Dec,Constant,0,,,,,,,,,,,,,,,,,,,,,,,,From DOE Prototype Buildings
OfficeSmall HVACOperationSchd,Operation,,SmrDsn|Wkdy,1-Jan,31-Dec,Hourly,0,0,0,0,0,0,1,1,1,1,1,1,1,1,1,1,1,1,1,0,0,0,0,0,From DOE Prototype Buildings
OfficeSmall HW-Loop-Temp-Schedule,Unknown,C,Default|WntrDsn|SmrDsn,1-Jan,31-Dec,Constant,60,,,,,,,,,,,,,,,,,,,,,,,,From DOE Prototype Buildings
OfficeSmall INFIL_Door_Opening_SCH,Infiltration,,Default|WntrDsn|SmrDsn,1-Jan,31-Dec,Constant,0,,,,,,,,,,,,,,,,,,,,,,,,From DOE Prototype Buildings
OfficeSmall INFIL_Door_Opening_SCH,Infiltration,,Wkdy,1-Jan,31-Dec,Hourly,0,0,0,0,0,0,0.144,1,0.144,0.144,0.144,0.144,1,0.144,0.144,0.144,0.144,1,0.144,0,0,0,0,0,From DOE Prototype Buildings
OfficeSmall INFIL_QUARTER_ON_SCH,Infiltration,,Default,1-Jan,31-Dec,Constant,1,,,,,,,,,,,,,,,,,,,,,,,,From DOE Prototype Buildings
OfficeSmall INFIL_QUARTER_ON_SCH,Infiltration,,SmrDsn|Wkdy,1-Jan,31-Dec,Hourly,1,1,1,1,1,1,1,0.25,0.25,0.25,0.25,0.25,0.25,0.25,0.25,0.25,0.25,0.25,0.25,1,1,1,1,1,From DOE Prototype Buildings
OfficeSmall INFIL_QUARTER_ON_SCH,Infiltration,,WntrDsn|Sat,1-Jan,31-Dec,Hourly,1,1,1,1,1,1,1,0.25,0.25,0.25,0.25,0.25,0.25,0.25,0.25,0.25,0.25,0.25,1,1,1,1,1,1,From DOE Prototype Buildings
OfficeSmall MinOA_MotorizedDamper_Sched,OA Air,,Default|WntrDsn,1-Jan,31-Dec,Constant,0,,,,,,,,,,,,,,,,,,,,,,,,From DOE Prototype Buildings
OfficeSmall MinOA_MotorizedDamper_Sched,OA Air,,SmrDsn|Wkdy,1-Jan,31-Dec,Hourly,0,0,0,0,0,0,0,1,1,1,1,1,1,1,1,1,1,1,1,0,0,0,0,0,From DOE Prototype Buildings
OfficeSmall MinOA_Sched,OA Air,,Default|WntrDsn|SmrDsn,1-Jan,31-Dec,Constant,1,,,,,,,,,,,,,,,,,,,,,,,,From DOE Prototype Buildings
OfficeSmall PlantOnSched,Unknown,,Default|WntrDsn|SmrDsn,1-Jan,31-Dec,Constant,1,,,,,,,,,,,,,,,,,,,,,,,,From DOE Prototype Buildings
OfficeSmall ReheatCoilAvailSched,Unknown,,Default|WntrDsn|SmrDsn,1-Jan,31-Dec,Constant,1,,,,,,,,,,,,,,,,,,,,,,,,From DOE Prototype Buildings
OfficeSmall Seasonal-Reset-Supply-Air-Temp-Sch,Unknown,C,Default|WntrDsn|SmrDsn,1-Jan,31-Dec,Constant,13,,,,,,,,,,,,,,,,,,,,,,,,From DOE Prototype Buildings
OfficeSmall Seasonal-Reset-Supply-Air-Temp-Sch,Unknown,C,Wknd|Wkdy,1-Oct,31-Dec,Constant,13,,,,,,,,,,,,,,,,,,,,,,,,From DOE Prototype Buildings
OfficeSmall Seasonal-Reset-Supply-Air-Temp-Sch,Unknown,C,Wknd|Wkdy,1-Jan,31-Mar,Constant,13,,,,,,,,,,,,,,,,,,,,,,,,From DOE Prototype Buildings
OfficeSmall SHADING_SCH,Unknown,W,Default|WntrDsn|SmrDsn,1-Jan,31-Dec,Constant,0,,,,,,,,,,,,,,,,,,,,,,,,From DOE Prototype Buildings
OfficeSmall SHWSys1 Water Heater Ambient Temperature Schedule,Service Water Heating,C,Default|WntrDsn|SmrDsn,1-Jan,31-Dec,Constant,22,,,,,,,,,,,,,,,,,,,,,,,,From DOE Prototype Buildings
OfficeSmall SHWSys1 Water Heater Setpoint Temperature Schedule,Service Water Heating,C,Default|WntrDsn|SmrDsn,1-Jan,31-Dec,Constant,60,,,,,,,,,,,,,,,,,,,,,,,,From DOE Prototype Buildings
OfficeSmall SHWSys1-Loop-Temp-Schedule,Service Water Heating,C,Default|WntrDsn|SmrDsn,1-Jan,31-Dec,Constant,60,,,,,,,,,,,,,,,,,,,,,,,,From DOE Prototype Buildings
OfficeSmall WORK_EFF_SCH,Unknown,,Default|WntrDsn|SmrDsn,1-Jan,31-Dec,Constant,0,,,,,,,,,,,,,,,,,,,,,,,,From DOE Prototype Buildings
Outpatient BLDG ELEVATORS,Elevator,,Default|SmrDsn,1-Jan,31-Dec,Hourly,0.05,0.05,0.05,0.05,0.05,0.05,0.05,0.5,0.75,1,1,1,0.75,1,1,1,1,1,0.52,0.52,0.52,0.28,0.05,0.05,From DOE Reference Buildings 
Outpatient BLDG ELEVATORS,Elevator,,Sat,1-Jan,31-Dec,Hourly,0.05,0.05,0.05,0.05,0.05,0.05,0.05,0.4,0.46,0.7,0.7,0.7,0.51,0.51,0.51,0.51,0.51,0.25,0.05,0.05,0.05,0.05,0.05,0.05,From DOE Reference Buildings 
Outpatient BLDG ELEVATORS,Elevator,,WntrDsn|Sun,1-Jan,31-Dec,Hourly,0.05,0.05,0.05,0.05,0.05,0.05,0.05,0.05,0.4,0.4,0.4,0.4,0.4,0.4,0.4,0.4,0.05,0.05,0.05,0.05,0.05,0.05,0.05,0.05,From DOE Reference Buildings 
Outpatient Bldg Equip,Equipment,,Default|SmrDsn,1-Jan,31-Dec,Hourly,0.3,0.3,0.3,0.3,0.5,0.5,1,1,1,1,1,1,1,1,1,1,1,1,0.5,0.5,0.3,0.3,0.3,0.3,From DOE Reference Buildings 
Outpatient Bldg Equip,Equipment,,Sat,1-Jan,31-Dec,Hourly,0.3,0.3,0.3,0.3,0.3,0.3,0.3,0.5,0.5,0.8,0.8,0.8,0.8,0.8,0.8,0.5,0.5,0.5,0.5,0.5,0.3,0.3,0.3,0.3,From DOE Reference Buildings 
Outpatient Bldg Equip,Equipment,,WntrDsn|Sun,1-Jan,31-Dec,Hourly,0.3,0.3,0.3,0.3,0.3,0.3,0.3,0.3,0.5,0.5,0.5,0.5,0.5,0.5,0.5,0.5,0.5,0.3,0.3,0.3,0.3,0.3,0.3,0.3,From DOE Reference Buildings 
Outpatient Bldg Light,Lighting,,Default|SmrDsn,1-Jan,31-Dec,Hourly,0.1,0.1,0.1,0.1,0.3,0.3,0.6,0.9,0.9,0.9,0.9,0.9,0.9,0.9,0.9,0.9,0.9,0.9,0.6,0.6,0.3,0.3,0.1,0.1,From DOE Reference Buildings 
Outpatient Bldg Light,Lighting,,Sat,1-Jan,31-Dec,Hourly,0.1,0.1,0.1,0.1,0.1,0.1,0.1,0.3,0.3,0.4,0.4,0.4,0.4,0.4,0.4,0.3,0.3,0.3,0.3,0.3,0.1,0.1,0.1,0.1,From DOE Reference Buildings 
Outpatient Bldg Light,Lighting,,WntrDsn|Sun,1-Jan,31-Dec,Hourly,0.05,0.05,0.05,0.05,0.05,0.05,0.05,0.05,0.1,0.1,0.1,0.1,0.1,0.1,0.1,0.1,0.1,0.05,0.05,0.05,0.05,0.05,0.05,0.05,From DOE Reference Buildings 
Outpatient Bldg Occ,Occupancy,,Default|SmrDsn,1-Jan,31-Dec,Hourly,0.05,0.05,0.05,0.05,0.2,0.2,0.5,0.9,0.9,0.9,0.9,0.9,0.9,0.9,0.9,0.9,0.9,0.9,0.5,0.5,0.2,0.2,0.05,0.05,From DOE Reference Buildings 
Outpatient Bldg Occ,Occupancy,,Sat,1-Jan,31-Dec,Hourly,0.05,0.05,0.05,0.05,0.05,0.05,0.05,0.2,0.2,0.3,0.3,0.3,0.3,0.3,0.3,0.2,0.2,0.2,0.2,0.2,0.05,0.05,0.05,0.05,From DOE Reference Buildings 
Outpatient Bldg Occ,Occupancy,,WntrDsn|Sun,1-Jan,31-Dec,Hourly,0,0,0,0,0,0,0,0,0.05,0.05,0.05,0.05,0.05,0.05,0.05,0.05,0.05,0,0,0,0,0,0,0,From DOE Reference Buildings 
Outpatient ClgSetp,Thermostat Setpoint,C,Default|SmrDsn,1-Jan,31-Dec,Hourly,25,25,25,25,25,22.2,22.2,22.2,22.2,22.2,22.2,22.2,22.2,22.2,22.2,22.2,22.2,22.2,25,25,25,25,25,25,From DOE Reference Buildings 
Outpatient ClgSetp,Thermostat Setpoint,C,Wknd,1-Jan,31-Dec,Constant,25,,,,,,,,,,,,,,,,,,,,,,,,From DOE Reference Buildings 
Outpatient ClgSetp,Thermostat Setpoint,C,WntrDsn,1-Jan,31-Dec,Hourly,25,25,25,25,25,25,25,22.2,22.2,22.2,22.2,22.2,22.2,22.2,22.2,25,25,25,25,25,25,25,25,25,From DOE Reference Buildings 
Outpatient Clothing,Clothing,,Default|WntrDsn,1-Jan,31-Dec,Constant,1,,,,,,,,,,,,,,,,,,,,,,,,From DOE Reference Buildings 
Outpatient Clothing,Clothing,,SmrDsn,1-Jan,31-Dec,Constant,0.5,,,,,,,,,,,,,,,,,,,,,,,,From DOE Reference Buildings 
Outpatient Clothing,Clothing,,Wknd|Wkdy,1-Oct,31-Dec,Constant,1,,,,,,,,,,,,,,,,,,,,,,,,From DOE Reference Buildings 
Outpatient Clothing,Clothing,,Wknd|Wkdy,1-May,30-Sep,Constant,0.5,,,,,,,,,,,,,,,,,,,,,,,,From DOE Reference Buildings 
Outpatient HtgSetp,Thermostat Setpoint,C,Default|SmrDsn,1-Jan,31-Dec,Hourly,18.3,18.3,18.3,18.3,18.3,21.1,21.1,21.1,21.1,21.1,21.1,21.1,21.1,21.1,21.1,21.1,21.1,21.1,18.3,18.3,18.3,18.3,18.3,18.3,From DOE Reference Buildings 
Outpatient HtgSetp,Thermostat Setpoint,C,Wknd,1-Jan,31-Dec,Constant,18.3,,,,,,,,,,,,,,,,,,,,,,,,From DOE Reference Buildings 
Outpatient HtgSetp,Thermostat Setpoint,C,WntrDsn,1-Jan,31-Dec,Hourly,18.3,18.3,18.3,18.3,18.3,18.3,18.3,21.1,21.1,21.1,21.1,21.1,21.1,21.1,21.1,18.3,18.3,18.3,18.3,18.3,18.3,18.3,18.3,18.3,From DOE Reference Buildings 
Outpatient Infil,Infiltration,,Default,1-Jan,31-Dec,Constant,0.5,,,,,,,,,,,,,,,,,,,,,,,,From DOE Reference Buildings 
Outpatient Infil,Infiltration,,WntrDsn|SmrDsn,1-Jan,31-Dec,Constant,1,,,,,,,,,,,,,,,,,,,,,,,,From DOE Reference Buildings 
Outpatient OR ClgSetp,Thermostat Setpoint,C,Default|WntrDsn|SmrDsn,1-Jan,31-Dec,Hourly,22.2,22.2,22.2,22.2,22.2,22.2,18.3,18.3,18.3,18.3,18.3,18.3,18.3,18.3,18.3,18.3,18.3,22.2,22.2,22.2,22.2,22.2,22.2,22.2,From DOE Reference Buildings 
Outpatient OR HtgSetp,Thermostat Setpoint,C,Default|WntrDsn|SmrDsn,1-Jan,31-Dec,Constant,18.3,,,,,,,,,,,,,,,,,,,,,,,,From DOE Reference Buildings 
Outpatient Radiology Equip,Equipment,,Default|SmrDsn,1-Jan,31-Dec,Hourly,0.01,0.01,0.01,0.01,0.01,0.01,0.96,0.96,0.96,0.96,0.96,0.96,0.96,0.96,0.96,0.96,0.96,0.96,0.01,0.01,0.01,0.01,0.01,0.01,From DOE Reference Buildings 
Outpatient Radiology Equip,Equipment,,WntrDsn|Sun,1-Jan,31-Dec,Constant,0.01,,,,,,,,,,,,,,,,,,,,,,,,From DOE Reference Buildings 
Outpatient Work Eff,Unknown,,Default|WntrDsn|SmrDsn,1-Jan,31-Dec,Constant,0,,,,,,,,,,,,,,,,,,,,,,,,From DOE Reference Buildings 
OutPatientHealthCare AHU-1_ExtraElecHeatC_Sch,Unknown,,Default|WntrDsn|SmrDsn,1-Jan,31-Dec,Constant,1,,,,,,,,,,,,,,,,,,,,,,,,From DOE Prototype Buildings
OutPatientHealthCare AHU-1_ExtraWaterHeatC_Sch,Unknown,,Default|WntrDsn|SmrDsn,1-Jan,31-Dec,Constant,1,,,,,,,,,,,,,,,,,,,,,,,,From DOE Prototype Buildings
OutPatientHealthCare AHU-1_OAminOAFracSchedule,OA Air,,Default|WntrDsn|SmrDsn,1-Jan,31-Dec,Constant,0.33,,,,,,,,,,,,,,,,,,,,,,,,From DOE Prototype Buildings
OutPatientHealthCare AIR_VELO_SCH,Unknown,W,Default|WntrDsn|SmrDsn,1-Jan,31-Dec,Constant,0.2,,,,,,,,,,,,,,,,,,,,,,,,From DOE Prototype Buildings
OutPatientHealthCare ALWAYS_OFF,Unknown,,Default|WntrDsn|SmrDsn,1-Jan,31-Dec,Constant,0,,,,,,,,,,,,,,,,,,,,,,,,From DOE Prototype Buildings
OutPatientHealthCare ALWAYS_ON,Unknown,,Default|WntrDsn|SmrDsn,1-Jan,31-Dec,Constant,1,,,,,,,,,,,,,,,,,,,,,,,,From DOE Prototype Buildings
OutPatientHealthCare BLDG_CAV_SCH,Unknown,,Default|WntrDsn|SmrDsn|Sat|Wkdy,1-Jan,31-Dec,Hourly,0.3,0.3,0.3,0.3,0.3,0.3,1,1,1,1,1,1,1,1,1,1,1,1,0.3,0.3,0.3,0.3,0.3,0.3,From DOE Prototype Buildings
OutPatientHealthCare BLDG_CAV_SCH_HUMID,Unknown,,Default|WntrDsn|SmrDsn|Sat|Wkdy,1-Jan,31-Dec,Hourly,0.5,0.5,0.5,0.5,0.5,0.5,1,1,1,1,1,1,1,1,1,1,1,1,0.5,0.5,0.5,0.5,0.5,0.5,From DOE Prototype Buildings
OutPatientHealthCare BLDG_ELEVATORS,Elevator,,Default,1-Jan,31-Dec,Hourly,0.05,0.05,0.05,0.05,0.05,0.05,0.05,0.05,0.4,0.4,0.4,0.4,0.4,0.4,0.4,0.4,0.05,0.05,0.05,0.05,0.05,0.05,0.05,0.05,From DOE Prototype Buildings
OutPatientHealthCare BLDG_ELEVATORS,Elevator,,Sat,1-Jan,31-Dec,Hourly,0.05,0.05,0.05,0.05,0.05,0.05,0.05,0.4,0.46,0.7,0.7,0.7,0.51,0.51,0.51,0.51,0.51,0.25,0.05,0.05,0.05,0.05,0.05,0.05,From DOE Prototype Buildings
OutPatientHealthCare BLDG_ELEVATORS,Elevator,,SmrDsn,1-Jan,31-Dec,Constant,1,,,,,,,,,,,,,,,,,,,,,,,,From DOE Prototype Buildings
OutPatientHealthCare BLDG_ELEVATORS,Elevator,,Wkdy,1-Jan,31-Dec,Hourly,0.05,0.05,0.05,0.05,0.05,0.05,0.05,0.5,0.75,1,1,1,0.75,1,1,1,1,1,0.52,0.52,0.52,0.28,0.05,0.05,From DOE Prototype Buildings
OutPatientHealthCare BLDG_ELEVATORS,Elevator,,WntrDsn,1-Jan,31-Dec,Constant,0.05,,,,,,,,,,,,,,,,,,,,,,,,From DOE Prototype Buildings
OutPatientHealthCare BLDG_EQUIP_SCH,Equipment,,Default,1-Jan,31-Dec,Hourly,0.3,0.3,0.3,0.3,0.3,0.3,0.3,0.3,0.5,0.5,0.5,0.5,0.5,0.5,0.5,0.5,0.5,0.3,0.3,0.3,0.3,0.3,0.3,0.3,From DOE Prototype Buildings
OutPatientHealthCare BLDG_EQUIP_SCH,Equipment,,SmrDsn|Wkdy,1-Jan,31-Dec,Hourly,0.3,0.3,0.3,0.3,0.5,0.5,1,1,1,1,1,1,1,1,1,1,1,1,0.5,0.5,0.3,0.3,0.3,0.3,From DOE Prototype Buildings
OutPatientHealthCare BLDG_EQUIP_SCH,Equipment,,WntrDsn|Sat,1-Jan,31-Dec,Hourly,0.3,0.3,0.3,0.3,0.3,0.3,0.3,0.5,0.5,0.8,0.8,0.8,0.8,0.8,0.8,0.5,0.5,0.5,0.5,0.5,0.3,0.3,0.3,0.3,From DOE Prototype Buildings
OutPatientHealthCare BLDG_EQUIP_SCH_BASE,Equipment,,Default,1-Jan,31-Dec,Hourly,0.3,0.3,0.3,0.3,0.3,0.3,0.3,0.3,0.5,0.5,0.5,0.5,0.5,0.5,0.5,0.5,0.5,0.3,0.3,0.3,0.3,0.3,0.3,0.3,From DOE Prototype Buildings
OutPatientHealthCare BLDG_EQUIP_SCH_BASE,Equipment,,SmrDsn|Wkdy,1-Jan,31-Dec,Hourly,0.3,0.3,0.3,0.3,0.5,0.5,1,1,1,1,1,1,1,1,1,1,1,1,0.5,0.5,0.3,0.3,0.3,0.3,From DOE Prototype Buildings
OutPatientHealthCare BLDG_EQUIP_SCH_BASE,Equipment,,WntrDsn|Sat,1-Jan,31-Dec,Hourly,0.3,0.3,0.3,0.3,0.3,0.3,0.3,0.5,0.5,0.8,0.8,0.8,0.8,0.8,0.8,0.5,0.5,0.5,0.5,0.5,0.3,0.3,0.3,0.3,From DOE Prototype Buildings
OutPatientHealthCare BLDG_LIGHT_CORRIDOR_SCH,Lighting,,Default,1-Jan,31-Dec,Hourly,0.05,0.05,0.05,0.05,0.05,0.05,0.05,0.05,0.1,0.1,0.1,0.1,0.1,0.1,0.1,0.1,0.1,0.05,0.05,0.05,0.05,0.05,0.05,0.05,From DOE Prototype Buildings
OutPatientHealthCare BLDG_LIGHT_CORRIDOR_SCH,Lighting,,SmrDsn|Wkdy,1-Jan,31-Dec,Hourly,0.1,0.1,0.1,0.1,0.3,0.3,0.6,0.9,0.9,0.9,0.9,0.9,0.9,0.9,0.9,0.9,0.9,0.9,0.6,0.6,0.3,0.3,0.1,0.1,From DOE Prototype Buildings
OutPatientHealthCare BLDG_LIGHT_CORRIDOR_SCH,Lighting,,WntrDsn|Sat,1-Jan,31-Dec,Hourly,0.1,0.1,0.1,0.1,0.1,0.1,0.1,0.3,0.3,0.4,0.4,0.4,0.4,0.4,0.4,0.3,0.3,0.3,0.3,0.3,0.1,0.1,0.1,0.1,From DOE Prototype Buildings
OutPatientHealthCare BLDG_LIGHT_EXAM_SCH,Lighting,,Default,1-Jan,31-Dec,Hourly,0.05,0.05,0.05,0.05,0.05,0.05,0.05,0.05,0.1,0.1,0.1,0.1,0.1,0.1,0.1,0.1,0.1,0.05,0.05,0.05,0.05,0.05,0.05,0.05,From DOE Prototype Buildings
OutPatientHealthCare BLDG_LIGHT_EXAM_SCH,Lighting,,SmrDsn|Wkdy,1-Jan,31-Dec,Hourly,0.1,0.1,0.1,0.1,0.3,0.3,0.6,0.9,0.9,0.9,0.9,0.9,0.9,0.9,0.9,0.9,0.9,0.9,0.6,0.6,0.3,0.3,0.1,0.1,From DOE Prototype Buildings
OutPatientHealthCare BLDG_LIGHT_EXAM_SCH,Lighting,,WntrDsn|Sat,1-Jan,31-Dec,Hourly,0.1,0.1,0.1,0.1,0.1,0.1,0.1,0.3,0.3,0.4,0.4,0.4,0.4,0.4,0.4,0.3,0.3,0.3,0.3,0.3,0.1,0.1,0.1,0.1,From DOE Prototype Buildings
OutPatientHealthCare BLDG_LIGHT_LOBBYFLR1_SCH,Lighting,,Default,1-Jan,31-Dec,Hourly,0.05,0.05,0.05,0.05,0.05,0.05,0.05,0.05,0.1,0.1,0.1,0.1,0.1,0.1,0.1,0.1,0.1,0.05,0.05,0.05,0.05,0.05,0.05,0.05,From DOE Prototype Buildings
OutPatientHealthCare BLDG_LIGHT_LOBBYFLR1_SCH,Lighting,,SmrDsn|Wkdy,1-Jan,31-Dec,Hourly,0.1,0.1,0.1,0.1,0.3,0.3,0.6,0.9,0.9,0.9,0.9,0.9,0.9,0.9,0.9,0.9,0.9,0.9,0.6,0.6,0.3,0.3,0.1,0.1,From DOE Prototype Buildings
OutPatientHealthCare BLDG_LIGHT_LOBBYFLR1_SCH,Lighting,,WntrDsn|Sat,1-Jan,31-Dec,Hourly,0.1,0.1,0.1,0.1,0.1,0.1,0.1,0.3,0.3,0.4,0.4,0.4,0.4,0.4,0.4,0.3,0.3,0.3,0.3,0.3,0.1,0.1,0.1,0.1,From DOE Prototype Buildings
OutPatientHealthCare BLDG_LIGHT_OFFICE_SCH,Lighting,,Default,1-Jan,31-Dec,Hourly,0.05,0.05,0.05,0.05,0.05,0.05,0.05,0.05,0.1,0.1,0.1,0.1,0.1,0.1,0.1,0.1,0.1,0.05,0.05,0.05,0.05,0.05,0.05,0.05,From DOE Prototype Buildings
OutPatientHealthCare BLDG_LIGHT_OFFICE_SCH,Lighting,,SmrDsn|Wkdy,1-Jan,31-Dec,Hourly,0.1,0.1,0.1,0.1,0.3,0.3,0.6,0.9,0.9,0.9,0.9,0.9,0.9,0.9,0.9,0.9,0.9,0.9,0.6,0.6,0.3,0.3,0.1,0.1,From DOE Prototype Buildings
OutPatientHealthCare BLDG_LIGHT_OFFICE_SCH,Lighting,,WntrDsn|Sat,1-Jan,31-Dec,Hourly,0.1,0.1,0.1,0.1,0.1,0.1,0.1,0.3,0.3,0.4,0.4,0.4,0.4,0.4,0.4,0.3,0.3,0.3,0.3,0.3,0.1,0.1,0.1,0.1,From DOE Prototype Buildings
OutPatientHealthCare BLDG_LIGHT_SCH,Lighting,,Default,1-Jan,31-Dec,Hourly,0.05,0.05,0.05,0.05,0.05,0.05,0.05,0.05,0.1,0.1,0.1,0.1,0.1,0.1,0.1,0.1,0.1,0.05,0.05,0.05,0.05,0.05,0.05,0.05,From DOE Prototype Buildings
OutPatientHealthCare BLDG_LIGHT_SCH,Lighting,,SmrDsn|Wkdy,1-Jan,31-Dec,Hourly,0.1,0.1,0.1,0.1,0.3,0.3,0.6,0.9,0.9,0.9,0.9,0.9,0.9,0.9,0.9,0.9,0.9,0.9,0.6,0.6,0.3,0.3,0.1,0.1,From DOE Prototype Buildings
OutPatientHealthCare BLDG_LIGHT_SCH,Lighting,,WntrDsn|Sat,1-Jan,31-Dec,Hourly,0.1,0.1,0.1,0.1,0.1,0.1,0.1,0.3,0.3,0.4,0.4,0.4,0.4,0.4,0.4,0.3,0.3,0.3,0.3,0.3,0.1,0.1,0.1,0.1,From DOE Prototype Buildings
OutPatientHealthCare BLDG_LIGHT_STORAGE_SCH,Lighting,,Default,1-Jan,31-Dec,Hourly,0.05,0.05,0.05,0.05,0.05,0.05,0.05,0.05,0.1,0.1,0.1,0.1,0.1,0.1,0.1,0.1,0.1,0.05,0.05,0.05,0.05,0.05,0.05,0.05,From DOE Prototype Buildings
OutPatientHealthCare BLDG_LIGHT_STORAGE_SCH,Lighting,,SmrDsn|Wkdy,1-Jan,31-Dec,Hourly,0.1,0.1,0.1,0.1,0.3,0.3,0.6,0.9,0.9,0.9,0.9,0.9,0.9,0.9,0.9,0.9,0.9,0.9,0.6,0.6,0.3,0.3,0.1,0.1,From DOE Prototype Buildings
OutPatientHealthCare BLDG_LIGHT_STORAGE_SCH,Lighting,,WntrDsn|Sat,1-Jan,31-Dec,Hourly,0.1,0.1,0.1,0.1,0.1,0.1,0.1,0.3,0.3,0.4,0.4,0.4,0.4,0.4,0.4,0.3,0.3,0.3,0.3,0.3,0.1,0.1,0.1,0.1,From DOE Prototype Buildings
OutPatientHealthCare BLDG_LIGHT_TOILET_SCH,Lighting,,Default,1-Jan,31-Dec,Hourly,0.05,0.05,0.05,0.05,0.05,0.05,0.05,0.05,0.1,0.1,0.1,0.1,0.1,0.1,0.1,0.1,0.1,0.05,0.05,0.05,0.05,0.05,0.05,0.05,From DOE Prototype Buildings
OutPatientHealthCare BLDG_LIGHT_TOILET_SCH,Lighting,,SmrDsn|Wkdy,1-Jan,31-Dec,Hourly,0.1,0.1,0.1,0.1,0.3,0.3,0.6,0.9,0.9,0.9,0.9,0.9,0.9,0.9,0.9,0.9,0.9,0.9,0.6,0.6,0.3,0.3,0.1,0.1,From DOE Prototype Buildings
OutPatientHealthCare BLDG_LIGHT_TOILET_SCH,Lighting,,WntrDsn|Sat,1-Jan,31-Dec,Hourly,0.1,0.1,0.1,0.1,0.1,0.1,0.1,0.3,0.3,0.4,0.4,0.4,0.4,0.4,0.4,0.3,0.3,0.3,0.3,0.3,0.1,0.1,0.1,0.1,From DOE Prototype Buildings
OutPatientHealthCare BLDG_OA_FRAC_SCH,OA Air,,Default,1-Jan,31-Dec,Constant,0,,,,,,,,,,,,,,,,,,,,,,,,From DOE Prototype Buildings
OutPatientHealthCare BLDG_OA_FRAC_SCH,OA Air,,WntrDsn|SmrDsn|Sat|Wkdy,1-Jan,31-Dec,Hourly,0,0,0,0,0,0,0.25,0.25,0.25,0.25,0.25,0.25,0.25,0.25,0.25,0.25,0.25,0.25,0,0,0,0,0,0,From DOE Prototype Buildings
OutPatientHealthCare BLDG_OA_SCH,OA Air,,Default,1-Jan,31-Dec,Constant,0,,,,,,,,,,,,,,,,,,,,,,,,From DOE Prototype Buildings
OutPatientHealthCare BLDG_OA_SCH,OA Air,,WntrDsn|SmrDsn|Sat|Wkdy,1-Jan,31-Dec,Hourly,0,0,0,0,0,0,1,1,1,1,1,1,1,1,1,1,1,1,0,0,0,0,0,0,From DOE Prototype Buildings
OutPatientHealthCare BLDG_OCC_SCH,Occupancy,,Default,1-Jan,31-Dec,Hourly,0,0,0,0,0,0,0,0,0.05,0.05,0.05,0.05,0.05,0.05,0.05,0.05,0.05,0,0,0,0,0,0,0,From DOE Prototype Buildings
OutPatientHealthCare BLDG_OCC_SCH,Occupancy,,SmrDsn|Wkdy,1-Jan,31-Dec,Hourly,0.05,0.05,0.05,0.05,0.2,0.2,0.5,0.9,0.9,0.9,0.9,0.9,0.9,0.9,0.9,0.9,0.9,0.9,0.5,0.5,0.2,0.2,0.05,0.05,From DOE Prototype Buildings
OutPatientHealthCare BLDG_OCC_SCH,Occupancy,,WntrDsn|Sat,1-Jan,31-Dec,Hourly,0.05,0.05,0.05,0.05,0.05,0.05,0.05,0.2,0.2,0.3,0.3,0.3,0.3,0.3,0.3,0.2,0.2,0.2,0.2,0.2,0.05,0.05,0.05,0.05,From DOE Prototype Buildings
OutPatientHealthCare BLDG_SWH_SCH,Service Water Heating,,Default,1-Jan,31-Dec,Hourly,0,0,0,0,0,0,0,0,0.01,0.01,0.01,0.01,0.01,0.01,0.01,0.01,0.01,0,0,0,0,0,0,0,From DOE Prototype Buildings
OutPatientHealthCare BLDG_SWH_SCH,Service Water Heating,,SmrDsn|Wkdy,1-Jan,31-Dec,Hourly,0.01,0.01,0.01,0.01,0.01,0.01,0.01,0.17,0.58,0.66,0.78,0.82,0.71,0.82,0.78,0.74,0.63,0.41,0.18,0.18,0.18,0.1,0.01,0.01,From DOE Prototype Buildings
OutPatientHealthCare BLDG_SWH_SCH,Service Water Heating,,WntrDsn|Sat,1-Jan,31-Dec,Hourly,0.01,0.01,0.01,0.01,0.01,0.01,0.01,0.01,0.2,0.28,0.3,0.3,0.24,0.24,0.23,0.23,0.23,0.1,0.01,0.01,0.01,0.01,0.01,0.01,From DOE Prototype Buildings
OutPatientHealthCare CAV_SAT_SCH,Unknown,C,Default|WntrDsn|SmrDsn,1-Jan,31-Dec,Constant,11.1,,,,,,,,,,,,,,,,,,,,,,,,From DOE Prototype Buildings
OutPatientHealthCare CLGSETP_SCH_NO_OPTIMUM,Thermostat Setpoint,C,Default,1-Jan,31-Dec,Constant,25,,,,,,,,,,,,,,,,,,,,,,,,From DOE Prototype Buildings
OutPatientHealthCare CLGSETP_SCH_NO_OPTIMUM,Thermostat Setpoint,C,SmrDsn|Wkdy,1-Jan,31-Dec,Hourly,25,25,25,25,25,22.2,22.2,22.2,22.2,22.2,22.2,22.2,22.2,22.2,22.2,22.2,22.2,22.2,25,25,25,25,25,25,From DOE Prototype Buildings
OutPatientHealthCare CLGSETP_SCH_NO_OPTIMUM,Thermostat Setpoint,C,WntrDsn,1-Jan,31-Dec,Hourly,25,25,25,25,25,25,25,22.2,22.2,22.2,22.2,22.2,22.2,22.2,22.2,25,25,25,25,25,25,25,25,25,From DOE Prototype Buildings
OutPatientHealthCare CLGSETP_SCH_NO_SETBACK,Thermostat Setpoint,C,Default|Wkdy,1-Jan,31-Dec,Constant,22.2,,,,,,,,,,,,,,,,,,,,,,,,From DOE Prototype Buildings
OutPatientHealthCare CLGSETP_SCH_NO_SETBACK,Thermostat Setpoint,C,SmrDsn,1-Jan,31-Dec,Hourly,25,25,25,25,25,22.2,22.2,22.2,22.2,22.2,22.2,22.2,22.2,22.2,22.2,22.2,22.2,22.2,25,25,25,25,25,25,From DOE Prototype Buildings
OutPatientHealthCare CLGSETP_SCH_NO_SETBACK,Thermostat Setpoint,C,WntrDsn,1-Jan,31-Dec,Hourly,25,25,25,25,25,25,25,22.2,22.2,22.2,22.2,22.2,22.2,22.2,22.2,25,25,25,25,25,25,25,25,25,From DOE Prototype Buildings
OutPatientHealthCare CLGSETP_SCH_YES_OPTIMUM,Thermostat Setpoint,C,Default,1-Jan,31-Dec,Constant,25,,,,,,,,,,,,,,,,,,,,,,,,From DOE Prototype Buildings
OutPatientHealthCare CLGSETP_SCH_YES_OPTIMUM,Thermostat Setpoint,C,SmrDsn,1-Jan,31-Dec,Hourly,25,25,25,25,25,22.2,22.2,22.2,22.2,22.2,22.2,22.2,22.2,22.2,22.2,22.2,22.2,22.2,25,25,25,25,25,25,From DOE Prototype Buildings
OutPatientHealthCare CLGSETP_SCH_YES_OPTIMUM,Thermostat Setpoint,C,Wkdy,1-Jan,31-Dec,Hourly,25,25,25,25,25,23.9,23.3,22.2,22.2,22.2,22.2,22.2,22.2,22.2,22.2,22.2,22.2,22.2,25,25,25,25,25,25,From DOE Prototype Buildings
OutPatientHealthCare CLGSETP_SCH_YES_OPTIMUM,Thermostat Setpoint,C,WntrDsn,1-Jan,31-Dec,Hourly,25,25,25,25,25,25,25,22.2,22.2,22.2,22.2,22.2,22.2,22.2,22.2,25,25,25,25,25,25,25,25,25,From DOE Prototype Buildings
OutPatientHealthCare CLGSETP_SCH_YES_OPTIMUM_ORIGINAL,Thermostat Setpoint,C,Default,1-Jan,31-Dec,Constant,25,,,,,,,,,,,,,,,,,,,,,,,,From DOE Prototype Buildings
OutPatientHealthCare CLGSETP_SCH_YES_OPTIMUM_ORIGINAL,Thermostat Setpoint,C,SmrDsn,1-Jan,31-Dec,Hourly,25,25,25,25,25,22.2,22.2,22.2,22.2,22.2,22.2,22.2,22.2,22.2,22.2,22.2,22.2,22.2,25,25,25,25,25,25,From DOE Prototype Buildings
OutPatientHealthCare CLGSETP_SCH_YES_OPTIMUM_ORIGINAL,Thermostat Setpoint,C,Wkdy,1-Jan,31-Dec,Hourly,25,25,25,25,25,23.9,23.3,22.2,22.2,22.2,22.2,22.2,22.2,22.2,22.2,22.2,22.2,22.2,25,25,25,25,25,25,From DOE Prototype Buildings
OutPatientHealthCare CLGSETP_SCH_YES_OPTIMUM_ORIGINAL,Thermostat Setpoint,C,WntrDsn,1-Jan,31-Dec,Hourly,25,25,25,25,25,25,25,22.2,22.2,22.2,22.2,22.2,22.2,22.2,22.2,25,25,25,25,25,25,25,25,25,From DOE Prototype Buildings
OutPatientHealthCare CLOTHING_SCH,Clothing,W,Default|SmrDsn,1-Jan,31-Dec,Constant,0.5,,,,,,,,,,,,,,,,,,,,,,,,From DOE Prototype Buildings
OutPatientHealthCare CLOTHING_SCH,Clothing,W,Wknd|Wkdy,1-Oct,31-Dec,Constant,1,,,,,,,,,,,,,,,,,,,,,,,,From DOE Prototype Buildings
OutPatientHealthCare CLOTHING_SCH,Clothing,W,Wknd|Wkdy,1-Jan,30-Apr,Constant,1,,,,,,,,,,,,,,,,,,,,,,,,From DOE Prototype Buildings
OutPatientHealthCare CLOTHING_SCH,Clothing,W,WntrDsn,1-Jan,31-Dec,Constant,1,,,,,,,,,,,,,,,,,,,,,,,,From DOE Prototype Buildings
OutPatientHealthCare CoolingCoilAvailSched,Unknown,,Default|WntrDsn|SmrDsn,1-Jan,31-Dec,Constant,1,,,,,,,,,,,,,,,,,,,,,,,,From DOE Prototype Buildings
OutPatientHealthCare CW-Loop-Temp-Schedule,Unknown,C,Default|WntrDsn|SmrDsn,1-Jan,31-Dec,Constant,6.7,,,,,,,,,,,,,,,,,,,,,,,,From DOE Prototype Buildings
OutPatientHealthCare Dual Zone Control Type Sched,Unknown,,Default|WntrDsn|SmrDsn,1-Jan,31-Dec,Constant,4,,,,,,,,,,,,,,,,,,,,,,,,From DOE Prototype Buildings
OutPatientHealthCare ELEV_LIGHT_FAN_SCH_24_7,Lighting,,Default|WntrDsn|SmrDsn,1-Jan,31-Dec,Constant,1,,,,,,,,,,,,,,,,,,,,,,,,From DOE Prototype Buildings
OutPatientHealthCare ELEV_LIGHT_FAN_SCH_ADD_DF,Lighting,,Default,1-Jan,31-Dec,Hourly,0.05,0.05,0.05,0.05,0.05,0.05,0.05,0.05,0.4,0.4,0.4,0.4,0.4,0.4,0.4,0.4,0.05,0.05,0.05,0.05,0.05,0.05,0.05,0.05,From DOE Prototype Buildings
OutPatientHealthCare ELEV_LIGHT_FAN_SCH_ADD_DF,Lighting,,Sat,1-Jan,31-Dec,Hourly,0.05,0.05,0.05,0.05,0.05,0.05,0.05,0.4,0.46,0.7,0.7,0.7,0.51,0.51,0.51,0.51,0.51,0.25,0.05,0.05,0.05,0.05,0.05,0.05,From DOE Prototype Buildings
OutPatientHealthCare ELEV_LIGHT_FAN_SCH_ADD_DF,Lighting,,SmrDsn,1-Jan,31-Dec,Constant,1,,,,,,,,,,,,,,,,,,,,,,,,From DOE Prototype Buildings
OutPatientHealthCare ELEV_LIGHT_FAN_SCH_ADD_DF,Lighting,,Wkdy,1-Jan,31-Dec,Hourly,0.05,0.05,0.05,0.05,0.05,0.05,0.05,0.5,1,1,1,1,1,1,1,1,1,1,0.52,0.52,0.52,0.28,0.05,0.05,From DOE Prototype Buildings
OutPatientHealthCare ELEV_LIGHT_FAN_SCH_ADD_DF,Lighting,,WntrDsn,1-Jan,31-Dec,Constant,0.05,,,,,,,,,,,,,,,,,,,,,,,,From DOE Prototype Buildings
OutPatientHealthCare Exterior_Lgt_189_1,Unknown,,Default|WntrDsn|SmrDsn,1-Jan,31-Dec,Hourly,0.5,0.5,0.5,0.5,0.5,0.5,0.5,0.5,0.5,1,1,1,1,1,1,1,1,0.5,0.5,0.5,0.5,0.5,0.5,0.5,From DOE Prototype Buildings
OutPatientHealthCare Exterior_Lgt_ALWAYS_ON,Unknown,,Default|WntrDsn|SmrDsn,1-Jan,31-Dec,Constant,1,,,,,,,,,,,,,,,,,,,,,,,,From DOE Prototype Buildings
OutPatientHealthCare Exterior_lighting_schedule_a,Lighting,,Default|WntrDsn|SmrDsn,1-Jan,31-Dec,Hourly,0,0,0,0,0,0,1,1,1,1,1,1,1,1,1,1,1,1,1,1,1,1,1,1,From DOE Prototype Buildings
OutPatientHealthCare Exterior_lighting_schedule_b,Lighting,,Default|WntrDsn|SmrDsn,1-Jan,31-Dec,Hourly,0.7,0.7,0.7,0.7,0.7,0.7,1,1,1,1,1,1,1,1,1,1,1,1,1,1,1,1,1,1,From DOE Prototype Buildings
OutPatientHealthCare FAN_SCH,Unknown,,Default|WntrDsn|SmrDsn,1-Jan,31-Dec,Constant,1,,,,,,,,,,,,,,,,,,,,,,,,From DOE Prototype Buildings
OutPatientHealthCare Floor 1 Anesthesia Water Equipment Hot Supply Temp Sched,Equipment,C,Default|WntrDsn|SmrDsn,1-Jan,31-Dec,Constant,55,,,,,,,,,,,,,,,,,,,,,,,,From DOE Prototype Buildings
OutPatientHealthCare Floor 1 Anesthesia Water Equipment Latent fract sched,Equipment,,Default|WntrDsn|SmrDsn,1-Jan,31-Dec,Constant,0.05,,,,,,,,,,,,,,,,,,,,,,,,From DOE Prototype Buildings
OutPatientHealthCare Floor 1 Anesthesia Water Equipment Sensible fract sched,Equipment,,Default|WntrDsn|SmrDsn,1-Jan,31-Dec,Constant,0.2,,,,,,,,,,,,,,,,,,,,,,,,From DOE Prototype Buildings
OutPatientHealthCare Floor 1 Anesthesia Water Equipment Temp Sched,Equipment,C,Default|WntrDsn|SmrDsn,1-Jan,31-Dec,Constant,60,,,,,,,,,,,,,,,,,,,,,,,,From DOE Prototype Buildings
OutPatientHealthCare Floor 1 MRI Control Room Water Equipment Hot Supply Temp Sched,Equipment,C,Default|WntrDsn|SmrDsn,1-Jan,31-Dec,Constant,55,,,,,,,,,,,,,,,,,,,,,,,,From DOE Prototype Buildings
OutPatientHealthCare Floor 1 MRI Control Room Water Equipment Latent fract sched,Equipment,,Default|WntrDsn|SmrDsn,1-Jan,31-Dec,Constant,0.05,,,,,,,,,,,,,,,,,,,,,,,,From DOE Prototype Buildings
OutPatientHealthCare Floor 1 MRI Control Room Water Equipment Sensible fract sched,Equipment,,Default|WntrDsn|SmrDsn,1-Jan,31-Dec,Constant,0.2,,,,,,,,,,,,,,,,,,,,,,,,From DOE Prototype Buildings
OutPatientHealthCare Floor 1 MRI Control Room Water Equipment Temp Sched,Equipment,C,Default|WntrDsn|SmrDsn,1-Jan,31-Dec,Constant,60,,,,,,,,,,,,,,,,,,,,,,,,From DOE Prototype Buildings
OutPatientHealthCare Floor 1 MRI Room Water Equipment Hot Supply Temp Sched,Equipment,C,Default|WntrDsn|SmrDsn,1-Jan,31-Dec,Constant,55,,,,,,,,,,,,,,,,,,,,,,,,From DOE Prototype Buildings
OutPatientHealthCare Floor 1 MRI Room Water Equipment Latent fract sched,Equipment,,Default|WntrDsn|SmrDsn,1-Jan,31-Dec,Constant,0.05,,,,,,,,,,,,,,,,,,,,,,,,From DOE Prototype Buildings
OutPatientHealthCare Floor 1 MRI Room Water Equipment Sensible fract sched,Equipment,,Default|WntrDsn|SmrDsn,1-Jan,31-Dec,Constant,0.2,,,,,,,,,,,,,,,,,,,,,,,,From DOE Prototype Buildings
OutPatientHealthCare Floor 1 MRI Room Water Equipment Temp Sched,Equipment,C,Default|WntrDsn|SmrDsn,1-Jan,31-Dec,Constant,60,,,,,,,,,,,,,,,,,,,,,,,,From DOE Prototype Buildings
OutPatientHealthCare Floor 1 Operating Room 1 humidity sched,Unknown,W,Default|WntrDsn|SmrDsn,1-Jan,31-Dec,Constant,0,,,,,,,,,,,,,,,,,,,,,,,,From DOE Prototype Buildings
OutPatientHealthCare Floor 1 Operating Room 1 Water Equipment Hot Supply Temp Sched,Equipment,C,Default|WntrDsn|SmrDsn,1-Jan,31-Dec,Constant,55,,,,,,,,,,,,,,,,,,,,,,,,From DOE Prototype Buildings
OutPatientHealthCare Floor 1 Operating Room 1 Water Equipment Latent fract sched,Equipment,,Default|WntrDsn|SmrDsn,1-Jan,31-Dec,Constant,0.05,,,,,,,,,,,,,,,,,,,,,,,,From DOE Prototype Buildings
OutPatientHealthCare Floor 1 Operating Room 1 Water Equipment Sensible fract sched,Equipment,,Default|WntrDsn|SmrDsn,1-Jan,31-Dec,Constant,0.2,,,,,,,,,,,,,,,,,,,,,,,,From DOE Prototype Buildings
OutPatientHealthCare Floor 1 Operating Room 1 Water Equipment Temp Sched,Equipment,C,Default|WntrDsn|SmrDsn,1-Jan,31-Dec,Constant,60,,,,,,,,,,,,,,,,,,,,,,,,From DOE Prototype Buildings
OutPatientHealthCare Floor 1 Operating Room 2 Water Equipment Hot Supply Temp Sched,Equipment,C,Default|WntrDsn|SmrDsn,1-Jan,31-Dec,Constant,55,,,,,,,,,,,,,,,,,,,,,,,,From DOE Prototype Buildings
OutPatientHealthCare Floor 1 Operating Room 2 Water Equipment Latent fract sched,Equipment,,Default|WntrDsn|SmrDsn,1-Jan,31-Dec,Constant,0.05,,,,,,,,,,,,,,,,,,,,,,,,From DOE Prototype Buildings
OutPatientHealthCare Floor 1 Operating Room 2 Water Equipment Sensible fract sched,Equipment,,Default|WntrDsn|SmrDsn,1-Jan,31-Dec,Constant,0.2,,,,,,,,,,,,,,,,,,,,,,,,From DOE Prototype Buildings
OutPatientHealthCare Floor 1 Operating Room 2 Water Equipment Temp Sched,Equipment,C,Default|WntrDsn|SmrDsn,1-Jan,31-Dec,Constant,60,,,,,,,,,,,,,,,,,,,,,,,,From DOE Prototype Buildings
OutPatientHealthCare Floor 1 Operating Room 3 Water Equipment Hot Supply Temp Sched,Equipment,C,Default|WntrDsn|SmrDsn,1-Jan,31-Dec,Constant,55,,,,,,,,,,,,,,,,,,,,,,,,From DOE Prototype Buildings
OutPatientHealthCare Floor 1 Operating Room 3 Water Equipment Latent fract sched,Equipment,,Default|WntrDsn|SmrDsn,1-Jan,31-Dec,Constant,0.05,,,,,,,,,,,,,,,,,,,,,,,,From DOE Prototype Buildings
OutPatientHealthCare Floor 1 Operating Room 3 Water Equipment Sensible fract sched,Equipment,,Default|WntrDsn|SmrDsn,1-Jan,31-Dec,Constant,0.2,,,,,,,,,,,,,,,,,,,,,,,,From DOE Prototype Buildings
OutPatientHealthCare Floor 1 Operating Room 3 Water Equipment Temp Sched,Equipment,C,Default|WntrDsn|SmrDsn,1-Jan,31-Dec,Constant,60,,,,,,,,,,,,,,,,,,,,,,,,From DOE Prototype Buildings
OutPatientHealthCare Floor 1 PACU Water Equipment Hot Supply Temp Sched,Equipment,C,Default|WntrDsn|SmrDsn,1-Jan,31-Dec,Constant,55,,,,,,,,,,,,,,,,,,,,,,,,From DOE Prototype Buildings
OutPatientHealthCare Floor 1 PACU Water Equipment Latent fract sched,Equipment,,Default|WntrDsn|SmrDsn,1-Jan,31-Dec,Constant,0.05,,,,,,,,,,,,,,,,,,,,,,,,From DOE Prototype Buildings
OutPatientHealthCare Floor 1 PACU Water Equipment Sensible fract sched,Equipment,,Default|WntrDsn|SmrDsn,1-Jan,31-Dec,Constant,0.2,,,,,,,,,,,,,,,,,,,,,,,,From DOE Prototype Buildings
OutPatientHealthCare Floor 1 PACU Water Equipment Temp Sched,Equipment,C,Default|WntrDsn|SmrDsn,1-Jan,31-Dec,Constant,60,,,,,,,,,,,,,,,,,,,,,,,,From DOE Prototype Buildings
OutPatientHealthCare Floor 1 Pre-Op Room 1 Water Equipment Hot Supply Temp Sched,Equipment,C,Default|WntrDsn|SmrDsn,1-Jan,31-Dec,Constant,55,,,,,,,,,,,,,,,,,,,,,,,,From DOE Prototype Buildings
OutPatientHealthCare Floor 1 Pre-Op Room 1 Water Equipment Latent fract sched,Equipment,,Default|WntrDsn|SmrDsn,1-Jan,31-Dec,Constant,0.05,,,,,,,,,,,,,,,,,,,,,,,,From DOE Prototype Buildings
OutPatientHealthCare Floor 1 Pre-Op Room 1 Water Equipment Sensible fract sched,Equipment,,Default|WntrDsn|SmrDsn,1-Jan,31-Dec,Constant,0.2,,,,,,,,,,,,,,,,,,,,,,,,From DOE Prototype Buildings
OutPatientHealthCare Floor 1 Pre-Op Room 1 Water Equipment Temp Sched,Equipment,C,Default|WntrDsn|SmrDsn,1-Jan,31-Dec,Constant,60,,,,,,,,,,,,,,,,,,,,,,,,From DOE Prototype Buildings
OutPatientHealthCare Floor 1 Pre-Op Room 2 Water Equipment Hot Supply Temp Sched,Equipment,C,Default|WntrDsn|SmrDsn,1-Jan,31-Dec,Constant,55,,,,,,,,,,,,,,,,,,,,,,,,From DOE Prototype Buildings
OutPatientHealthCare Floor 1 Pre-Op Room 2 Water Equipment Latent fract sched,Equipment,,Default|WntrDsn|SmrDsn,1-Jan,31-Dec,Constant,0.05,,,,,,,,,,,,,,,,,,,,,,,,From DOE Prototype Buildings
OutPatientHealthCare Floor 1 Pre-Op Room 2 Water Equipment Sensible fract sched,Equipment,,Default|WntrDsn|SmrDsn,1-Jan,31-Dec,Constant,0.2,,,,,,,,,,,,,,,,,,,,,,,,From DOE Prototype Buildings
OutPatientHealthCare Floor 1 Pre-Op Room 2 Water Equipment Temp Sched,Equipment,C,Default|WntrDsn|SmrDsn,1-Jan,31-Dec,Constant,60,,,,,,,,,,,,,,,,,,,,,,,,From DOE Prototype Buildings
OutPatientHealthCare Floor 1 Procedure Room Water Equipment Hot Supply Temp Sched,Equipment,C,Default|WntrDsn|SmrDsn,1-Jan,31-Dec,Constant,55,,,,,,,,,,,,,,,,,,,,,,,,From DOE Prototype Buildings
OutPatientHealthCare Floor 1 Procedure Room Water Equipment Latent fract sched,Equipment,,Default|WntrDsn|SmrDsn,1-Jan,31-Dec,Constant,0.05,,,,,,,,,,,,,,,,,,,,,,,,From DOE Prototype Buildings
OutPatientHealthCare Floor 1 Procedure Room Water Equipment Sensible fract sched,Equipment,,Default|WntrDsn|SmrDsn,1-Jan,31-Dec,Constant,0.2,,,,,,,,,,,,,,,,,,,,,,,,From DOE Prototype Buildings
OutPatientHealthCare Floor 1 Procedure Room Water Equipment Temp Sched,Equipment,C,Default|WntrDsn|SmrDsn,1-Jan,31-Dec,Constant,60,,,,,,,,,,,,,,,,,,,,,,,,From DOE Prototype Buildings
OutPatientHealthCare Floor 1 Recovery Room Water Equipment Hot Supply Temp Sched,Equipment,C,Default|WntrDsn|SmrDsn,1-Jan,31-Dec,Constant,55,,,,,,,,,,,,,,,,,,,,,,,,From DOE Prototype Buildings
OutPatientHealthCare Floor 1 Recovery Room Water Equipment Latent fract sched,Equipment,,Default|WntrDsn|SmrDsn,1-Jan,31-Dec,Constant,0.05,,,,,,,,,,,,,,,,,,,,,,,,From DOE Prototype Buildings
OutPatientHealthCare Floor 1 Recovery Room Water Equipment Sensible fract sched,Equipment,,Default|WntrDsn|SmrDsn,1-Jan,31-Dec,Constant,0.2,,,,,,,,,,,,,,,,,,,,,,,,From DOE Prototype Buildings
OutPatientHealthCare Floor 1 Recovery Room Water Equipment Temp Sched,Equipment,C,Default|WntrDsn|SmrDsn,1-Jan,31-Dec,Constant,60,,,,,,,,,,,,,,,,,,,,,,,,From DOE Prototype Buildings
OutPatientHealthCare Floor 1 Step Down Water Equipment Hot Supply Temp Sched,Equipment,C,Default|WntrDsn|SmrDsn,1-Jan,31-Dec,Constant,55,,,,,,,,,,,,,,,,,,,,,,,,From DOE Prototype Buildings
OutPatientHealthCare Floor 1 Step Down Water Equipment Latent fract sched,Equipment,,Default|WntrDsn|SmrDsn,1-Jan,31-Dec,Constant,0.05,,,,,,,,,,,,,,,,,,,,,,,,From DOE Prototype Buildings
OutPatientHealthCare Floor 1 Step Down Water Equipment Sensible fract sched,Equipment,,Default|WntrDsn|SmrDsn,1-Jan,31-Dec,Constant,0.2,,,,,,,,,,,,,,,,,,,,,,,,From DOE Prototype Buildings
OutPatientHealthCare Floor 1 Step Down Water Equipment Temp Sched,Equipment,C,Default|WntrDsn|SmrDsn,1-Jan,31-Dec,Constant,60,,,,,,,,,,,,,,,,,,,,,,,,From DOE Prototype Buildings
OutPatientHealthCare Floor 2 X-Ray Water Equipment Hot Supply Temp Sched,Equipment,C,Default|WntrDsn|SmrDsn,1-Jan,31-Dec,Constant,55,,,,,,,,,,,,,,,,,,,,,,,,From DOE Prototype Buildings
OutPatientHealthCare Floor 2 X-Ray Water Equipment Latent fract sched,Equipment,,Default|WntrDsn|SmrDsn,1-Jan,31-Dec,Constant,0.05,,,,,,,,,,,,,,,,,,,,,,,,From DOE Prototype Buildings
OutPatientHealthCare Floor 2 X-Ray Water Equipment Sensible fract sched,Equipment,,Default|WntrDsn|SmrDsn,1-Jan,31-Dec,Constant,0.2,,,,,,,,,,,,,,,,,,,,,,,,From DOE Prototype Buildings
OutPatientHealthCare Floor 2 X-Ray Water Equipment Temp Sched,Equipment,C,Default|WntrDsn|SmrDsn,1-Jan,31-Dec,Constant,60,,,,,,,,,,,,,,,,,,,,,,,,From DOE Prototype Buildings
OutPatientHealthCare Floor 3 Physical Therapy 1 Water Equipment Hot Supply Temp Sched,Equipment,C,Default|WntrDsn|SmrDsn,1-Jan,31-Dec,Constant,55,,,,,,,,,,,,,,,,,,,,,,,,From DOE Prototype Buildings
OutPatientHealthCare Floor 3 Physical Therapy 1 Water Equipment Latent fract sched,Equipment,,Default|WntrDsn|SmrDsn,1-Jan,31-Dec,Constant,0.05,,,,,,,,,,,,,,,,,,,,,,,,From DOE Prototype Buildings
OutPatientHealthCare Floor 3 Physical Therapy 1 Water Equipment Sensible fract sched,Equipment,,Default|WntrDsn|SmrDsn,1-Jan,31-Dec,Constant,0.2,,,,,,,,,,,,,,,,,,,,,,,,From DOE Prototype Buildings
OutPatientHealthCare Floor 3 Physical Therapy 1 Water Equipment Temp Sched,Equipment,C,Default|WntrDsn|SmrDsn,1-Jan,31-Dec,Constant,60,,,,,,,,,,,,,,,,,,,,,,,,From DOE Prototype Buildings
OutPatientHealthCare Floor 3 Physical Therapy 2 Water Equipment Hot Supply Temp Sched,Equipment,C,Default|WntrDsn|SmrDsn,1-Jan,31-Dec,Constant,55,,,,,,,,,,,,,,,,,,,,,,,,From DOE Prototype Buildings
OutPatientHealthCare Floor 3 Physical Therapy 2 Water Equipment Latent fract sched,Equipment,,Default|WntrDsn|SmrDsn,1-Jan,31-Dec,Constant,0.05,,,,,,,,,,,,,,,,,,,,,,,,From DOE Prototype Buildings
OutPatientHealthCare Floor 3 Physical Therapy 2 Water Equipment Sensible fract sched,Equipment,,Default|WntrDsn|SmrDsn,1-Jan,31-Dec,Constant,0.2,,,,,,,,,,,,,,,,,,,,,,,,From DOE Prototype Buildings
OutPatientHealthCare Floor 3 Physical Therapy 2 Water Equipment Temp Sched,Equipment,C,Default|WntrDsn|SmrDsn,1-Jan,31-Dec,Constant,60,,,,,,,,,,,,,,,,,,,,,,,,From DOE Prototype Buildings
OutPatientHealthCare Heating-Supply-Air-Temp-Sch,Unknown,C,Default|WntrDsn|SmrDsn,1-Jan,31-Dec,Constant,16,,,,,,,,,,,,,,,,,,,,,,,,From DOE Prototype Buildings
OutPatientHealthCare HeatSys1 Loop Setpoint Sched,Unknown,C,Default|WntrDsn|SmrDsn,1-Jan,31-Dec,Constant,82.2,,,,,,,,,,,,,,,,,,,,,,,,From DOE Prototype Buildings
OutPatientHealthCare Hours_of_operation,Operation,,Default|WntrDsn|SmrDsn,1-Jan,31-Dec,Constant,1,,,,,,,,,,,,,,,,,,,,,,,,From DOE Prototype Buildings
OutPatientHealthCare HTGSETP_SCH_NO_OPTIMUM,Thermostat Setpoint,C,Default,1-Jan,31-Dec,Constant,18.3,,,,,,,,,,,,,,,,,,,,,,,,From DOE Prototype Buildings
OutPatientHealthCare HTGSETP_SCH_NO_OPTIMUM,Thermostat Setpoint,C,SmrDsn|Wkdy,1-Jan,31-Dec,Hourly,18.3,18.3,18.3,18.3,18.3,21.1,21.1,21.1,21.1,21.1,21.1,21.1,21.1,21.1,21.1,21.1,21.1,21.1,18.3,18.3,18.3,18.3,18.3,18.3,From DOE Prototype Buildings
OutPatientHealthCare HTGSETP_SCH_NO_OPTIMUM,Thermostat Setpoint,C,WntrDsn,1-Jan,31-Dec,Hourly,18.3,18.3,18.3,18.3,18.3,18.3,18.3,21.1,21.1,21.1,21.1,21.1,21.1,21.1,21.1,18.3,18.3,18.3,18.3,18.3,18.3,18.3,18.3,18.3,From DOE Prototype Buildings
OutPatientHealthCare HTGSETP_SCH_YES_OPTIMUM,Thermostat Setpoint,C,Default,1-Jan,31-Dec,Constant,18.3,,,,,,,,,,,,,,,,,,,,,,,,From DOE Prototype Buildings
OutPatientHealthCare HTGSETP_SCH_YES_OPTIMUM,Thermostat Setpoint,C,SmrDsn,1-Jan,31-Dec,Hourly,18.3,18.3,18.3,18.3,18.3,21.1,21.1,21.1,21.1,21.1,21.1,21.1,21.1,21.1,21.1,21.1,21.1,21.1,18.3,18.3,18.3,18.3,18.3,18.3,From DOE Prototype Buildings
OutPatientHealthCare HTGSETP_SCH_YES_OPTIMUM,Thermostat Setpoint,C,Wkdy,1-Jan,31-Dec,Hourly,18.3,18.3,18.3,18.3,18.3,19.4,20,21.1,21.1,21.1,21.1,21.1,21.1,21.1,21.1,21.1,21.1,21.1,18.3,18.3,18.3,18.3,18.3,18.3,From DOE Prototype Buildings
OutPatientHealthCare HTGSETP_SCH_YES_OPTIMUM,Thermostat Setpoint,C,WntrDsn,1-Jan,31-Dec,Hourly,18.3,18.3,18.3,18.3,18.3,18.3,18.3,21.1,21.1,21.1,21.1,21.1,21.1,21.1,21.1,18.3,18.3,18.3,18.3,18.3,18.3,18.3,18.3,18.3,From DOE Prototype Buildings
OutPatientHealthCare Humidity Setpoint Schedule,Unknown,,Default|WntrDsn|SmrDsn|Sat|Wkdy,1-Jan,31-Dec,Constant,50,,,,,,,,,,,,,,,,,,,,,,,,From DOE Prototype Buildings
OutPatientHealthCare HVACOperationSchd,Operation,,Default|WntrDsn|SmrDsn,1-Jan,31-Dec,Constant,1,,,,,,,,,,,,,,,,,,,,,,,,From DOE Prototype Buildings
OutPatientHealthCare HW-Loop-Temp-Schedule,Unknown,C,Default|WntrDsn|SmrDsn,1-Jan,31-Dec,Constant,60,,,,,,,,,,,,,,,,,,,,,,,,From DOE Prototype Buildings
OutPatientHealthCare INFIL_Door_Opening_SCH,Infiltration,,Default|WntrDsn|SmrDsn,1-Jan,31-Dec,Constant,0,,,,,,,,,,,,,,,,,,,,,,,,From DOE Prototype Buildings
OutPatientHealthCare INFIL_Door_Opening_SCH,Infiltration,,Wkdy,1-Jan,31-Dec,Hourly,0,0,0,0,0,0,0.144,1,1,1,1,1,1,1,1,1,1,1,0.144,0,0,0,0,0,From DOE Prototype Buildings
OutPatientHealthCare INFIL_HALF_ON_SCH,Infiltration,,Default|Sat|Wkdy,1-Jan,31-Dec,Constant,0.5,,,,,,,,,,,,,,,,,,,,,,,,From DOE Prototype Buildings
OutPatientHealthCare INFIL_HALF_ON_SCH,Infiltration,,WntrDsn|SmrDsn,1-Jan,31-Dec,Constant,1,,,,,,,,,,,,,,,,,,,,,,,,From DOE Prototype Buildings
OutPatientHealthCare INFIL_SCH,Infiltration,,Default|Sat|Wkdy,1-Jan,31-Dec,Constant,0.25,,,,,,,,,,,,,,,,,,,,,,,,From DOE Prototype Buildings
OutPatientHealthCare INFIL_SCH,Infiltration,,WntrDsn|SmrDsn,1-Jan,31-Dec,Constant,1,,,,,,,,,,,,,,,,,,,,,,,,From DOE Prototype Buildings
OutPatientHealthCare MaxRelHumSetSch,Unknown,,Default|WntrDsn|SmrDsn,1-Jan,31-Dec,Constant,60,,,,,,,,,,,,,,,,,,,,,,,,From DOE Prototype Buildings
OutPatientHealthCare MinOA_MotorizedDamper_Sched,OA Air,,Default|WntrDsn|SmrDsn,1-Jan,31-Dec,Constant,1,,,,,,,,,,,,,,,,,,,,,,,,From DOE Prototype Buildings
OutPatientHealthCare MinOA_Sched,OA Air,,Default|WntrDsn|SmrDsn,1-Jan,31-Dec,Constant,1,,,,,,,,,,,,,,,,,,,,,,,,From DOE Prototype Buildings
OutPatientHealthCare MinRelHumSetSch,Unknown,,Default|WntrDsn|SmrDsn,1-Jan,31-Dec,Constant,40,,,,,,,,,,,,,,,,,,,,,,,,From DOE Prototype Buildings
OutPatientHealthCare MinRelHumSetSch_addDI,Unknown,,Default|WntrDsn|SmrDsn,1-Jan,31-Dec,Constant,30,,,,,,,,,,,,,,,,,,,,,,,,From DOE Prototype Buildings
OutPatientHealthCare OR_CLGSETP_SCH,Thermostat Setpoint,C,Default|WntrDsn|SmrDsn,1-Jan,31-Dec,Hourly,22.2,22.2,22.2,22.2,22.2,22.2,18.3,18.3,18.3,18.3,18.3,18.3,18.3,18.3,18.3,18.3,18.3,22.2,22.2,22.2,22.2,22.2,22.2,22.2,From DOE Prototype Buildings
OutPatientHealthCare OR_HTGSETP_SCH,Thermostat Setpoint,C,Default|WntrDsn|SmrDsn,1-Jan,31-Dec,Constant,18.3,,,,,,,,,,,,,,,,,,,,,,,,From DOE Prototype Buildings
OutPatientHealthCare OR_MinSA_Sched,Unknown,,Default|WntrDsn,1-Jan,31-Dec,Constant,0.2,,,,,,,,,,,,,,,,,,,,,,,,From DOE Prototype Buildings
OutPatientHealthCare OR_MinSA_Sched,Unknown,,Sat|Wkdy,1-Jan,31-Dec,Hourly,0.2,0.2,0.2,0.2,0.2,0.2,1,1,1,1,1,1,1,1,1,1,1,1,0.2,0.2,0.2,0.2,0.2,0.2,From DOE Prototype Buildings
OutPatientHealthCare OR_MinSA_Sched,Unknown,,SmrDsn,1-Jan,31-Dec,Constant,1,,,,,,,,,,,,,,,,,,,,,,,,From DOE Prototype Buildings
OutPatientHealthCare PlantOnSched,Unknown,,Default|WntrDsn|SmrDsn,1-Jan,31-Dec,Constant,1,,,,,,,,,,,,,,,,,,,,,,,,From DOE Prototype Buildings
OutPatientHealthCare ReheatCoilAvailSched,Unknown,,Default|WntrDsn|SmrDsn,1-Jan,31-Dec,Constant,1,,,,,,,,,,,,,,,,,,,,,,,,From DOE Prototype Buildings
OutPatientHealthCare Seasonal-Reset-Supply-Air-Temp-Sch,Unknown,C,Default|WntrDsn|SmrDsn,1-Jan,31-Dec,Constant,11.1,,,,,,,,,,,,,,,,,,,,,,,,From DOE Prototype Buildings
OutPatientHealthCare SHADING_SCH,Unknown,W,Default|WntrDsn|SmrDsn,1-Jan,31-Dec,Constant,0,,,,,,,,,,,,,,,,,,,,,,,,From DOE Prototype Buildings
OutPatientHealthCare SWHSys1 Water Heater Ambient Temperature Schedule Name,Service Water Heating,C,Default|WntrDsn|SmrDsn,1-Jan,31-Dec,Constant,22,,,,,,,,,,,,,,,,,,,,,,,,From DOE Prototype Buildings
OutPatientHealthCare SWHSys1 Water Heater Setpoint Temperature Schedule Name,Service Water Heating,C,Default|WntrDsn|SmrDsn,1-Jan,31-Dec,Constant,60,,,,,,,,,,,,,,,,,,,,,,,,From DOE Prototype Buildings
OutPatientHealthCare SWHSys1-Loop-Temp-Schedule,Service Water Heating,C,Default|WntrDsn|SmrDsn,1-Jan,31-Dec,Constant,60,,,,,,,,,,,,,,,,,,,,,,,,From DOE Prototype Buildings
OutPatientHealthCare VAV_SAT_SCH,Unknown,C,Default|WntrDsn|SmrDsn,1-Jan,31-Dec,Constant,12.8,,,,,,,,,,,,,,,,,,,,,,,,From DOE Prototype Buildings
OutPatientHealthCare WORK_EFF_SCH,Unknown,,Default|WntrDsn|SmrDsn,1-Jan,31-Dec,Constant,0,,,,,,,,,,,,,,,,,,,,,,,,From DOE Prototype Buildings
PrimarySchool BathCorrMechKitchen ClgSetp,Thermostat Setpoint,C,Default|WntrDsn,1-Jan,31-Dec,Constant,27,,,,,,,,,,,,,,,,,,,,,,,,From DOE Reference Buildings 
PrimarySchool BathCorrMechKitchen ClgSetp,Thermostat Setpoint,C,SmrDsn,1-Jan,31-Dec,Hourly,27,27,27,27,27,27,24,24,24,24,24,24,24,24,24,24,24,24,24,24,24,27,27,27,From DOE Reference Buildings 
PrimarySchool BathCorrMechKitchen HtgSetp,Thermostat Setpoint,C,Default|SmrDsn,1-Jan,31-Dec,Constant,16,,,,,,,,,,,,,,,,,,,,,,,,From DOE Reference Buildings 
PrimarySchool BathCorrMechKitchen HtgSetp,Thermostat Setpoint,C,WntrDsn,1-Jan,31-Dec,Hourly,16,16,16,16,16,16,21,21,21,21,21,21,21,21,21,21,21,21,21,21,21,16,16,16,From DOE Reference Buildings 
PrimarySchool Bldg Equip,Equipment,,Default|SmrDsn,1-Jan,31-Dec,Hourly,0.35,0.35,0.35,0.35,0.35,0.35,0.35,0.35,0.95,0.95,0.95,0.95,0.95,0.95,0.95,0.95,0.95,0.35,0.35,0.35,0.35,0.35,0.35,0.35,From DOE Reference Buildings 
PrimarySchool Bldg Equip,Equipment,,Wkdy,1-Sep,31-Dec,Hourly,0.35,0.35,0.35,0.35,0.35,0.35,0.35,0.35,0.95,0.95,0.95,0.95,0.95,0.95,0.95,0.95,0.95,0.35,0.35,0.35,0.35,0.35,0.35,0.35,From DOE Reference Buildings 
PrimarySchool Bldg Equip,Equipment,,Wkdy,1-Jul,1-Sep,Hourly,0.25,0.25,0.25,0.25,0.25,0.25,0.25,0.25,0.5,0.5,0.5,0.5,0.5,0.5,0.5,0.5,0.5,0.25,0.25,0.25,0.25,0.25,0.25,0.25,From DOE Reference Buildings 
PrimarySchool Bldg Equip,Equipment,,Wknd,1-Sep,31-Dec,Constant,0.35,,,,,,,,,,,,,,,,,,,,,,,,From DOE Reference Buildings 
PrimarySchool Bldg Equip,Equipment,,Wknd,1-Jul,1-Sep,Constant,0.25,,,,,,,,,,,,,,,,,,,,,,,,From DOE Reference Buildings 
PrimarySchool Bldg Equip,Equipment,,Wknd,1-Jan,30-Jun,Constant,0.35,,,,,,,,,,,,,,,,,,,,,,,,From DOE Reference Buildings 
PrimarySchool Bldg Equip,Equipment,,WntrDsn,1-Jan,31-Dec,Constant,0.35,,,,,,,,,,,,,,,,,,,,,,,,From DOE Reference Buildings 
PrimarySchool Bldg Light,Lighting,,Default|SmrDsn,1-Jan,31-Dec,Hourly,0.1773,0.1773,0.1773,0.1773,0.1773,0.1773,0.1773,0.9,0.9,0.9,0.9,0.9,0.9,0.9,0.9,0.9,0.9,0.9,0.9,0.9,0.9,0.1773,0.1773,0.1773,From DOE Reference Buildings 
PrimarySchool Bldg Light,Lighting,,Wkdy,1-Sep,31-Dec,Hourly,0.1773,0.1773,0.1773,0.1773,0.1773,0.1773,0.1773,0.9,0.9,0.9,0.9,0.9,0.9,0.9,0.9,0.9,0.9,0.9,0.9,0.9,0.9,0.1773,0.1773,0.1773,From DOE Reference Buildings 
PrimarySchool Bldg Light,Lighting,,Wkdy,1-Jul,1-Sep,Hourly,0.1773,0.1773,0.1773,0.1773,0.1773,0.1773,0.1773,0.1773,0.5,0.5,0.5,0.5,0.5,0.5,0.5,0.5,0.5,0.5,0.5,0.5,0.1773,0.1773,0.1773,0.1773,From DOE Reference Buildings 
PrimarySchool Bldg Light,Lighting,,Wknd,1-Sep,31-Dec,Constant,0.1773,,,,,,,,,,,,,,,,,,,,,,,,From DOE Reference Buildings 
PrimarySchool Bldg Light,Lighting,,Wknd,1-Jul,1-Sep,Constant,0.1773,,,,,,,,,,,,,,,,,,,,,,,,From DOE Reference Buildings 
PrimarySchool Bldg Light,Lighting,,Wknd,1-Jan,30-Jun,Constant,0.1773,,,,,,,,,,,,,,,,,,,,,,,,From DOE Reference Buildings 
PrimarySchool Bldg Light,Lighting,,WntrDsn,1-Jan,31-Dec,Constant,0.1773,,,,,,,,,,,,,,,,,,,,,,,,From DOE Reference Buildings 
PrimarySchool Bldg Occ,Occupancy,,Default|SmrDsn,1-Jan,31-Dec,Hourly,0,0,0,0,0,0,0,0,0.75,0.75,0.75,0.75,0.75,0.75,0.75,0.75,0.15,0.15,0.15,0.15,0.15,0,0,0,From DOE Reference Buildings 
PrimarySchool Bldg Occ,Occupancy,,Wkdy,1-Sep,31-Dec,Hourly,0,0,0,0,0,0,0,0,0.75,0.75,0.75,0.75,0.75,0.75,0.75,0.75,0.15,0.15,0.15,0.15,0.15,0,0,0,From DOE Reference Buildings 
PrimarySchool Bldg Occ,Occupancy,,Wkdy,1-Jul,1-Sep,Hourly,0,0,0,0,0,0,0,0,0.15,0.15,0.15,0.15,0.15,0.15,0.15,0.15,0.15,0.15,0.15,0.15,0.15,0,0,0,From DOE Reference Buildings 
PrimarySchool Bldg Occ,Occupancy,,Wknd,1-Sep,31-Dec,Constant,0,,,,,,,,,,,,,,,,,,,,,,,,From DOE Reference Buildings 
PrimarySchool Bldg Occ,Occupancy,,Wknd,1-Jul,1-Sep,Constant,0,,,,,,,,,,,,,,,,,,,,,,,,From DOE Reference Buildings 
PrimarySchool Bldg Occ,Occupancy,,Wknd,1-Jan,30-Jun,Constant,0,,,,,,,,,,,,,,,,,,,,,,,,From DOE Reference Buildings 
PrimarySchool Bldg Occ,Occupancy,,WntrDsn,1-Jan,31-Dec,Constant,0,,,,,,,,,,,,,,,,,,,,,,,,From DOE Reference Buildings 
PrimarySchool Cafeteria Occ,Occupancy,,Default|SmrDsn,1-Jan,31-Dec,Hourly,0,0,0,0,0,0,0,0.15,0.15,0.05,0.05,0.95,0.95,0.15,0.15,0,0,0,0,0,0,0,0,0,From DOE Reference Buildings 
PrimarySchool Cafeteria Occ,Occupancy,,Wkdy,1-Sep,31-Dec,Hourly,0,0,0,0,0,0,0,0.15,0.15,0.05,0.05,0.95,0.95,0.15,0.15,0,0,0,0,0,0,0,0,0,From DOE Reference Buildings 
PrimarySchool Cafeteria Occ,Occupancy,,Wkdy,1-Jul,1-Sep,Hourly,0,0,0,0,0,0,0,0,0,0.25,0.25,0.25,0.25,0.25,0.25,0,0,0,0,0,0,0,0,0,From DOE Reference Buildings 
PrimarySchool Cafeteria Occ,Occupancy,,Wknd,1-Sep,31-Dec,Constant,0,,,,,,,,,,,,,,,,,,,,,,,,From DOE Reference Buildings 
PrimarySchool Cafeteria Occ,Occupancy,,Wknd,1-Jul,1-Sep,Constant,0,,,,,,,,,,,,,,,,,,,,,,,,From DOE Reference Buildings 
PrimarySchool Cafeteria Occ,Occupancy,,Wknd,1-Jan,30-Jun,Constant,0,,,,,,,,,,,,,,,,,,,,,,,,From DOE Reference Buildings 
PrimarySchool Cafeteria Occ,Occupancy,,WntrDsn,1-Jan,31-Dec,Constant,0,,,,,,,,,,,,,,,,,,,,,,,,From DOE Reference Buildings 
PrimarySchool ClgSetp,Thermostat Setpoint,C,Default,1-Jan,31-Dec,Hourly,27,27,27,27,27,27,24,24,24,24,24,24,24,24,24,24,24,24,24,24,24,27,27,27,From DOE Reference Buildings 
PrimarySchool ClgSetp,Thermostat Setpoint,C,SmrDsn,1-Jan,31-Dec,Constant,24,,,,,,,,,,,,,,,,,,,,,,,,From DOE Reference Buildings 
PrimarySchool ClgSetp,Thermostat Setpoint,C,Wknd|Wkdy,1-Sep,31-Dec,Hourly,27,27,27,27,27,27,24,24,24,24,24,24,24,24,24,24,24,24,24,24,24,27,27,27,From DOE Reference Buildings 
PrimarySchool ClgSetp,Thermostat Setpoint,C,Wknd|Wkdy,1-Jul,1-Sep,Hourly,27,27,27,27,27,27,27,24,24,24,24,24,24,24,24,24,24,24,27,27,27,27,27,27,From DOE Reference Buildings 
PrimarySchool ClgSetp,Thermostat Setpoint,C,WntrDsn,1-Jan,31-Dec,Constant,27,,,,,,,,,,,,,,,,,,,,,,,,From DOE Reference Buildings 
PrimarySchool Clothing,Clothing,,Default|WntrDsn,1-Jan,31-Dec,Constant,1.1,,,,,,,,,,,,,,,,,,,,,,,,From DOE Reference Buildings 
PrimarySchool Clothing,Clothing,,SmrDsn,1-Jan,31-Dec,Constant,0.6,,,,,,,,,,,,,,,,,,,,,,,,From DOE Reference Buildings 
PrimarySchool Clothing,Clothing,,Wknd|Wkdy,1-Oct,31-Dec,Constant,1.1,,,,,,,,,,,,,,,,,,,,,,,,From DOE Reference Buildings 
PrimarySchool Clothing,Clothing,,Wknd|Wkdy,1-May,30-Sep,Constant,0.6,,,,,,,,,,,,,,,,,,,,,,,,From DOE Reference Buildings 
PrimarySchool Exterior Lights,Lighting,Dimensionless,Default|WntrDsn|SmrDsn,1-Jan,31-Dec,Hourly,0,0,0,0,0,0,0,1,1,1,1,1,1,1,1,1,1,1,1,1,1,1,1,1,
PrimarySchool Exterior Lights Always On,Lighting,Dimensionless,Default|WntrDsn|SmrDsn,1-Jan,31-Dec,Constant,1,,,,,,,,,,,,,,,,,,,,,,,,
PrimarySchool Gym Occ,Occupancy,,Default|SmrDsn,1-Jan,31-Dec,Hourly,0,0,0,0,0,0,0,0,0.35,0.35,0.35,0.35,0.35,0.35,0.35,0.35,0.95,0.95,0.95,0.95,0.95,0,0,0,From DOE Reference Buildings 
PrimarySchool Gym Occ,Occupancy,,Wkdy,1-Sep,31-Dec,Hourly,0,0,0,0,0,0,0,0,0.35,0.35,0.35,0.35,0.35,0.35,0.35,0.35,0.95,0.95,0.95,0.95,0.95,0,0,0,From DOE Reference Buildings 
PrimarySchool Gym Occ,Occupancy,,Wkdy,1-Jul,1-Sep,Hourly,0,0,0,0,0,0,0,0,0.35,0.35,0.35,0.35,0.35,0.35,0.35,0.35,0.35,0.35,0.35,0.35,0.35,0,0,0,From DOE Reference Buildings 
PrimarySchool Gym Occ,Occupancy,,Wknd,1-Sep,31-Dec,Constant,0,,,,,,,,,,,,,,,,,,,,,,,,From DOE Reference Buildings 
PrimarySchool Gym Occ,Occupancy,,Wknd,1-Jul,1-Sep,Constant,0,,,,,,,,,,,,,,,,,,,,,,,,From DOE Reference Buildings 
PrimarySchool Gym Occ,Occupancy,,Wknd,1-Jan,30-Jun,Constant,0,,,,,,,,,,,,,,,,,,,,,,,,From DOE Reference Buildings 
PrimarySchool Gym Occ,Occupancy,,WntrDsn,1-Jan,31-Dec,Constant,0,,,,,,,,,,,,,,,,,,,,,,,,From DOE Reference Buildings 
PrimarySchool HtgSetp,Thermostat Setpoint,C,Default,1-Jan,31-Dec,Hourly,16,16,16,16,16,16,21,21,21,21,21,21,21,21,21,21,21,21,21,21,21,16,16,16,From DOE Reference Buildings 
PrimarySchool HtgSetp,Thermostat Setpoint,C,SmrDsn,1-Jan,31-Dec,Constant,16,,,,,,,,,,,,,,,,,,,,,,,,From DOE Reference Buildings 
PrimarySchool HtgSetp,Thermostat Setpoint,C,Wknd|Wkdy,1-Sep,31-Dec,Hourly,16,16,16,16,16,16,21,21,21,21,21,21,21,21,21,21,21,21,21,21,21,16,16,16,From DOE Reference Buildings 
PrimarySchool HtgSetp,Thermostat Setpoint,C,Wknd|Wkdy,1-Jul,1-Sep,Hourly,16,16,16,16,16,16,16,21,21,21,21,21,21,21,21,21,21,21,16,16,16,16,16,16,From DOE Reference Buildings 
PrimarySchool HtgSetp,Thermostat Setpoint,C,WntrDsn,1-Jan,31-Dec,Constant,21,,,,,,,,,,,,,,,,,,,,,,,,From DOE Reference Buildings 
PrimarySchool Infil,Infiltration,,Default|WntrDsn|SmrDsn,1-Jan,31-Dec,Hourly,1,1,1,1,1,1,1,0.5,0.5,0.5,0.5,0.5,0.5,0.5,0.5,0.5,0.5,0.5,0.5,0.5,0.5,1,1,1,From DOE Reference Buildings 
PrimarySchool Kitchen Equip,Equipment,,Default|SmrDsn,1-Jan,31-Dec,Hourly,0.1,0.1,0.1,0.1,0.1,0.1,0.1,0.1,0.15,0.15,0.25,0.25,0.25,0.15,0.15,0.1,0.1,0.1,0.1,0.1,0.1,0.1,0.1,0.1,From DOE Reference Buildings 
PrimarySchool Kitchen Equip,Equipment,,Wkdy,1-Sep,31-Dec,Hourly,0.1,0.1,0.1,0.1,0.1,0.1,0.1,0.1,0.15,0.15,0.25,0.25,0.25,0.15,0.15,0.1,0.1,0.1,0.1,0.1,0.1,0.1,0.1,0.1,From DOE Reference Buildings 
PrimarySchool Kitchen Equip,Equipment,,Wkdy,1-Jul,1-Sep,Hourly,0.1,0.1,0.1,0.1,0.1,0.1,0.1,0.1,0.13,0.13,0.2,0.2,0.2,0.13,0.13,0.1,0.1,0.1,0.1,0.1,0.1,0.1,0.1,0.1,From DOE Reference Buildings 
PrimarySchool Kitchen Equip,Equipment,,Wknd,1-Sep,31-Dec,Constant,0.1,,,,,,,,,,,,,,,,,,,,,,,,From DOE Reference Buildings 
PrimarySchool Kitchen Equip,Equipment,,Wknd,1-Jul,1-Sep,Constant,0.1,,,,,,,,,,,,,,,,,,,,,,,,From DOE Reference Buildings 
PrimarySchool Kitchen Equip,Equipment,,Wknd,1-Jan,30-Jun,Constant,0.1,,,,,,,,,,,,,,,,,,,,,,,,From DOE Reference Buildings 
PrimarySchool Kitchen Equip,Equipment,,WntrDsn,1-Jan,31-Dec,Constant,0.1,,,,,,,,,,,,,,,,,,,,,,,,From DOE Reference Buildings 
PrimarySchool Kitchen Exhaust,Equipment,,Default|SmrDsn,1-Jan,31-Dec,Hourly,0,0,0,0,0,0,1,1,1,1,1,1,1,1,1,1,1,1,1,1,1,0,0,0,From DOE Reference Buildings 
PrimarySchool Kitchen Exhaust,Equipment,,WntrDsn|Wknd,1-Jan,31-Dec,Constant,0,,,,,,,,,,,,,,,,,,,,,,,,From DOE Reference Buildings 
PrimarySchool Kitchen Gas,Equipment,,Default|SmrDsn,1-Jan,31-Dec,Hourly,0.02,0.02,0.02,0.02,0.02,0.02,0.02,0.02,0.15,0.15,0.2,0.2,0.2,0.1,0.1,0.02,0.02,0.02,0.02,0.02,0.02,0.02,0.02,0.02,From DOE Reference Buildings 
PrimarySchool Kitchen Gas,Equipment,,Wkdy,1-Sep,31-Dec,Hourly,0.02,0.02,0.02,0.02,0.02,0.02,0.02,0.02,0.15,0.15,0.2,0.2,0.2,0.1,0.1,0.02,0.02,0.02,0.02,0.02,0.02,0.02,0.02,0.02,From DOE Reference Buildings 
PrimarySchool Kitchen Gas,Equipment,,Wkdy,1-Jul,1-Sep,Hourly,0.02,0.02,0.02,0.02,0.02,0.02,0.02,0.02,0.1,0.1,0.15,0.15,0.15,0.1,0.1,0.02,0.02,0.02,0.02,0.02,0.02,0.02,0.02,0.02,From DOE Reference Buildings 
PrimarySchool Kitchen Gas,Equipment,,Wknd,1-Sep,31-Dec,Constant,0.02,,,,,,,,,,,,,,,,,,,,,,,,From DOE Reference Buildings 
PrimarySchool Kitchen Gas,Equipment,,Wknd,1-Jul,1-Sep,Constant,0.02,,,,,,,,,,,,,,,,,,,,,,,,From DOE Reference Buildings 
PrimarySchool Kitchen Gas,Equipment,,Wknd,1-Jan,30-Jun,Constant,0.02,,,,,,,,,,,,,,,,,,,,,,,,From DOE Reference Buildings 
PrimarySchool Kitchen Gas,Equipment,,WntrDsn,1-Jan,31-Dec,Constant,0.02,,,,,,,,,,,,,,,,,,,,,,,,From DOE Reference Buildings 
PrimarySchool Offices Occ,Occupancy,,Default|SmrDsn,1-Jan,31-Dec,Hourly,0,0,0,0,0,0,0,0,0.95,0.95,0.95,0.95,0.95,0.95,0.95,0.95,0.95,0.15,0.15,0.15,0.15,0,0,0,From DOE Reference Buildings 
PrimarySchool Offices Occ,Occupancy,,Wkdy,1-Sep,31-Dec,Hourly,0,0,0,0,0,0,0,0,0.95,0.95,0.95,0.95,0.95,0.95,0.95,0.95,0.95,0.15,0.15,0.15,0.15,0,0,0,From DOE Reference Buildings 
PrimarySchool Offices Occ,Occupancy,,Wkdy,1-Jul,1-Sep,Hourly,0,0,0,0,0,0,0,0,0.5,0.5,0.5,0.5,0.5,0.5,0.5,0.5,0.5,0,0,0,0,0,0,0,From DOE Reference Buildings 
PrimarySchool Offices Occ,Occupancy,,Wknd,1-Sep,31-Dec,Constant,0,,,,,,,,,,,,,,,,,,,,,,,,From DOE Reference Buildings 
PrimarySchool Offices Occ,Occupancy,,Wknd,1-Jul,1-Sep,Constant,0,,,,,,,,,,,,,,,,,,,,,,,,From DOE Reference Buildings 
PrimarySchool Offices Occ,Occupancy,,Wknd,1-Jan,30-Jun,Constant,0,,,,,,,,,,,,,,,,,,,,,,,,From DOE Reference Buildings 
PrimarySchool Offices Occ,Occupancy,,WntrDsn,1-Jan,31-Dec,Constant,0,,,,,,,,,,,,,,,,,,,,,,,,From DOE Reference Buildings 
PrimarySchool PSZ-AC OA Damper,Operation,Dimensionless,Default|SmrDsn,1-Jan,31-Dec,Hourly,0,0,0,0,0,0,1,1,1,1,1,1,1,1,1,1,1,1,1,1,0,0,0,0,
PrimarySchool PSZ-AC OA Damper,Operation,Dimensionless,Sat|Sun|WntrDsn,1-Jan,31-Dec,Constant,0,,,,,,,,,,,,,,,,,,,,,,,,
PrimarySchool PSZ-AC Operation,Operation,Dimensionless,Default|SmrDsn,1-Jan,31-Dec,Hourly,0,0,0,0,0,0,1,1,1,1,1,1,1,1,1,1,1,1,1,1,0,0,0,0,
PrimarySchool PSZ-AC Operation,Operation,Dimensionless,Sat|Sun|WntrDsn,1-Jan,31-Dec,Constant,0,,,,,,,,,,,,,,,,,,,,,,,,
PrimarySchool VAV OA Damper,Operation,Dimensionless,Default|SmrDsn,1-Jan,31-Dec,Hourly,0,0,0,0,0,0,1,1,1,1,1,1,1,1,1,1,1,1,1,1,0,0,0,0,
PrimarySchool VAV OA Damper,Operation,Dimensionless,Sat|Sun|WntrDsn,1-Jan,31-Dec,Constant,0,,,,,,,,,,,,,,,,,,,,,,,,
PrimarySchool VAV Operation,Operation,Dimensionless,Default|SmrDsn,1-Jan,31-Dec,Hourly,0,0,0,0,0,0,1,1,1,1,1,1,1,1,1,1,1,1,1,1,0,0,0,0,
PrimarySchool VAV Operation,Operation,Dimensionless,Sat|Sun|WntrDsn,1-Jan,31-Dec,Constant,0,,,,,,,,,,,,,,,,,,,,,,,,
PrimarySchool Work Eff,Unknown,,Default|WntrDsn|SmrDsn,1-Jan,31-Dec,Constant,0,,,,,,,,,,,,,,,,,,,,,,,,From DOE Reference Buildings 
QuickServiceRestaurant Bldg Equip,Equipment,,Default|Sun|Wkdy,1-Jan,31-Dec,Hourly,0.1,0.1,0.1,0.1,0.1,0.1,0.35,0.35,0.25,0.25,0.35,0.35,0.35,0.35,0.25,0.25,0.25,0.35,0.35,0.35,0.25,0.25,0.25,0.25,From DOE Reference Buildings 
QuickServiceRestaurant Bldg Equip,Equipment,,SmrDsn,1-Jan,31-Dec,Constant,0.35,,,,,,,,,,,,,,,,,,,,,,,,From DOE Reference Buildings 
QuickServiceRestaurant Bldg Equip,Equipment,,WntrDsn,1-Jan,31-Dec,Constant,0,,,,,,,,,,,,,,,,,,,,,,,,From DOE Reference Buildings 
QuickServiceRestaurant Bldg Light,Lighting,,Default,1-Jan,31-Dec,Hourly,0.45,0.15,0.15,0.15,0.15,0.45,0.9,0.9,0.9,0.9,0.9,0.9,0.9,0.9,0.9,0.9,0.9,0.9,0.9,0.9,0.9,0.9,0.9,0.9,From DOE Reference Buildings 
QuickServiceRestaurant Bldg Light,Lighting,,SmrDsn,1-Jan,31-Dec,Constant,1,,,,,,,,,,,,,,,,,,,,,,,,From DOE Reference Buildings 
QuickServiceRestaurant Bldg Light,Lighting,,WntrDsn,1-Jan,31-Dec,Constant,0,,,,,,,,,,,,,,,,,,,,,,,,From DOE Reference Buildings 
QuickServiceRestaurant Bldg Occ,Occupancy,,Default,1-Jan,31-Dec,Hourly,0.05,0,0,0,0,0.05,0.1,0.4,0.4,0.3,0.2,0.5,0.8,0.7,0.4,0.2,0.25,0.5,0.55,0.55,0.55,0.5,0.35,0.2,From DOE Reference Buildings 
QuickServiceRestaurant Bldg Occ,Occupancy,,SmrDsn,1-Jan,31-Dec,Constant,1,,,,,,,,,,,,,,,,,,,,,,,,From DOE Reference Buildings 
QuickServiceRestaurant Bldg Occ,Occupancy,,Wknd,1-Jan,31-Dec,Hourly,0.05,0,0,0,0,0.05,0.05,0.3,0.3,0.3,0.2,0.45,0.6,0.5,0.35,0.3,0.3,0.3,0.55,0.55,0.55,0.5,0.35,0.2,From DOE Reference Buildings 
QuickServiceRestaurant Bldg Occ,Occupancy,,WntrDsn,1-Jan,31-Dec,Constant,0,,,,,,,,,,,,,,,,,,,,,,,,From DOE Reference Buildings 
QuickServiceRestaurant Bldg Swh,Service Water Heating,,Default|SmrDsn,1-Jan,31-Dec,Hourly,0.2,0,0,0,0,0,0.15,0.6,0.55,0.45,0.4,0.45,0.4,0.35,0.3,0.3,0.3,0.4,0.55,0.6,0.5,0.55,0.45,0.25,From DOE Reference Buildings 
QuickServiceRestaurant Bldg Swh,Service Water Heating,,Sun,1-Jan,31-Dec,Hourly,0.25,0,0,0,0,0,0.15,0.15,0.15,0.15,0.5,0.5,0.4,0.4,0.3,0.3,0.3,0.4,0.5,0.5,0.4,0.5,0.4,0.2,From DOE Reference Buildings 
QuickServiceRestaurant Bldg Swh,Service Water Heating,,WntrDsn|Sat,1-Jan,31-Dec,Hourly,0.2,0,0,0,0,0,0.15,0.15,0.15,0.5,0.45,0.5,0.5,0.45,0.4,0.4,0.35,0.4,0.55,0.55,0.5,0.55,0.4,0.3,From DOE Reference Buildings 
QuickServiceRestaurant ClgSetp,Thermostat Setpoint,C,Default|SmrDsn,1-Jan,31-Dec,Hourly,24,30,30,30,30,24,24,24,24,24,24,24,24,24,24,24,24,24,24,24,24,24,24,24,From DOE Reference Buildings 
QuickServiceRestaurant ClgSetp,Thermostat Setpoint,C,WntrDsn,1-Jan,31-Dec,Constant,30,,,,,,,,,,,,,,,,,,,,,,,,From DOE Reference Buildings 
QuickServiceRestaurant ClgSetp Kitchen,Thermostat Setpoint,C,Default|SmrDsn,1-Jan,31-Dec,Hourly,26,30,30,30,30,26,26,26,26,26,26,26,26,26,26,26,26,26,26,26,26,26,26,26,From DOE Reference Buildings 
QuickServiceRestaurant ClgSetp Kitchen,Thermostat Setpoint,C,WntrDsn,1-Jan,31-Dec,Constant,30,,,,,,,,,,,,,,,,,,,,,,,,From DOE Reference Buildings 
QuickServiceRestaurant Clothing,Clothing,,Default|WntrDsn,1-Jan,31-Dec,Constant,1,,,,,,,,,,,,,,,,,,,,,,,,From DOE Reference Buildings 
QuickServiceRestaurant Clothing,Clothing,,SmrDsn,1-Jan,31-Dec,Constant,0.5,,,,,,,,,,,,,,,,,,,,,,,,From DOE Reference Buildings 
QuickServiceRestaurant Clothing,Clothing,,Wknd|Wkdy,1-Oct,31-Dec,Constant,1,,,,,,,,,,,,,,,,,,,,,,,,From DOE Reference Buildings 
QuickServiceRestaurant Clothing,Clothing,,Wknd|Wkdy,1-May,30-Sep,Constant,0.5,,,,,,,,,,,,,,,,,,,,,,,,From DOE Reference Buildings 
QuickServiceRestaurant Gas Equip,Equipment,,Default,1-Jan,31-Dec,Hourly,0.02,0.02,0.02,0.02,0.02,0.03,0.09,0.14,0.1,0.1,0.22,0.27,0.24,0.21,0.14,0.13,0.15,0.17,0.17,0.17,0.15,0.14,0.12,0.02,From DOE Reference Buildings 
QuickServiceRestaurant Gas Equip,Equipment,,SmrDsn,1-Jan,31-Dec,Constant,0.25,,,,,,,,,,,,,,,,,,,,,,,,From DOE Reference Buildings 
QuickServiceRestaurant Gas Equip,Equipment,,WntrDsn,1-Jan,31-Dec,Constant,0,,,,,,,,,,,,,,,,,,,,,,,,From DOE Reference Buildings 
QuickServiceRestaurant HtgSetp,Thermostat Setpoint,C,Default,1-Jan,31-Dec,Hourly,21,15.6,15.6,15.6,15.6,21,21,21,21,21,21,21,21,21,21,21,21,21,21,21,21,21,21,21,From DOE Reference Buildings 
QuickServiceRestaurant HtgSetp,Thermostat Setpoint,C,SmrDsn,1-Jan,31-Dec,Constant,15.6,,,,,,,,,,,,,,,,,,,,,,,,From DOE Reference Buildings 
QuickServiceRestaurant HtgSetp,Thermostat Setpoint,C,WntrDsn,1-Jan,31-Dec,Constant,21,,,,,,,,,,,,,,,,,,,,,,,,From DOE Reference Buildings 
QuickServiceRestaurant HtgSetp Kitchen,Thermostat Setpoint,C,Default,1-Jan,31-Dec,Hourly,19,15.6,15.6,15.6,15.6,19,19,19,19,19,19,19,19,19,19,19,19,19,19,19,19,19,19,19,From DOE Reference Buildings 
QuickServiceRestaurant HtgSetp Kitchen,Thermostat Setpoint,C,SmrDsn,1-Jan,31-Dec,Constant,15.6,,,,,,,,,,,,,,,,,,,,,,,,From DOE Reference Buildings 
QuickServiceRestaurant HtgSetp Kitchen,Thermostat Setpoint,C,WntrDsn,1-Jan,31-Dec,Constant,19,,,,,,,,,,,,,,,,,,,,,,,,From DOE Reference Buildings 
QuickServiceRestaurant Infil Half On,Infiltration,,Default|WntrDsn|SmrDsn|Sun|Sat,1-Jan,31-Dec,Hourly,1,1,1,1,1,0.5,0.5,0.5,0.5,0.5,0.5,0.5,0.5,0.5,0.5,0.5,0.5,0.5,0.5,0.5,0.5,0.5,0.5,0.5,From DOE Reference Buildings 
QuickServiceRestaurant Kitchen Exhaust,Equipment,,Default|WntrDsn|SmrDsn,1-Jan,31-Dec,Hourly,1,0,0,0,0,1,1,1,1,1,1,1,1,1,1,1,1,1,1,1,1,1,1,1,From DOE Reference Buildings 
QuickServiceRestaurant Work Eff,Unknown,,Default|WntrDsn|SmrDsn,1-Jan,31-Dec,Constant,0,,,,,,,,,,,,,,,,,,,,,,,,From DOE Reference Buildings 
RestaurantFastFood AIR_VELO_SCH,Unknown,W,Default|WntrDsn|SmrDsn,1-Jan,31-Dec,Constant,0.2,,,,,,,,,,,,,,,,,,,,,,,,From DOE Prototype Buildings
RestaurantFastFood ALWAYS_OFF,Unknown,,Default|WntrDsn|SmrDsn,1-Jan,31-Dec,Constant,0,,,,,,,,,,,,,,,,,,,,,,,,From DOE Prototype Buildings
RestaurantFastFood ALWAYS_ON,Unknown,,Default|WntrDsn|SmrDsn,1-Jan,31-Dec,Constant,1,,,,,,,,,,,,,,,,,,,,,,,,From DOE Prototype Buildings
RestaurantFastFood BLDG_EQUIP_SCH,Equipment,,Default|Sat|Wkdy,1-Jan,31-Dec,Hourly,0.03,0.02,0.03,0.02,0.05,0.12,0.13,0.15,0.18,0.21,0.26,0.29,0.27,0.25,0.23,0.23,0.26,0.26,0.24,0.22,0.2,0.18,0.09,0.03,From DOE Prototype Buildings
RestaurantFastFood BLDG_EQUIP_SCH,Equipment,,SmrDsn,1-Jan,31-Dec,Constant,0.29,,,,,,,,,,,,,,,,,,,,,,,,From DOE Prototype Buildings
RestaurantFastFood BLDG_EQUIP_SCH,Equipment,,WntrDsn,1-Jan,31-Dec,Constant,0,,,,,,,,,,,,,,,,,,,,,,,,From DOE Prototype Buildings
RestaurantFastFood BLDG_LIGHT_DINING_SCH_2004_2007,Lighting,,Default,1-Jan,31-Dec,Hourly,0.2,0.15,0.15,0.15,0.15,0.15,0.3,0.3,0.5,0.5,0.7,0.7,0.7,0.7,0.7,0.7,0.6,0.6,0.6,0.6,0.6,0.6,0.5,0.3,From DOE Prototype Buildings
RestaurantFastFood BLDG_LIGHT_DINING_SCH_2004_2007,Lighting,,Sat,1-Jan,31-Dec,Hourly,0.2,0.15,0.15,0.15,0.15,0.15,0.3,0.3,0.6,0.6,0.8,0.8,0.8,0.8,0.8,0.8,0.8,0.9,0.9,0.9,0.9,0.9,0.5,0.3,From DOE Prototype Buildings
RestaurantFastFood BLDG_LIGHT_DINING_SCH_2004_2007,Lighting,,SmrDsn,1-Jan,31-Dec,Constant,1,,,,,,,,,,,,,,,,,,,,,,,,From DOE Prototype Buildings
RestaurantFastFood BLDG_LIGHT_DINING_SCH_2004_2007,Lighting,,Wkdy,1-Jan,31-Dec,Hourly,0.15,0.15,0.15,0.15,0.15,0.2,0.4,0.4,0.6,0.6,0.9,0.9,0.9,0.9,0.9,0.9,0.9,0.9,0.9,0.9,0.9,0.9,0.5,0.3,From DOE Prototype Buildings
RestaurantFastFood BLDG_LIGHT_DINING_SCH_2004_2007,Lighting,,WntrDsn,1-Jan,31-Dec,Constant,0,,,,,,,,,,,,,,,,,,,,,,,,From DOE Prototype Buildings
RestaurantFastFood BLDG_LIGHT_DINING_SCH_2010,Lighting,,Default,1-Jan,31-Dec,Hourly,0.19034,0.15,0.15,0.15,0.15,0.15,0.28551,0.28551,0.47585,0.47585,0.66619,0.66619,0.66619,0.66619,0.66619,0.66619,0.57102,0.57102,0.57102,0.57102,0.57102,0.57102,0.47585,0.28551,From DOE Prototype Buildings
RestaurantFastFood BLDG_LIGHT_DINING_SCH_2010,Lighting,,Sat,1-Jan,31-Dec,Hourly,0.19034,0.15,0.15,0.15,0.15,0.15,0.28551,0.28551,0.57102,0.57102,0.76136,0.76136,0.76136,0.76136,0.76136,0.76136,0.76136,0.85653,0.85653,0.85653,0.85653,0.85653,0.47585,0.28551,From DOE Prototype Buildings
RestaurantFastFood BLDG_LIGHT_DINING_SCH_2010,Lighting,,SmrDsn,1-Jan,31-Dec,Constant,1,,,,,,,,,,,,,,,,,,,,,,,,From DOE Prototype Buildings
RestaurantFastFood BLDG_LIGHT_DINING_SCH_2010,Lighting,,Wkdy,1-Jan,31-Dec,Hourly,0.142755,0.15,0.15,0.15,0.15,0.19034,0.38068,0.38068,0.57102,0.57102,0.85653,0.85653,0.85653,0.85653,0.85653,0.85653,0.85653,0.85653,0.85653,0.85653,0.85653,0.85653,0.47585,0.28551,From DOE Prototype Buildings
RestaurantFastFood BLDG_LIGHT_DINING_SCH_2010,Lighting,,WntrDsn,1-Jan,31-Dec,Constant,0,,,,,,,,,,,,,,,,,,,,,,,,From DOE Prototype Buildings
RestaurantFastFood BLDG_LIGHT_DINING_SCH_2013,Lighting,,Default,1-Jan,31-Dec,Hourly,0.1865,0.15,0.15,0.15,0.15,0.15,0.2797,0.2797,0.4662,0.4662,0.6527,0.6527,0.6527,0.6527,0.6527,0.6527,0.5594,0.5594,0.5594,0.5594,0.5594,0.5594,0.4662,0.2797,From DOE Prototype Buildings
RestaurantFastFood BLDG_LIGHT_DINING_SCH_2013,Lighting,,Sat,1-Jan,31-Dec,Hourly,0.1865,0.15,0.15,0.15,0.15,0.15,0.2797,0.2797,0.5594,0.5594,0.7459,0.7459,0.7459,0.7459,0.7459,0.7459,0.7459,0.8391,0.8391,0.8391,0.8391,0.8391,0.4662,0.2797,From DOE Prototype Buildings
RestaurantFastFood BLDG_LIGHT_DINING_SCH_2013,Lighting,,SmrDsn,1-Jan,31-Dec,Constant,1,,,,,,,,,,,,,,,,,,,,,,,,From DOE Prototype Buildings
RestaurantFastFood BLDG_LIGHT_DINING_SCH_2013,Lighting,,Wkdy,1-Jan,31-Dec,Hourly,0.1399,0.15,0.15,0.15,0.15,0.1865,0.373,0.373,0.5594,0.5594,0.8391,0.8391,0.8391,0.8391,0.8391,0.8391,0.8391,0.8391,0.8391,0.8391,0.8391,0.8391,0.4662,0.2797,From DOE Prototype Buildings
RestaurantFastFood BLDG_LIGHT_DINING_SCH_2013,Lighting,,WntrDsn,1-Jan,31-Dec,Constant,0,,,,,,,,,,,,,,,,,,,,,,,,From DOE Prototype Buildings
RestaurantFastFood BLDG_LIGHT_KITCHEN_SCH_2004_2007,Lighting,,Default,1-Jan,31-Dec,Hourly,0.2,0.15,0.15,0.15,0.15,0.15,0.3,0.3,0.5,0.5,0.7,0.7,0.7,0.7,0.7,0.7,0.6,0.6,0.6,0.6,0.6,0.6,0.5,0.3,From DOE Prototype Buildings
RestaurantFastFood BLDG_LIGHT_KITCHEN_SCH_2004_2007,Lighting,,Sat,1-Jan,31-Dec,Hourly,0.2,0.15,0.15,0.15,0.15,0.15,0.3,0.3,0.6,0.6,0.8,0.8,0.8,0.8,0.8,0.8,0.8,0.9,0.9,0.9,0.9,0.9,0.5,0.3,From DOE Prototype Buildings
RestaurantFastFood BLDG_LIGHT_KITCHEN_SCH_2004_2007,Lighting,,SmrDsn,1-Jan,31-Dec,Constant,1,,,,,,,,,,,,,,,,,,,,,,,,From DOE Prototype Buildings
RestaurantFastFood BLDG_LIGHT_KITCHEN_SCH_2004_2007,Lighting,,Wkdy,1-Jan,31-Dec,Hourly,0.15,0.15,0.15,0.15,0.15,0.2,0.4,0.4,0.6,0.6,0.9,0.9,0.9,0.9,0.9,0.9,0.9,0.9,0.9,0.9,0.9,0.9,0.5,0.3,From DOE Prototype Buildings
RestaurantFastFood BLDG_LIGHT_KITCHEN_SCH_2004_2007,Lighting,,WntrDsn,1-Jan,31-Dec,Constant,0,,,,,,,,,,,,,,,,,,,,,,,,From DOE Prototype Buildings
RestaurantFastFood BLDG_LIGHT_KITCHEN_SCH_2010_2013,Lighting,,Default,1-Jan,31-Dec,Hourly,0.17776,0.15,0.15,0.15,0.15,0.15,0.26664,0.26664,0.4444,0.4444,0.62216,0.62216,0.62216,0.62216,0.62216,0.62216,0.53328,0.53328,0.53328,0.53328,0.53328,0.53328,0.4444,0.26664,From DOE Prototype Buildings
RestaurantFastFood BLDG_LIGHT_KITCHEN_SCH_2010_2013,Lighting,,Sat,1-Jan,31-Dec,Hourly,0.17776,0.15,0.15,0.15,0.15,0.15,0.26664,0.26664,0.53328,0.53328,0.71104,0.71104,0.71104,0.71104,0.71104,0.71104,0.71104,0.79992,0.79992,0.79992,0.79992,0.79992,0.4444,0.26664,From DOE Prototype Buildings
RestaurantFastFood BLDG_LIGHT_KITCHEN_SCH_2010_2013,Lighting,,SmrDsn,1-Jan,31-Dec,Constant,1,,,,,,,,,,,,,,,,,,,,,,,,From DOE Prototype Buildings
RestaurantFastFood BLDG_LIGHT_KITCHEN_SCH_2010_2013,Lighting,,Wkdy,1-Jan,31-Dec,Hourly,0.13332,0.15,0.15,0.15,0.15,0.17776,0.35552,0.35552,0.53328,0.53328,0.79992,0.79992,0.79992,0.79992,0.79992,0.79992,0.79992,0.79992,0.79992,0.79992,0.79992,0.79992,0.4444,0.26664,From DOE Prototype Buildings
RestaurantFastFood BLDG_LIGHT_KITCHEN_SCH_2010_2013,Lighting,,WntrDsn,1-Jan,31-Dec,Constant,0,,,,,,,,,,,,,,,,,,,,,,,,From DOE Prototype Buildings
RestaurantFastFood BLDG_LIGHT_SCH,Lighting,,Default,1-Jan,31-Dec,Hourly,0.2,0.15,0.15,0.15,0.15,0.15,0.3,0.3,0.6,0.6,0.8,0.8,0.8,0.8,0.8,0.8,0.8,0.9,0.9,0.9,0.9,0.9,0.5,0.3,From DOE Prototype Buildings
RestaurantFastFood BLDG_LIGHT_SCH,Lighting,,SmrDsn,1-Jan,31-Dec,Constant,1,,,,,,,,,,,,,,,,,,,,,,,,From DOE Prototype Buildings
RestaurantFastFood BLDG_LIGHT_SCH,Lighting,,Sun|Wkdy,1-Jan,31-Dec,Hourly,0.2,0.15,0.15,0.15,0.15,0.15,0.3,0.3,0.5,0.5,0.7,0.7,0.7,0.7,0.7,0.7,0.6,0.6,0.6,0.6,0.6,0.6,0.5,0.3,From DOE Prototype Buildings
RestaurantFastFood BLDG_LIGHT_SCH,Lighting,,WntrDsn,1-Jan,31-Dec,Constant,0,,,,,,,,,,,,,,,,,,,,,,,,From DOE Prototype Buildings
RestaurantFastFood BLDG_OCC_SCH,Occupancy,,Default,1-Jan,31-Dec,Hourly,0.05,0,0,0,0,0,0.05,0.5,0.5,0.2,0.2,0.3,0.5,0.5,0.3,0.2,0.25,0.35,0.55,0.65,0.7,0.35,0.2,0.2,From DOE Prototype Buildings
RestaurantFastFood BLDG_OCC_SCH,Occupancy,,Sat,1-Jan,31-Dec,Hourly,0.05,0,0,0,0,0,0.05,0.5,0.5,0.4,0.2,0.45,0.5,0.5,0.35,0.3,0.3,0.3,0.7,0.9,0.7,0.65,0.55,0.35,From DOE Prototype Buildings
RestaurantFastFood BLDG_OCC_SCH,Occupancy,,SmrDsn,1-Jan,31-Dec,Constant,1,,,,,,,,,,,,,,,,,,,,,,,,From DOE Prototype Buildings
RestaurantFastFood BLDG_OCC_SCH,Occupancy,,Wkdy,1-Jan,31-Dec,Hourly,0.05,0,0,0,0,0.05,0.1,0.4,0.4,0.4,0.2,0.5,0.8,0.7,0.4,0.2,0.25,0.5,0.8,0.8,0.8,0.5,0.35,0.2,From DOE Prototype Buildings
RestaurantFastFood BLDG_OCC_SCH,Occupancy,,WntrDsn,1-Jan,31-Dec,Constant,0,,,,,,,,,,,,,,,,,,,,,,,,From DOE Prototype Buildings
RestaurantFastFood BLDG_SWH_SCH,Service Water Heating,,Default,1-Jan,31-Dec,Hourly,0,0,0,0,0,0,0,0.15,0.15,0.15,0.1,0.72,0.6,0.98,0.92,0.25,0.25,0.23,0.16,0.1,0.4,0.42,0.43,0,From DOE Prototype Buildings
RestaurantFastFood BLDG_SWH_SCH,Service Water Heating,,Wkdy,1-Jan,31-Dec,Hourly,0,0,0,0,0,0,0.15,0.15,0.33,0.13,0.1,0.72,0.31,0.98,0.92,0.22,0.31,0.23,0.16,0.1,0.4,0.42,0.43,0.15,From DOE Prototype Buildings
RestaurantFastFood BLDG_SWH_SCH,Service Water Heating,,WntrDsn|SmrDsn,1-Jan,31-Dec,Hourly,0,0,0,0,0,0,0,0.15,0.15,0.15,0.1,0.72,0.6,0.98,0.92,0.25,0.25,0.23,0.16,0.1,0.4,0.42,0.43,0.15,From DOE Prototype Buildings
RestaurantFastFood CLGSETP_KITCHEN_SCH_NO_OPTIMUM,Thermostat Setpoint,C,Default|Sat|Wkdy,1-Jan,31-Dec,Hourly,30,30,30,26.11,26.11,26.11,26.11,26.11,26.11,26.11,26.11,26.11,26.11,26.11,26.11,26.11,26.11,26.11,26.11,26.11,26.11,26.11,26.11,26.11,From DOE Prototype Buildings
RestaurantFastFood CLGSETP_KITCHEN_SCH_NO_OPTIMUM,Thermostat Setpoint,C,SmrDsn,1-Jan,31-Dec,Hourly,30,30,30,30,30,28.33,26.11,26.11,26.11,26.11,26.11,26.11,26.11,26.11,26.11,26.11,26.11,26.11,26.11,26.11,26.11,26.11,26.11,26.11,From DOE Prototype Buildings
RestaurantFastFood CLGSETP_KITCHEN_SCH_NO_OPTIMUM,Thermostat Setpoint,C,WntrDsn,1-Jan,31-Dec,Constant,30,,,,,,,,,,,,,,,,,,,,,,,,From DOE Prototype Buildings
RestaurantFastFood CLGSETP_KITCHEN_SCH_NO_SETBACK,Thermostat Setpoint,C,Default|Sat|Wkdy,1-Jan,31-Dec,Constant,26.11,,,,,,,,,,,,,,,,,,,,,,,,From DOE Prototype Buildings
RestaurantFastFood CLGSETP_KITCHEN_SCH_NO_SETBACK,Thermostat Setpoint,C,SmrDsn,1-Jan,31-Dec,Hourly,30,30,30,30,30,28.33,26.11,26.11,26.11,26.11,26.11,26.11,26.11,26.11,26.11,26.11,26.11,26.11,26.11,26.11,26.11,26.11,26.11,26.11,From DOE Prototype Buildings
RestaurantFastFood CLGSETP_KITCHEN_SCH_NO_SETBACK,Thermostat Setpoint,C,WntrDsn,1-Jan,31-Dec,Constant,30,,,,,,,,,,,,,,,,,,,,,,,,From DOE Prototype Buildings
RestaurantFastFood CLGSETP_KITCHEN_SCH_YES_OPTIMUM,Thermostat Setpoint,C,Default|Sat|Wkdy,1-Jan,31-Dec,Hourly,30,30,30,28.9,27.8,26.11,26.11,26.11,26.11,26.11,26.11,26.11,26.11,26.11,26.11,26.11,26.11,26.11,26.11,26.11,26.11,26.11,26.11,26.11,From DOE Prototype Buildings
RestaurantFastFood CLGSETP_KITCHEN_SCH_YES_OPTIMUM,Thermostat Setpoint,C,SmrDsn,1-Jan,31-Dec,Hourly,30,30,30,30,30,28.33,26.11,26.11,26.11,26.11,26.11,26.11,26.11,26.11,26.11,26.11,26.11,26.11,26.11,26.11,26.11,26.11,26.11,26.11,From DOE Prototype Buildings
RestaurantFastFood CLGSETP_KITCHEN_SCH_YES_OPTIMUM,Thermostat Setpoint,C,WntrDsn,1-Jan,31-Dec,Constant,30,,,,,,,,,,,,,,,,,,,,,,,,From DOE Prototype Buildings
RestaurantFastFood CLGSETP_SCH_NO_OPTIMUM,Thermostat Setpoint,C,Default|Sat|Wkdy,1-Jan,31-Dec,Hourly,30,30,30,23.89,23.89,23.89,23.89,23.89,23.89,23.89,23.89,23.89,23.89,23.89,23.89,23.89,23.89,23.89,23.89,23.89,23.89,23.89,23.89,23.89,From DOE Prototype Buildings
RestaurantFastFood CLGSETP_SCH_NO_OPTIMUM,Thermostat Setpoint,C,SmrDsn,1-Jan,31-Dec,Hourly,30,30,30,30,30,26.67,23.89,23.89,23.89,23.89,23.89,23.89,23.89,23.89,23.89,23.89,23.89,23.89,23.89,23.89,23.89,23.89,23.89,23.89,From DOE Prototype Buildings
RestaurantFastFood CLGSETP_SCH_NO_OPTIMUM,Thermostat Setpoint,C,WntrDsn,1-Jan,31-Dec,Constant,30,,,,,,,,,,,,,,,,,,,,,,,,From DOE Prototype Buildings
RestaurantFastFood CLGSETP_SCH_NO_SETBACK,Thermostat Setpoint,C,Default|Sat|Wkdy,1-Jan,31-Dec,Constant,23.89,,,,,,,,,,,,,,,,,,,,,,,,From DOE Prototype Buildings
RestaurantFastFood CLGSETP_SCH_NO_SETBACK,Thermostat Setpoint,C,SmrDsn,1-Jan,31-Dec,Hourly,30,30,30,30,30,26.67,23.89,23.89,23.89,23.89,23.89,23.89,23.89,23.89,23.89,23.89,23.89,23.89,23.89,23.89,23.89,23.89,23.89,23.89,From DOE Prototype Buildings
RestaurantFastFood CLGSETP_SCH_NO_SETBACK,Thermostat Setpoint,C,WntrDsn,1-Jan,31-Dec,Constant,30,,,,,,,,,,,,,,,,,,,,,,,,From DOE Prototype Buildings
RestaurantFastFood CLGSETP_SCH_YES_OPTIMUM,Thermostat Setpoint,C,Default|Sat|Wkdy,1-Jan,31-Dec,Hourly,30,30,30,27.8,25.6,23.89,23.89,23.89,23.89,23.89,23.89,23.89,23.89,23.89,23.89,23.89,23.89,23.89,23.89,23.89,23.89,23.89,23.89,23.89,From DOE Prototype Buildings
RestaurantFastFood CLGSETP_SCH_YES_OPTIMUM,Thermostat Setpoint,C,SmrDsn,1-Jan,31-Dec,Hourly,30,30,30,30,30,26.67,23.89,23.89,23.89,23.89,23.89,23.89,23.89,23.89,23.89,23.89,23.89,23.89,23.89,23.89,23.89,23.89,23.89,23.89,From DOE Prototype Buildings
RestaurantFastFood CLGSETP_SCH_YES_OPTIMUM,Thermostat Setpoint,C,WntrDsn,1-Jan,31-Dec,Constant,30,,,,,,,,,,,,,,,,,,,,,,,,From DOE Prototype Buildings
RestaurantFastFood CLOTHING_SCH,Clothing,W,Default|SmrDsn,1-Jan,31-Dec,Constant,0.5,,,,,,,,,,,,,,,,,,,,,,,,From DOE Prototype Buildings
RestaurantFastFood CLOTHING_SCH,Clothing,W,Wknd|Wkdy,1-Oct,31-Dec,Constant,1,,,,,,,,,,,,,,,,,,,,,,,,From DOE Prototype Buildings
RestaurantFastFood CLOTHING_SCH,Clothing,W,Wknd|Wkdy,1-Jan,30-Apr,Constant,1,,,,,,,,,,,,,,,,,,,,,,,,From DOE Prototype Buildings
RestaurantFastFood CLOTHING_SCH,Clothing,W,WntrDsn,1-Jan,31-Dec,Constant,1,,,,,,,,,,,,,,,,,,,,,,,,From DOE Prototype Buildings
RestaurantFastFood DOOR_INFIL_SCH,Infiltration,,Default,1-Jan,31-Dec,Hourly,0,0,0,0,0,0,0.144,0.558,0.558,0.258,0.258,0.363,0.558,0.558,0.363,0.258,0.363,0.462,0.558,0.65,0.74,0.462,0.258,0.258,From DOE Prototype Buildings
RestaurantFastFood DOOR_INFIL_SCH,Infiltration,,Sat,1-Jan,31-Dec,Hourly,0,0,0,0,0,0,0.144,0.558,0.558,0.462,0.258,0.462,0.558,0.558,0.462,0.363,0.363,0.363,0.74,0.915,0.74,0.65,0.558,0.363,From DOE Prototype Buildings
RestaurantFastFood DOOR_INFIL_SCH,Infiltration,,SmrDsn,1-Jan,31-Dec,Constant,1,,,,,,,,,,,,,,,,,,,,,,,,From DOE Prototype Buildings
RestaurantFastFood DOOR_INFIL_SCH,Infiltration,,Wkdy,1-Jan,31-Dec,Hourly,0,0,0,0,0,0,0.144,0.462,0.462,0.462,0.258,0.558,0.829,0.74,0.462,0.258,0.363,0.558,0.829,0.829,0.829,0.558,0.363,0.258,From DOE Prototype Buildings
RestaurantFastFood DOOR_INFIL_SCH,Infiltration,,WntrDsn,1-Jan,31-Dec,Constant,0,,,,,,,,,,,,,,,,,,,,,,,,From DOE Prototype Buildings
RestaurantFastFood Dual Zone Control Type Sched,Unknown,,Default|WntrDsn|SmrDsn,1-Jan,31-Dec,Constant,4,,,,,,,,,,,,,,,,,,,,,,,,From DOE Prototype Buildings
RestaurantFastFood Exterior_Lgt_189_1,Unknown,,Default|WntrDsn|SmrDsn,1-Jan,31-Dec,Hourly,1,0.5,0.5,0.5,0.5,0.5,0.5,0.5,0.5,1,1,1,1,1,1,1,1,1,1,1,1,1,1,1,From DOE Prototype Buildings
RestaurantFastFood Exterior_Lgt_ALWAYS_ON,Unknown,,Default|WntrDsn|SmrDsn,1-Jan,31-Dec,Constant,1,,,,,,,,,,,,,,,,,,,,,,,,From DOE Prototype Buildings
RestaurantFastFood Exterior_lighting_schedule_a,Lighting,,Default|WntrDsn|SmrDsn,1-Jan,31-Dec,Hourly,0,0,0,0,0,0,1,1,1,1,1,1,1,1,1,1,1,1,1,1,1,1,1,1,From DOE Prototype Buildings
RestaurantFastFood Exterior_lighting_schedule_b,Lighting,,Default|WntrDsn|SmrDsn,1-Jan,31-Dec,Hourly,0.7,0.7,0.7,0.7,0.7,0.7,1,1,1,1,1,1,1,1,1,1,1,1,1,1,1,1,1,1,From DOE Prototype Buildings
RestaurantFastFood FAN_SCH,Unknown,,Default|WntrDsn|SmrDsn,1-Jan,31-Dec,Constant,1,,,,,,,,,,,,,,,,,,,,,,,,From DOE Prototype Buildings
RestaurantFastFood FF_GAS_EQUIP_SCH,Equipment,,Default|Sat|Wkdy,1-Jan,31-Dec,Hourly,0.03,0.02,0.03,0.02,0.05,0.12,0.13,0.15,0.18,0.21,0.26,0.29,0.27,0.25,0.23,0.23,0.26,0.26,0.24,0.22,0.2,0.18,0.09,0.03,From DOE Prototype Buildings
RestaurantFastFood FF_GAS_EQUIP_SCH,Equipment,,SmrDsn,1-Jan,31-Dec,Constant,0.29,,,,,,,,,,,,,,,,,,,,,,,,From DOE Prototype Buildings
RestaurantFastFood FF_GAS_EQUIP_SCH,Equipment,,WntrDsn,1-Jan,31-Dec,Constant,0,,,,,,,,,,,,,,,,,,,,,,,,From DOE Prototype Buildings
RestaurantFastFood Hours_of_operation,Operation,,Default|WntrDsn|SmrDsn|Sun|Wkdy,1-Jan,31-Dec,Hourly,1,0,0,0,0,1,1,1,1,1,1,1,1,1,1,1,1,1,1,1,1,1,1,1,From DOE Prototype Buildings
RestaurantFastFood HTGSETP_KITCHEN_SCH_NO_OPTIMUM,Thermostat Setpoint,C,Default|Sat|Wkdy,1-Jan,31-Dec,Hourly,15.56,15.56,15.56,18.89,18.89,18.89,18.89,18.89,18.89,18.89,18.89,18.89,18.89,18.89,18.89,18.89,18.89,18.89,18.89,18.89,18.89,18.89,18.89,18.89,From DOE Prototype Buildings
RestaurantFastFood HTGSETP_KITCHEN_SCH_NO_OPTIMUM,Thermostat Setpoint,C,SmrDsn,1-Jan,31-Dec,Constant,15.56,,,,,,,,,,,,,,,,,,,,,,,,From DOE Prototype Buildings
RestaurantFastFood HTGSETP_KITCHEN_SCH_NO_OPTIMUM,Thermostat Setpoint,C,WntrDsn,1-Jan,31-Dec,Hourly,15.56,15.56,15.56,15.56,15.56,17.22,18.89,18.89,18.89,18.89,18.89,18.89,18.89,18.89,18.89,18.89,18.89,18.89,18.89,18.89,18.89,18.89,18.89,18.89,From DOE Prototype Buildings
RestaurantFastFood HTGSETP_KITCHEN_SCH_YES_OPTIMUM,Thermostat Setpoint,C,Default|Sat|Wkdy,1-Jan,31-Dec,Hourly,15.56,15.56,15.56,16.7,17.8,18.89,18.89,18.89,18.89,18.89,18.89,18.89,18.89,18.89,18.89,18.89,18.89,18.89,18.89,18.89,18.89,18.89,18.89,18.89,From DOE Prototype Buildings
RestaurantFastFood HTGSETP_KITCHEN_SCH_YES_OPTIMUM,Thermostat Setpoint,C,SmrDsn,1-Jan,31-Dec,Constant,15.56,,,,,,,,,,,,,,,,,,,,,,,,From DOE Prototype Buildings
RestaurantFastFood HTGSETP_KITCHEN_SCH_YES_OPTIMUM,Thermostat Setpoint,C,WntrDsn,1-Jan,31-Dec,Hourly,15.56,15.56,15.56,15.56,15.56,17.22,18.89,18.89,18.89,18.89,18.89,18.89,18.89,18.89,18.89,18.89,18.89,18.89,18.89,18.89,18.89,18.89,18.89,18.89,From DOE Prototype Buildings
RestaurantFastFood HTGSETP_SCH_NO_OPTIMUM,Thermostat Setpoint,C,Default|Sat|Wkdy,1-Jan,31-Dec,Hourly,15.56,15.56,15.56,21.11,21.11,21.11,21.11,21.11,21.11,21.11,21.11,21.11,21.11,21.11,21.11,21.11,21.11,21.11,21.11,21.11,21.11,21.11,21.11,21.11,From DOE Prototype Buildings
RestaurantFastFood HTGSETP_SCH_NO_OPTIMUM,Thermostat Setpoint,C,SmrDsn,1-Jan,31-Dec,Constant,15.56,,,,,,,,,,,,,,,,,,,,,,,,From DOE Prototype Buildings
RestaurantFastFood HTGSETP_SCH_NO_OPTIMUM,Thermostat Setpoint,C,WntrDsn,1-Jan,31-Dec,Hourly,15.56,15.56,15.56,15.56,15.56,18.33,21.11,21.11,21.11,21.11,21.11,21.11,21.11,21.11,21.11,21.11,21.11,21.11,21.11,21.11,21.11,21.11,21.11,21.11,From DOE Prototype Buildings
RestaurantFastFood HTGSETP_SCH_YES_OPTIMUM,Thermostat Setpoint,C,Default|Sat|Wkdy,1-Jan,31-Dec,Hourly,15.56,15.56,15.56,17.8,20,21.11,21.11,21.11,21.11,21.11,21.11,21.11,21.11,21.11,21.11,21.11,21.11,21.11,21.11,21.11,21.11,21.11,21.11,21.11,From DOE Prototype Buildings
RestaurantFastFood HTGSETP_SCH_YES_OPTIMUM,Thermostat Setpoint,C,SmrDsn,1-Jan,31-Dec,Constant,15.56,,,,,,,,,,,,,,,,,,,,,,,,From DOE Prototype Buildings
RestaurantFastFood HTGSETP_SCH_YES_OPTIMUM,Thermostat Setpoint,C,WntrDsn,1-Jan,31-Dec,Hourly,15.56,15.56,15.56,15.56,15.56,18.33,21.11,21.11,21.11,21.11,21.11,21.11,21.11,21.11,21.11,21.11,21.11,21.11,21.11,21.11,21.11,21.11,21.11,21.11,From DOE Prototype Buildings
RestaurantFastFood HVACOperationSchd,Operation,,Default|WntrDsn|SmrDsn|Sun|Wkdy,1-Jan,31-Dec,Hourly,1,0,0,0,0,1,1,1,1,1,1,1,1,1,1,1,1,1,1,1,1,1,1,1,From DOE Prototype Buildings
RestaurantFastFood INFIL_SCH_PNNL,Infiltration,,Default|WntrDsn|SmrDsn|Sat|Wkdy,1-Jan,31-Dec,Hourly,0.25,1,1,1,1,0.25,0.25,0.25,0.25,0.25,0.25,0.25,0.25,0.25,0.25,0.25,0.25,0.25,0.25,0.25,0.25,0.25,0.25,0.25,From DOE Prototype Buildings
RestaurantFastFood Kitchen Exhaust Fan Balanced Exhaust Fraction Schedule_2004,Equipment,,Default|WntrDsn|SmrDsn|Sun|Wkdy,1-Jan,31-Dec,Hourly,0.53051147,0,0,0,0,0.53051147,0.53051147,0.53051147,0.53051147,0.53051147,0.53051147,0.53051147,0.53051147,0.53051147,0.53051147,0.53051147,0.53051147,0.53051147,0.53051147,0.53051147,0.53051147,0.53051147,0.53051147,0.53051147,From DOE Prototype Buildings
RestaurantFastFood Kitchen Exhaust Fan Balanced Exhaust Fraction Schedule_2007_2010_2013,Equipment,,Default|WntrDsn|SmrDsn|Sun|Wkdy,1-Jan,31-Dec,Hourly,0.53051147,0,0,0,0,0.53051147,0.53051147,0.53051147,0.53051147,0.53051147,0.53051147,0.53051147,0.53051147,0.53051147,0.53051147,0.53051147,0.53051147,0.53051147,0.53051147,0.53051147,0.53051147,0.53051147,0.53051147,0.53051147,From DOE Prototype Buildings
RestaurantFastFood Kitchen Water Equipment Hot Supply Temp Sched,Equipment,C,Default|WntrDsn|SmrDsn,1-Jan,31-Dec,Constant,55,,,,,,,,,,,,,,,,,,,,,,,,From DOE Prototype Buildings
RestaurantFastFood Kitchen Water Equipment Latent fract sched,Equipment,,Default|WntrDsn|SmrDsn,1-Jan,31-Dec,Constant,0.05,,,,,,,,,,,,,,,,,,,,,,,,From DOE Prototype Buildings
RestaurantFastFood Kitchen Water Equipment Sensible fract sched,Equipment,,Default|WntrDsn|SmrDsn,1-Jan,31-Dec,Constant,0.2,,,,,,,,,,,,,,,,,,,,,,,,From DOE Prototype Buildings
RestaurantFastFood Kitchen Water Equipment Temp Sched,Equipment,C,Default|WntrDsn|SmrDsn,1-Jan,31-Dec,Constant,60,,,,,,,,,,,,,,,,,,,,,,,,From DOE Prototype Buildings
RestaurantFastFood Kitchen_Case:1_WALKINFREEZER_WalkInStockingSched,Equipment,W,Default,1-Jan,31-Dec,Hourly,0,0,0,0,725,417,290,0,0,0,0,0,0,0,0,0,0,0,0,0,0,0,0,0,From DOE Prototype Buildings
RestaurantFastFood Kitchen_Case:1_WALKINFREEZER_WalkInStockingSched,Equipment,W,WntrDsn|SmrDsn|Wknd|Mon|Wed|Thu,1-Jan,31-Dec,Hourly,0,0,0,0,125,117,90,0,0,0,0,0,0,0,0,0,0,0,0,125,117,90,0,0,From DOE Prototype Buildings
RestaurantFastFood Kitchen_Case:2_SELFCONTAINEDDISPLAYCASE_CaseStockingSched,Equipment,W,Default|WntrDsn|SmrDsn,1-Jan,31-Dec,Hourly,0,0,0,0,0,0,50,70,70,80,70,50,50,80,90,80,0,0,0,0,0,0,0,0,From DOE Prototype Buildings
RestaurantFastFood Kitchen_Exhaust_SCH,Equipment,,Default|WntrDsn|SmrDsn|Sun|Wkdy,1-Jan,31-Dec,Hourly,1,0,0,0,0,1,1,1,1,1,1,1,1,1,1,1,1,1,1,1,1,1,1,1,From DOE Prototype Buildings
RestaurantFastFood MinOA_FFKitch_Sched,OA Air,,Default|SmrDsn|Sat|Wkdy,1-Jan,31-Dec,Hourly,0,0,0,0,0,0,1,1,1,1,1,1,1,1,1,1,1,1,1,1,1,1,1,1,From DOE Prototype Buildings
RestaurantFastFood MinOA_FFKitch_Sched,OA Air,,WntrDsn,1-Jan,31-Dec,Constant,1,,,,,,,,,,,,,,,,,,,,,,,,From DOE Prototype Buildings
RestaurantFastFood MinOA_MotorizedDamper_Sched,OA Air,,Default|WntrDsn|SmrDsn|Sun|Wkdy,1-Jan,31-Dec,Hourly,1,0,0,0,0,0,1,1,1,1,1,1,1,1,1,1,1,1,1,1,1,1,1,1,From DOE Prototype Buildings
RestaurantFastFood MinOA_Sched,OA Air,,Default|WntrDsn|SmrDsn,1-Jan,31-Dec,Constant,1,,,,,,,,,,,,,,,,,,,,,,,,From DOE Prototype Buildings
RestaurantFastFood PlantOnSched,Unknown,,Default|WntrDsn|SmrDsn,1-Jan,31-Dec,Constant,1,,,,,,,,,,,,,,,,,,,,,,,,From DOE Prototype Buildings
RestaurantFastFood SHADING_SCH,Unknown,W,Default|WntrDsn|SmrDsn,1-Jan,31-Dec,Constant,0,,,,,,,,,,,,,,,,,,,,,,,,From DOE Prototype Buildings
RestaurantFastFood SHWSys1 Water Heater Ambient Temperature Schedule Name,Service Water Heating,C,Default|WntrDsn|SmrDsn,1-Jan,31-Dec,Constant,22,,,,,,,,,,,,,,,,,,,,,,,,From DOE Prototype Buildings
RestaurantFastFood SHWSys1 Water Heater Setpoint Temperature Schedule Name,Service Water Heating,C,Default|WntrDsn|SmrDsn,1-Jan,31-Dec,Constant,60,,,,,,,,,,,,,,,,,,,,,,,,From DOE Prototype Buildings
RestaurantFastFood SHWSys1-Loop-Temp-Schedule,Service Water Heating,C,Default|WntrDsn|SmrDsn,1-Jan,31-Dec,Constant,60,,,,,,,,,,,,,,,,,,,,,,,,From DOE Prototype Buildings
RestaurantFastFood VESTIBULE_DOOR_INFIL_SCH,Infiltration,,Default,1-Jan,31-Dec,Hourly,0,0,0,0,0,0,0.131,0.542,0.542,0.241,0.241,0.345,0.542,0.542,0.345,0.241,0.345,0.445,0.542,0.637,0.73,0.445,0.241,0.241,From DOE Prototype Buildings
RestaurantFastFood VESTIBULE_DOOR_INFIL_SCH,Infiltration,,Sat,1-Jan,31-Dec,Hourly,0,0,0,0,0,0,0.131,0.542,0.542,0.445,0.241,0.445,0.542,0.542,0.445,0.345,0.345,0.345,0.73,0.911,0.73,0.637,0.542,0.345,From DOE Prototype Buildings
RestaurantFastFood VESTIBULE_DOOR_INFIL_SCH,Infiltration,,SmrDsn,1-Jan,31-Dec,Constant,1,,,,,,,,,,,,,,,,,,,,,,,,From DOE Prototype Buildings
RestaurantFastFood VESTIBULE_DOOR_INFIL_SCH,Infiltration,,Wkdy,1-Jan,31-Dec,Hourly,0,0,0,0,0,0,0.131,0.445,0.445,0.445,0.241,0.542,0.821,0.73,0.445,0.241,0.345,0.542,0.821,0.821,0.821,0.542,0.345,0.241,From DOE Prototype Buildings
RestaurantFastFood VESTIBULE_DOOR_INFIL_SCH,Infiltration,,WntrDsn,1-Jan,31-Dec,Constant,0,,,,,,,,,,,,,,,,,,,,,,,,From DOE Prototype Buildings
RestaurantFastFood walkin_occ_lght_SCH,Occupancy,,Default,1-Jan,31-Dec,Hourly,0.2,0.15,0.15,0.15,0.15,0.15,0.156,0.156,0.26,0.26,0.364,0.364,0.364,0.364,0.364,0.364,0.312,0.312,0.312,0.312,0.312,0.312,0.26,0.156,From DOE Prototype Buildings
RestaurantFastFood walkin_occ_lght_SCH,Occupancy,,Sat,1-Jan,31-Dec,Hourly,0.2,0.15,0.15,0.15,0.15,0.15,0.156,0.156,0.312,0.312,0.416,0.416,0.416,0.416,0.416,0.416,0.416,0.468,0.468,0.468,0.468,0.468,0.26,0.156,From DOE Prototype Buildings
RestaurantFastFood walkin_occ_lght_SCH,Occupancy,,SmrDsn,1-Jan,31-Dec,Constant,1,,,,,,,,,,,,,,,,,,,,,,,,From DOE Prototype Buildings
RestaurantFastFood walkin_occ_lght_SCH,Occupancy,,Wkdy,1-Jan,31-Dec,Hourly,0.15,0.15,0.15,0.15,0.15,0.104,0.208,0.208,0.312,0.312,0.468,0.468,0.468,0.468,0.468,0.468,0.468,0.468,0.468,0.468,0.468,0.468,0.26,0.156,From DOE Prototype Buildings
RestaurantFastFood walkin_occ_lght_SCH,Occupancy,,WntrDsn,1-Jan,31-Dec,Constant,0,,,,,,,,,,,,,,,,,,,,,,,,From DOE Prototype Buildings
RestaurantFastFood WORK_EFF_SCH,Unknown,,Default|WntrDsn|SmrDsn,1-Jan,31-Dec,Constant,0,,,,,,,,,,,,,,,,,,,,,,,,From DOE Prototype Buildings
RestaurantSitDown AIR_VELO_SCH,Unknown,W,Default|WntrDsn|SmrDsn,1-Jan,31-Dec,Constant,0.2,,,,,,,,,,,,,,,,,,,,,,,,From DOE Prototype Buildings
RestaurantSitDown ALWAYS_OFF,Unknown,,Default|WntrDsn|SmrDsn,1-Jan,31-Dec,Constant,0,,,,,,,,,,,,,,,,,,,,,,,,From DOE Prototype Buildings
RestaurantSitDown ALWAYS_ON,Unknown,,Default|WntrDsn|SmrDsn,1-Jan,31-Dec,Constant,1,,,,,,,,,,,,,,,,,,,,,,,,From DOE Prototype Buildings
RestaurantSitDown BLDG_EQUIP_SCH,Equipment,,Default|Sat|Wkdy,1-Jan,31-Dec,Hourly,0.03,0.02,0.03,0.02,0.05,0.12,0.13,0.15,0.18,0.21,0.26,0.29,0.27,0.25,0.23,0.23,0.26,0.26,0.24,0.22,0.2,0.18,0.09,0.03,From DOE Prototype Buildings
RestaurantSitDown BLDG_EQUIP_SCH,Equipment,,SmrDsn,1-Jan,31-Dec,Constant,0.29,,,,,,,,,,,,,,,,,,,,,,,,From DOE Prototype Buildings
RestaurantSitDown BLDG_EQUIP_SCH,Equipment,,WntrDsn,1-Jan,31-Dec,Constant,0,,,,,,,,,,,,,,,,,,,,,,,,From DOE Prototype Buildings
RestaurantSitDown BLDG_LIGHT_DINING_SCH,Lighting,,Default,1-Jan,31-Dec,Hourly,0.2,0.15,0.15,0.15,0.15,0.15,0.3,0.3,0.6,0.6,0.8,0.8,0.8,0.8,0.8,0.8,0.8,0.9,0.9,0.9,0.9,0.9,0.5,0.3,From DOE Prototype Buildings
RestaurantSitDown BLDG_LIGHT_DINING_SCH,Lighting,,SmrDsn,1-Jan,31-Dec,Constant,1,,,,,,,,,,,,,,,,,,,,,,,,From DOE Prototype Buildings
RestaurantSitDown BLDG_LIGHT_DINING_SCH,Lighting,,Sun|Wkdy,1-Jan,31-Dec,Hourly,0.2,0.15,0.15,0.15,0.15,0.15,0.3,0.3,0.5,0.5,0.7,0.7,0.7,0.7,0.7,0.7,0.6,0.6,0.6,0.6,0.6,0.6,0.5,0.3,From DOE Prototype Buildings
RestaurantSitDown BLDG_LIGHT_DINING_SCH,Lighting,,WntrDsn,1-Jan,31-Dec,Constant,0,,,,,,,,,,,,,,,,,,,,,,,,From DOE Prototype Buildings
RestaurantSitDown BLDG_LIGHT_KITCHEN_SCH,Lighting,,Default,1-Jan,31-Dec,Hourly,0.2,0.15,0.15,0.15,0.15,0.15,0.3,0.3,0.6,0.6,0.8,0.8,0.8,0.8,0.8,0.8,0.8,0.9,0.9,0.9,0.9,0.9,0.5,0.3,From DOE Prototype Buildings
RestaurantSitDown BLDG_LIGHT_KITCHEN_SCH,Lighting,,SmrDsn,1-Jan,31-Dec,Constant,1,,,,,,,,,,,,,,,,,,,,,,,,From DOE Prototype Buildings
RestaurantSitDown BLDG_LIGHT_KITCHEN_SCH,Lighting,,Sun|Wkdy,1-Jan,31-Dec,Hourly,0.2,0.15,0.15,0.15,0.15,0.15,0.3,0.3,0.5,0.5,0.7,0.7,0.7,0.7,0.7,0.7,0.6,0.6,0.6,0.6,0.6,0.6,0.5,0.3,From DOE Prototype Buildings
RestaurantSitDown BLDG_LIGHT_KITCHEN_SCH,Lighting,,WntrDsn,1-Jan,31-Dec,Constant,0,,,,,,,,,,,,,,,,,,,,,,,,From DOE Prototype Buildings
RestaurantSitDown BLDG_LIGHT_SCH,Lighting,,Default,1-Jan,31-Dec,Hourly,0.2,0.15,0.15,0.15,0.15,0.15,0.3,0.3,0.6,0.6,0.8,0.8,0.8,0.8,0.8,0.8,0.8,0.9,0.9,0.9,0.9,0.9,0.5,0.3,From DOE Prototype Buildings
RestaurantSitDown BLDG_LIGHT_SCH,Lighting,,SmrDsn,1-Jan,31-Dec,Constant,1,,,,,,,,,,,,,,,,,,,,,,,,From DOE Prototype Buildings
RestaurantSitDown BLDG_LIGHT_SCH,Lighting,,Sun|Wkdy,1-Jan,31-Dec,Hourly,0.2,0.15,0.15,0.15,0.15,0.15,0.3,0.3,0.5,0.5,0.7,0.7,0.7,0.7,0.7,0.7,0.6,0.6,0.6,0.6,0.6,0.6,0.5,0.3,From DOE Prototype Buildings
RestaurantSitDown BLDG_LIGHT_SCH,Lighting,,WntrDsn,1-Jan,31-Dec,Constant,0,,,,,,,,,,,,,,,,,,,,,,,,From DOE Prototype Buildings
RestaurantSitDown BLDG_OCC_SCH,Occupancy,,Default,1-Jan,31-Dec,Hourly,0.05,0,0,0,0,0,0.05,0.5,0.5,0.2,0.2,0.3,0.5,0.5,0.3,0.2,0.25,0.35,0.55,0.65,0.7,0.35,0.2,0.2,From DOE Prototype Buildings
RestaurantSitDown BLDG_OCC_SCH,Occupancy,,Sat,1-Jan,31-Dec,Hourly,0.05,0,0,0,0,0,0.05,0.5,0.5,0.4,0.2,0.45,0.5,0.5,0.35,0.3,0.3,0.3,0.7,0.9,0.7,0.65,0.55,0.35,From DOE Prototype Buildings
RestaurantSitDown BLDG_OCC_SCH,Occupancy,,SmrDsn,1-Jan,31-Dec,Constant,1,,,,,,,,,,,,,,,,,,,,,,,,From DOE Prototype Buildings
RestaurantSitDown BLDG_OCC_SCH,Occupancy,,Wkdy,1-Jan,31-Dec,Hourly,0.05,0,0,0,0,0.05,0.1,0.4,0.4,0.4,0.2,0.5,0.8,0.7,0.4,0.2,0.25,0.5,0.8,0.8,0.8,0.5,0.35,0.2,From DOE Prototype Buildings
RestaurantSitDown BLDG_OCC_SCH,Occupancy,,WntrDsn,1-Jan,31-Dec,Constant,0,,,,,,,,,,,,,,,,,,,,,,,,From DOE Prototype Buildings
RestaurantSitDown BLDG_SWH_SCH,Service Water Heating,,Default,1-Jan,31-Dec,Hourly,0.25,0,0,0,0,0,0.15,0.15,0.15,0.15,0.5,0.5,0.4,0.4,0.3,0.3,0.3,0.4,0.5,0.5,0.4,0.5,0.4,0.2,From DOE Prototype Buildings
RestaurantSitDown BLDG_SWH_SCH,Service Water Heating,,SmrDsn|Wkdy,1-Jan,31-Dec,Hourly,0.2,0,0,0,0,0,0.15,0.6,0.55,0.45,0.4,0.45,0.4,0.35,0.3,0.3,0.3,0.4,0.55,0.6,0.5,0.55,0.45,0.25,From DOE Prototype Buildings
RestaurantSitDown BLDG_SWH_SCH,Service Water Heating,,WntrDsn|Sat,1-Jan,31-Dec,Hourly,0.2,0,0,0,0,0,0.15,0.15,0.15,0.5,0.45,0.5,0.5,0.45,0.4,0.4,0.35,0.4,0.55,0.55,0.5,0.55,0.4,0.3,From DOE Prototype Buildings
RestaurantSitDown Booster Water Inlet Temp Schedule,Unknown,W,Default|WntrDsn|SmrDsn,1-Jan,31-Dec,Constant,60,,,,,,,,,,,,,,,,,,,,,,,,From DOE Prototype Buildings
RestaurantSitDown Booster Water Setpoint Temp Schedule,Unknown,W,Default|WntrDsn|SmrDsn,1-Jan,31-Dec,Constant,82.22,,,,,,,,,,,,,,,,,,,,,,,,From DOE Prototype Buildings
RestaurantSitDown CLGSETP_KITCHEN_SCH_NO_OPTIMUM,Thermostat Setpoint,C,Default|Sat|Wkdy,1-Jan,31-Dec,Hourly,26,30,30,30,26,26,26,26,26,26,26,26,26,26,26,26,26,26,26,26,26,26,26,26,From DOE Prototype Buildings
RestaurantSitDown CLGSETP_KITCHEN_SCH_NO_OPTIMUM,Thermostat Setpoint,C,SmrDsn,1-Jan,31-Dec,Hourly,26,30,30,30,30,28,26,26,26,26,26,26,26,26,26,26,26,26,26,26,26,26,26,26,From DOE Prototype Buildings
RestaurantSitDown CLGSETP_KITCHEN_SCH_NO_OPTIMUM,Thermostat Setpoint,C,WntrDsn,1-Jan,31-Dec,Constant,30,,,,,,,,,,,,,,,,,,,,,,,,From DOE Prototype Buildings
RestaurantSitDown CLGSETP_KITCHEN_SCH_NO_SETBACK,Thermostat Setpoint,C,Default|Sat|Wkdy,1-Jan,31-Dec,Constant,26,,,,,,,,,,,,,,,,,,,,,,,,From DOE Prototype Buildings
RestaurantSitDown CLGSETP_KITCHEN_SCH_NO_SETBACK,Thermostat Setpoint,C,SmrDsn,1-Jan,31-Dec,Hourly,26,30,30,30,30,28,26,26,26,26,26,26,26,26,26,26,26,26,26,26,26,26,26,26,From DOE Prototype Buildings
RestaurantSitDown CLGSETP_KITCHEN_SCH_NO_SETBACK,Thermostat Setpoint,C,WntrDsn,1-Jan,31-Dec,Constant,30,,,,,,,,,,,,,,,,,,,,,,,,From DOE Prototype Buildings
RestaurantSitDown CLGSETP_KITCHEN_SCH_YES_OPTIMUM,Thermostat Setpoint,C,Default|Sat|Wkdy,1-Jan,31-Dec,Hourly,26,30,30,30,28.9,27.8,26,26,26,26,26,26,26,26,26,26,26,26,26,26,26,26,26,26,From DOE Prototype Buildings
RestaurantSitDown CLGSETP_KITCHEN_SCH_YES_OPTIMUM,Thermostat Setpoint,C,SmrDsn,1-Jan,31-Dec,Hourly,26,30,30,30,30,28,26,26,26,26,26,26,26,26,26,26,26,26,26,26,26,26,26,26,From DOE Prototype Buildings
RestaurantSitDown CLGSETP_KITCHEN_SCH_YES_OPTIMUM,Thermostat Setpoint,C,WntrDsn,1-Jan,31-Dec,Constant,30,,,,,,,,,,,,,,,,,,,,,,,,From DOE Prototype Buildings
RestaurantSitDown CLGSETP_SCH_NO_OPTIMUM,Thermostat Setpoint,C,Default|Sat|Wkdy,1-Jan,31-Dec,Hourly,30,30,30,30,24,24,24,24,24,24,24,24,24,24,24,24,24,24,24,24,24,24,24,24,From DOE Prototype Buildings
RestaurantSitDown CLGSETP_SCH_NO_OPTIMUM,Thermostat Setpoint,C,SmrDsn,1-Jan,31-Dec,Hourly,30,30,30,30,30,26,24,24,24,24,24,24,24,24,24,24,24,24,24,24,24,24,24,24,From DOE Prototype Buildings
RestaurantSitDown CLGSETP_SCH_NO_OPTIMUM,Thermostat Setpoint,C,WntrDsn,1-Jan,31-Dec,Constant,30,,,,,,,,,,,,,,,,,,,,,,,,From DOE Prototype Buildings
RestaurantSitDown CLGSETP_SCH_NO_SETBACK,Thermostat Setpoint,C,Default|Sat|Wkdy,1-Jan,31-Dec,Constant,24,,,,,,,,,,,,,,,,,,,,,,,,From DOE Prototype Buildings
RestaurantSitDown CLGSETP_SCH_NO_SETBACK,Thermostat Setpoint,C,SmrDsn,1-Jan,31-Dec,Hourly,30,30,30,30,30,26,24,24,24,24,24,24,24,24,24,24,24,24,24,24,24,24,24,24,From DOE Prototype Buildings
RestaurantSitDown CLGSETP_SCH_NO_SETBACK,Thermostat Setpoint,C,WntrDsn,1-Jan,31-Dec,Constant,30,,,,,,,,,,,,,,,,,,,,,,,,From DOE Prototype Buildings
RestaurantSitDown CLGSETP_SCH_YES_OPTIMUM,Thermostat Setpoint,C,Default|Sat|Wkdy,1-Jan,31-Dec,Hourly,30,30,30,30,27.8,25.6,24,24,24,24,24,24,24,24,24,24,24,24,24,24,24,24,24,24,From DOE Prototype Buildings
RestaurantSitDown CLGSETP_SCH_YES_OPTIMUM,Thermostat Setpoint,C,SmrDsn,1-Jan,31-Dec,Hourly,30,30,30,30,30,26,24,24,24,24,24,24,24,24,24,24,24,24,24,24,24,24,24,24,From DOE Prototype Buildings
RestaurantSitDown CLGSETP_SCH_YES_OPTIMUM,Thermostat Setpoint,C,WntrDsn,1-Jan,31-Dec,Constant,30,,,,,,,,,,,,,,,,,,,,,,,,From DOE Prototype Buildings
RestaurantSitDown CLOTHING_SCH,Clothing,W,Default|SmrDsn,1-Jan,31-Dec,Constant,0.5,,,,,,,,,,,,,,,,,,,,,,,,From DOE Prototype Buildings
RestaurantSitDown CLOTHING_SCH,Clothing,W,Wknd|Wkdy,1-Oct,31-Dec,Constant,1,,,,,,,,,,,,,,,,,,,,,,,,From DOE Prototype Buildings
RestaurantSitDown CLOTHING_SCH,Clothing,W,Wknd|Wkdy,1-Jan,30-Apr,Constant,1,,,,,,,,,,,,,,,,,,,,,,,,From DOE Prototype Buildings
RestaurantSitDown CLOTHING_SCH,Clothing,W,WntrDsn,1-Jan,31-Dec,Constant,1,,,,,,,,,,,,,,,,,,,,,,,,From DOE Prototype Buildings
RestaurantSitDown CoolingCoilAvailSched,Unknown,,Default|WntrDsn|SmrDsn,1-Jan,31-Dec,Constant,1,,,,,,,,,,,,,,,,,,,,,,,,From DOE Prototype Buildings
RestaurantSitDown DOOR_INFIL_SCH,Infiltration,,Default,1-Jan,31-Dec,Hourly,0,0,0,0,0,0,0.144,0.558,0.558,0.258,0.258,0.363,0.558,0.558,0.363,0.258,0.363,0.462,0.558,0.65,0.74,0.462,0.258,0.258,From DOE Prototype Buildings
RestaurantSitDown DOOR_INFIL_SCH,Infiltration,,Sat,1-Jan,31-Dec,Hourly,0,0,0,0,0,0,0.144,0.558,0.558,0.462,0.258,0.462,0.558,0.558,0.462,0.363,0.363,0.363,0.74,0.915,0.74,0.65,0.558,0.363,From DOE Prototype Buildings
RestaurantSitDown DOOR_INFIL_SCH,Infiltration,,SmrDsn,1-Jan,31-Dec,Constant,1,,,,,,,,,,,,,,,,,,,,,,,,From DOE Prototype Buildings
RestaurantSitDown DOOR_INFIL_SCH,Infiltration,,Wkdy,1-Jan,31-Dec,Hourly,0,0,0,0,0,0,0.144,0.462,0.462,0.462,0.258,0.558,0.829,0.74,0.462,0.258,0.363,0.558,0.829,0.829,0.829,0.558,0.363,0.258,From DOE Prototype Buildings
RestaurantSitDown DOOR_INFIL_SCH,Infiltration,,WntrDsn,1-Jan,31-Dec,Constant,0,,,,,,,,,,,,,,,,,,,,,,,,From DOE Prototype Buildings
RestaurantSitDown Dual Zone Control Type Sched,Unknown,,Default|WntrDsn|SmrDsn,1-Jan,31-Dec,Constant,4,,,,,,,,,,,,,,,,,,,,,,,,From DOE Prototype Buildings
RestaurantSitDown Exterior_Lgt_189_1,Unknown,,Default|WntrDsn|SmrDsn,1-Jan,31-Dec,Hourly,1,0.5,0.5,0.5,0.5,0.5,0.5,0.5,0.5,1,1,1,1,1,1,1,1,1,1,1,1,1,1,1,From DOE Prototype Buildings
RestaurantSitDown Exterior_Lgt_ALWAYS_ON,Unknown,,Default|WntrDsn|SmrDsn,1-Jan,31-Dec,Constant,1,,,,,,,,,,,,,,,,,,,,,,,,From DOE Prototype Buildings
RestaurantSitDown Exterior_lighting_schedule_a,Lighting,,Default|WntrDsn|SmrDsn,1-Jan,31-Dec,Hourly,0,0,0,0,0,0,1,1,1,1,1,1,1,1,1,1,1,1,1,1,1,1,1,1,From DOE Prototype Buildings
RestaurantSitDown Exterior_lighting_schedule_b,Lighting,,Default|WntrDsn|SmrDsn,1-Jan,31-Dec,Hourly,0.7,0.7,0.7,0.7,0.7,0.7,1,1,1,1,1,1,1,1,1,1,1,1,1,1,1,1,1,1,From DOE Prototype Buildings
RestaurantSitDown FAN_SCH,Unknown,,Default|WntrDsn|SmrDsn,1-Jan,31-Dec,Constant,1,,,,,,,,,,,,,,,,,,,,,,,,From DOE Prototype Buildings
RestaurantSitDown Heating-Supply-Air-Temp-Sch,Unknown,C,Default|WntrDsn|SmrDsn,1-Jan,31-Dec,Constant,16,,,,,,,,,,,,,,,,,,,,,,,,From DOE Prototype Buildings
RestaurantSitDown Hours_of_operation,Operation,,Default|WntrDsn|SmrDsn|Sun|Wkdy,1-Jan,31-Dec,Hourly,1,0,0,0,0,1,1,1,1,1,1,1,1,1,1,1,1,1,1,1,1,1,1,1,From DOE Prototype Buildings
RestaurantSitDown HTGSETP_KITCHEN_SCH_NO_OPTIMUM,Thermostat Setpoint,C,Default|Sat|Wkdy,1-Jan,31-Dec,Hourly,19,15.6,15.6,15.6,19,19,19,19,19,19,19,19,19,19,19,19,19,19,19,19,19,19,19,19,From DOE Prototype Buildings
RestaurantSitDown HTGSETP_KITCHEN_SCH_NO_OPTIMUM,Thermostat Setpoint,C,SmrDsn,1-Jan,31-Dec,Constant,15.6,,,,,,,,,,,,,,,,,,,,,,,,From DOE Prototype Buildings
RestaurantSitDown HTGSETP_KITCHEN_SCH_NO_OPTIMUM,Thermostat Setpoint,C,WntrDsn,1-Jan,31-Dec,Constant,19,,,,,,,,,,,,,,,,,,,,,,,,From DOE Prototype Buildings
RestaurantSitDown HTGSETP_KITCHEN_SCH_YES_OPTIMUM,Thermostat Setpoint,C,Default|Sat|Wkdy,1-Jan,31-Dec,Hourly,19,15.6,15.6,15.6,16.7,17.8,19,19,19,19,19,19,19,19,19,19,19,19,19,19,19,19,19,19,From DOE Prototype Buildings
RestaurantSitDown HTGSETP_KITCHEN_SCH_YES_OPTIMUM,Thermostat Setpoint,C,SmrDsn,1-Jan,31-Dec,Constant,15.6,,,,,,,,,,,,,,,,,,,,,,,,From DOE Prototype Buildings
RestaurantSitDown HTGSETP_KITCHEN_SCH_YES_OPTIMUM,Thermostat Setpoint,C,WntrDsn,1-Jan,31-Dec,Constant,19,,,,,,,,,,,,,,,,,,,,,,,,From DOE Prototype Buildings
RestaurantSitDown HTGSETP_SCH_NO_OPTIMUM,Thermostat Setpoint,C,Default|Sat|Wkdy,1-Jan,31-Dec,Hourly,15.6,15.6,15.6,15.6,21,21,21,21,21,21,21,21,21,21,21,21,21,21,21,21,21,21,21,21,From DOE Prototype Buildings
RestaurantSitDown HTGSETP_SCH_NO_OPTIMUM,Thermostat Setpoint,C,SmrDsn,1-Jan,31-Dec,Constant,15.6,,,,,,,,,,,,,,,,,,,,,,,,From DOE Prototype Buildings
RestaurantSitDown HTGSETP_SCH_NO_OPTIMUM,Thermostat Setpoint,C,WntrDsn,1-Jan,31-Dec,Constant,21,,,,,,,,,,,,,,,,,,,,,,,,From DOE Prototype Buildings
RestaurantSitDown HTGSETP_SCH_YES_OPTIMUM,Thermostat Setpoint,C,Default|Sat|Wkdy,1-Jan,31-Dec,Hourly,15.6,15.6,15.6,15.6,17.8,20,21,21,21,21,21,21,21,21,21,21,21,21,21,21,21,21,21,21,From DOE Prototype Buildings
RestaurantSitDown HTGSETP_SCH_YES_OPTIMUM,Thermostat Setpoint,C,SmrDsn,1-Jan,31-Dec,Constant,15.6,,,,,,,,,,,,,,,,,,,,,,,,From DOE Prototype Buildings
RestaurantSitDown HTGSETP_SCH_YES_OPTIMUM,Thermostat Setpoint,C,WntrDsn,1-Jan,31-Dec,Constant,21,,,,,,,,,,,,,,,,,,,,,,,,From DOE Prototype Buildings
RestaurantSitDown Humidity Setpoint Schedule,Unknown,,Default|WntrDsn|SmrDsn|Sat|Wkdy,1-Jan,31-Dec,Constant,50,,,,,,,,,,,,,,,,,,,,,,,,From DOE Prototype Buildings
RestaurantSitDown HVACOperationSchd,Operation,,Default|WntrDsn|SmrDsn|Sun|Wkdy,1-Jan,31-Dec,Hourly,1,0,0,0,0,1,1,1,1,1,1,1,1,1,1,1,1,1,1,1,1,1,1,1,From DOE Prototype Buildings
RestaurantSitDown INFIL_HALF_ON_SCH,Infiltration,,Default|WntrDsn|SmrDsn|Sat|Wkdy,1-Jan,31-Dec,Hourly,1,1,1,1,1,0.5,0.5,0.5,0.5,0.5,0.5,0.5,0.5,0.5,0.5,0.5,0.5,0.5,0.5,0.5,0.5,0.5,0.5,0.5,From DOE Prototype Buildings
RestaurantSitDown INFIL_SCH_PNNL,Infiltration,,Default|WntrDsn|SmrDsn|Sat|Wkdy,1-Jan,31-Dec,Hourly,1,1,1,1,1,0.25,0.25,0.25,0.25,0.25,0.25,0.25,0.25,0.25,0.25,0.25,0.25,0.25,0.25,0.25,0.25,0.25,0.25,0.25,From DOE Prototype Buildings
RestaurantSitDown Kitchen Exhaust Fan Balanced Exhaust Fraction Schedule,Equipment,,Default|WntrDsn|SmrDsn|Sun|Wkdy,1-Jan,31-Dec,Hourly,0.933710318,0,0,0,0,0.933710318,0.933710318,0.933710318,0.933710318,0.933710318,0.933710318,0.933710318,0.933710318,0.933710318,0.933710318,0.933710318,0.933710318,0.933710318,0.933710318,0.933710318,0.933710318,0.933710318,0.933710318,0.933710318,From DOE Prototype Buildings
RestaurantSitDown Kitchen Water Equipment Hot Supply Temp Sched,Equipment,C,Default|WntrDsn|SmrDsn,1-Jan,31-Dec,Constant,55,,,,,,,,,,,,,,,,,,,,,,,,From DOE Prototype Buildings
RestaurantSitDown Kitchen Water Equipment Latent fract sched,Equipment,,Default|WntrDsn|SmrDsn,1-Jan,31-Dec,Constant,0.05,,,,,,,,,,,,,,,,,,,,,,,,From DOE Prototype Buildings
RestaurantSitDown Kitchen Water Equipment Sensible fract sched,Equipment,,Default|WntrDsn|SmrDsn,1-Jan,31-Dec,Constant,0.2,,,,,,,,,,,,,,,,,,,,,,,,From DOE Prototype Buildings
RestaurantSitDown Kitchen Water Equipment Temp Sched,Equipment,C,Default|WntrDsn|SmrDsn,1-Jan,31-Dec,Constant,60,,,,,,,,,,,,,,,,,,,,,,,,From DOE Prototype Buildings
RestaurantSitDown Kitchen_Case:1_WALKINFREEZER_WalkInStockingSched,Equipment,W,Default,1-Jan,31-Dec,Hourly,0,0,0,0,725,417,290,0,0,0,0,0,0,0,0,0,0,0,0,0,0,0,0,0,From DOE Prototype Buildings
RestaurantSitDown Kitchen_Case:1_WALKINFREEZER_WalkInStockingSched,Equipment,W,WntrDsn|SmrDsn|Wknd|Mon|Wed|Thu,1-Jan,31-Dec,Hourly,0,0,0,0,125,117,90,0,0,0,0,0,0,0,0,0,0,0,0,125,117,90,0,0,From DOE Prototype Buildings
RestaurantSitDown Kitchen_Case:2_SELFCONTAINEDDISPLAYCASE_CaseStockingSched,Equipment,W,Default|WntrDsn|SmrDsn,1-Jan,31-Dec,Constant,0,,,,,,,,,,,,,,,,,,,,,,,,From DOE Prototype Buildings
RestaurantSitDown Kitchen_Exhaust_SCH,Equipment,,Default|WntrDsn|SmrDsn|Sun|Wkdy,1-Jan,31-Dec,Hourly,0,0,0,0,0,0,1,1,1,1,1,1,1,1,1,1,1,1,1,1,1,1,1,1,From DOE Prototype Buildings
RestaurantSitDown MaxRelHumSetSch,Unknown,,Default|WntrDsn|SmrDsn,1-Jan,31-Dec,Constant,60,,,,,,,,,,,,,,,,,,,,,,,,From DOE Prototype Buildings
RestaurantSitDown MinOA_FFKitch_Sched,OA Air,,Default|SmrDsn|Sat|Wkdy,1-Jan,31-Dec,Hourly,0,0,0,0,0,0,0.65,0.65,0.65,0.65,0.65,0.65,0.65,0.65,0.65,0.65,0.65,0.65,0.65,0.65,0.65,0.65,0.65,0.65,From DOE Prototype Buildings
RestaurantSitDown MinOA_FFKitch_Sched,OA Air,,WntrDsn,1-Jan,31-Dec,Constant,0.65,,,,,,,,,,,,,,,,,,,,,,,,From DOE Prototype Buildings
RestaurantSitDown MinOA_MotorizedDamper_Sched,OA Air,,Default|SmrDsn|Sat|Wkdy,1-Jan,31-Dec,Hourly,1,0,0,0,0,0,1,1,1,1,1,1,1,1,1,1,1,1,1,1,1,1,1,1,From DOE Prototype Buildings
RestaurantSitDown MinOA_MotorizedDamper_Sched,OA Air,,WntrDsn,1-Jan,31-Dec,Constant,1,,,,,,,,,,,,,,,,,,,,,,,,From DOE Prototype Buildings
RestaurantSitDown MinOA_Sched,OA Air,,Default|WntrDsn|SmrDsn,1-Jan,31-Dec,Constant,1,,,,,,,,,,,,,,,,,,,,,,,,From DOE Prototype Buildings
RestaurantSitDown MinOA_SDKitch_Sched,OA Air,,Default|SmrDsn|Sat|Wkdy,1-Jan,31-Dec,Hourly,0,0,0,0,0,0,1,1,1,1,1,1,1,1,1,1,1,1,1,1,1,1,1,1,From DOE Prototype Buildings
RestaurantSitDown MinOA_SDKitch_Sched,OA Air,,WntrDsn,1-Jan,31-Dec,Constant,1,,,,,,,,,,,,,,,,,,,,,,,,From DOE Prototype Buildings
RestaurantSitDown MinRelHumSetSch,Unknown,,Default|WntrDsn|SmrDsn,1-Jan,31-Dec,Constant,30,,,,,,,,,,,,,,,,,,,,,,,,From DOE Prototype Buildings
RestaurantSitDown PlantOnSched,Unknown,,Default|WntrDsn|SmrDsn,1-Jan,31-Dec,Constant,1,,,,,,,,,,,,,,,,,,,,,,,,From DOE Prototype Buildings
RestaurantSitDown Rest_GAS_EQUIP_SCH,Equipment,,Default|Sat|Wkdy,1-Jan,31-Dec,Hourly,0.03,0.02,0.03,0.02,0.05,0.12,0.13,0.15,0.18,0.21,0.26,0.29,0.27,0.25,0.23,0.23,0.26,0.26,0.24,0.22,0.2,0.18,0.09,0.03,From DOE Prototype Buildings
RestaurantSitDown Rest_GAS_EQUIP_SCH,Equipment,,SmrDsn,1-Jan,31-Dec,Constant,0.29,,,,,,,,,,,,,,,,,,,,,,,,From DOE Prototype Buildings
RestaurantSitDown Rest_GAS_EQUIP_SCH,Equipment,,WntrDsn,1-Jan,31-Dec,Constant,0,,,,,,,,,,,,,,,,,,,,,,,,From DOE Prototype Buildings
RestaurantSitDown Seasonal-Reset-Supply-Air-Temp-Sch,Unknown,C,Default|WntrDsn|SmrDsn,1-Jan,31-Dec,Constant,13,,,,,,,,,,,,,,,,,,,,,,,,From DOE Prototype Buildings
RestaurantSitDown Seasonal-Reset-Supply-Air-Temp-Sch,Unknown,C,Wknd|Wkdy,1-Oct,31-Dec,Constant,13,,,,,,,,,,,,,,,,,,,,,,,,From DOE Prototype Buildings
RestaurantSitDown Seasonal-Reset-Supply-Air-Temp-Sch,Unknown,C,Wknd|Wkdy,1-Jan,31-Mar,Constant,13,,,,,,,,,,,,,,,,,,,,,,,,From DOE Prototype Buildings
RestaurantSitDown SHADING_SCH,Unknown,W,Default|WntrDsn|SmrDsn,1-Jan,31-Dec,Constant,0,,,,,,,,,,,,,,,,,,,,,,,,From DOE Prototype Buildings
RestaurantSitDown SWHSys1 Water Heater Ambient Temperature Schedule Name,Service Water Heating,C,Default|WntrDsn|SmrDsn,1-Jan,31-Dec,Constant,22,,,,,,,,,,,,,,,,,,,,,,,,From DOE Prototype Buildings
RestaurantSitDown SWHSys1 Water Heater Setpoint Temperature Schedule Name,Service Water Heating,C,Default|WntrDsn|SmrDsn,1-Jan,31-Dec,Constant,60,,,,,,,,,,,,,,,,,,,,,,,,From DOE Prototype Buildings
RestaurantSitDown SWHSys1-Loop-Temp-Schedule,Service Water Heating,C,Default|WntrDsn|SmrDsn,1-Jan,31-Dec,Constant,60,,,,,,,,,,,,,,,,,,,,,,,,From DOE Prototype Buildings
RestaurantSitDown VESTIBULE_DOOR_INFIL_SCH,Infiltration,,Default,1-Jan,31-Dec,Hourly,0,0,0,0,0,0,0.131,0.542,0.542,0.241,0.241,0.345,0.542,0.542,0.345,0.241,0.345,0.445,0.542,0.637,0.73,0.445,0.241,0.241,From DOE Prototype Buildings
RestaurantSitDown VESTIBULE_DOOR_INFIL_SCH,Infiltration,,Sat,1-Jan,31-Dec,Hourly,0,0,0,0,0,0,0.131,0.542,0.542,0.445,0.241,0.445,0.542,0.542,0.445,0.345,0.345,0.345,0.73,0.911,0.73,0.637,0.542,0.345,From DOE Prototype Buildings
RestaurantSitDown VESTIBULE_DOOR_INFIL_SCH,Infiltration,,SmrDsn,1-Jan,31-Dec,Constant,1,,,,,,,,,,,,,,,,,,,,,,,,From DOE Prototype Buildings
RestaurantSitDown VESTIBULE_DOOR_INFIL_SCH,Infiltration,,Wkdy,1-Jan,31-Dec,Hourly,0,0,0,0,0,0,0.131,0.445,0.445,0.445,0.241,0.542,0.821,0.73,0.445,0.241,0.345,0.542,0.821,0.821,0.821,0.542,0.345,0.241,From DOE Prototype Buildings
RestaurantSitDown VESTIBULE_DOOR_INFIL_SCH,Infiltration,,WntrDsn,1-Jan,31-Dec,Constant,0,,,,,,,,,,,,,,,,,,,,,,,,From DOE Prototype Buildings
RestaurantSitDown walkin_occ_lght_SCH,Occupancy,,Default,1-Jan,31-Dec,Hourly,0.2,0.15,0.15,0.15,0.15,0.15,0.156,0.156,0.312,0.312,0.416,0.416,0.416,0.416,0.416,0.416,0.416,0.468,0.468,0.468,0.468,0.468,0.26,0.156,From DOE Prototype Buildings
RestaurantSitDown walkin_occ_lght_SCH,Occupancy,,SmrDsn,1-Jan,31-Dec,Constant,1,,,,,,,,,,,,,,,,,,,,,,,,From DOE Prototype Buildings
RestaurantSitDown walkin_occ_lght_SCH,Occupancy,,Sun|Wkdy,1-Jan,31-Dec,Hourly,0.2,0.15,0.15,0.15,0.15,0.15,0.156,0.156,0.26,0.26,0.364,0.364,0.364,0.364,0.364,0.364,0.312,0.312,0.312,0.312,0.312,0.312,0.26,0.156,From DOE Prototype Buildings
RestaurantSitDown walkin_occ_lght_SCH,Occupancy,,WntrDsn,1-Jan,31-Dec,Constant,0,,,,,,,,,,,,,,,,,,,,,,,,From DOE Prototype Buildings
RestaurantSitDown WORK_EFF_SCH,Unknown,,Default|WntrDsn|SmrDsn,1-Jan,31-Dec,Constant,0,,,,,,,,,,,,,,,,,,,,,,,,From DOE Prototype Buildings
Retail Bldg Equip,Equipment,,Default,1-Jan,31-Dec,Hourly,0.2,0.2,0.2,0.2,0.2,0.2,0.2,0.4,0.7,0.9,0.9,0.9,0.9,0.9,0.9,0.9,0.9,0.9,0.8,0.8,0.7,0.4,0.2,0.2,From DOE Reference Buildings 
Retail Bldg Equip,Equipment,,Sat,1-Jan,31-Dec,Hourly,0.15,0.15,0.15,0.15,0.15,0.15,0.15,0.3,0.5,0.8,0.9,0.9,0.9,0.9,0.9,0.9,0.9,0.9,0.7,0.5,0.5,0.3,0.15,0.15,From DOE Reference Buildings 
Retail Bldg Equip,Equipment,,SmrDsn,1-Jan,31-Dec,Constant,1,,,,,,,,,,,,,,,,,,,,,,,,From DOE Reference Buildings 
Retail Bldg Equip,Equipment,,Sun,1-Jan,31-Dec,Hourly,0.15,0.15,0.15,0.15,0.15,0.15,0.15,0.15,0.3,0.3,0.6,0.6,0.8,0.8,0.8,0.8,0.8,0.6,0.4,0.15,0.15,0.15,0.15,0.15,From DOE Reference Buildings 
Retail Bldg Equip,Equipment,,WntrDsn,1-Jan,31-Dec,Constant,0,,,,,,,,,,,,,,,,,,,,,,,,From DOE Reference Buildings 
Retail Bldg Light,Lighting,,Default,1-Jan,31-Dec,Hourly,0.05,0.05,0.05,0.05,0.05,0.05,0.05,0.2,0.5,0.9,0.9,0.9,0.9,0.9,0.9,0.9,0.9,0.9,0.6,0.6,0.5,0.2,0.05,0.05,From DOE Reference Buildings 
Retail Bldg Light,Lighting,,Sat,1-Jan,31-Dec,Hourly,0.05,0.05,0.05,0.05,0.05,0.05,0.05,0.1,0.3,0.6,0.9,0.9,0.9,0.9,0.9,0.9,0.9,0.9,0.5,0.3,0.3,0.1,0.05,0.05,From DOE Reference Buildings 
Retail Bldg Light,Lighting,,SmrDsn,1-Jan,31-Dec,Constant,1,,,,,,,,,,,,,,,,,,,,,,,,From DOE Reference Buildings 
Retail Bldg Light,Lighting,,Sun,1-Jan,31-Dec,Hourly,0.05,0.05,0.05,0.05,0.05,0.05,0.05,0.05,0.1,0.1,0.4,0.4,0.6,0.6,0.6,0.6,0.6,0.4,0.2,0.05,0.05,0.05,0.05,0.05,From DOE Reference Buildings 
Retail Bldg Light,Lighting,,WntrDsn,1-Jan,31-Dec,Constant,0,,,,,,,,,,,,,,,,,,,,,,,,From DOE Reference Buildings 
Retail Bldg Occ,Occupancy,,Default,1-Jan,31-Dec,Hourly,0,0,0,0,0,0,0,0.1,0.2,0.5,0.5,0.7,0.7,0.7,0.7,0.8,0.7,0.5,0.5,0.3,0.3,0,0,0,From DOE Reference Buildings 
Retail Bldg Occ,Occupancy,,Sat,1-Jan,31-Dec,Hourly,0,0,0,0,0,0,0,0.1,0.2,0.5,0.6,0.8,0.8,0.8,0.8,0.8,0.8,0.6,0.2,0.2,0.2,0.1,0,0,From DOE Reference Buildings 
Retail Bldg Occ,Occupancy,,Sun,1-Jan,31-Dec,Hourly,0,0,0,0,0,0,0,0,0,0.1,0.2,0.2,0.4,0.4,0.4,0.4,0.4,0.2,0.1,0,0,0,0,0,From DOE Reference Buildings 
Retail Bldg Occ,Occupancy,,WntrDsn|SmrDsn,1-Jan,31-Dec,Constant,1,,,,,,,,,,,,,,,,,,,,,,,,From DOE Reference Buildings 
Retail ClgSetp,Thermostat Setpoint,C,Default|SmrDsn,1-Jan,31-Dec,Hourly,30,30,30,30,30,30,24,24,24,24,24,24,24,24,24,24,24,24,24,24,24,30,30,30,From DOE Reference Buildings 
Retail ClgSetp,Thermostat Setpoint,C,Sat,1-Jan,31-Dec,Hourly,30,30,30,30,30,30,24,24,24,24,24,24,24,24,24,24,24,24,24,24,24,24,30,30,From DOE Reference Buildings 
Retail ClgSetp,Thermostat Setpoint,C,Sun,1-Jan,31-Dec,Hourly,30,30,30,30,30,30,30,30,24,24,24,24,24,24,24,24,24,24,24,30,30,30,30,30,From DOE Reference Buildings 
Retail ClgSetp,Thermostat Setpoint,C,WntrDsn,1-Jan,31-Dec,Constant,30,,,,,,,,,,,,,,,,,,,,,,,,From DOE Reference Buildings 
Retail Clothing,Clothing,,Default|WntrDsn,1-Jan,31-Dec,Constant,1,,,,,,,,,,,,,,,,,,,,,,,,From DOE Reference Buildings 
Retail Clothing,Clothing,,SmrDsn,1-Jan,31-Dec,Constant,0.5,,,,,,,,,,,,,,,,,,,,,,,,From DOE Reference Buildings 
Retail Clothing,Clothing,,Wknd|Wkdy,1-Oct,31-Dec,Constant,1,,,,,,,,,,,,,,,,,,,,,,,,From DOE Reference Buildings 
Retail Clothing,Clothing,,Wknd|Wkdy,1-May,30-Sep,Constant,0.5,,,,,,,,,,,,,,,,,,,,,,,,From DOE Reference Buildings 
Retail FRONT ENTRY COOLING,Unknown,,Default|WntrDsn|SmrDsn,1-Jan,31-Dec,Constant,90,,,,,,,,,,,,,,,,,,,,,,,,From DOE Reference Buildings 
Retail HtgSetp,Thermostat Setpoint,C,Default,1-Jan,31-Dec,Hourly,15.6,15.6,15.6,15.6,15.6,15.6,21,21,21,21,21,21,21,21,21,21,21,21,21,21,21,15.6,15.6,15.6,From DOE Reference Buildings 
Retail HtgSetp,Thermostat Setpoint,C,Sat,1-Jan,31-Dec,Hourly,15.6,15.6,15.6,15.6,15.6,15.6,21,21,21,21,21,21,21,21,21,21,21,21,21,21,21,21,15.6,15.6,From DOE Reference Buildings 
Retail HtgSetp,Thermostat Setpoint,C,SmrDsn,1-Jan,31-Dec,Constant,15.6,,,,,,,,,,,,,,,,,,,,,,,,From DOE Reference Buildings 
Retail HtgSetp,Thermostat Setpoint,C,Sun,1-Jan,31-Dec,Hourly,15.6,15.6,15.6,15.6,15.6,15.6,15.6,15.6,21,21,21,21,21,21,21,21,21,21,21,15.6,15.6,15.6,15.6,15.6,From DOE Reference Buildings 
Retail HtgSetp,Thermostat Setpoint,C,WntrDsn,1-Jan,31-Dec,Constant,21,,,,,,,,,,,,,,,,,,,,,,,,From DOE Reference Buildings 
Retail INFIL FRONT,Infiltration,,Default|SmrDsn,1-Jan,31-Dec,Hourly,0.25,0.25,0.25,0.25,0.25,0.25,1,1,1,1,1,1,1,1,1,1,1,1,1,1,1,0.25,0.25,0.25,From DOE Reference Buildings 
Retail INFIL FRONT,Infiltration,,Sat,1-Jan,31-Dec,Hourly,0.25,0.25,0.25,0.25,0.25,0.25,1,1,1,1,1,1,1,1,1,1,1,1,1,1,1,1,0.25,0.25,From DOE Reference Buildings 
Retail INFIL FRONT,Infiltration,,Sun,1-Jan,31-Dec,Hourly,0.25,0.25,0.25,0.25,0.25,0.25,0.25,0.25,1,1,1,1,1,1,1,1,1,0.25,0.25,0.25,0.25,0.25,0.25,0.25,From DOE Reference Buildings 
Retail INFIL FRONT,Infiltration,,WntrDsn,1-Jan,31-Dec,Constant,1,,,,,,,,,,,,,,,,,,,,,,,,From DOE Reference Buildings 
Retail Infil Half On,Infiltration,,Default|SmrDsn,1-Jan,31-Dec,Hourly,1,1,1,1,1,1,0.5,0.5,0.5,0.5,0.5,0.5,0.5,0.5,0.5,0.5,0.5,0.5,0.5,0.5,0.5,1,1,1,From DOE Reference Buildings 
Retail Infil Half On,Infiltration,,Sat,1-Jan,31-Dec,Hourly,1,1,1,1,1,1,0.5,0.5,0.5,0.5,0.5,0.5,0.5,0.5,0.5,0.5,0.5,0.5,0.5,0.5,0.5,0.5,1,1,From DOE Reference Buildings 
Retail Infil Half On,Infiltration,,Sun,1-Jan,31-Dec,Hourly,1,1,1,1,1,1,1,1,0.5,0.5,0.5,0.5,0.5,0.5,0.5,0.5,0.5,1,1,1,1,1,1,1,From DOE Reference Buildings 
Retail Infil Half On,Infiltration,,WntrDsn,1-Jan,31-Dec,Constant,1,,,,,,,,,,,,,,,,,,,,,,,,From DOE Reference Buildings 
Retail Work Eff,Unknown,,Default|WntrDsn|SmrDsn,1-Jan,31-Dec,Constant,0,,,,,,,,,,,,,,,,,,,,,,,,From DOE Reference Buildings 
RetailStandalone AIR_VELO_SCH,Unknown,W,Default|WntrDsn|SmrDsn,1-Jan,31-Dec,Constant,0.2,,,,,,,,,,,,,,,,,,,,,,,,From DOE Prototype Buildings
RetailStandalone ALWAYS_OFF,Unknown,,Default|WntrDsn|SmrDsn,1-Jan,31-Dec,Constant,0,,,,,,,,,,,,,,,,,,,,,,,,From DOE Prototype Buildings
RetailStandalone ALWAYS_ON,Unknown,,Default|WntrDsn|SmrDsn,1-Jan,31-Dec,Constant,1,,,,,,,,,,,,,,,,,,,,,,,,From DOE Prototype Buildings
RetailStandalone BLDG_ELEVATORS,Elevator,,Default,1-Jan,31-Dec,Hourly,0,0,0,0,0,0,0,0,0,0.11,0.13,0.35,0.37,0.37,0.39,0.41,0.38,0.34,0.03,0,0,0,0,0,From DOE Prototype Buildings
RetailStandalone BLDG_ELEVATORS,Elevator,,SmrDsn|Wkdy,1-Jan,31-Dec,Hourly,0,0,0,0,0,0,0,0.12,0.22,0.64,0.74,0.68,0.68,0.71,0.72,0.72,0.73,0.68,0.68,0.58,0.54,0,0,0,From DOE Prototype Buildings
RetailStandalone BLDG_ELEVATORS,Elevator,,WntrDsn|Sat,1-Jan,31-Dec,Hourly,0,0,0,0,0,0,0,0.09,0.21,0.56,0.66,0.68,0.68,0.69,0.7,0.69,0.66,0.58,0.47,0.43,0.43,0.08,0,0,From DOE Prototype Buildings
RetailStandalone BLDG_EQUIP_SCH,Equipment,,Default,1-Jan,31-Dec,Hourly,0.15,0.15,0.15,0.15,0.15,0.15,0.15,0.15,0.15,0.3,0.6,0.6,0.8,0.8,0.8,0.8,0.8,0.6,0.4,0.15,0.15,0.15,0.15,0.15,From DOE Prototype Buildings
RetailStandalone BLDG_EQUIP_SCH,Equipment,,Sat,1-Jan,31-Dec,Hourly,0.15,0.15,0.15,0.15,0.15,0.15,0.15,0.3,0.5,0.8,0.9,0.9,0.9,0.9,0.9,0.9,0.9,0.9,0.7,0.5,0.5,0.3,0.15,0.15,From DOE Prototype Buildings
RetailStandalone BLDG_EQUIP_SCH,Equipment,,SmrDsn,1-Jan,31-Dec,Constant,1,,,,,,,,,,,,,,,,,,,,,,,,From DOE Prototype Buildings
RetailStandalone BLDG_EQUIP_SCH,Equipment,,Wkdy,1-Jan,31-Dec,Hourly,0.2,0.2,0.2,0.2,0.2,0.2,0.2,0.4,0.6,0.9,0.9,0.9,0.9,0.9,0.9,0.9,0.9,0.9,0.9,0.7,0.7,0.2,0.2,0.2,From DOE Prototype Buildings
RetailStandalone BLDG_EQUIP_SCH,Equipment,,WntrDsn,1-Jan,31-Dec,Constant,0,,,,,,,,,,,,,,,,,,,,,,,,From DOE Prototype Buildings
RetailStandalone BLDG_LIGHT_BACK_SCH,Lighting,,Default,1-Jan,31-Dec,Hourly,0.05,0.05,0.05,0.05,0.05,0.05,0.05,0.05,0.05,0.1,0.4,0.4,0.6,0.6,0.6,0.6,0.6,0.4,0.2,0.05,0.05,0.05,0.05,0.05,From DOE Prototype Buildings
RetailStandalone BLDG_LIGHT_BACK_SCH,Lighting,,Sat,1-Jan,31-Dec,Hourly,0.05,0.05,0.05,0.05,0.05,0.05,0.05,0.1,0.3,0.6,0.9,0.9,0.9,0.9,0.9,0.9,0.9,0.9,0.5,0.3,0.3,0.1,0.05,0.05,From DOE Prototype Buildings
RetailStandalone BLDG_LIGHT_BACK_SCH,Lighting,,SmrDsn,1-Jan,31-Dec,Constant,1,,,,,,,,,,,,,,,,,,,,,,,,From DOE Prototype Buildings
RetailStandalone BLDG_LIGHT_BACK_SCH,Lighting,,Wkdy,1-Jan,31-Dec,Hourly,0.05,0.05,0.05,0.05,0.05,0.05,0.05,0.2,0.4,0.9,0.9,0.9,0.9,0.9,0.9,0.9,0.9,0.9,0.5,0.5,0.5,0.2,0.05,0.05,From DOE Prototype Buildings
RetailStandalone BLDG_LIGHT_BACK_SCH,Lighting,,WntrDsn,1-Jan,31-Dec,Constant,0,,,,,,,,,,,,,,,,,,,,,,,,From DOE Prototype Buildings
RetailStandalone BLDG_LIGHT_ENTRY_SCH,Lighting,,Default,1-Jan,31-Dec,Hourly,0.05,0.05,0.05,0.05,0.05,0.05,0.05,0.05,0.05,0.1,0.4,0.4,0.6,0.6,0.6,0.6,0.6,0.4,0.2,0.05,0.05,0.05,0.05,0.05,From DOE Prototype Buildings
RetailStandalone BLDG_LIGHT_ENTRY_SCH,Lighting,,Sat,1-Jan,31-Dec,Hourly,0.05,0.05,0.05,0.05,0.05,0.05,0.05,0.1,0.3,0.6,0.9,0.9,0.9,0.9,0.9,0.9,0.9,0.9,0.5,0.3,0.3,0.1,0.05,0.05,From DOE Prototype Buildings
RetailStandalone BLDG_LIGHT_ENTRY_SCH,Lighting,,SmrDsn,1-Jan,31-Dec,Constant,1,,,,,,,,,,,,,,,,,,,,,,,,From DOE Prototype Buildings
RetailStandalone BLDG_LIGHT_ENTRY_SCH,Lighting,,Wkdy,1-Jan,31-Dec,Hourly,0.05,0.05,0.05,0.05,0.05,0.05,0.05,0.2,0.4,0.9,0.9,0.9,0.9,0.9,0.9,0.9,0.9,0.9,0.5,0.5,0.5,0.2,0.05,0.05,From DOE Prototype Buildings
RetailStandalone BLDG_LIGHT_ENTRY_SCH,Lighting,,WntrDsn,1-Jan,31-Dec,Constant,0,,,,,,,,,,,,,,,,,,,,,,,,From DOE Prototype Buildings
RetailStandalone BLDG_LIGHT_FRONT_SCH,Lighting,,Default,1-Jan,31-Dec,Hourly,0.05,0.05,0.05,0.05,0.05,0.05,0.05,0.05,0.05,0.1,0.4,0.4,0.6,0.6,0.6,0.6,0.6,0.4,0.2,0.05,0.05,0.05,0.05,0.05,From DOE Prototype Buildings
RetailStandalone BLDG_LIGHT_FRONT_SCH,Lighting,,Sat,1-Jan,31-Dec,Hourly,0.05,0.05,0.05,0.05,0.05,0.05,0.05,0.1,0.3,0.6,0.9,0.9,0.9,0.9,0.9,0.9,0.9,0.9,0.5,0.3,0.3,0.1,0.05,0.05,From DOE Prototype Buildings
RetailStandalone BLDG_LIGHT_FRONT_SCH,Lighting,,SmrDsn,1-Jan,31-Dec,Constant,1,,,,,,,,,,,,,,,,,,,,,,,,From DOE Prototype Buildings
RetailStandalone BLDG_LIGHT_FRONT_SCH,Lighting,,Wkdy,1-Jan,31-Dec,Hourly,0.05,0.05,0.05,0.05,0.05,0.05,0.05,0.2,0.4,0.9,0.9,0.9,0.9,0.9,0.9,0.9,0.9,0.9,0.5,0.5,0.5,0.2,0.05,0.05,From DOE Prototype Buildings
RetailStandalone BLDG_LIGHT_FRONT_SCH,Lighting,,WntrDsn,1-Jan,31-Dec,Constant,0,,,,,,,,,,,,,,,,,,,,,,,,From DOE Prototype Buildings
RetailStandalone BLDG_LIGHT_SCH,Lighting,,Default,1-Jan,31-Dec,Hourly,0.05,0.05,0.05,0.05,0.05,0.05,0.05,0.05,0.05,0.1,0.4,0.4,0.6,0.6,0.6,0.6,0.6,0.4,0.2,0.05,0.05,0.05,0.05,0.05,From DOE Prototype Buildings
RetailStandalone BLDG_LIGHT_SCH,Lighting,,Sat,1-Jan,31-Dec,Hourly,0.05,0.05,0.05,0.05,0.05,0.05,0.05,0.1,0.3,0.6,0.9,0.9,0.9,0.9,0.9,0.9,0.9,0.9,0.5,0.3,0.3,0.1,0.05,0.05,From DOE Prototype Buildings
RetailStandalone BLDG_LIGHT_SCH,Lighting,,SmrDsn,1-Jan,31-Dec,Constant,1,,,,,,,,,,,,,,,,,,,,,,,,From DOE Prototype Buildings
RetailStandalone BLDG_LIGHT_SCH,Lighting,,Wkdy,1-Jan,31-Dec,Hourly,0.05,0.05,0.05,0.05,0.05,0.05,0.05,0.2,0.4,0.9,0.9,0.9,0.9,0.9,0.9,0.9,0.9,0.9,0.5,0.5,0.5,0.2,0.05,0.05,From DOE Prototype Buildings
RetailStandalone BLDG_LIGHT_SCH,Lighting,,WntrDsn,1-Jan,31-Dec,Constant,0,,,,,,,,,,,,,,,,,,,,,,,,From DOE Prototype Buildings
RetailStandalone BLDG_OCC_SCH,Occupancy,,Default,1-Jan,31-Dec,Hourly,0,0,0,0,0,0,0,0,0,0.1,0.2,0.2,0.4,0.4,0.4,0.4,0.4,0.2,0.1,0,0,0,0,0,From DOE Prototype Buildings
RetailStandalone BLDG_OCC_SCH,Occupancy,,Sat,1-Jan,31-Dec,Hourly,0,0,0,0,0,0,0,0.1,0.2,0.5,0.6,0.8,0.8,0.8,0.8,0.8,0.8,0.6,0.2,0.2,0.2,0.1,0,0,From DOE Prototype Buildings
RetailStandalone BLDG_OCC_SCH,Occupancy,,SmrDsn,1-Jan,31-Dec,Constant,1,,,,,,,,,,,,,,,,,,,,,,,,From DOE Prototype Buildings
RetailStandalone BLDG_OCC_SCH,Occupancy,,Wkdy,1-Jan,31-Dec,Hourly,0,0,0,0,0,0,0,0.1,0.2,0.5,0.5,0.7,0.7,0.7,0.7,0.8,0.7,0.5,0.5,0.3,0.3,0,0,0,From DOE Prototype Buildings
RetailStandalone BLDG_OCC_SCH,Occupancy,,WntrDsn,1-Jan,31-Dec,Constant,0,,,,,,,,,,,,,,,,,,,,,,,,From DOE Prototype Buildings
RetailStandalone BLDG_OCC_SCH_2010,Occupancy,,Default,1-Jan,31-Dec,Hourly,0,0,0,0,0,0,0,0,0,0.1,0.2,0.2,0.4,0.4,0.4,0.4,0.4,0.2,0.1,0,0,0,0,0,From DOE Prototype Buildings
RetailStandalone BLDG_OCC_SCH_2010,Occupancy,,Sat,1-Jan,31-Dec,Hourly,0,0,0,0,0,0,0,0.1,0.2,0.5,0.6,0.8,0.8,0.8,0.8,0.8,0.8,0.6,0.2,0.2,0.2,0.1,0,0,From DOE Prototype Buildings
RetailStandalone BLDG_OCC_SCH_2010,Occupancy,,SmrDsn,1-Jan,31-Dec,Constant,1,,,,,,,,,,,,,,,,,,,,,,,,From DOE Prototype Buildings
RetailStandalone BLDG_OCC_SCH_2010,Occupancy,,Wkdy,1-Jan,31-Dec,Hourly,0,0,0,0,0,0,0,0.1,0.2,0.5,0.5,0.7,0.7,0.7,0.7,0.8,0.7,0.5,0.5,0.3,0.3,0,0,0,From DOE Prototype Buildings
RetailStandalone BLDG_OCC_SCH_2010,Occupancy,,WntrDsn,1-Jan,31-Dec,Constant,0,,,,,,,,,,,,,,,,,,,,,,,,From DOE Prototype Buildings
RetailStandalone BLDG_SWH_SCH,Service Water Heating,,Default,1-Jan,31-Dec,Hourly,0,0,0,0,0,0,0,0,0,0.14,0.29,0.31,0.36,0.36,0.34,0.35,0.37,0.34,0.25,0,0,0,0,0,From DOE Prototype Buildings
RetailStandalone BLDG_SWH_SCH,Service Water Heating,,SmrDsn|Wkdy,1-Jan,31-Dec,Hourly,0,0,0,0,0,0,0,0.15,0.23,0.32,0.41,0.57,0.62,0.61,0.5,0.45,0.46,0.47,0.42,0.34,0.33,0,0,0,From DOE Prototype Buildings
RetailStandalone BLDG_SWH_SCH,Service Water Heating,,WntrDsn|Sat,1-Jan,31-Dec,Hourly,0,0,0,0,0,0,0,0.2,0.24,0.27,0.42,0.54,0.59,0.6,0.49,0.48,0.47,0.46,0.44,0.36,0.29,0.22,0,0,From DOE Prototype Buildings
RetailStandalone CLGSETP_SCH_NO_OPTIMUM,Thermostat Setpoint,C,Default,1-Jan,31-Dec,Hourly,29.44,29.44,29.44,29.44,29.44,29.44,29.44,23.89,23.89,23.89,23.89,23.89,23.89,23.89,23.89,23.89,23.89,23.89,23.89,29.44,29.44,29.44,29.44,29.44,From DOE Prototype Buildings
RetailStandalone CLGSETP_SCH_NO_OPTIMUM,Thermostat Setpoint,C,Sat,1-Jan,31-Dec,Hourly,29.44,29.44,29.44,29.44,29.44,23.89,23.89,23.89,23.89,23.89,23.89,23.89,23.89,23.89,23.89,23.89,23.89,23.89,23.89,23.89,23.89,23.89,29.44,29.44,From DOE Prototype Buildings
RetailStandalone CLGSETP_SCH_NO_OPTIMUM,Thermostat Setpoint,C,SmrDsn,1-Jan,31-Dec,Hourly,29.44,29.44,29.44,29.44,29.44,29.44,26.67,23.89,23.89,23.89,23.89,23.89,23.89,23.89,23.89,23.89,23.89,23.89,23.89,23.89,23.89,29.44,29.44,29.44,From DOE Prototype Buildings
RetailStandalone CLGSETP_SCH_NO_OPTIMUM,Thermostat Setpoint,C,Wkdy,1-Jan,31-Dec,Hourly,29.44,29.44,29.44,29.44,29.44,23.89,23.89,23.89,23.89,23.89,23.89,23.89,23.89,23.89,23.89,23.89,23.89,23.89,23.89,23.89,23.89,29.44,29.44,29.44,From DOE Prototype Buildings
RetailStandalone CLGSETP_SCH_NO_OPTIMUM,Thermostat Setpoint,C,WntrDsn,1-Jan,31-Dec,Constant,29.44,,,,,,,,,,,,,,,,,,,,,,,,From DOE Prototype Buildings
RetailStandalone CLGSETP_SCH_NO_SETBACK,Thermostat Setpoint,C,Default|Sat|Wkdy,1-Jan,31-Dec,Constant,23.89,,,,,,,,,,,,,,,,,,,,,,,,From DOE Prototype Buildings
RetailStandalone CLGSETP_SCH_NO_SETBACK,Thermostat Setpoint,C,SmrDsn,1-Jan,31-Dec,Hourly,29.44,29.44,29.44,29.44,29.44,29.44,26.67,23.89,23.89,23.89,23.89,23.89,23.89,23.89,23.89,23.89,23.89,23.89,23.89,23.89,23.89,29.44,29.44,29.44,From DOE Prototype Buildings
RetailStandalone CLGSETP_SCH_NO_SETBACK,Thermostat Setpoint,C,WntrDsn,1-Jan,31-Dec,Constant,29.44,,,,,,,,,,,,,,,,,,,,,,,,From DOE Prototype Buildings
RetailStandalone CLGSETP_SCH_PSZ_AC_2,Thermostat Setpoint,C,Default,1-Jan,31-Dec,Hourly,29.44,29.44,29.44,29.44,29.44,29.44,29.44,23.89,23.89,23.89,23.89,23.89,23.89,23.89,23.89,23.89,23.89,23.89,23.89,29.44,29.44,29.44,29.44,29.44,From DOE Prototype Buildings
RetailStandalone CLGSETP_SCH_PSZ_AC_2,Thermostat Setpoint,C,Sat,1-Jan,31-Dec,Hourly,29.44,29.44,29.44,29.44,29.44,23.89,23.89,23.89,23.89,23.89,23.89,23.89,23.89,23.89,23.89,23.89,23.89,23.89,23.89,23.89,23.89,23.89,29.44,29.44,From DOE Prototype Buildings
RetailStandalone CLGSETP_SCH_PSZ_AC_2,Thermostat Setpoint,C,SmrDsn,1-Jan,31-Dec,Hourly,29.44,29.44,29.44,29.44,29.44,29.44,26.67,23.89,23.89,23.89,23.89,23.89,23.89,23.89,23.89,23.89,23.89,23.89,23.89,23.89,23.89,29.44,29.44,29.44,From DOE Prototype Buildings
RetailStandalone CLGSETP_SCH_PSZ_AC_2,Thermostat Setpoint,C,Wkdy,1-Jan,31-Dec,Hourly,29.44,29.44,29.44,29.44,29.44,23.89,23.89,23.89,23.89,23.89,23.89,23.89,23.89,23.89,23.89,23.89,23.89,23.89,23.89,23.89,23.89,29.44,29.44,29.44,From DOE Prototype Buildings
RetailStandalone CLGSETP_SCH_PSZ_AC_2,Thermostat Setpoint,C,WntrDsn,1-Jan,31-Dec,Constant,29.44,,,,,,,,,,,,,,,,,,,,,,,,From DOE Prototype Buildings
RetailStandalone CLGSETP_SCH_YES_OPTIMUM,Thermostat Setpoint,C,Default,1-Jan,31-Dec,Hourly,29.44,29.44,29.44,29.44,29.44,29.44,29.44,27.8,25.6,23.89,23.89,23.89,23.89,23.89,23.89,23.89,23.89,23.89,23.89,29.44,29.44,29.44,29.44,29.44,From DOE Prototype Buildings
RetailStandalone CLGSETP_SCH_YES_OPTIMUM,Thermostat Setpoint,C,Sat,1-Jan,31-Dec,Hourly,29.44,29.44,29.44,29.44,29.44,27.8,25.6,23.89,23.89,23.89,23.89,23.89,23.89,23.89,23.89,23.89,23.89,23.89,23.89,23.89,23.89,23.89,29.44,29.44,From DOE Prototype Buildings
RetailStandalone CLGSETP_SCH_YES_OPTIMUM,Thermostat Setpoint,C,SmrDsn,1-Jan,31-Dec,Hourly,29.44,29.44,29.44,29.44,29.44,29.44,26.67,23.89,23.89,23.89,23.89,23.89,23.89,23.89,23.89,23.89,23.89,23.89,23.89,23.89,23.89,29.44,29.44,29.44,From DOE Prototype Buildings
RetailStandalone CLGSETP_SCH_YES_OPTIMUM,Thermostat Setpoint,C,Wkdy,1-Jan,31-Dec,Hourly,29.44,29.44,29.44,29.44,29.44,27.8,25.6,23.89,23.89,23.89,23.89,23.89,23.89,23.89,23.89,23.89,23.89,23.89,23.89,23.89,23.89,29.44,29.44,29.44,From DOE Prototype Buildings
RetailStandalone CLGSETP_SCH_YES_OPTIMUM,Thermostat Setpoint,C,WntrDsn,1-Jan,31-Dec,Constant,29.44,,,,,,,,,,,,,,,,,,,,,,,,From DOE Prototype Buildings
RetailStandalone CLGSETP_SCH_YES_OPTIMUM_ORIGINAL,Thermostat Setpoint,C,Default,1-Jan,31-Dec,Hourly,29.44,29.44,29.44,29.44,29.44,29.44,29.44,27.8,25.6,23.89,23.89,23.89,23.89,23.89,23.89,23.89,23.89,23.89,23.89,29.44,29.44,29.44,29.44,29.44,From DOE Prototype Buildings
RetailStandalone CLGSETP_SCH_YES_OPTIMUM_ORIGINAL,Thermostat Setpoint,C,Sat,1-Jan,31-Dec,Hourly,29.44,29.44,29.44,29.44,29.44,27.8,25.6,23.89,23.89,23.89,23.89,23.89,23.89,23.89,23.89,23.89,23.89,23.89,23.89,23.89,23.89,23.89,29.44,29.44,From DOE Prototype Buildings
RetailStandalone CLGSETP_SCH_YES_OPTIMUM_ORIGINAL,Thermostat Setpoint,C,SmrDsn,1-Jan,31-Dec,Hourly,29.44,29.44,29.44,29.44,29.44,29.44,26.67,23.89,23.89,23.89,23.89,23.89,23.89,23.89,23.89,23.89,23.89,23.89,23.89,23.89,23.89,29.44,29.44,29.44,From DOE Prototype Buildings
RetailStandalone CLGSETP_SCH_YES_OPTIMUM_ORIGINAL,Thermostat Setpoint,C,Wkdy,1-Jan,31-Dec,Hourly,29.44,29.44,29.44,29.44,29.44,27.8,25.6,23.89,23.89,23.89,23.89,23.89,23.89,23.89,23.89,23.89,23.89,23.89,23.89,23.89,23.89,29.44,29.44,29.44,From DOE Prototype Buildings
RetailStandalone CLGSETP_SCH_YES_OPTIMUM_ORIGINAL,Thermostat Setpoint,C,WntrDsn,1-Jan,31-Dec,Constant,29.44,,,,,,,,,,,,,,,,,,,,,,,,From DOE Prototype Buildings
RetailStandalone CLOTHING_SCH,Clothing,W,Default|SmrDsn,1-Jan,31-Dec,Constant,0.5,,,,,,,,,,,,,,,,,,,,,,,,From DOE Prototype Buildings
RetailStandalone CLOTHING_SCH,Clothing,W,Wknd|Wkdy,1-Oct,31-Dec,Constant,1,,,,,,,,,,,,,,,,,,,,,,,,From DOE Prototype Buildings
RetailStandalone CLOTHING_SCH,Clothing,W,Wknd|Wkdy,1-Jan,30-Apr,Constant,1,,,,,,,,,,,,,,,,,,,,,,,,From DOE Prototype Buildings
RetailStandalone CLOTHING_SCH,Clothing,W,WntrDsn,1-Jan,31-Dec,Constant,1,,,,,,,,,,,,,,,,,,,,,,,,From DOE Prototype Buildings
RetailStandalone CoolingCoilAvailSched,Unknown,,Default|WntrDsn|SmrDsn,1-Jan,31-Dec,Constant,1,,,,,,,,,,,,,,,,,,,,,,,,From DOE Prototype Buildings
RetailStandalone CW-Loop-Temp-Schedule,Unknown,C,Default|WntrDsn|SmrDsn,1-Jan,31-Dec,Constant,6.7,,,,,,,,,,,,,,,,,,,,,,,,From DOE Prototype Buildings
RetailStandalone Dual Zone Control Type Sched,Unknown,,Default|WntrDsn|SmrDsn,1-Jan,31-Dec,Constant,4,,,,,,,,,,,,,,,,,,,,,,,,From DOE Prototype Buildings
RetailStandalone Exterior_Lgt_189_1,Unknown,,Default|WntrDsn|SmrDsn,1-Jan,31-Dec,Hourly,0.5,0.5,0.5,0.5,0.5,0.5,0.5,0.5,0.5,1,1,1,1,1,1,1,1,1,1,0.5,0.5,0.5,0.5,0.5,From DOE Prototype Buildings
RetailStandalone Exterior_Lgt_ALWAYS_ON,Unknown,,Default|WntrDsn|SmrDsn,1-Jan,31-Dec,Constant,1,,,,,,,,,,,,,,,,,,,,,,,,From DOE Prototype Buildings
RetailStandalone Exterior_lighting_schedule_a,Lighting,,Default|WntrDsn|SmrDsn,1-Jan,31-Dec,Hourly,0,0,0,0,0,0,1,1,1,1,1,1,1,1,1,1,1,1,1,1,1,1,1,1,From DOE Prototype Buildings
RetailStandalone Exterior_lighting_schedule_b,Lighting,,Default|WntrDsn|SmrDsn,1-Jan,31-Dec,Hourly,0.7,0.7,0.7,0.7,0.7,0.7,1,1,1,1,1,1,1,1,1,1,1,1,1,1,1,1,1,1,From DOE Prototype Buildings
RetailStandalone FAN_SCH,Unknown,,Default|WntrDsn|SmrDsn,1-Jan,31-Dec,Constant,1,,,,,,,,,,,,,,,,,,,,,,,,From DOE Prototype Buildings
RetailStandalone FRONT_ENTRY_COOLING,Unknown,C,Default|WntrDsn|SmrDsn,1-Jan,31-Dec,Constant,100,,,,,,,,,,,,,,,,,,,,,,,,From DOE Prototype Buildings
RetailStandalone FrontEntry_CoilSched,Unknown,,Default|WntrDsn|SmrDsn,1-Jan,31-Dec,Constant,1,,,,,,,,,,,,,,,,,,,,,,,,From DOE Prototype Buildings
RetailStandalone FrontEntry_FanSched,Unknown,,Default|WntrDsn|SmrDsn,1-Jan,31-Dec,Constant,1,,,,,,,,,,,,,,,,,,,,,,,,From DOE Prototype Buildings
RetailStandalone Heating-Supply-Air-Temp-Sch,Unknown,C,Default|WntrDsn|SmrDsn,1-Jan,31-Dec,Constant,16,,,,,,,,,,,,,,,,,,,,,,,,From DOE Prototype Buildings
RetailStandalone Hot Water Setpoint Temp Schedule,Unknown,W,Default|WntrDsn|SmrDsn,1-Jan,31-Dec,Constant,60,,,,,,,,,,,,,,,,,,,,,,,,From DOE Prototype Buildings
RetailStandalone Hours_of_operation,Operation,,Default,1-Jan,31-Dec,Hourly,0,0,0,0,0,0,0,0,1,1,1,1,1,1,1,1,1,1,1,0,0,0,0,0,From DOE Prototype Buildings
RetailStandalone Hours_of_operation,Operation,,SmrDsn|Wkdy,1-Jan,31-Dec,Hourly,0,0,0,0,0,0,1,1,1,1,1,1,1,1,1,1,1,1,1,1,1,0,0,0,From DOE Prototype Buildings
RetailStandalone Hours_of_operation,Operation,,WntrDsn|Sat,1-Jan,31-Dec,Hourly,0,0,0,0,0,0,1,1,1,1,1,1,1,1,1,1,1,1,1,1,1,1,0,0,From DOE Prototype Buildings
RetailStandalone HTGSETP_SCH_FrontEntry_STD2013,Thermostat Setpoint,C,Default,1-Jan,31-Dec,Hourly,15.56,15.56,15.56,15.56,15.56,15.56,15.56,15.56,16,16,16,16,16,16,16,16,16,16,16,15.56,15.56,15.56,15.56,15.56,From DOE Prototype Buildings
RetailStandalone HTGSETP_SCH_FrontEntry_STD2013,Thermostat Setpoint,C,Sat,1-Jan,31-Dec,Hourly,15.56,15.56,15.56,15.56,15.56,15.56,16,16,16,16,16,16,16,16,16,16,16,16,16,16,16,16,15.56,15.56,From DOE Prototype Buildings
RetailStandalone HTGSETP_SCH_FrontEntry_STD2013,Thermostat Setpoint,C,SmrDsn,1-Jan,31-Dec,Constant,15.56,,,,,,,,,,,,,,,,,,,,,,,,From DOE Prototype Buildings
RetailStandalone HTGSETP_SCH_FrontEntry_STD2013,Thermostat Setpoint,C,WntrDsn|Wkdy,1-Jan,31-Dec,Hourly,15.56,15.56,15.56,15.56,15.56,15.56,16,16,16,16,16,16,16,16,16,16,16,16,16,16,16,15.56,15.56,15.56,From DOE Prototype Buildings
RetailStandalone HTGSETP_SCH_NO_OPTIMUM,Thermostat Setpoint,C,Default,1-Jan,31-Dec,Hourly,15.56,15.56,15.56,15.56,15.56,15.56,15.56,21.11,21.11,21.11,21.11,21.11,21.11,21.11,21.11,21.11,21.11,21.11,21.11,15.56,15.56,15.56,15.56,15.56,From DOE Prototype Buildings
RetailStandalone HTGSETP_SCH_NO_OPTIMUM,Thermostat Setpoint,C,Sat,1-Jan,31-Dec,Hourly,15.56,15.56,15.56,15.56,15.56,21.11,21.11,21.11,21.11,21.11,21.11,21.11,21.11,21.11,21.11,21.11,21.11,21.11,21.11,21.11,21.11,21.11,15.56,15.56,From DOE Prototype Buildings
RetailStandalone HTGSETP_SCH_NO_OPTIMUM,Thermostat Setpoint,C,SmrDsn,1-Jan,31-Dec,Constant,15.56,,,,,,,,,,,,,,,,,,,,,,,,From DOE Prototype Buildings
RetailStandalone HTGSETP_SCH_NO_OPTIMUM,Thermostat Setpoint,C,Wkdy,1-Jan,31-Dec,Hourly,15.56,15.56,15.56,15.56,15.56,21.11,21.11,21.11,21.11,21.11,21.11,21.11,21.11,21.11,21.11,21.11,21.11,21.11,21.11,21.11,21.11,15.56,15.56,15.56,From DOE Prototype Buildings
RetailStandalone HTGSETP_SCH_NO_OPTIMUM,Thermostat Setpoint,C,WntrDsn,1-Jan,31-Dec,Hourly,15.56,15.56,15.56,15.56,15.56,15.56,18.33,21.11,21.11,21.11,21.11,21.11,21.11,21.11,21.11,21.11,21.11,21.11,21.11,21.11,21.11,15.56,15.56,15.56,From DOE Prototype Buildings
RetailStandalone HTGSETP_SCH_PSZ_AC_2,Thermostat Setpoint,C,Default,1-Jan,31-Dec,Hourly,15.56,15.56,15.56,15.56,15.56,15.56,15.56,21.11,21.11,21.11,21.11,21.11,21.11,21.11,21.11,21.11,21.11,21.11,21.11,15.56,15.56,15.56,15.56,15.56,From DOE Prototype Buildings
RetailStandalone HTGSETP_SCH_PSZ_AC_2,Thermostat Setpoint,C,Sat,1-Jan,31-Dec,Hourly,15.56,15.56,15.56,15.56,15.56,21.11,21.11,21.11,21.11,21.11,21.11,21.11,21.11,21.11,21.11,21.11,21.11,21.11,21.11,21.11,21.11,21.11,15.56,15.56,From DOE Prototype Buildings
RetailStandalone HTGSETP_SCH_PSZ_AC_2,Thermostat Setpoint,C,SmrDsn,1-Jan,31-Dec,Constant,15.56,,,,,,,,,,,,,,,,,,,,,,,,From DOE Prototype Buildings
RetailStandalone HTGSETP_SCH_PSZ_AC_2,Thermostat Setpoint,C,Wkdy,1-Jan,31-Dec,Hourly,15.56,15.56,15.56,15.56,15.56,21.11,21.11,21.11,21.11,21.11,21.11,21.11,21.11,21.11,21.11,21.11,21.11,21.11,21.11,21.11,21.11,15.56,15.56,15.56,From DOE Prototype Buildings
RetailStandalone HTGSETP_SCH_PSZ_AC_2,Thermostat Setpoint,C,WntrDsn,1-Jan,31-Dec,Hourly,15.56,15.56,15.56,15.56,15.56,15.56,18.33,21.11,21.11,21.11,21.11,21.11,21.11,21.11,21.11,21.11,21.11,21.11,21.11,21.11,21.11,15.56,15.56,15.56,From DOE Prototype Buildings
RetailStandalone HTGSETP_SCH_YES_OPTIMUM,Thermostat Setpoint,C,Default,1-Jan,31-Dec,Hourly,15.56,15.56,15.56,15.56,15.56,15.56,15.56,17.8,20,21.11,21.11,21.11,21.11,21.11,21.11,21.11,21.11,21.11,21.11,15.56,15.56,15.56,15.56,15.56,From DOE Prototype Buildings
RetailStandalone HTGSETP_SCH_YES_OPTIMUM,Thermostat Setpoint,C,Sat,1-Jan,31-Dec,Hourly,15.56,15.56,15.56,15.56,15.56,17.8,20,21.11,21.11,21.11,21.11,21.11,21.11,21.11,21.11,21.11,21.11,21.11,21.11,21.11,21.11,21.11,15.56,15.56,From DOE Prototype Buildings
RetailStandalone HTGSETP_SCH_YES_OPTIMUM,Thermostat Setpoint,C,SmrDsn,1-Jan,31-Dec,Constant,15.56,,,,,,,,,,,,,,,,,,,,,,,,From DOE Prototype Buildings
RetailStandalone HTGSETP_SCH_YES_OPTIMUM,Thermostat Setpoint,C,Wkdy,1-Jan,31-Dec,Hourly,15.56,15.56,15.56,15.56,15.56,17.8,20,21.11,21.11,21.11,21.11,21.11,21.11,21.11,21.11,21.11,21.11,21.11,21.11,21.11,21.11,15.56,15.56,15.56,From DOE Prototype Buildings
RetailStandalone HTGSETP_SCH_YES_OPTIMUM,Thermostat Setpoint,C,WntrDsn,1-Jan,31-Dec,Hourly,15.56,15.56,15.56,15.56,15.56,15.56,18.33,21.11,21.11,21.11,21.11,21.11,21.11,21.11,21.11,21.11,21.11,21.11,21.11,21.11,21.11,15.56,15.56,15.56,From DOE Prototype Buildings
RetailStandalone HTGSETP_SCH_YES_OPTIMUM_ORIGINAL,Thermostat Setpoint,C,Default,1-Jan,31-Dec,Hourly,15.56,15.56,15.56,15.56,15.56,15.56,15.56,17.8,20,21.11,21.11,21.11,21.11,21.11,21.11,21.11,21.11,21.11,21.11,15.56,15.56,15.56,15.56,15.56,From DOE Prototype Buildings
RetailStandalone HTGSETP_SCH_YES_OPTIMUM_ORIGINAL,Thermostat Setpoint,C,Sat,1-Jan,31-Dec,Hourly,15.56,15.56,15.56,15.56,15.56,17.8,20,21.11,21.11,21.11,21.11,21.11,21.11,21.11,21.11,21.11,21.11,21.11,21.11,21.11,21.11,21.11,15.56,15.56,From DOE Prototype Buildings
RetailStandalone HTGSETP_SCH_YES_OPTIMUM_ORIGINAL,Thermostat Setpoint,C,SmrDsn,1-Jan,31-Dec,Constant,15.56,,,,,,,,,,,,,,,,,,,,,,,,From DOE Prototype Buildings
RetailStandalone HTGSETP_SCH_YES_OPTIMUM_ORIGINAL,Thermostat Setpoint,C,Wkdy,1-Jan,31-Dec,Hourly,15.56,15.56,15.56,15.56,15.56,17.8,20,21.11,21.11,21.11,21.11,21.11,21.11,21.11,21.11,21.11,21.11,21.11,21.11,21.11,21.11,15.56,15.56,15.56,From DOE Prototype Buildings
RetailStandalone HTGSETP_SCH_YES_OPTIMUM_ORIGINAL,Thermostat Setpoint,C,WntrDsn,1-Jan,31-Dec,Hourly,15.56,15.56,15.56,15.56,15.56,15.56,18.33,21.11,21.11,21.11,21.11,21.11,21.11,21.11,21.11,21.11,21.11,21.11,21.11,21.11,21.11,15.56,15.56,15.56,From DOE Prototype Buildings
RetailStandalone Humidity Setpoint Schedule,Unknown,,Default|WntrDsn|SmrDsn|Sat|Wkdy,1-Jan,31-Dec,Constant,50,,,,,,,,,,,,,,,,,,,,,,,,From DOE Prototype Buildings
RetailStandalone HVACOperationSchd,Operation,,Default,1-Jan,31-Dec,Hourly,0,0,0,0,0,0,0,0,1,1,1,1,1,1,1,1,1,1,1,0,0,0,0,0,From DOE Prototype Buildings
RetailStandalone HVACOperationSchd,Operation,,SmrDsn|Wkdy,1-Jan,31-Dec,Hourly,0,0,0,0,0,0,1,1,1,1,1,1,1,1,1,1,1,1,1,1,1,0,0,0,From DOE Prototype Buildings
RetailStandalone HVACOperationSchd,Operation,,WntrDsn|Sat,1-Jan,31-Dec,Hourly,0,0,0,0,0,0,1,1,1,1,1,1,1,1,1,1,1,1,1,1,1,1,0,0,From DOE Prototype Buildings
RetailStandalone HW-Loop-Temp-Schedule,Unknown,C,Default|WntrDsn|SmrDsn,1-Jan,31-Dec,Constant,60,,,,,,,,,,,,,,,,,,,,,,,,From DOE Prototype Buildings
RetailStandalone INFIL_Door_Opening_SCH,Infiltration,,Default|WntrDsn|SmrDsn,1-Jan,31-Dec,Hourly,0,0,0,0,0,0,0,0,0.144,0.144,0.144,0.144,1,1,1,1,1,1,0.144,0.144,0,0,0,0,From DOE Prototype Buildings
RetailStandalone INFIL_HALF_ON_SCH,Infiltration,,Default,1-Jan,31-Dec,Hourly,1,1,1,1,1,1,1,1,0.5,0.5,0.5,0.5,0.5,0.5,0.5,0.5,0.5,1,1,1,1,1,1,1,From DOE Prototype Buildings
RetailStandalone INFIL_HALF_ON_SCH,Infiltration,,Sat,1-Jan,31-Dec,Hourly,1,1,1,1,1,1,0.5,0.5,0.5,0.5,0.5,0.5,0.5,0.5,0.5,0.5,0.5,0.5,0.5,0.5,0.5,0.5,1,1,From DOE Prototype Buildings
RetailStandalone INFIL_HALF_ON_SCH,Infiltration,,SmrDsn|Wkdy,1-Jan,31-Dec,Hourly,1,1,1,1,1,1,0.5,0.5,0.5,0.5,0.5,0.5,0.5,0.5,0.5,0.5,0.5,0.5,0.5,0.5,0.5,1,1,1,From DOE Prototype Buildings
RetailStandalone INFIL_HALF_ON_SCH,Infiltration,,WntrDsn,1-Jan,31-Dec,Constant,1,,,,,,,,,,,,,,,,,,,,,,,,From DOE Prototype Buildings
RetailStandalone INFIL_SCH,Infiltration,,Default,1-Jan,31-Dec,Hourly,1,1,1,1,1,1,1,1,0,0,0,0,0,0,0,0,0,1,1,1,1,1,1,1,From DOE Prototype Buildings
RetailStandalone INFIL_SCH,Infiltration,,Sat,1-Jan,31-Dec,Hourly,1,1,1,1,1,1,0,0,0,0,0,0,0,0,0,0,0,0,0,0,0,0,1,1,From DOE Prototype Buildings
RetailStandalone INFIL_SCH,Infiltration,,SmrDsn|Wkdy,1-Jan,31-Dec,Hourly,1,1,1,1,1,1,0,0,0,0,0,0,0,0,0,0,0,0,0,0,0,1,1,1,From DOE Prototype Buildings
RetailStandalone INFIL_SCH,Infiltration,,WntrDsn,1-Jan,31-Dec,Constant,1,,,,,,,,,,,,,,,,,,,,,,,,From DOE Prototype Buildings
RetailStandalone INFIL_SCH_PNNL,Infiltration,,Default,1-Jan,31-Dec,Hourly,1,1,1,1,1,1,1,1,0.25,0.25,0.25,0.25,0.25,0.25,0.25,0.25,0.25,0.25,0.25,1,1,1,1,1,From DOE Prototype Buildings
RetailStandalone INFIL_SCH_PNNL,Infiltration,,SmrDsn|Wkdy,1-Jan,31-Dec,Hourly,1,1,1,1,1,1,0.25,0.25,0.25,0.25,0.25,0.25,0.25,0.25,0.25,0.25,0.25,0.25,0.25,0.25,0.25,1,1,1,From DOE Prototype Buildings
RetailStandalone INFIL_SCH_PNNL,Infiltration,,WntrDsn|Sat,1-Jan,31-Dec,Hourly,1,1,1,1,1,1,0.25,0.25,0.25,0.25,0.25,0.25,0.25,0.25,0.25,0.25,0.25,0.25,0.25,0.25,0.25,0.25,1,1,From DOE Prototype Buildings
RetailStandalone MinOA_MotorizedDamper_Sched,OA Air,,Default,1-Jan,31-Dec,Hourly,0,0,0,0,0,0,0,0,0,1,1,1,1,1,1,1,1,1,1,0,0,0,0,0,From DOE Prototype Buildings
RetailStandalone MinOA_MotorizedDamper_Sched,OA Air,,Sat,1-Jan,31-Dec,Hourly,0,0,0,0,0,0,0,1,1,1,1,1,1,1,1,1,1,1,1,1,1,1,0,0,From DOE Prototype Buildings
RetailStandalone MinOA_MotorizedDamper_Sched,OA Air,,SmrDsn|Wkdy,1-Jan,31-Dec,Hourly,0,0,0,0,0,0,0,1,1,1,1,1,1,1,1,1,1,1,1,1,1,0,0,0,From DOE Prototype Buildings
RetailStandalone MinOA_MotorizedDamper_Sched,OA Air,,WntrDsn,1-Jan,31-Dec,Constant,1,,,,,,,,,,,,,,,,,,,,,,,,From DOE Prototype Buildings
RetailStandalone MinOA_Sched,OA Air,,Default|WntrDsn|SmrDsn,1-Jan,31-Dec,Constant,1,,,,,,,,,,,,,,,,,,,,,,,,From DOE Prototype Buildings
RetailStandalone PlantOnSched,Unknown,,Default|WntrDsn|SmrDsn,1-Jan,31-Dec,Constant,1,,,,,,,,,,,,,,,,,,,,,,,,From DOE Prototype Buildings
RetailStandalone ReheatCoilAvailSched,Unknown,,Default|WntrDsn|SmrDsn,1-Jan,31-Dec,Constant,1,,,,,,,,,,,,,,,,,,,,,,,,From DOE Prototype Buildings
RetailStandalone Seasonal-Reset-Supply-Air-Temp-Sch,Unknown,C,Default|WntrDsn|SmrDsn,1-Jan,31-Dec,Constant,13,,,,,,,,,,,,,,,,,,,,,,,,From DOE Prototype Buildings
RetailStandalone Seasonal-Reset-Supply-Air-Temp-Sch,Unknown,C,Wknd|Wkdy,1-Oct,31-Dec,Constant,13,,,,,,,,,,,,,,,,,,,,,,,,From DOE Prototype Buildings
RetailStandalone Seasonal-Reset-Supply-Air-Temp-Sch,Unknown,C,Wknd|Wkdy,1-Jan,31-Mar,Constant,13,,,,,,,,,,,,,,,,,,,,,,,,From DOE Prototype Buildings
RetailStandalone SHADING_SCH,Unknown,W,Default|WntrDsn|SmrDsn,1-Jan,31-Dec,Constant,0,,,,,,,,,,,,,,,,,,,,,,,,From DOE Prototype Buildings
RetailStandalone WORK_EFF_SCH,Unknown,,Default|WntrDsn|SmrDsn,1-Jan,31-Dec,Constant,0,,,,,,,,,,,,,,,,,,,,,,,,From DOE Prototype Buildings
RetailStripmall AIR_VELO_SCH,Unknown,W,Default|WntrDsn|SmrDsn,1-Jan,31-Dec,Constant,0.2,,,,,,,,,,,,,,,,,,,,,,,,From DOE Prototype Buildings
RetailStripmall ALWAYS_ON,Unknown,,Default|WntrDsn|SmrDsn,1-Jan,31-Dec,Constant,1,,,,,,,,,,,,,,,,,,,,,,,,From DOE Prototype Buildings
RetailStripmall CLOTHING_SCH,Clothing,W,Default|SmrDsn,1-Jan,31-Dec,Constant,0.5,,,,,,,,,,,,,,,,,,,,,,,,From DOE Prototype Buildings
RetailStripmall CLOTHING_SCH,Clothing,W,Wknd|Wkdy,1-Oct,31-Dec,Constant,1,,,,,,,,,,,,,,,,,,,,,,,,From DOE Prototype Buildings
RetailStripmall CLOTHING_SCH,Clothing,W,Wknd|Wkdy,1-Jan,30-Apr,Constant,1,,,,,,,,,,,,,,,,,,,,,,,,From DOE Prototype Buildings
RetailStripmall CLOTHING_SCH,Clothing,W,WntrDsn,1-Jan,31-Dec,Constant,1,,,,,,,,,,,,,,,,,,,,,,,,From DOE Prototype Buildings
RetailStripmall Dual Zone Control Type Sched,Unknown,,Default|WntrDsn|SmrDsn,1-Jan,31-Dec,Constant,4,,,,,,,,,,,,,,,,,,,,,,,,From DOE Prototype Buildings
RetailStripmall Exterior_Lgt_189_1,Unknown,,Default|WntrDsn|SmrDsn,1-Jan,31-Dec,Hourly,0.5,0.5,0.5,0.5,0.5,0.5,0.5,0.5,0.5,1,1,1,1,1,1,1,1,1,1,1,1,1,1,1,From DOE Prototype Buildings
RetailStripmall Exterior_Lgt_ALWAYS_ON,Unknown,,Default|WntrDsn|SmrDsn,1-Jan,31-Dec,Constant,1,,,,,,,,,,,,,,,,,,,,,,,,From DOE Prototype Buildings
RetailStripmall Exterior_lighting_schedule_a,Lighting,,Default|WntrDsn|SmrDsn,1-Jan,31-Dec,Hourly,0,0,0,0,0,0,1,1,1,1,1,1,1,1,1,1,1,1,1,1,1,1,1,1,From DOE Prototype Buildings
RetailStripmall Exterior_lighting_schedule_b,Lighting,,Default|WntrDsn|SmrDsn,1-Jan,31-Dec,Hourly,0.7,0.7,0.7,0.7,0.7,0.7,1,1,1,1,1,1,1,1,1,1,1,1,1,1,1,1,1,1,From DOE Prototype Buildings
RetailStripmall Hot Water Setpoint Temp Schedule,Unknown,W,Default|WntrDsn|SmrDsn,1-Jan,31-Dec,Constant,60,,,,,,,,,,,,,,,,,,,,,,,,From DOE Prototype Buildings
RetailStripmall INFIL_Door_Opening_SCH,Infiltration,,Default|WntrDsn|SmrDsn,1-Jan,31-Dec,Hourly,0,0,0,0,0,0,0,0,0.144,0.144,0.144,0.144,1,1,1,1,1,1,0.144,0.144,0,0,0,0,From DOE Prototype Buildings
RetailStripmall MinOA_Sched,OA Air,,Default|WntrDsn|SmrDsn,1-Jan,31-Dec,Constant,1,,,,,,,,,,,,,,,,,,,,,,,,From DOE Prototype Buildings
RetailStripmall Type1_CLGSETP_SCH_NO_OPTIMUM,Thermostat Setpoint,C,Default,1-Jan,31-Dec,Hourly,26.67,26.67,26.67,26.67,26.67,26.67,26.67,26.67,23.89,23.89,23.89,23.89,23.89,23.89,23.89,23.89,23.89,23.89,23.89,23.89,23.89,23.89,23.89,23.89,From DOE Prototype Buildings
RetailStripmall Type1_CLGSETP_SCH_NO_OPTIMUM,Thermostat Setpoint,C,Mon|Tue|Wed|Thu,1-Jan,31-Dec,Hourly,29.44,29.44,29.44,29.44,29.44,29.44,29.44,29.44,23.89,23.89,23.89,23.89,23.89,23.89,23.89,23.89,23.89,23.89,23.89,23.89,23.89,23.89,23.89,23.89,From DOE Prototype Buildings
RetailStripmall Type1_CLGSETP_SCH_NO_OPTIMUM,Thermostat Setpoint,C,Sat|Fri,1-Jan,31-Dec,Hourly,23.89,29.44,29.44,29.44,29.44,29.44,29.44,29.44,23.89,23.89,23.89,23.89,23.89,23.89,23.89,23.89,23.89,23.89,23.89,23.89,23.89,23.89,23.89,23.89,From DOE Prototype Buildings
RetailStripmall Type1_CLGSETP_SCH_NO_OPTIMUM,Thermostat Setpoint,C,SmrDsn,1-Jan,31-Dec,Hourly,29.44,29.44,29.44,29.44,29.44,29.44,29.44,29.44,26.67,23.89,23.89,23.89,23.89,23.89,23.89,23.89,23.89,23.89,23.89,23.89,23.89,23.89,23.89,23.89,From DOE Prototype Buildings
RetailStripmall Type1_CLGSETP_SCH_NO_OPTIMUM,Thermostat Setpoint,C,WntrDsn,1-Jan,31-Dec,Constant,29.44,,,,,,,,,,,,,,,,,,,,,,,,From DOE Prototype Buildings
RetailStripmall Type1_CLGSETP_SCH_NO_SETBACK,Thermostat Setpoint,C,Default|Sat|Fri|Mon|Tue|Wed|Thu,1-Jan,31-Dec,Constant,23.89,,,,,,,,,,,,,,,,,,,,,,,,From DOE Prototype Buildings
RetailStripmall Type1_CLGSETP_SCH_NO_SETBACK,Thermostat Setpoint,C,SmrDsn,1-Jan,31-Dec,Hourly,29.44,29.44,29.44,29.44,29.44,29.44,29.44,29.44,26.67,23.89,23.89,23.89,23.89,23.89,23.89,23.89,23.89,23.89,23.89,23.89,23.89,23.89,23.89,23.89,From DOE Prototype Buildings
RetailStripmall Type1_CLGSETP_SCH_NO_SETBACK,Thermostat Setpoint,C,WntrDsn,1-Jan,31-Dec,Constant,29.44,,,,,,,,,,,,,,,,,,,,,,,,From DOE Prototype Buildings
RetailStripmall Type1_CLGSETP_SCH_YES_OPTIMUM,Thermostat Setpoint,C,Default,1-Jan,31-Dec,Hourly,26.67,26.67,26.67,26.67,26.67,26.67,26.67,26.67,23.89,23.89,23.89,23.89,23.89,23.89,23.89,23.89,23.89,23.89,23.89,23.89,23.89,23.89,23.89,23.89,From DOE Prototype Buildings
RetailStripmall Type1_CLGSETP_SCH_YES_OPTIMUM,Thermostat Setpoint,C,Sat|Fri,1-Jan,31-Dec,Hourly,23.89,29.44,29.44,29.44,29.44,29.44,29.44,29.44,26.67,23.89,23.89,23.89,23.89,23.89,23.89,23.89,23.89,23.89,23.89,23.89,23.89,23.89,23.89,23.89,From DOE Prototype Buildings
RetailStripmall Type1_CLGSETP_SCH_YES_OPTIMUM,Thermostat Setpoint,C,SmrDsn|Mon|Tue|Wed|Thu,1-Jan,31-Dec,Hourly,29.44,29.44,29.44,29.44,29.44,29.44,29.44,29.44,26.67,23.89,23.89,23.89,23.89,23.89,23.89,23.89,23.89,23.89,23.89,23.89,23.89,23.89,23.89,23.89,From DOE Prototype Buildings
RetailStripmall Type1_CLGSETP_SCH_YES_OPTIMUM,Thermostat Setpoint,C,WntrDsn,1-Jan,31-Dec,Constant,29.44,,,,,,,,,,,,,,,,,,,,,,,,From DOE Prototype Buildings
RetailStripmall Type1_EQUIP_SCH,Equipment,,Default|Mon|Tue|Wed|Thu,1-Jan,31-Dec,Hourly,0.05,0.05,0.05,0.05,0.05,0.05,0.05,0.05,0.05,0.5,0.9,0.9,0.9,0.9,0.9,0.9,0.9,0.9,0.9,0.9,0.9,0.9,0.9,0.5,From DOE Prototype Buildings
RetailStripmall Type1_EQUIP_SCH,Equipment,,Sat|Fri,1-Jan,31-Dec,Hourly,0.5,0.05,0.05,0.05,0.05,0.05,0.05,0.05,0.05,0.5,0.9,0.9,0.9,0.9,0.9,0.9,0.9,0.9,0.9,0.9,0.9,0.9,0.9,0.9,From DOE Prototype Buildings
RetailStripmall Type1_EQUIP_SCH,Equipment,,SmrDsn,1-Jan,31-Dec,Constant,1,,,,,,,,,,,,,,,,,,,,,,,,From DOE Prototype Buildings
RetailStripmall Type1_EQUIP_SCH,Equipment,,WntrDsn,1-Jan,31-Dec,Constant,0,,,,,,,,,,,,,,,,,,,,,,,,From DOE Prototype Buildings
RetailStripmall Type1_FAN_SCH,Unknown,,Default|SmrDsn|Mon|Tue|Wed|Thu,1-Jan,31-Dec,Hourly,0,0,0,0,0,0,0,0,1,1,1,1,1,1,1,1,1,1,1,1,1,1,1,1,From DOE Prototype Buildings
RetailStripmall Type1_FAN_SCH,Unknown,,WntrDsn|Sat|Fri,1-Jan,31-Dec,Hourly,1,0,0,0,0,0,0,0,1,1,1,1,1,1,1,1,1,1,1,1,1,1,1,1,From DOE Prototype Buildings
RetailStripmall Type1_HTGSETP_SCH_NO_OPTIMUM,Thermostat Setpoint,C,Default|Sat|Fri,1-Jan,31-Dec,Hourly,15.56,15.56,15.56,15.56,15.56,15.56,15.56,15.56,21.11,21.11,21.11,21.11,21.11,21.11,21.11,21.11,21.11,21.11,21.11,21.11,21.11,21.11,21.11,21.11,From DOE Prototype Buildings
RetailStripmall Type1_HTGSETP_SCH_NO_OPTIMUM,Thermostat Setpoint,C,Mon|Tue|Wed|Thu,1-Jan,31-Dec,Hourly,21.11,15.56,15.56,15.56,15.56,15.56,15.56,15.56,21.11,21.11,21.11,21.11,21.11,21.11,21.11,21.11,21.11,21.11,21.11,21.11,21.11,21.11,21.11,21.11,From DOE Prototype Buildings
RetailStripmall Type1_HTGSETP_SCH_NO_OPTIMUM,Thermostat Setpoint,C,SmrDsn,1-Jan,31-Dec,Constant,15.56,,,,,,,,,,,,,,,,,,,,,,,,From DOE Prototype Buildings
RetailStripmall Type1_HTGSETP_SCH_NO_OPTIMUM,Thermostat Setpoint,C,WntrDsn,1-Jan,31-Dec,Hourly,21.11,15.56,15.56,15.56,15.56,15.56,15.56,15.56,18.33,21.11,21.11,21.11,21.11,21.11,21.11,21.11,21.11,21.11,21.11,21.11,21.11,21.11,21.11,21.11,From DOE Prototype Buildings
RetailStripmall Type1_HTGSETP_SCH_YES_OPTIMUM,Thermostat Setpoint,C,Default|Sat|Fri,1-Jan,31-Dec,Hourly,15.56,15.56,15.56,15.56,15.56,15.56,15.56,15.56,18.33,21.11,21.11,21.11,21.11,21.11,21.11,21.11,21.11,21.11,21.11,21.11,21.11,21.11,21.11,21.11,From DOE Prototype Buildings
RetailStripmall Type1_HTGSETP_SCH_YES_OPTIMUM,Thermostat Setpoint,C,SmrDsn,1-Jan,31-Dec,Constant,15.56,,,,,,,,,,,,,,,,,,,,,,,,From DOE Prototype Buildings
RetailStripmall Type1_HTGSETP_SCH_YES_OPTIMUM,Thermostat Setpoint,C,WntrDsn|Mon|Tue|Wed|Thu,1-Jan,31-Dec,Hourly,21.11,15.56,15.56,15.56,15.56,15.56,15.56,15.56,18.33,21.11,21.11,21.11,21.11,21.11,21.11,21.11,21.11,21.11,21.11,21.11,21.11,21.11,21.11,21.11,From DOE Prototype Buildings
RetailStripmall Type1_Infil_SCH,Infiltration,,Default|SmrDsn|Mon|Tue|Wed|Thu,1-Jan,31-Dec,Hourly,1,1,1,1,1,1,1,1,0.25,0.25,0.25,0.25,0.25,0.25,0.25,0.25,0.25,0.25,0.25,0.25,0.25,0.25,0.25,0.25,From DOE Prototype Buildings
RetailStripmall Type1_Infil_SCH,Infiltration,,WntrDsn|Sat|Fri,1-Jan,31-Dec,Hourly,0.25,1,1,1,1,1,1,1,0.25,0.25,0.25,0.25,0.25,0.25,0.25,0.25,0.25,0.25,0.25,0.25,0.25,0.25,0.25,0.25,From DOE Prototype Buildings
RetailStripmall Type1_LIGHT_SCH,Lighting,,Default|Mon|Tue|Wed|Thu,1-Jan,31-Dec,Hourly,0.05,0.05,0.05,0.05,0.05,0.05,0.05,0.05,0.05,0.5,0.95,0.95,0.95,0.95,0.95,0.95,0.95,0.95,0.95,0.95,0.95,0.95,0.95,0.5,From DOE Prototype Buildings
RetailStripmall Type1_LIGHT_SCH,Lighting,,Sat|Fri,1-Jan,31-Dec,Hourly,0.5,0.05,0.05,0.05,0.05,0.05,0.05,0.05,0.05,0.5,0.95,0.95,0.95,0.95,0.95,0.95,0.95,0.95,0.95,0.95,0.95,0.95,0.95,0.95,From DOE Prototype Buildings
RetailStripmall Type1_LIGHT_SCH,Lighting,,SmrDsn,1-Jan,31-Dec,Constant,1,,,,,,,,,,,,,,,,,,,,,,,,From DOE Prototype Buildings
RetailStripmall Type1_LIGHT_SCH,Lighting,,WntrDsn,1-Jan,31-Dec,Constant,0,,,,,,,,,,,,,,,,,,,,,,,,From DOE Prototype Buildings
RetailStripmall Type1_MinOA_MotorizedDamper_SCH,OA Air,,Default|SmrDsn|Mon|Tue|Wed|Thu,1-Jan,31-Dec,Hourly,0,0,0,0,0,0,0,0,0,1,1,1,1,1,1,1,1,1,1,1,1,1,1,1,From DOE Prototype Buildings
RetailStripmall Type1_MinOA_MotorizedDamper_SCH,OA Air,,WntrDsn|Sat|Fri,1-Jan,31-Dec,Hourly,1,0,0,0,0,0,0,0,0,1,1,1,1,1,1,1,1,1,1,1,1,1,1,1,From DOE Prototype Buildings
RetailStripmall Type1_OCC_SCH,Occupancy,,Default,1-Jan,31-Dec,Hourly,0,0,0,0,0,0,0,0,0.05,0.05,0.1,0.2,0.4,0.6,0.4,0.4,0.3,0.6,0.6,0.4,0.4,0.3,0.2,0.05,From DOE Prototype Buildings
RetailStripmall Type1_OCC_SCH,Occupancy,,Mon|Tue|Wed|Thu,1-Jan,31-Dec,Hourly,0,0,0,0,0,0,0,0,0.05,0.05,0.1,0.1,0.2,0.4,0.4,0.25,0.25,0.5,0.5,0.5,0.3,0.3,0.3,0.05,From DOE Prototype Buildings
RetailStripmall Type1_OCC_SCH,Occupancy,,Sat|Fri,1-Jan,31-Dec,Hourly,0.05,0,0,0,0,0,0,0,0,0.05,0.1,0.1,0.2,0.6,0.4,0.25,0.25,0.5,0.5,0.5,0.3,0.3,0.3,0.2,From DOE Prototype Buildings
RetailStripmall Type1_OCC_SCH,Occupancy,,SmrDsn,1-Jan,31-Dec,Constant,1,,,,,,,,,,,,,,,,,,,,,,,,From DOE Prototype Buildings
RetailStripmall Type1_OCC_SCH,Occupancy,,WntrDsn,1-Jan,31-Dec,Constant,0,,,,,,,,,,,,,,,,,,,,,,,,From DOE Prototype Buildings
RetailStripmall Type1_SWH_SCH,Service Water Heating,,Default,1-Jan,31-Dec,Hourly,0,0,0,0,0,0,0,0,0.1,0.14,0.29,0.31,0.36,0.36,0.34,0.35,0.37,0.34,0.25,0.27,0.21,0.16,0.16,0.1,From DOE Prototype Buildings
RetailStripmall Type1_SWH_SCH,Service Water Heating,,SmrDsn|Mon|Tue|Wed|Thu,1-Jan,31-Dec,Hourly,0,0,0,0,0,0,0,0.04,0.04,0.15,0.23,0.32,0.41,0.62,0.6,0.55,0.45,0.5,0.46,0.47,0.34,0.33,0.23,0.13,From DOE Prototype Buildings
RetailStripmall Type1_SWH_SCH,Service Water Heating,,WntrDsn|Sat|Fri,1-Jan,31-Dec,Hourly,0.13,0,0,0,0,0,0,0,0,0.2,0.23,0.32,0.41,0.65,0.6,0.55,0.45,0.5,0.46,0.47,0.34,0.33,0.23,0.13,From DOE Prototype Buildings
RetailStripmall Type2_CLGSETP_SCH_NO_OPTIMUM,Thermostat Setpoint,C,Default,1-Jan,31-Dec,Hourly,29.44,29.44,29.44,29.44,29.44,29.44,29.44,29.44,23.89,23.89,23.89,23.89,23.89,23.89,23.89,23.89,23.89,29.44,29.44,29.44,29.44,29.44,29.44,29.44,From DOE Prototype Buildings
RetailStripmall Type2_CLGSETP_SCH_NO_OPTIMUM,Thermostat Setpoint,C,Sat,1-Jan,31-Dec,Hourly,29.44,29.44,29.44,29.44,29.44,29.44,29.44,23.89,23.89,23.89,23.89,23.89,23.89,23.89,23.89,23.89,23.89,23.89,29.44,29.44,29.44,29.44,29.44,29.44,From DOE Prototype Buildings
RetailStripmall Type2_CLGSETP_SCH_NO_OPTIMUM,Thermostat Setpoint,C,SmrDsn,1-Jan,31-Dec,Hourly,29.44,29.44,29.44,29.44,29.44,29.44,29.44,26.67,23.89,23.89,23.89,23.89,23.89,23.89,23.89,23.89,23.89,23.89,23.89,23.89,29.44,29.44,29.44,29.44,From DOE Prototype Buildings
RetailStripmall Type2_CLGSETP_SCH_NO_OPTIMUM,Thermostat Setpoint,C,Wkdy,1-Jan,31-Dec,Hourly,29.44,29.44,29.44,29.44,29.44,29.44,29.44,23.89,23.89,23.89,23.89,23.89,23.89,23.89,23.89,23.89,23.89,23.89,23.89,23.89,29.44,29.44,29.44,29.44,From DOE Prototype Buildings
RetailStripmall Type2_CLGSETP_SCH_NO_OPTIMUM,Thermostat Setpoint,C,WntrDsn,1-Jan,31-Dec,Constant,29.44,,,,,,,,,,,,,,,,,,,,,,,,From DOE Prototype Buildings
RetailStripmall Type2_CLGSETP_SCH_NO_SETBACK,Thermostat Setpoint,C,Default|Sat|Wkdy,1-Jan,31-Dec,Constant,23.89,,,,,,,,,,,,,,,,,,,,,,,,From DOE Prototype Buildings
RetailStripmall Type2_CLGSETP_SCH_NO_SETBACK,Thermostat Setpoint,C,SmrDsn,1-Jan,31-Dec,Hourly,29.44,29.44,29.44,29.44,29.44,29.44,29.44,26.67,23.89,23.89,23.89,23.89,23.89,23.89,23.89,23.89,23.89,23.89,23.89,23.89,29.44,29.44,29.44,29.44,From DOE Prototype Buildings
RetailStripmall Type2_CLGSETP_SCH_NO_SETBACK,Thermostat Setpoint,C,WntrDsn,1-Jan,31-Dec,Constant,29.44,,,,,,,,,,,,,,,,,,,,,,,,From DOE Prototype Buildings
RetailStripmall Type2_CLGSETP_SCH_YES_OPTIMUM,Thermostat Setpoint,C,Default,1-Jan,31-Dec,Hourly,29.44,29.44,29.44,29.44,29.44,29.44,29.44,29.44,26.67,23.89,23.89,23.89,23.89,23.89,23.89,23.89,23.89,29.44,29.44,29.44,29.44,29.44,29.44,29.44,From DOE Prototype Buildings
RetailStripmall Type2_CLGSETP_SCH_YES_OPTIMUM,Thermostat Setpoint,C,Sat,1-Jan,31-Dec,Hourly,29.44,29.44,29.44,29.44,29.44,29.44,29.44,26.67,23.89,23.89,23.89,23.89,23.89,23.89,23.89,23.89,23.89,23.89,29.44,29.44,29.44,29.44,29.44,29.44,From DOE Prototype Buildings
RetailStripmall Type2_CLGSETP_SCH_YES_OPTIMUM,Thermostat Setpoint,C,SmrDsn|Wkdy,1-Jan,31-Dec,Hourly,29.44,29.44,29.44,29.44,29.44,29.44,29.44,26.67,23.89,23.89,23.89,23.89,23.89,23.89,23.89,23.89,23.89,23.89,23.89,23.89,29.44,29.44,29.44,29.44,From DOE Prototype Buildings
RetailStripmall Type2_CLGSETP_SCH_YES_OPTIMUM,Thermostat Setpoint,C,WntrDsn,1-Jan,31-Dec,Constant,29.44,,,,,,,,,,,,,,,,,,,,,,,,From DOE Prototype Buildings
RetailStripmall Type2_EQUIP_SCH,Equipment,,Default,1-Jan,31-Dec,Hourly,0.05,0.05,0.05,0.05,0.05,0.05,0.05,0.05,0.05,0.5,0.9,0.9,0.9,0.9,0.9,0.9,0.9,0.5,0.05,0.05,0.05,0.05,0.05,0.05,From DOE Prototype Buildings
RetailStripmall Type2_EQUIP_SCH,Equipment,,Sat,1-Jan,31-Dec,Hourly,0.05,0.05,0.05,0.05,0.05,0.05,0.05,0.05,0.5,0.9,0.9,0.9,0.9,0.9,0.9,0.9,0.9,0.9,0.5,0.05,0.05,0.05,0.05,0.05,From DOE Prototype Buildings
RetailStripmall Type2_EQUIP_SCH,Equipment,,SmrDsn,1-Jan,31-Dec,Constant,1,,,,,,,,,,,,,,,,,,,,,,,,From DOE Prototype Buildings
RetailStripmall Type2_EQUIP_SCH,Equipment,,Wkdy,1-Jan,31-Dec,Hourly,0.05,0.05,0.05,0.05,0.05,0.05,0.05,0.05,0.5,0.9,0.9,0.9,0.9,0.9,0.9,0.9,0.9,0.9,0.9,0.9,0.5,0.05,0.05,0.05,From DOE Prototype Buildings
RetailStripmall Type2_EQUIP_SCH,Equipment,,WntrDsn,1-Jan,31-Dec,Constant,0,,,,,,,,,,,,,,,,,,,,,,,,From DOE Prototype Buildings
RetailStripmall Type2_FAN_SCH,Unknown,,Default,1-Jan,31-Dec,Hourly,0,0,0,0,0,0,0,0,1,1,1,1,1,1,1,1,1,1,0,0,0,0,0,0,From DOE Prototype Buildings
RetailStripmall Type2_FAN_SCH,Unknown,,SmrDsn|Wkdy,1-Jan,31-Dec,Hourly,0,0,0,0,0,0,0,1,1,1,1,1,1,1,1,1,1,1,1,1,1,0,0,0,From DOE Prototype Buildings
RetailStripmall Type2_FAN_SCH,Unknown,,WntrDsn|Sat,1-Jan,31-Dec,Hourly,0,0,0,0,0,0,0,1,1,1,1,1,1,1,1,1,1,1,1,0,0,0,0,0,From DOE Prototype Buildings
RetailStripmall Type2_HTGSETP_SCH_NO_OPTIMUM,Thermostat Setpoint,C,Default,1-Jan,31-Dec,Hourly,15.56,15.56,15.56,15.56,15.56,15.56,15.56,15.56,21.11,21.11,21.11,21.11,21.11,21.11,21.11,21.11,21.11,21.11,15.56,15.56,15.56,15.56,15.56,15.56,From DOE Prototype Buildings
RetailStripmall Type2_HTGSETP_SCH_NO_OPTIMUM,Thermostat Setpoint,C,Sat,1-Jan,31-Dec,Hourly,15.56,15.56,15.56,15.56,15.56,15.56,15.56,21.11,21.11,21.11,21.11,21.11,21.11,21.11,21.11,21.11,21.11,21.11,21.11,15.56,15.56,15.56,15.56,15.56,From DOE Prototype Buildings
RetailStripmall Type2_HTGSETP_SCH_NO_OPTIMUM,Thermostat Setpoint,C,SmrDsn,1-Jan,31-Dec,Constant,15.56,,,,,,,,,,,,,,,,,,,,,,,,From DOE Prototype Buildings
RetailStripmall Type2_HTGSETP_SCH_NO_OPTIMUM,Thermostat Setpoint,C,Wkdy,1-Jan,31-Dec,Hourly,15.56,15.56,15.56,15.56,15.56,15.56,15.56,21.11,21.11,21.11,21.11,21.11,21.11,21.11,21.11,21.11,21.11,21.11,21.11,21.11,21.11,15.56,15.56,15.56,From DOE Prototype Buildings
RetailStripmall Type2_HTGSETP_SCH_NO_OPTIMUM,Thermostat Setpoint,C,WntrDsn,1-Jan,31-Dec,Hourly,15.56,15.56,15.56,15.56,15.56,15.56,15.56,18.33,21.11,21.11,21.11,21.11,21.11,21.11,21.11,21.11,21.11,21.11,21.11,21.11,21.11,15.56,15.56,15.56,From DOE Prototype Buildings
RetailStripmall Type2_HTGSETP_SCH_YES_OPTIMUM,Thermostat Setpoint,C,Default,1-Jan,31-Dec,Hourly,15.56,15.56,15.56,15.56,15.56,15.56,15.56,15.56,18.33,21.11,21.11,21.11,21.11,21.11,21.11,21.11,21.11,21.11,15.56,15.56,15.56,15.56,15.56,15.56,From DOE Prototype Buildings
RetailStripmall Type2_HTGSETP_SCH_YES_OPTIMUM,Thermostat Setpoint,C,Sat,1-Jan,31-Dec,Hourly,15.56,15.56,15.56,15.56,15.56,15.56,15.56,18.33,21.11,21.11,21.11,21.11,21.11,21.11,21.11,21.11,21.11,21.11,21.11,15.56,15.56,15.56,15.56,15.56,From DOE Prototype Buildings
RetailStripmall Type2_HTGSETP_SCH_YES_OPTIMUM,Thermostat Setpoint,C,SmrDsn,1-Jan,31-Dec,Constant,15.56,,,,,,,,,,,,,,,,,,,,,,,,From DOE Prototype Buildings
RetailStripmall Type2_HTGSETP_SCH_YES_OPTIMUM,Thermostat Setpoint,C,WntrDsn|Wkdy,1-Jan,31-Dec,Hourly,15.56,15.56,15.56,15.56,15.56,15.56,15.56,18.33,21.11,21.11,21.11,21.11,21.11,21.11,21.11,21.11,21.11,21.11,21.11,21.11,21.11,15.56,15.56,15.56,From DOE Prototype Buildings
RetailStripmall Type2_Infil_SCH,Infiltration,,Default,1-Jan,31-Dec,Hourly,1,1,1,1,1,1,1,1,0.25,0.25,0.25,0.25,0.25,0.25,0.25,0.25,0.25,0.25,1,1,1,1,1,1,From DOE Prototype Buildings
RetailStripmall Type2_Infil_SCH,Infiltration,,SmrDsn|Wkdy,1-Jan,31-Dec,Hourly,1,1,1,1,1,1,1,0.25,0.25,0.25,0.25,0.25,0.25,0.25,0.25,0.25,0.25,0.25,0.25,0.25,0.25,1,1,1,From DOE Prototype Buildings
RetailStripmall Type2_Infil_SCH,Infiltration,,WntrDsn|Sat,1-Jan,31-Dec,Hourly,1,1,1,1,1,1,1,0.25,0.25,0.25,0.25,0.25,0.25,0.25,0.25,0.25,0.25,0.25,0.25,1,1,1,1,1,From DOE Prototype Buildings
RetailStripmall Type2_LIGHT_SCH,Lighting,,Default,1-Jan,31-Dec,Hourly,0.05,0.05,0.05,0.05,0.05,0.05,0.05,0.05,0.05,0.5,0.95,0.95,0.95,0.95,0.95,0.95,0.95,0.5,0.05,0.05,0.05,0.05,0.05,0.05,From DOE Prototype Buildings
RetailStripmall Type2_LIGHT_SCH,Lighting,,Sat,1-Jan,31-Dec,Hourly,0.05,0.05,0.05,0.05,0.05,0.05,0.05,0.05,0.5,0.95,0.95,0.95,0.95,0.95,0.95,0.95,0.95,0.95,0.5,0.05,0.05,0.05,0.05,0.05,From DOE Prototype Buildings
RetailStripmall Type2_LIGHT_SCH,Lighting,,SmrDsn,1-Jan,31-Dec,Constant,1,,,,,,,,,,,,,,,,,,,,,,,,From DOE Prototype Buildings
RetailStripmall Type2_LIGHT_SCH,Lighting,,Wkdy,1-Jan,31-Dec,Hourly,0.05,0.05,0.05,0.05,0.05,0.05,0.05,0.05,0.5,0.95,0.95,0.95,0.95,0.95,0.95,0.95,0.95,0.95,0.95,0.95,0.5,0.05,0.05,0.05,From DOE Prototype Buildings
RetailStripmall Type2_LIGHT_SCH,Lighting,,WntrDsn,1-Jan,31-Dec,Constant,0,,,,,,,,,,,,,,,,,,,,,,,,From DOE Prototype Buildings
RetailStripmall Type2_MinOA_MotorizedDamper_SCH,OA Air,,Default,1-Jan,31-Dec,Hourly,0,0,0,0,0,0,0,0,0,1,1,1,1,1,1,1,1,1,0,0,0,0,0,0,From DOE Prototype Buildings
RetailStripmall Type2_MinOA_MotorizedDamper_SCH,OA Air,,SmrDsn|Wkdy,1-Jan,31-Dec,Hourly,0,0,0,0,0,0,0,0,1,1,1,1,1,1,1,1,1,1,1,1,1,0,0,0,From DOE Prototype Buildings
RetailStripmall Type2_MinOA_MotorizedDamper_SCH,OA Air,,WntrDsn|Sat,1-Jan,31-Dec,Hourly,0,0,0,0,0,0,0,0,1,1,1,1,1,1,1,1,1,1,1,0,0,0,0,0,From DOE Prototype Buildings
RetailStripmall Type2_OCC_SCH,Occupancy,,Default,1-Jan,31-Dec,Hourly,0,0,0,0,0,0,0,0,0,0.05,0.1,0.2,0.4,0.4,0.3,0.2,0.1,0.05,0,0,0,0,0,0,From DOE Prototype Buildings
RetailStripmall Type2_OCC_SCH,Occupancy,,Sat,1-Jan,31-Dec,Hourly,0,0,0,0,0,0,0,0,0.05,0.1,0.1,0.2,0.4,0.6,0.4,0.3,0.3,0.3,0.05,0,0,0,0,0,From DOE Prototype Buildings
RetailStripmall Type2_OCC_SCH,Occupancy,,SmrDsn,1-Jan,31-Dec,Constant,1,,,,,,,,,,,,,,,,,,,,,,,,From DOE Prototype Buildings
RetailStripmall Type2_OCC_SCH,Occupancy,,Wkdy,1-Jan,31-Dec,Hourly,0,0,0,0,0,0,0,0,0.05,0.1,0.1,0.1,0.2,0.4,0.3,0.2,0.2,0.5,0.5,0.2,0.05,0,0,0,From DOE Prototype Buildings
RetailStripmall Type2_OCC_SCH,Occupancy,,WntrDsn,1-Jan,31-Dec,Constant,0,,,,,,,,,,,,,,,,,,,,,,,,From DOE Prototype Buildings
RetailStripmall Type2_SWH_SCH,Service Water Heating,,Default,1-Jan,31-Dec,Hourly,0,0,0,0,0,0,0,0,0,0.12,0.14,0.29,0.33,0.4,0.36,0.37,0.35,0.37,0,0,0,0,0,0,From DOE Prototype Buildings
RetailStripmall Type2_SWH_SCH,Service Water Heating,,SmrDsn|Wkdy,1-Jan,31-Dec,Hourly,0,0,0,0,0,0,0,0,0.15,0.23,0.32,0.41,0.57,0.62,0.61,0.5,0.45,0.46,0.47,0.42,0.34,0,0,0,From DOE Prototype Buildings
RetailStripmall Type2_SWH_SCH,Service Water Heating,,WntrDsn|Sat,1-Jan,31-Dec,Hourly,0,0,0,0,0,0,0,0,0.2,0.24,0.27,0.42,0.54,0.62,0.6,0.5,0.48,0.47,0.34,0,0,0,0,0,From DOE Prototype Buildings
RetailStripmall Type3_CLGSETP_SCH_NO_OPTIMUM,Thermostat Setpoint,C,Default,1-Jan,31-Dec,Hourly,29.44,29.44,29.44,29.44,29.44,29.44,29.44,29.44,29.44,23.89,23.89,23.89,23.89,23.89,23.89,23.89,23.89,29.44,29.44,29.44,29.44,29.44,29.44,29.44,From DOE Prototype Buildings
RetailStripmall Type3_CLGSETP_SCH_NO_OPTIMUM,Thermostat Setpoint,C,Sat,1-Jan,31-Dec,Hourly,29.44,29.44,29.44,29.44,29.44,29.44,29.44,29.44,23.89,23.89,23.89,23.89,23.89,23.89,23.89,23.89,23.89,23.89,29.44,29.44,29.44,29.44,29.44,29.44,From DOE Prototype Buildings
RetailStripmall Type3_CLGSETP_SCH_NO_OPTIMUM,Thermostat Setpoint,C,SmrDsn,1-Jan,31-Dec,Hourly,29.44,29.44,29.44,29.44,29.44,29.44,29.44,29.44,26.67,23.89,23.89,23.89,23.89,23.89,23.89,23.89,23.89,23.89,23.89,23.89,23.89,29.44,29.44,29.44,From DOE Prototype Buildings
RetailStripmall Type3_CLGSETP_SCH_NO_OPTIMUM,Thermostat Setpoint,C,Wkdy,1-Jan,31-Dec,Hourly,29.44,29.44,29.44,29.44,29.44,29.44,29.44,29.44,23.89,23.89,23.89,23.89,23.89,23.89,23.89,23.89,23.89,23.89,23.89,23.89,23.89,29.44,29.44,29.44,From DOE Prototype Buildings
RetailStripmall Type3_CLGSETP_SCH_NO_OPTIMUM,Thermostat Setpoint,C,WntrDsn,1-Jan,31-Dec,Constant,29.44,,,,,,,,,,,,,,,,,,,,,,,,From DOE Prototype Buildings
RetailStripmall Type3_CLGSETP_SCH_NO_SETBACK,Thermostat Setpoint,C,Default|Sat|Wkdy,1-Jan,31-Dec,Constant,23.89,,,,,,,,,,,,,,,,,,,,,,,,From DOE Prototype Buildings
RetailStripmall Type3_CLGSETP_SCH_NO_SETBACK,Thermostat Setpoint,C,SmrDsn,1-Jan,31-Dec,Hourly,29.44,29.44,29.44,29.44,29.44,29.44,29.44,29.44,26.67,23.89,23.89,23.89,23.89,23.89,23.89,23.89,23.89,23.89,23.89,23.89,23.89,29.44,29.44,29.44,From DOE Prototype Buildings
RetailStripmall Type3_CLGSETP_SCH_NO_SETBACK,Thermostat Setpoint,C,WntrDsn,1-Jan,31-Dec,Constant,29.44,,,,,,,,,,,,,,,,,,,,,,,,From DOE Prototype Buildings
RetailStripmall Type3_CLGSETP_SCH_YES_OPTIMUM,Thermostat Setpoint,C,Default,1-Jan,31-Dec,Hourly,29.44,29.44,29.44,29.44,29.44,29.44,29.44,29.44,29.44,26.67,23.89,23.89,23.89,23.89,23.89,23.89,23.89,29.44,29.44,29.44,29.44,29.44,29.44,29.44,From DOE Prototype Buildings
RetailStripmall Type3_CLGSETP_SCH_YES_OPTIMUM,Thermostat Setpoint,C,Sat,1-Jan,31-Dec,Hourly,29.44,29.44,29.44,29.44,29.44,29.44,29.44,29.44,26.67,23.89,23.89,23.89,23.89,23.89,23.89,23.89,23.89,23.89,29.44,29.44,29.44,29.44,29.44,29.44,From DOE Prototype Buildings
RetailStripmall Type3_CLGSETP_SCH_YES_OPTIMUM,Thermostat Setpoint,C,SmrDsn|Wkdy,1-Jan,31-Dec,Hourly,29.44,29.44,29.44,29.44,29.44,29.44,29.44,29.44,26.67,23.89,23.89,23.89,23.89,23.89,23.89,23.89,23.89,23.89,23.89,23.89,23.89,29.44,29.44,29.44,From DOE Prototype Buildings
RetailStripmall Type3_CLGSETP_SCH_YES_OPTIMUM,Thermostat Setpoint,C,WntrDsn,1-Jan,31-Dec,Constant,29.44,,,,,,,,,,,,,,,,,,,,,,,,From DOE Prototype Buildings
RetailStripmall Type3_EQUIP_SCH,Equipment,,Default,1-Jan,31-Dec,Hourly,0.05,0.05,0.05,0.05,0.05,0.05,0.05,0.05,0.05,0.05,0.5,0.9,0.9,0.9,0.9,0.9,0.9,0.5,0.05,0.05,0.05,0.05,0.05,0.05,From DOE Prototype Buildings
RetailStripmall Type3_EQUIP_SCH,Equipment,,Sat,1-Jan,31-Dec,Hourly,0.05,0.05,0.05,0.05,0.05,0.05,0.05,0.05,0.05,0.5,0.9,0.9,0.9,0.9,0.9,0.9,0.9,0.9,0.5,0.05,0.05,0.05,0.05,0.05,From DOE Prototype Buildings
RetailStripmall Type3_EQUIP_SCH,Equipment,,SmrDsn,1-Jan,31-Dec,Constant,1,,,,,,,,,,,,,,,,,,,,,,,,From DOE Prototype Buildings
RetailStripmall Type3_EQUIP_SCH,Equipment,,Wkdy,1-Jan,31-Dec,Hourly,0.05,0.05,0.05,0.05,0.05,0.05,0.05,0.05,0.05,0.5,0.9,0.9,0.9,0.9,0.9,0.9,0.9,0.9,0.9,0.9,0.5,0.05,0.05,0.05,From DOE Prototype Buildings
RetailStripmall Type3_EQUIP_SCH,Equipment,,WntrDsn,1-Jan,31-Dec,Constant,0,,,,,,,,,,,,,,,,,,,,,,,,From DOE Prototype Buildings
RetailStripmall Type3_FAN_SCH,Unknown,,Default,1-Jan,31-Dec,Hourly,0,0,0,0,0,0,0,0,0,1,1,1,1,1,1,1,1,1,0,0,0,0,0,0,From DOE Prototype Buildings
RetailStripmall Type3_FAN_SCH,Unknown,,SmrDsn|Wkdy,1-Jan,31-Dec,Hourly,0,0,0,0,0,0,0,0,1,1,1,1,1,1,1,1,1,1,1,1,1,0,0,0,From DOE Prototype Buildings
RetailStripmall Type3_FAN_SCH,Unknown,,WntrDsn|Sat,1-Jan,31-Dec,Hourly,0,0,0,0,0,0,0,0,1,1,1,1,1,1,1,1,1,1,1,0,0,0,0,0,From DOE Prototype Buildings
RetailStripmall Type3_HTGSETP_SCH_NO_OPTIMUM,Thermostat Setpoint,C,Default,1-Jan,31-Dec,Hourly,15.56,15.56,15.56,15.56,15.56,15.56,15.56,15.56,15.56,21.11,21.11,21.11,21.11,21.11,21.11,21.11,21.11,21.11,15.56,15.56,15.56,15.56,15.56,15.56,From DOE Prototype Buildings
RetailStripmall Type3_HTGSETP_SCH_NO_OPTIMUM,Thermostat Setpoint,C,Sat,1-Jan,31-Dec,Hourly,15.56,15.56,15.56,15.56,15.56,15.56,15.56,15.56,21.11,21.11,21.11,21.11,21.11,21.11,21.11,21.11,21.11,21.11,21.11,15.56,15.56,15.56,15.56,15.56,From DOE Prototype Buildings
RetailStripmall Type3_HTGSETP_SCH_NO_OPTIMUM,Thermostat Setpoint,C,SmrDsn,1-Jan,31-Dec,Constant,15.56,,,,,,,,,,,,,,,,,,,,,,,,From DOE Prototype Buildings
RetailStripmall Type3_HTGSETP_SCH_NO_OPTIMUM,Thermostat Setpoint,C,Wkdy,1-Jan,31-Dec,Hourly,15.56,15.56,15.56,15.56,15.56,15.56,15.56,15.56,21.11,21.11,21.11,21.11,21.11,21.11,21.11,21.11,21.11,21.11,21.11,21.11,21.11,15.56,15.56,15.56,From DOE Prototype Buildings
RetailStripmall Type3_HTGSETP_SCH_NO_OPTIMUM,Thermostat Setpoint,C,WntrDsn,1-Jan,31-Dec,Hourly,15.56,15.56,15.56,15.56,15.56,15.56,15.56,15.56,18.33,21.11,21.11,21.11,21.11,21.11,21.11,21.11,21.11,21.11,21.11,21.11,21.11,15.56,15.56,15.56,From DOE Prototype Buildings
RetailStripmall Type3_HTGSETP_SCH_YES_OPTIMUM,Thermostat Setpoint,C,Default,1-Jan,31-Dec,Hourly,15.56,15.56,15.56,15.56,15.56,15.56,15.56,15.56,15.56,18.33,21.11,21.11,21.11,21.11,21.11,21.11,21.11,21.11,15.56,15.56,15.56,15.56,15.56,15.56,From DOE Prototype Buildings
RetailStripmall Type3_HTGSETP_SCH_YES_OPTIMUM,Thermostat Setpoint,C,Sat,1-Jan,31-Dec,Hourly,15.56,15.56,15.56,15.56,15.56,15.56,15.56,15.56,18.33,21.11,21.11,21.11,21.11,21.11,21.11,21.11,21.11,21.11,21.11,15.56,15.56,15.56,15.56,15.56,From DOE Prototype Buildings
RetailStripmall Type3_HTGSETP_SCH_YES_OPTIMUM,Thermostat Setpoint,C,SmrDsn,1-Jan,31-Dec,Constant,15.56,,,,,,,,,,,,,,,,,,,,,,,,From DOE Prototype Buildings
RetailStripmall Type3_HTGSETP_SCH_YES_OPTIMUM,Thermostat Setpoint,C,WntrDsn|Wkdy,1-Jan,31-Dec,Hourly,15.56,15.56,15.56,15.56,15.56,15.56,15.56,15.56,18.33,21.11,21.11,21.11,21.11,21.11,21.11,21.11,21.11,21.11,21.11,21.11,21.11,15.56,15.56,15.56,From DOE Prototype Buildings
RetailStripmall Type3_Infil_SCH,Infiltration,,Default,1-Jan,31-Dec,Hourly,1,1,1,1,1,1,1,1,1,0.25,0.25,0.25,0.25,0.25,0.25,0.25,0.25,0.25,1,1,1,1,1,1,From DOE Prototype Buildings
RetailStripmall Type3_Infil_SCH,Infiltration,,SmrDsn|Wkdy,1-Jan,31-Dec,Hourly,1,1,1,1,1,1,1,1,0.25,0.25,0.25,0.25,0.25,0.25,0.25,0.25,0.25,0.25,0.25,0.25,0.25,1,1,1,From DOE Prototype Buildings
RetailStripmall Type3_Infil_SCH,Infiltration,,WntrDsn|Sat,1-Jan,31-Dec,Hourly,1,1,1,1,1,1,1,1,0.25,0.25,0.25,0.25,0.25,0.25,0.25,0.25,0.25,0.25,0.25,1,1,1,1,1,From DOE Prototype Buildings
RetailStripmall Type3_LIGHT_SCH,Lighting,,Default,1-Jan,31-Dec,Hourly,0.05,0.05,0.05,0.05,0.05,0.05,0.05,0.05,0.05,0.05,0.5,0.95,0.95,0.95,0.95,0.95,0.95,0.5,0.05,0.05,0.05,0.05,0.05,0.05,From DOE Prototype Buildings
RetailStripmall Type3_LIGHT_SCH,Lighting,,Sat,1-Jan,31-Dec,Hourly,0.05,0.05,0.05,0.05,0.05,0.05,0.05,0.05,0.05,0.5,0.95,0.95,0.95,0.95,0.95,0.95,0.95,0.95,0.5,0.05,0.05,0.05,0.05,0.05,From DOE Prototype Buildings
RetailStripmall Type3_LIGHT_SCH,Lighting,,SmrDsn,1-Jan,31-Dec,Constant,1,,,,,,,,,,,,,,,,,,,,,,,,From DOE Prototype Buildings
RetailStripmall Type3_LIGHT_SCH,Lighting,,Wkdy,1-Jan,31-Dec,Hourly,0.05,0.05,0.05,0.05,0.05,0.05,0.05,0.05,0.05,0.5,0.95,0.95,0.95,0.95,0.95,0.95,0.95,0.95,0.95,0.95,0.5,0.05,0.05,0.05,From DOE Prototype Buildings
RetailStripmall Type3_LIGHT_SCH,Lighting,,WntrDsn,1-Jan,31-Dec,Constant,0,,,,,,,,,,,,,,,,,,,,,,,,From DOE Prototype Buildings
RetailStripmall Type3_MinOA_MotorizedDamper_SCH,OA Air,,Default,1-Jan,31-Dec,Hourly,0,0,0,0,0,0,0,0,0,0,1,1,1,1,1,1,1,1,0,0,0,0,0,0,From DOE Prototype Buildings
RetailStripmall Type3_MinOA_MotorizedDamper_SCH,OA Air,,SmrDsn|Wkdy,1-Jan,31-Dec,Hourly,0,0,0,0,0,0,0,0,0,1,1,1,1,1,1,1,1,1,1,1,1,0,0,0,From DOE Prototype Buildings
RetailStripmall Type3_MinOA_MotorizedDamper_SCH,OA Air,,WntrDsn|Sat,1-Jan,31-Dec,Hourly,0,0,0,0,0,0,0,0,0,1,1,1,1,1,1,1,1,1,1,0,0,0,0,0,From DOE Prototype Buildings
RetailStripmall Type3_OCC_SCH,Occupancy,,Default,1-Jan,31-Dec,Hourly,0,0,0,0,0,0,0,0,0,0,0.11,0.11,0.43,0.46,0.5,0.69,0.34,0.11,0,0,0,0,0,0,From DOE Prototype Buildings
RetailStripmall Type3_OCC_SCH,Occupancy,,Sat,1-Jan,31-Dec,Hourly,0,0,0,0,0,0,0,0,0,0.11,0.11,0.58,0.71,0.74,0.77,0.8,0.74,0.54,0.11,0,0,0,0,0,From DOE Prototype Buildings
RetailStripmall Type3_OCC_SCH,Occupancy,,SmrDsn,1-Jan,31-Dec,Constant,1,,,,,,,,,,,,,,,,,,,,,,,,From DOE Prototype Buildings
RetailStripmall Type3_OCC_SCH,Occupancy,,Wkdy,1-Jan,31-Dec,Hourly,0,0,0,0,0,0,0,0,0,0.11,0.11,0.43,0.46,0.71,0.5,0.69,0.54,0.71,0.34,0.26,0.11,0,0,0,From DOE Prototype Buildings
RetailStripmall Type3_OCC_SCH,Occupancy,,WntrDsn,1-Jan,31-Dec,Constant,0,,,,,,,,,,,,,,,,,,,,,,,,From DOE Prototype Buildings
RetailStripmall Type3_SWH_SCH,Service Water Heating,,Default,1-Jan,31-Dec,Hourly,0,0,0,0,0,0,0,0,0,0,0.12,0.29,0.31,0.36,0.36,0.34,0.35,0.37,0,0,0,0,0,0,From DOE Prototype Buildings
RetailStripmall Type3_SWH_SCH,Service Water Heating,,SmrDsn|Wkdy,1-Jan,31-Dec,Hourly,0,0,0,0,0,0,0,0,0,0.15,0.25,0.41,0.57,0.62,0.61,0.5,0.45,0.46,0.47,0.42,0.34,0,0,0,From DOE Prototype Buildings
RetailStripmall Type3_SWH_SCH,Service Water Heating,,WntrDsn|Sat,1-Jan,31-Dec,Hourly,0,0,0,0,0,0,0,0,0,0.2,0.27,0.42,0.54,0.59,0.6,0.49,0.48,0.47,0.46,0,0,0,0,0,From DOE Prototype Buildings
RetailStripmall WORK_EFF_SCH,Unknown,,Default|WntrDsn|SmrDsn,1-Jan,31-Dec,Constant,0,,,,,,,,,,,,,,,,,,,,,,,,From DOE Prototype Buildings
Schedule:Compact 1,Unknown,,Default|SmrDsn,1-Jan,31-Dec,Hourly,0.1,0.1,0.1,0.1,0.3,0.3,0.6,0.9,0.9,0.9,0.9,0.9,0.9,0.9,0.9,0.9,0.9,0.9,0.6,0.6,0.3,0.3,0.1,0.1,From DOE Reference Buildings 
Schedule:Compact 1,Unknown,,Sun,1-Jan,31-Dec,Hourly,0.05,0.05,0.05,0.05,0.05,0.05,0.05,0.05,0.1,0.1,0.1,0.1,0.1,0.1,0.1,0.1,0.1,0.05,0.05,0.05,0.05,0.05,0.05,0.05,From DOE Reference Buildings 
Schedule:Compact 1,Unknown,,WntrDsn|Sat,1-Jan,31-Dec,Hourly,0.1,0.1,0.1,0.1,0.1,0.1,0.1,0.3,0.3,0.4,0.4,0.4,0.4,0.4,0.4,0.3,0.3,0.3,0.3,0.3,0.1,0.1,0.1,0.1,From DOE Reference Buildings 
SchoolPrimary AIR_VELO_SCH,Unknown,W,Default|WntrDsn|SmrDsn,1-Jan,31-Dec,Constant,0.2,,,,,,,,,,,,,,,,,,,,,,,,From DOE Prototype Buildings
SchoolPrimary ALWAYS_OFF,Unknown,,Default|WntrDsn|SmrDsn,1-Jan,31-Dec,Constant,0,,,,,,,,,,,,,,,,,,,,,,,,From DOE Prototype Buildings
SchoolPrimary ALWAYS_ON,Unknown,,Default|WntrDsn|SmrDsn,1-Jan,31-Dec,Constant,1,,,,,,,,,,,,,,,,,,,,,,,,From DOE Prototype Buildings
SchoolPrimary Bath_ZN_1_FLR_1 SHW_default Hot Supply Temp Sched,Service Water Heating,C,Default|WntrDsn|SmrDsn,1-Jan,31-Dec,Constant,55,,,,,,,,,,,,,,,,,,,,,,,,From DOE Prototype Buildings
SchoolPrimary Bath_ZN_1_FLR_1 SHW_default Latent fract sched,Service Water Heating,,Default|WntrDsn|SmrDsn,1-Jan,31-Dec,Constant,0.05,,,,,,,,,,,,,,,,,,,,,,,,From DOE Prototype Buildings
SchoolPrimary Bath_ZN_1_FLR_1 SHW_default Sensible fract sched,Service Water Heating,,Default|WntrDsn|SmrDsn,1-Jan,31-Dec,Constant,0.2,,,,,,,,,,,,,,,,,,,,,,,,From DOE Prototype Buildings
SchoolPrimary Bath_ZN_1_FLR_1 SHW_default Temp Sched,Service Water Heating,C,Default|WntrDsn|SmrDsn,1-Jan,31-Dec,Constant,60,,,,,,,,,,,,,,,,,,,,,,,,From DOE Prototype Buildings
SchoolPrimary BLDG_EQUIP_SCH,Equipment,,Default|WntrDsn,1-Jan,31-Dec,Constant,0.35,,,,,,,,,,,,,,,,,,,,,,,,From DOE Prototype Buildings
SchoolPrimary BLDG_EQUIP_SCH,Equipment,,SmrDsn,1-Jan,31-Dec,Hourly,0.25,0.25,0.25,0.25,0.25,0.25,0.25,0.25,0.5,0.5,0.5,0.5,0.5,0.5,0.5,0.5,0.5,0.25,0.25,0.25,0.25,0.25,0.25,0.25,From DOE Prototype Buildings
SchoolPrimary BLDG_EQUIP_SCH,Equipment,,Wkdy,1-Sep,31-Dec,Hourly,0.35,0.35,0.35,0.35,0.35,0.35,0.35,0.35,0.95,0.95,0.95,0.95,0.95,0.95,0.95,0.95,0.95,0.35,0.35,0.35,0.35,0.35,0.35,0.35,From DOE Prototype Buildings
SchoolPrimary BLDG_EQUIP_SCH,Equipment,,Wkdy,1-Jul,1-Sep,Hourly,0.25,0.25,0.25,0.25,0.25,0.25,0.25,0.25,0.5,0.5,0.5,0.5,0.5,0.5,0.5,0.5,0.5,0.25,0.25,0.25,0.25,0.25,0.25,0.25,From DOE Prototype Buildings
SchoolPrimary BLDG_EQUIP_SCH,Equipment,,Wkdy,1-Jan,30-Jun,Hourly,0.35,0.35,0.35,0.35,0.35,0.35,0.35,0.35,0.95,0.95,0.95,0.95,0.95,0.95,0.95,0.95,0.95,0.35,0.35,0.35,0.35,0.35,0.35,0.35,From DOE Prototype Buildings
SchoolPrimary BLDG_EQUIP_SCH,Equipment,,Wknd,1-Jul,1-Sep,Constant,0.25,,,,,,,,,,,,,,,,,,,,,,,,From DOE Prototype Buildings
SchoolPrimary BLDG_EQUIP_SCH,Equipment,,Wknd,1-Jan,30-Jun,Constant,0.35,,,,,,,,,,,,,,,,,,,,,,,,From DOE Prototype Buildings
SchoolPrimary BLDG_LIGHT_BATH_SCH,Lighting,,Default,1-Jan,31-Dec,Constant,0.1773,,,,,,,,,,,,,,,,,,,,,,,,From DOE Prototype Buildings
SchoolPrimary BLDG_LIGHT_BATH_SCH,Lighting,,SmrDsn,1-Jan,31-Dec,Constant,1,,,,,,,,,,,,,,,,,,,,,,,,From DOE Prototype Buildings
SchoolPrimary BLDG_LIGHT_BATH_SCH,Lighting,,Wkdy,1-Sep,31-Dec,Hourly,0.1773,0.1773,0.1773,0.1773,0.1773,0.1773,0.1773,0.9,0.9,0.9,0.9,0.9,0.9,0.9,0.9,0.9,0.9,0.9,0.9,0.9,0.9,0.1773,0.1773,0.1773,From DOE Prototype Buildings
SchoolPrimary BLDG_LIGHT_BATH_SCH,Lighting,,Wkdy,1-Jul,1-Sep,Hourly,0.1773,0.1773,0.1773,0.1773,0.1773,0.1773,0.1773,0.1773,0.5,0.5,0.5,0.5,0.5,0.5,0.5,0.5,0.5,0.5,0.5,0.5,0.1773,0.1773,0.1773,0.1773,From DOE Prototype Buildings
SchoolPrimary BLDG_LIGHT_BATH_SCH,Lighting,,Wkdy,1-Jan,30-Jun,Hourly,0.1773,0.1773,0.1773,0.1773,0.1773,0.1773,0.1773,0.9,0.9,0.9,0.9,0.9,0.9,0.9,0.9,0.9,0.9,0.9,0.9,0.9,0.9,0.1773,0.1773,0.1773,From DOE Prototype Buildings
SchoolPrimary BLDG_LIGHT_BATH_SCH,Lighting,,Wknd,1-Jul,1-Sep,Constant,0.1773,,,,,,,,,,,,,,,,,,,,,,,,From DOE Prototype Buildings
SchoolPrimary BLDG_LIGHT_BATH_SCH,Lighting,,Wknd,1-Jan,30-Jun,Constant,0.1773,,,,,,,,,,,,,,,,,,,,,,,,From DOE Prototype Buildings
SchoolPrimary BLDG_LIGHT_BATH_SCH,Lighting,,WntrDsn,1-Jan,31-Dec,Constant,0,,,,,,,,,,,,,,,,,,,,,,,,From DOE Prototype Buildings
SchoolPrimary BLDG_LIGHT_CLASSROOM_SCH,Lighting,,Default,1-Jan,31-Dec,Constant,0.1773,,,,,,,,,,,,,,,,,,,,,,,,From DOE Prototype Buildings
SchoolPrimary BLDG_LIGHT_CLASSROOM_SCH,Lighting,,SmrDsn,1-Jan,31-Dec,Constant,1,,,,,,,,,,,,,,,,,,,,,,,,From DOE Prototype Buildings
SchoolPrimary BLDG_LIGHT_CLASSROOM_SCH,Lighting,,Wkdy,1-Sep,31-Dec,Hourly,0.1773,0.1773,0.1773,0.1773,0.1773,0.1773,0.1773,0.9,0.9,0.9,0.9,0.9,0.9,0.9,0.9,0.9,0.9,0.9,0.9,0.9,0.9,0.1773,0.1773,0.1773,From DOE Prototype Buildings
SchoolPrimary BLDG_LIGHT_CLASSROOM_SCH,Lighting,,Wkdy,1-Jul,1-Sep,Hourly,0.1773,0.1773,0.1773,0.1773,0.1773,0.1773,0.1773,0.1773,0.5,0.5,0.5,0.5,0.5,0.5,0.5,0.5,0.5,0.5,0.5,0.5,0.1773,0.1773,0.1773,0.1773,From DOE Prototype Buildings
SchoolPrimary BLDG_LIGHT_CLASSROOM_SCH,Lighting,,Wkdy,1-Jan,30-Jun,Hourly,0.1773,0.1773,0.1773,0.1773,0.1773,0.1773,0.1773,0.9,0.9,0.9,0.9,0.9,0.9,0.9,0.9,0.9,0.9,0.9,0.9,0.9,0.9,0.1773,0.1773,0.1773,From DOE Prototype Buildings
SchoolPrimary BLDG_LIGHT_CLASSROOM_SCH,Lighting,,Wknd,1-Jul,1-Sep,Constant,0.1773,,,,,,,,,,,,,,,,,,,,,,,,From DOE Prototype Buildings
SchoolPrimary BLDG_LIGHT_CLASSROOM_SCH,Lighting,,Wknd,1-Jan,30-Jun,Constant,0.1773,,,,,,,,,,,,,,,,,,,,,,,,From DOE Prototype Buildings
SchoolPrimary BLDG_LIGHT_CLASSROOM_SCH,Lighting,,WntrDsn,1-Jan,31-Dec,Constant,0,,,,,,,,,,,,,,,,,,,,,,,,From DOE Prototype Buildings
SchoolPrimary BLDG_LIGHT_CORRIDOR_SCH,Lighting,,Default,1-Jan,31-Dec,Constant,0.1773,,,,,,,,,,,,,,,,,,,,,,,,From DOE Prototype Buildings
SchoolPrimary BLDG_LIGHT_CORRIDOR_SCH,Lighting,,SmrDsn,1-Jan,31-Dec,Constant,1,,,,,,,,,,,,,,,,,,,,,,,,From DOE Prototype Buildings
SchoolPrimary BLDG_LIGHT_CORRIDOR_SCH,Lighting,,Wkdy,1-Sep,31-Dec,Hourly,0.1773,0.1773,0.1773,0.1773,0.1773,0.1773,0.1773,0.9,0.9,0.9,0.9,0.9,0.9,0.9,0.9,0.9,0.9,0.9,0.9,0.9,0.9,0.1773,0.1773,0.1773,From DOE Prototype Buildings
SchoolPrimary BLDG_LIGHT_CORRIDOR_SCH,Lighting,,Wkdy,1-Jul,1-Sep,Hourly,0.1773,0.1773,0.1773,0.1773,0.1773,0.1773,0.1773,0.1773,0.5,0.5,0.5,0.5,0.5,0.5,0.5,0.5,0.5,0.5,0.5,0.5,0.1773,0.1773,0.1773,0.1773,From DOE Prototype Buildings
SchoolPrimary BLDG_LIGHT_CORRIDOR_SCH,Lighting,,Wkdy,1-Jan,30-Jun,Hourly,0.1773,0.1773,0.1773,0.1773,0.1773,0.1773,0.1773,0.9,0.9,0.9,0.9,0.9,0.9,0.9,0.9,0.9,0.9,0.9,0.9,0.9,0.9,0.1773,0.1773,0.1773,From DOE Prototype Buildings
SchoolPrimary BLDG_LIGHT_CORRIDOR_SCH,Lighting,,Wknd,1-Jul,1-Sep,Constant,0.1773,,,,,,,,,,,,,,,,,,,,,,,,From DOE Prototype Buildings
SchoolPrimary BLDG_LIGHT_CORRIDOR_SCH,Lighting,,Wknd,1-Jan,30-Jun,Constant,0.1773,,,,,,,,,,,,,,,,,,,,,,,,From DOE Prototype Buildings
SchoolPrimary BLDG_LIGHT_CORRIDOR_SCH,Lighting,,WntrDsn,1-Jan,31-Dec,Constant,0,,,,,,,,,,,,,,,,,,,,,,,,From DOE Prototype Buildings
SchoolPrimary BLDG_LIGHT_GYM_SCH,Lighting,,Default,1-Jan,31-Dec,Constant,0.1773,,,,,,,,,,,,,,,,,,,,,,,,From DOE Prototype Buildings
SchoolPrimary BLDG_LIGHT_GYM_SCH,Lighting,,SmrDsn,1-Jan,31-Dec,Constant,1,,,,,,,,,,,,,,,,,,,,,,,,From DOE Prototype Buildings
SchoolPrimary BLDG_LIGHT_GYM_SCH,Lighting,,Wkdy,1-Sep,31-Dec,Hourly,0.1773,0.1773,0.1773,0.1773,0.1773,0.1773,0.1773,0.9,0.9,0.9,0.9,0.9,0.9,0.9,0.9,0.9,0.9,0.9,0.9,0.9,0.9,0.1773,0.1773,0.1773,From DOE Prototype Buildings
SchoolPrimary BLDG_LIGHT_GYM_SCH,Lighting,,Wkdy,1-Jul,1-Sep,Hourly,0.1773,0.1773,0.1773,0.1773,0.1773,0.1773,0.1773,0.1773,0.5,0.5,0.5,0.5,0.5,0.5,0.5,0.5,0.5,0.5,0.5,0.5,0.1773,0.1773,0.1773,0.1773,From DOE Prototype Buildings
SchoolPrimary BLDG_LIGHT_GYM_SCH,Lighting,,Wkdy,1-Jan,30-Jun,Hourly,0.1773,0.1773,0.1773,0.1773,0.1773,0.1773,0.1773,0.9,0.9,0.9,0.9,0.9,0.9,0.9,0.9,0.9,0.9,0.9,0.9,0.9,0.9,0.1773,0.1773,0.1773,From DOE Prototype Buildings
SchoolPrimary BLDG_LIGHT_GYM_SCH,Lighting,,Wknd,1-Jul,1-Sep,Constant,0.1773,,,,,,,,,,,,,,,,,,,,,,,,From DOE Prototype Buildings
SchoolPrimary BLDG_LIGHT_GYM_SCH,Lighting,,Wknd,1-Jan,30-Jun,Constant,0.1773,,,,,,,,,,,,,,,,,,,,,,,,From DOE Prototype Buildings
SchoolPrimary BLDG_LIGHT_GYM_SCH,Lighting,,WntrDsn,1-Jan,31-Dec,Constant,0,,,,,,,,,,,,,,,,,,,,,,,,From DOE Prototype Buildings
SchoolPrimary BLDG_LIGHT_LIBRARY_SCH,Lighting,,Default,1-Jan,31-Dec,Constant,0.1773,,,,,,,,,,,,,,,,,,,,,,,,From DOE Prototype Buildings
SchoolPrimary BLDG_LIGHT_LIBRARY_SCH,Lighting,,SmrDsn,1-Jan,31-Dec,Constant,1,,,,,,,,,,,,,,,,,,,,,,,,From DOE Prototype Buildings
SchoolPrimary BLDG_LIGHT_LIBRARY_SCH,Lighting,,Wkdy,1-Sep,31-Dec,Hourly,0.1773,0.1773,0.1773,0.1773,0.1773,0.1773,0.1773,0.9,0.9,0.9,0.9,0.9,0.9,0.9,0.9,0.9,0.9,0.9,0.9,0.9,0.9,0.1773,0.1773,0.1773,From DOE Prototype Buildings
SchoolPrimary BLDG_LIGHT_LIBRARY_SCH,Lighting,,Wkdy,1-Jul,1-Sep,Hourly,0.1773,0.1773,0.1773,0.1773,0.1773,0.1773,0.1773,0.1773,0.5,0.5,0.5,0.5,0.5,0.5,0.5,0.5,0.5,0.5,0.5,0.5,0.1773,0.1773,0.1773,0.1773,From DOE Prototype Buildings
SchoolPrimary BLDG_LIGHT_LIBRARY_SCH,Lighting,,Wkdy,1-Jan,30-Jun,Hourly,0.1773,0.1773,0.1773,0.1773,0.1773,0.1773,0.1773,0.9,0.9,0.9,0.9,0.9,0.9,0.9,0.9,0.9,0.9,0.9,0.9,0.9,0.9,0.1773,0.1773,0.1773,From DOE Prototype Buildings
SchoolPrimary BLDG_LIGHT_LIBRARY_SCH,Lighting,,Wknd,1-Jul,1-Sep,Constant,0.1773,,,,,,,,,,,,,,,,,,,,,,,,From DOE Prototype Buildings
SchoolPrimary BLDG_LIGHT_LIBRARY_SCH,Lighting,,Wknd,1-Jan,30-Jun,Constant,0.1773,,,,,,,,,,,,,,,,,,,,,,,,From DOE Prototype Buildings
SchoolPrimary BLDG_LIGHT_LIBRARY_SCH,Lighting,,WntrDsn,1-Jan,31-Dec,Constant,0,,,,,,,,,,,,,,,,,,,,,,,,From DOE Prototype Buildings
SchoolPrimary BLDG_LIGHT_LOBBYFLR1_SCH,Lighting,,Default,1-Jan,31-Dec,Constant,0.1773,,,,,,,,,,,,,,,,,,,,,,,,From DOE Prototype Buildings
SchoolPrimary BLDG_LIGHT_LOBBYFLR1_SCH,Lighting,,SmrDsn,1-Jan,31-Dec,Constant,1,,,,,,,,,,,,,,,,,,,,,,,,From DOE Prototype Buildings
SchoolPrimary BLDG_LIGHT_LOBBYFLR1_SCH,Lighting,,Wkdy,1-Sep,31-Dec,Hourly,0.1773,0.1773,0.1773,0.1773,0.1773,0.1773,0.1773,0.9,0.9,0.9,0.9,0.9,0.9,0.9,0.9,0.9,0.9,0.9,0.9,0.9,0.9,0.1773,0.1773,0.1773,From DOE Prototype Buildings
SchoolPrimary BLDG_LIGHT_LOBBYFLR1_SCH,Lighting,,Wkdy,1-Jul,1-Sep,Hourly,0.1773,0.1773,0.1773,0.1773,0.1773,0.1773,0.1773,0.1773,0.5,0.5,0.5,0.5,0.5,0.5,0.5,0.5,0.5,0.5,0.5,0.5,0.1773,0.1773,0.1773,0.1773,From DOE Prototype Buildings
SchoolPrimary BLDG_LIGHT_LOBBYFLR1_SCH,Lighting,,Wkdy,1-Jan,30-Jun,Hourly,0.1773,0.1773,0.1773,0.1773,0.1773,0.1773,0.1773,0.9,0.9,0.9,0.9,0.9,0.9,0.9,0.9,0.9,0.9,0.9,0.9,0.9,0.9,0.1773,0.1773,0.1773,From DOE Prototype Buildings
SchoolPrimary BLDG_LIGHT_LOBBYFLR1_SCH,Lighting,,Wknd,1-Jul,1-Sep,Constant,0.1773,,,,,,,,,,,,,,,,,,,,,,,,From DOE Prototype Buildings
SchoolPrimary BLDG_LIGHT_LOBBYFLR1_SCH,Lighting,,Wknd,1-Jan,30-Jun,Constant,0.1773,,,,,,,,,,,,,,,,,,,,,,,,From DOE Prototype Buildings
SchoolPrimary BLDG_LIGHT_LOBBYFLR1_SCH,Lighting,,WntrDsn,1-Jan,31-Dec,Constant,0,,,,,,,,,,,,,,,,,,,,,,,,From DOE Prototype Buildings
SchoolPrimary BLDG_LIGHT_OFFICE_SCH,Lighting,,Default,1-Jan,31-Dec,Constant,0.1773,,,,,,,,,,,,,,,,,,,,,,,,From DOE Prototype Buildings
SchoolPrimary BLDG_LIGHT_OFFICE_SCH,Lighting,,SmrDsn,1-Jan,31-Dec,Constant,1,,,,,,,,,,,,,,,,,,,,,,,,From DOE Prototype Buildings
SchoolPrimary BLDG_LIGHT_OFFICE_SCH,Lighting,,Wkdy,1-Sep,31-Dec,Hourly,0.1773,0.1773,0.1773,0.1773,0.1773,0.1773,0.1773,0.9,0.9,0.9,0.9,0.9,0.9,0.9,0.9,0.9,0.9,0.9,0.9,0.9,0.9,0.1773,0.1773,0.1773,From DOE Prototype Buildings
SchoolPrimary BLDG_LIGHT_OFFICE_SCH,Lighting,,Wkdy,1-Jul,1-Sep,Hourly,0.1773,0.1773,0.1773,0.1773,0.1773,0.1773,0.1773,0.1773,0.5,0.5,0.5,0.5,0.5,0.5,0.5,0.5,0.5,0.5,0.5,0.5,0.1773,0.1773,0.1773,0.1773,From DOE Prototype Buildings
SchoolPrimary BLDG_LIGHT_OFFICE_SCH,Lighting,,Wkdy,1-Jan,30-Jun,Hourly,0.1773,0.1773,0.1773,0.1773,0.1773,0.1773,0.1773,0.9,0.9,0.9,0.9,0.9,0.9,0.9,0.9,0.9,0.9,0.9,0.9,0.9,0.9,0.1773,0.1773,0.1773,From DOE Prototype Buildings
SchoolPrimary BLDG_LIGHT_OFFICE_SCH,Lighting,,Wknd,1-Jul,1-Sep,Constant,0.1773,,,,,,,,,,,,,,,,,,,,,,,,From DOE Prototype Buildings
SchoolPrimary BLDG_LIGHT_OFFICE_SCH,Lighting,,Wknd,1-Jan,30-Jun,Constant,0.1773,,,,,,,,,,,,,,,,,,,,,,,,From DOE Prototype Buildings
SchoolPrimary BLDG_LIGHT_OFFICE_SCH,Lighting,,WntrDsn,1-Jan,31-Dec,Constant,0,,,,,,,,,,,,,,,,,,,,,,,,From DOE Prototype Buildings
SchoolPrimary BLDG_LIGHT_SCH,Lighting,,Default,1-Jan,31-Dec,Constant,0.1773,,,,,,,,,,,,,,,,,,,,,,,,From DOE Prototype Buildings
SchoolPrimary BLDG_LIGHT_SCH,Lighting,,SmrDsn,1-Jan,31-Dec,Constant,1,,,,,,,,,,,,,,,,,,,,,,,,From DOE Prototype Buildings
SchoolPrimary BLDG_LIGHT_SCH,Lighting,,Wkdy,1-Sep,31-Dec,Hourly,0.1773,0.1773,0.1773,0.1773,0.1773,0.1773,0.1773,0.9,0.9,0.9,0.9,0.9,0.9,0.9,0.9,0.9,0.9,0.9,0.9,0.9,0.9,0.1773,0.1773,0.1773,From DOE Prototype Buildings
SchoolPrimary BLDG_LIGHT_SCH,Lighting,,Wkdy,1-Jul,1-Sep,Hourly,0.1773,0.1773,0.1773,0.1773,0.1773,0.1773,0.1773,0.1773,0.5,0.5,0.5,0.5,0.5,0.5,0.5,0.5,0.5,0.5,0.5,0.5,0.1773,0.1773,0.1773,0.1773,From DOE Prototype Buildings
SchoolPrimary BLDG_LIGHT_SCH,Lighting,,Wkdy,1-Jan,30-Jun,Hourly,0.1773,0.1773,0.1773,0.1773,0.1773,0.1773,0.1773,0.9,0.9,0.9,0.9,0.9,0.9,0.9,0.9,0.9,0.9,0.9,0.9,0.9,0.9,0.1773,0.1773,0.1773,From DOE Prototype Buildings
SchoolPrimary BLDG_LIGHT_SCH,Lighting,,Wknd,1-Jul,1-Sep,Constant,0.1773,,,,,,,,,,,,,,,,,,,,,,,,From DOE Prototype Buildings
SchoolPrimary BLDG_LIGHT_SCH,Lighting,,Wknd,1-Jan,30-Jun,Constant,0.1773,,,,,,,,,,,,,,,,,,,,,,,,From DOE Prototype Buildings
SchoolPrimary BLDG_LIGHT_SCH,Lighting,,WntrDsn,1-Jan,31-Dec,Constant,0,,,,,,,,,,,,,,,,,,,,,,,,From DOE Prototype Buildings
SchoolPrimary BLDG_OCC_SCH,Occupancy,,Default|WntrDsn,1-Jan,31-Dec,Constant,0,,,,,,,,,,,,,,,,,,,,,,,,From DOE Prototype Buildings
SchoolPrimary BLDG_OCC_SCH,Occupancy,,SmrDsn,1-Jan,31-Dec,Hourly,0,0,0,0,0,0,0,0,0.15,0.15,0.15,0.15,0.15,0.15,0.15,0.15,0.15,0.15,0.15,0.15,0.15,0,0,0,From DOE Prototype Buildings
SchoolPrimary BLDG_OCC_SCH,Occupancy,,Wkdy,16-Sep,31-Dec,Hourly,0,0,0,0,0,0,0,0,0.95,0.95,0.95,0.95,0.95,0.95,0.95,0.95,0.15,0.15,0.15,0.15,0.15,0,0,0,From DOE Prototype Buildings
SchoolPrimary BLDG_OCC_SCH,Occupancy,,Wkdy,16-Jun,15-Sep,Hourly,0,0,0,0,0,0,0,0,0.15,0.15,0.15,0.15,0.15,0.15,0.15,0.15,0.15,0.15,0.15,0.15,0.15,0,0,0,From DOE Prototype Buildings
SchoolPrimary BLDG_OCC_SCH,Occupancy,,Wkdy,1-Jan,15-Jun,Hourly,0,0,0,0,0,0,0,0,0.95,0.95,0.95,0.95,0.95,0.95,0.95,0.95,0.15,0.15,0.15,0.15,0.15,0,0,0,From DOE Prototype Buildings
SchoolPrimary BLDG_OCC_SCH,Occupancy,,Wknd,16-Jun,15-Sep,Constant,0,,,,,,,,,,,,,,,,,,,,,,,,From DOE Prototype Buildings
SchoolPrimary BLDG_OCC_SCH,Occupancy,,Wknd,1-Jan,15-Jun,Constant,0,,,,,,,,,,,,,,,,,,,,,,,,From DOE Prototype Buildings
SchoolPrimary BLDG_OCC_SCH_Cafeteria,Occupancy,,Default|WntrDsn,1-Jan,31-Dec,Constant,0,,,,,,,,,,,,,,,,,,,,,,,,From DOE Prototype Buildings
SchoolPrimary BLDG_OCC_SCH_Cafeteria,Occupancy,,SmrDsn,1-Jan,31-Dec,Hourly,0,0,0,0,0,0,0,0,0,0.15,0.15,0.15,0.15,0.15,0.15,0.15,0.15,0.35,0.35,0,0,0,0,0,From DOE Prototype Buildings
SchoolPrimary BLDG_OCC_SCH_Cafeteria,Occupancy,,Wkdy,1-Sep,31-Dec,Hourly,0,0,0,0,0,0,0,0,0,0.95,0.95,0.95,0.95,0.95,0.95,0.35,0.35,0.35,0.35,0.35,0,0,0,0,From DOE Prototype Buildings
SchoolPrimary BLDG_OCC_SCH_Cafeteria,Occupancy,,Wkdy,1-Jul,1-Sep,Hourly,0,0,0,0,0,0,0,0,0,0.15,0.15,0.15,0.15,0.15,0.15,0.15,0.15,0.35,0.35,0,0,0,0,0,From DOE Prototype Buildings
SchoolPrimary BLDG_OCC_SCH_Cafeteria,Occupancy,,Wkdy,1-Jan,30-Jun,Hourly,0,0,0,0,0,0,0,0,0,0.95,0.95,0.95,0.95,0.95,0.95,0.35,0.35,0.35,0.35,0.35,0,0,0,0,From DOE Prototype Buildings
SchoolPrimary BLDG_OCC_SCH_Cafeteria,Occupancy,,Wknd,1-Jul,1-Sep,Constant,0,,,,,,,,,,,,,,,,,,,,,,,,From DOE Prototype Buildings
SchoolPrimary BLDG_OCC_SCH_Cafeteria,Occupancy,,Wknd,1-Jan,30-Jun,Constant,0,,,,,,,,,,,,,,,,,,,,,,,,From DOE Prototype Buildings
SchoolPrimary BLDG_OCC_SCH_Extend,Occupancy,,Default|WntrDsn,1-Jan,31-Dec,Constant,0,,,,,,,,,,,,,,,,,,,,,,,,From DOE Prototype Buildings
SchoolPrimary BLDG_OCC_SCH_Extend,Occupancy,,SmrDsn,1-Jan,31-Dec,Hourly,0,0,0,0,0,0,0,0,0.5,0.5,0.5,0.5,0.5,0.5,0.5,0.5,0.5,0.5,0.5,0.5,0.5,0,0,0,From DOE Prototype Buildings
SchoolPrimary BLDG_OCC_SCH_Extend,Occupancy,,Wkdy,1-Sep,31-Dec,Hourly,0,0,0,0,0,0,0,0,0.95,0.95,0.95,0.95,0.95,0.95,0.95,0.95,0.95,0.95,0.95,0.95,0.95,0,0,0,From DOE Prototype Buildings
SchoolPrimary BLDG_OCC_SCH_Extend,Occupancy,,Wkdy,1-Jul,1-Sep,Hourly,0,0,0,0,0,0,0,0,0.5,0.5,0.5,0.5,0.5,0.5,0.5,0.5,0.5,0.5,0.5,0.5,0.5,0,0,0,From DOE Prototype Buildings
SchoolPrimary BLDG_OCC_SCH_Extend,Occupancy,,Wkdy,1-Jan,30-Jun,Hourly,0,0,0,0,0,0,0,0,0.95,0.95,0.95,0.95,0.95,0.95,0.95,0.95,0.95,0.95,0.95,0.95,0.95,0,0,0,From DOE Prototype Buildings
SchoolPrimary BLDG_OCC_SCH_Extend,Occupancy,,Wknd,1-Jul,1-Sep,Constant,0,,,,,,,,,,,,,,,,,,,,,,,,From DOE Prototype Buildings
SchoolPrimary BLDG_OCC_SCH_Extend,Occupancy,,Wknd,1-Jan,30-Jun,Constant,0,,,,,,,,,,,,,,,,,,,,,,,,From DOE Prototype Buildings
SchoolPrimary BLDG_OCC_SCH_Gym,Occupancy,,Default|WntrDsn,1-Jan,31-Dec,Constant,0,,,,,,,,,,,,,,,,,,,,,,,,From DOE Prototype Buildings
SchoolPrimary BLDG_OCC_SCH_Gym,Occupancy,,SmrDsn,1-Jan,31-Dec,Hourly,0,0,0,0,0,0,0,0,0.35,0.35,0.35,0.35,0.35,0.35,0.35,0.35,0.95,0.95,0.95,0.95,0.95,0,0,0,From DOE Prototype Buildings
SchoolPrimary BLDG_OCC_SCH_Gym,Occupancy,,Wkdy,1-Sep,31-Dec,Hourly,0,0,0,0,0,0,0,0,0.35,0.35,0.35,0.35,0.35,0.35,0.35,0.35,0.95,0.95,0.95,0.95,0.95,0,0,0,From DOE Prototype Buildings
SchoolPrimary BLDG_OCC_SCH_Gym,Occupancy,,Wkdy,1-Jul,1-Sep,Hourly,0,0,0,0,0,0,0,0,0.35,0.35,0.35,0.35,0.35,0.35,0.35,0.35,0.35,0.35,0.35,0.35,0.35,0,0,0,From DOE Prototype Buildings
SchoolPrimary BLDG_OCC_SCH_Gym,Occupancy,,Wkdy,1-Jan,30-Jun,Hourly,0,0,0,0,0,0,0,0,0.35,0.35,0.35,0.35,0.35,0.35,0.35,0.35,0.95,0.95,0.95,0.95,0.95,0,0,0,From DOE Prototype Buildings
SchoolPrimary BLDG_OCC_SCH_Gym,Occupancy,,Wknd,1-Jul,1-Sep,Constant,0,,,,,,,,,,,,,,,,,,,,,,,,From DOE Prototype Buildings
SchoolPrimary BLDG_OCC_SCH_Gym,Occupancy,,Wknd,1-Jan,30-Jun,Constant,0,,,,,,,,,,,,,,,,,,,,,,,,From DOE Prototype Buildings
SchoolPrimary BLDG_OCC_SCH_Offices,Occupancy,,Default|WntrDsn,1-Jan,31-Dec,Constant,0,,,,,,,,,,,,,,,,,,,,,,,,From DOE Prototype Buildings
SchoolPrimary BLDG_OCC_SCH_Offices,Occupancy,,SmrDsn,1-Jan,31-Dec,Hourly,0,0,0,0,0,0,0,0,0.5,0.5,0.5,0.5,0.5,0.5,0.5,0.5,0.5,0.15,0.15,0.15,0.15,0,0,0,From DOE Prototype Buildings
SchoolPrimary BLDG_OCC_SCH_Offices,Occupancy,,Wkdy,1-Sep,31-Dec,Hourly,0,0,0,0,0,0,0,0,0.95,0.95,0.95,0.95,0.95,0.95,0.95,0.95,0.95,0.15,0.15,0.15,0.15,0,0,0,From DOE Prototype Buildings
SchoolPrimary BLDG_OCC_SCH_Offices,Occupancy,,Wkdy,1-Jul,1-Sep,Hourly,0,0,0,0,0,0,0,0,0.5,0.5,0.5,0.5,0.5,0.5,0.5,0.5,0.5,0.15,0.15,0.15,0.15,0,0,0,From DOE Prototype Buildings
SchoolPrimary BLDG_OCC_SCH_Offices,Occupancy,,Wkdy,1-Jan,30-Jun,Hourly,0,0,0,0,0,0,0,0,0.95,0.95,0.95,0.95,0.95,0.95,0.95,0.95,0.95,0.15,0.15,0.15,0.15,0,0,0,From DOE Prototype Buildings
SchoolPrimary BLDG_OCC_SCH_Offices,Occupancy,,Wknd,1-Jul,1-Sep,Constant,0,,,,,,,,,,,,,,,,,,,,,,,,From DOE Prototype Buildings
SchoolPrimary BLDG_OCC_SCH_Offices,Occupancy,,Wknd,1-Jan,30-Jun,Constant,0,,,,,,,,,,,,,,,,,,,,,,,,From DOE Prototype Buildings
SchoolPrimary BLDG_SWH_SCH,Service Water Heating,,Default,1-Jan,31-Dec,Constant,0,,,,,,,,,,,,,,,,,,,,,,,,From DOE Prototype Buildings
SchoolPrimary BLDG_SWH_SCH,Service Water Heating,,Sat,16-Sep,31-Dec,Constant,0,,,,,,,,,,,,,,,,,,,,,,,,From DOE Prototype Buildings
SchoolPrimary BLDG_SWH_SCH,Service Water Heating,,SmrDsn,1-Jan,31-Dec,Hourly,0.05,0.05,0.05,0.05,0.05,0.05,0.05,0.1,0.34,0.6,0.63,0.72,0.79,0.83,0.61,0.65,0.1,0.1,0.19,0.25,0.22,0.22,0.12,0.09,From DOE Prototype Buildings
SchoolPrimary BLDG_SWH_SCH,Service Water Heating,,Sun|Sat,16-Jun,15-Sep,Constant,0,,,,,,,,,,,,,,,,,,,,,,,,From DOE Prototype Buildings
SchoolPrimary BLDG_SWH_SCH,Service Water Heating,,Sun|Sat,1-Jan,15-Jun,Constant,0,,,,,,,,,,,,,,,,,,,,,,,,From DOE Prototype Buildings
SchoolPrimary BLDG_SWH_SCH,Service Water Heating,,Wkdy,16-Sep,31-Dec,Hourly,0,0,0,0,0,0,0,0,0.34,0.6,0.63,0.72,0.79,0.83,0.61,0.65,0.1,0.1,0.19,0.25,0,0,0,0,From DOE Prototype Buildings
SchoolPrimary BLDG_SWH_SCH,Service Water Heating,,Wkdy,16-Jun,15-Sep,Hourly,0,0,0,0,0,0,0,0,0.1,0.1,0.1,0.1,0.1,0.1,0.1,0.1,0.1,0.1,0.19,0.25,0,0,0,0,From DOE Prototype Buildings
SchoolPrimary BLDG_SWH_SCH,Service Water Heating,,Wkdy,1-Jan,15-Jun,Hourly,0,0,0,0,0,0,0,0,0.34,0.6,0.63,0.72,0.79,0.83,0.61,0.65,0.1,0.1,0.19,0.25,0,0,0,0,From DOE Prototype Buildings
SchoolPrimary BLDG_SWH_SCH,Service Water Heating,,WntrDsn,1-Jan,31-Dec,Hourly,0.03,0.03,0.03,0.03,0.03,0.03,0.03,0.03,0.03,0.05,0.05,0.05,0.05,0.03,0.03,0.03,0.03,0.03,0.03,0.03,0.03,0.03,0.03,0.03,From DOE Prototype Buildings
SchoolPrimary Booster Water Inlet Temp Schedule,Unknown,W,Default|WntrDsn|SmrDsn,1-Jan,31-Dec,Constant,60,,,,,,,,,,,,,,,,,,,,,,,,From DOE Prototype Buildings
SchoolPrimary Booster Water Setpoint Temp Schedule,Unknown,W,Default|WntrDsn|SmrDsn,1-Jan,31-Dec,Constant,82.22,,,,,,,,,,,,,,,,,,,,,,,,From DOE Prototype Buildings
SchoolPrimary CLGSETP_SCH_NO_OPTIMUM,Thermostat Setpoint,C,Default|WntrDsn,1-Jan,31-Dec,Constant,26.7,,,,,,,,,,,,,,,,,,,,,,,,From DOE Prototype Buildings
SchoolPrimary CLGSETP_SCH_NO_OPTIMUM,Thermostat Setpoint,C,SmrDsn,1-Jan,31-Dec,Constant,24,,,,,,,,,,,,,,,,,,,,,,,,From DOE Prototype Buildings
SchoolPrimary CLGSETP_SCH_NO_OPTIMUM,Thermostat Setpoint,C,Wkdy,1-Jan,31-Dec,Hourly,26.7,26.7,26.7,26.7,26.7,26.7,24,24,24,24,24,24,24,24,24,24,24,24,24,24,24,26.7,26.7,26.7,From DOE Prototype Buildings
SchoolPrimary CLGSETP_SCH_NO_SETBACK,Thermostat Setpoint,C,Default|SmrDsn|Wkdy,1-Jan,31-Dec,Constant,24,,,,,,,,,,,,,,,,,,,,,,,,From DOE Prototype Buildings
SchoolPrimary CLGSETP_SCH_NO_SETBACK,Thermostat Setpoint,C,WntrDsn,1-Jan,31-Dec,Constant,26.7,,,,,,,,,,,,,,,,,,,,,,,,From DOE Prototype Buildings
SchoolPrimary CLGSETP_SCH_Setup,Thermostat Setpoint,C,Default|WntrDsn|Wkdy,1-Jan,31-Dec,Constant,26.7,,,,,,,,,,,,,,,,,,,,,,,,From DOE Prototype Buildings
SchoolPrimary CLGSETP_SCH_Setup,Thermostat Setpoint,C,SmrDsn,1-Jan,31-Dec,Constant,24,,,,,,,,,,,,,,,,,,,,,,,,From DOE Prototype Buildings
SchoolPrimary CLGSETP_SCH_VAV_OTHER,Thermostat Setpoint,C,Default|WntrDsn,1-Jan,31-Dec,Constant,26.7,,,,,,,,,,,,,,,,,,,,,,,,From DOE Prototype Buildings
SchoolPrimary CLGSETP_SCH_VAV_OTHER,Thermostat Setpoint,C,SmrDsn,1-Jan,31-Dec,Constant,24,,,,,,,,,,,,,,,,,,,,,,,,From DOE Prototype Buildings
SchoolPrimary CLGSETP_SCH_VAV_OTHER,Thermostat Setpoint,C,Wkdy,1-Jan,31-Dec,Hourly,26.7,26.7,26.7,26.7,26.7,26.7,24,24,24,24,24,24,24,24,24,24,24,24,24,24,24,26.7,26.7,26.7,From DOE Prototype Buildings
SchoolPrimary CLGSETP_SCH_VAV_POD_1,Thermostat Setpoint,C,Default|WntrDsn,1-Jan,31-Dec,Constant,26.7,,,,,,,,,,,,,,,,,,,,,,,,From DOE Prototype Buildings
SchoolPrimary CLGSETP_SCH_VAV_POD_1,Thermostat Setpoint,C,SmrDsn,1-Jan,31-Dec,Constant,24,,,,,,,,,,,,,,,,,,,,,,,,From DOE Prototype Buildings
SchoolPrimary CLGSETP_SCH_VAV_POD_1,Thermostat Setpoint,C,Wkdy,1-Jan,31-Dec,Hourly,26.7,26.7,26.7,26.7,26.7,26.7,24,24,24,24,24,24,24,24,24,24,24,24,24,24,24,26.7,26.7,26.7,From DOE Prototype Buildings
SchoolPrimary CLGSETP_SCH_VAV_POD_2,Thermostat Setpoint,C,Default|WntrDsn,1-Jan,31-Dec,Constant,26.7,,,,,,,,,,,,,,,,,,,,,,,,From DOE Prototype Buildings
SchoolPrimary CLGSETP_SCH_VAV_POD_2,Thermostat Setpoint,C,SmrDsn,1-Jan,31-Dec,Constant,24,,,,,,,,,,,,,,,,,,,,,,,,From DOE Prototype Buildings
SchoolPrimary CLGSETP_SCH_VAV_POD_2,Thermostat Setpoint,C,Wkdy,1-Jan,31-Dec,Hourly,26.7,26.7,26.7,26.7,26.7,26.7,24,24,24,24,24,24,24,24,24,24,24,24,24,24,24,26.7,26.7,26.7,From DOE Prototype Buildings
SchoolPrimary CLGSETP_SCH_VAV_POD_3,Thermostat Setpoint,C,Default|WntrDsn,1-Jan,31-Dec,Constant,26.7,,,,,,,,,,,,,,,,,,,,,,,,From DOE Prototype Buildings
SchoolPrimary CLGSETP_SCH_VAV_POD_3,Thermostat Setpoint,C,SmrDsn,1-Jan,31-Dec,Constant,24,,,,,,,,,,,,,,,,,,,,,,,,From DOE Prototype Buildings
SchoolPrimary CLGSETP_SCH_VAV_POD_3,Thermostat Setpoint,C,Wkdy,1-Jan,31-Dec,Hourly,26.7,26.7,26.7,26.7,26.7,26.7,24,24,24,24,24,24,24,24,24,24,24,24,24,24,24,26.7,26.7,26.7,From DOE Prototype Buildings
SchoolPrimary CLGSETP_SCH_YES_OPTIMUM,Thermostat Setpoint,C,Default|WntrDsn,1-Jan,31-Dec,Constant,26.7,,,,,,,,,,,,,,,,,,,,,,,,From DOE Prototype Buildings
SchoolPrimary CLGSETP_SCH_YES_OPTIMUM,Thermostat Setpoint,C,SmrDsn,1-Jan,31-Dec,Constant,24,,,,,,,,,,,,,,,,,,,,,,,,From DOE Prototype Buildings
SchoolPrimary CLGSETP_SCH_YES_OPTIMUM,Thermostat Setpoint,C,Wkdy,1-Jan,31-Dec,Hourly,26.7,26.7,26.7,26.7,26.7,26.7,25.6,25,24,24,24,24,24,24,24,24,24,24,24,24,24,26.7,26.7,26.7,From DOE Prototype Buildings
SchoolPrimary CLGSETP_SCH_YES_OPTIMUM_original,Thermostat Setpoint,C,Default|WntrDsn,1-Jan,31-Dec,Constant,26.7,,,,,,,,,,,,,,,,,,,,,,,,From DOE Prototype Buildings
SchoolPrimary CLGSETP_SCH_YES_OPTIMUM_original,Thermostat Setpoint,C,SmrDsn,1-Jan,31-Dec,Constant,24,,,,,,,,,,,,,,,,,,,,,,,,From DOE Prototype Buildings
SchoolPrimary CLGSETP_SCH_YES_OPTIMUM_original,Thermostat Setpoint,C,Wkdy,1-Jan,31-Dec,Hourly,26.7,26.7,26.7,26.7,26.7,26.7,25.6,25,24,24,24,24,24,24,24,24,24,24,24,24,24,26.7,26.7,26.7,From DOE Prototype Buildings
SchoolPrimary CLOTHING_SCH,Clothing,W,Default|SmrDsn,1-Jan,31-Dec,Constant,0.6,,,,,,,,,,,,,,,,,,,,,,,,From DOE Prototype Buildings
SchoolPrimary CLOTHING_SCH,Clothing,W,Wknd|Wkdy,1-Oct,31-Dec,Constant,1.1,,,,,,,,,,,,,,,,,,,,,,,,From DOE Prototype Buildings
SchoolPrimary CLOTHING_SCH,Clothing,W,Wknd|Wkdy,1-Jan,30-Apr,Constant,1.1,,,,,,,,,,,,,,,,,,,,,,,,From DOE Prototype Buildings
SchoolPrimary CLOTHING_SCH,Clothing,W,WntrDsn,1-Jan,31-Dec,Constant,1.1,,,,,,,,,,,,,,,,,,,,,,,,From DOE Prototype Buildings
SchoolPrimary CoolingCoilAvailSched,Unknown,W,Default|WntrDsn|SmrDsn,1-Jan,31-Dec,Constant,1,,,,,,,,,,,,,,,,,,,,,,,,From DOE Prototype Buildings
SchoolPrimary CW-Loop-Temp-Schedule,Unknown,C,Default|WntrDsn|SmrDsn,1-Jan,31-Dec,Constant,6.7,,,,,,,,,,,,,,,,,,,,,,,,From DOE Prototype Buildings
SchoolPrimary Dual Zone Control Type Sched,Unknown,,Default|WntrDsn|SmrDsn,1-Jan,31-Dec,Constant,4,,,,,,,,,,,,,,,,,,,,,,,,From DOE Prototype Buildings
SchoolPrimary Exterior_Lgt_189_1,Unknown,,Default|WntrDsn|SmrDsn,1-Jan,31-Dec,Constant,0.5,,,,,,,,,,,,,,,,,,,,,,,,From DOE Prototype Buildings
SchoolPrimary Exterior_Lgt_ALWAYS_ON,Unknown,,Default|WntrDsn|SmrDsn,1-Jan,31-Dec,Constant,1,,,,,,,,,,,,,,,,,,,,,,,,From DOE Prototype Buildings
SchoolPrimary Exterior_lighting_schedule_a,Lighting,,Default|WntrDsn|SmrDsn,1-Jan,31-Dec,Hourly,0,0,0,0,0,0,1,1,1,1,1,1,1,1,1,1,1,1,1,1,1,1,1,1,From DOE Prototype Buildings
SchoolPrimary Exterior_lighting_schedule_b,Lighting,,Default|WntrDsn|SmrDsn,1-Jan,31-Dec,Hourly,0.7,0.7,0.7,0.7,0.7,0.7,1,1,1,1,1,1,1,1,1,1,1,1,1,1,1,1,1,1,From DOE Prototype Buildings
SchoolPrimary FAN_SCH,Unknown,W,Default|WntrDsn|SmrDsn,1-Jan,31-Dec,Constant,1,,,,,,,,,,,,,,,,,,,,,,,,From DOE Prototype Buildings
SchoolPrimary Heating-Supply-Air-Temp-Sch,Unknown,C,Default|WntrDsn|SmrDsn,1-Jan,31-Dec,Constant,16,,,,,,,,,,,,,,,,,,,,,,,,From DOE Prototype Buildings
SchoolPrimary Hours_of_operation,Operation,,Default,1-Jan,31-Dec,Constant,0,,,,,,,,,,,,,,,,,,,,,,,,From DOE Prototype Buildings
SchoolPrimary Hours_of_operation,Operation,,WntrDsn|SmrDsn|Wkdy,1-Jan,31-Dec,Hourly,0,0,0,0,0,0,0,1,1,1,1,1,1,1,1,1,1,1,1,1,1,0,0,0,From DOE Prototype Buildings
SchoolPrimary HTGSETP_SCH_NO_OPTIMUM,Thermostat Setpoint,C,Default|SmrDsn,1-Jan,31-Dec,Constant,15.6,,,,,,,,,,,,,,,,,,,,,,,,From DOE Prototype Buildings
SchoolPrimary HTGSETP_SCH_NO_OPTIMUM,Thermostat Setpoint,C,Wkdy,1-Jan,31-Dec,Hourly,15.6,15.6,15.6,15.6,15.6,15.6,21,21,21,21,21,21,21,21,21,21,21,21,21,21,21,15.6,15.6,15.6,From DOE Prototype Buildings
SchoolPrimary HTGSETP_SCH_NO_OPTIMUM,Thermostat Setpoint,C,WntrDsn,1-Jan,31-Dec,Constant,21,,,,,,,,,,,,,,,,,,,,,,,,From DOE Prototype Buildings
SchoolPrimary HTGSETP_SCH_Setback,Thermostat Setpoint,C,Default|SmrDsn|Wkdy,1-Jan,31-Dec,Constant,15.6,,,,,,,,,,,,,,,,,,,,,,,,From DOE Prototype Buildings
SchoolPrimary HTGSETP_SCH_Setback,Thermostat Setpoint,C,WntrDsn,1-Jan,31-Dec,Constant,21,,,,,,,,,,,,,,,,,,,,,,,,From DOE Prototype Buildings
SchoolPrimary HTGSETP_SCH_VAV_OTHER,Thermostat Setpoint,C,Default|SmrDsn,1-Jan,31-Dec,Constant,15.6,,,,,,,,,,,,,,,,,,,,,,,,From DOE Prototype Buildings
SchoolPrimary HTGSETP_SCH_VAV_OTHER,Thermostat Setpoint,C,Wkdy,1-Jan,31-Dec,Hourly,15.6,15.6,15.6,15.6,15.6,15.6,21,21,21,21,21,21,21,21,21,21,21,21,21,21,21,15.6,15.6,15.6,From DOE Prototype Buildings
SchoolPrimary HTGSETP_SCH_VAV_OTHER,Thermostat Setpoint,C,WntrDsn,1-Jan,31-Dec,Constant,21,,,,,,,,,,,,,,,,,,,,,,,,From DOE Prototype Buildings
SchoolPrimary HTGSETP_SCH_VAV_POD_1,Thermostat Setpoint,C,Default|SmrDsn,1-Jan,31-Dec,Constant,15.6,,,,,,,,,,,,,,,,,,,,,,,,From DOE Prototype Buildings
SchoolPrimary HTGSETP_SCH_VAV_POD_1,Thermostat Setpoint,C,Wkdy,1-Jan,31-Dec,Hourly,15.6,15.6,15.6,15.6,15.6,15.6,21,21,21,21,21,21,21,21,21,21,21,21,21,21,21,15.6,15.6,15.6,From DOE Prototype Buildings
SchoolPrimary HTGSETP_SCH_VAV_POD_1,Thermostat Setpoint,C,WntrDsn,1-Jan,31-Dec,Constant,21,,,,,,,,,,,,,,,,,,,,,,,,From DOE Prototype Buildings
SchoolPrimary HTGSETP_SCH_VAV_POD_2,Thermostat Setpoint,C,Default|SmrDsn,1-Jan,31-Dec,Constant,15.6,,,,,,,,,,,,,,,,,,,,,,,,From DOE Prototype Buildings
SchoolPrimary HTGSETP_SCH_VAV_POD_2,Thermostat Setpoint,C,Wkdy,1-Jan,31-Dec,Hourly,15.6,15.6,15.6,15.6,15.6,15.6,21,21,21,21,21,21,21,21,21,21,21,21,21,21,21,15.6,15.6,15.6,From DOE Prototype Buildings
SchoolPrimary HTGSETP_SCH_VAV_POD_2,Thermostat Setpoint,C,WntrDsn,1-Jan,31-Dec,Constant,21,,,,,,,,,,,,,,,,,,,,,,,,From DOE Prototype Buildings
SchoolPrimary HTGSETP_SCH_VAV_POD_3,Thermostat Setpoint,C,Default|SmrDsn,1-Jan,31-Dec,Constant,15.6,,,,,,,,,,,,,,,,,,,,,,,,From DOE Prototype Buildings
SchoolPrimary HTGSETP_SCH_VAV_POD_3,Thermostat Setpoint,C,Wkdy,1-Jan,31-Dec,Hourly,15.6,15.6,15.6,15.6,15.6,15.6,21,21,21,21,21,21,21,21,21,21,21,21,21,21,21,15.6,15.6,15.6,From DOE Prototype Buildings
SchoolPrimary HTGSETP_SCH_VAV_POD_3,Thermostat Setpoint,C,WntrDsn,1-Jan,31-Dec,Constant,21,,,,,,,,,,,,,,,,,,,,,,,,From DOE Prototype Buildings
SchoolPrimary HTGSETP_SCH_YES_OPTIMUM,Thermostat Setpoint,C,Default|SmrDsn,1-Jan,31-Dec,Constant,15.6,,,,,,,,,,,,,,,,,,,,,,,,From DOE Prototype Buildings
SchoolPrimary HTGSETP_SCH_YES_OPTIMUM,Thermostat Setpoint,C,Wkdy,1-Jan,31-Dec,Hourly,15.6,15.6,15.6,15.6,15.6,15.6,17.8,20,21,21,21,21,21,21,21,21,21,21,21,21,21,15.6,15.6,15.6,From DOE Prototype Buildings
SchoolPrimary HTGSETP_SCH_YES_OPTIMUM,Thermostat Setpoint,C,WntrDsn,1-Jan,31-Dec,Constant,21,,,,,,,,,,,,,,,,,,,,,,,,From DOE Prototype Buildings
SchoolPrimary HTGSETP_SCH_YES_OPTIMUM_original,Thermostat Setpoint,C,Default|SmrDsn,1-Jan,31-Dec,Constant,15.6,,,,,,,,,,,,,,,,,,,,,,,,From DOE Prototype Buildings
SchoolPrimary HTGSETP_SCH_YES_OPTIMUM_original,Thermostat Setpoint,C,Wkdy,1-Jan,31-Dec,Hourly,15.6,15.6,15.6,15.6,15.6,15.6,17.8,20,21,21,21,21,21,21,21,21,21,21,21,21,21,15.6,15.6,15.6,From DOE Prototype Buildings
SchoolPrimary HTGSETP_SCH_YES_OPTIMUM_original,Thermostat Setpoint,C,WntrDsn,1-Jan,31-Dec,Constant,21,,,,,,,,,,,,,,,,,,,,,,,,From DOE Prototype Buildings
SchoolPrimary Humidity Setpoint Schedule,Unknown,,Default|WntrDsn|SmrDsn,1-Jan,31-Dec,Constant,65,,,,,,,,,,,,,,,,,,,,,,,,From DOE Prototype Buildings
SchoolPrimary HVACOperationSchd,Operation,,Default,1-Jan,31-Dec,Constant,0,,,,,,,,,,,,,,,,,,,,,,,,From DOE Prototype Buildings
SchoolPrimary HVACOperationSchd,Operation,,WntrDsn|SmrDsn|Wkdy,1-Jan,31-Dec,Hourly,0,0,0,0,0,0,0,1,1,1,1,1,1,1,1,1,1,1,1,1,1,0,0,0,From DOE Prototype Buildings
SchoolPrimary HW-Loop-Temp-Schedule,Unknown,C,Default|WntrDsn|SmrDsn,1-Jan,31-Dec,Constant,82,,,,,,,,,,,,,,,,,,,,,,,,From DOE Prototype Buildings
SchoolPrimary INFIL_Door_Opening_SCH,Infiltration,,Default|WntrDsn|SmrDsn,1-Jan,31-Dec,Constant,0,,,,,,,,,,,,,,,,,,,,,,,,From DOE Prototype Buildings
SchoolPrimary INFIL_Door_Opening_SCH,Infiltration,,Wkdy,1-Jan,31-Dec,Hourly,0,0,0,0,0,0,0,1,0.144,0.144,0.144,0.144,0.144,0.144,0.144,1,0.144,0.144,0,0,0,0,0,0,From DOE Prototype Buildings
SchoolPrimary INFIL_SCH,Infiltration,,Default|WntrDsn|SmrDsn,1-Jan,31-Dec,Hourly,1,1,1,1,1,1,1,0.5,0.5,0.5,0.5,0.5,0.5,0.5,0.5,0.5,0.5,0.5,0.5,0.5,0.5,1,1,1,From DOE Prototype Buildings
SchoolPrimary INFIL_SCH_PNNL,Infiltration,,Default|WntrDsn,1-Jan,31-Dec,Constant,1,,,,,,,,,,,,,,,,,,,,,,,,From DOE Prototype Buildings
SchoolPrimary INFIL_SCH_PNNL,Infiltration,,SmrDsn|Wkdy,1-Jan,31-Dec,Hourly,1,1,1,1,1,1,1,0.25,0.25,0.25,0.25,0.25,0.25,0.25,0.25,0.25,0.25,0.25,0.25,0.25,0.25,1,1,1,From DOE Prototype Buildings
SchoolPrimary Kitchen Exhaust Fan Balanced Exhaust Fraction Schedule,Equipment,,Default,1-Jan,31-Dec,Constant,0,,,,,,,,,,,,,,,,,,,,,,,,From DOE Prototype Buildings
SchoolPrimary Kitchen Exhaust Fan Balanced Exhaust Fraction Schedule,Equipment,,Wkdy,1-Sep,31-Dec,Hourly,0,0,0,0,0,0,0,0,0.816666667,0.816666667,0.816666667,0.816666667,0.816666667,0.816666667,0.816666667,0.816666667,0.816666667,0.816666667,0.816666667,0.816666667,0.816666667,0,0,0,From DOE Prototype Buildings
SchoolPrimary Kitchen Exhaust Fan Balanced Exhaust Fraction Schedule,Equipment,,Wkdy,1-Jul,1-Sep,Hourly,0,0,0,0,0,0,0,0,0.816666667,0.816666667,0.816666667,0.816666667,0.816666667,0.816666667,0.816666667,0.816666667,0.816666667,0.816666667,0.816666667,0.816666667,0.816666667,0,0,0,From DOE Prototype Buildings
SchoolPrimary Kitchen Exhaust Fan Balanced Exhaust Fraction Schedule,Equipment,,Wkdy,1-Jan,30-Jun,Hourly,0,0,0,0,0,0,0,0,0.816666667,0.816666667,0.816666667,0.816666667,0.816666667,0.816666667,0.816666667,0.816666667,0.816666667,0,0,0,0,0,0,0,From DOE Prototype Buildings
SchoolPrimary Kitchen Exhaust Fan Balanced Exhaust Fraction Schedule,Equipment,,Wknd,1-Jul,1-Sep,Constant,0,,,,,,,,,,,,,,,,,,,,,,,,From DOE Prototype Buildings
SchoolPrimary Kitchen Exhaust Fan Balanced Exhaust Fraction Schedule,Equipment,,Wknd,1-Jan,30-Jun,Constant,0,,,,,,,,,,,,,,,,,,,,,,,,From DOE Prototype Buildings
SchoolPrimary Kitchen Exhaust Fan Balanced Exhaust Fraction Schedule,Equipment,,WntrDsn|SmrDsn,1-Jan,31-Dec,Hourly,0,0,0,0,0,0,0,0,0.816666667,0.816666667,0.816666667,0.816666667,0.816666667,0.816666667,0.816666667,0.816666667,0.816666667,0.816666667,0.816666667,0.816666667,0.816666667,0,0,0,From DOE Prototype Buildings
SchoolPrimary KITCHEN_ELEC_EQUIP_SCH,Equipment,,Default|WntrDsn,1-Jan,31-Dec,Constant,0.1,,,,,,,,,,,,,,,,,,,,,,,,From DOE Prototype Buildings
SchoolPrimary KITCHEN_ELEC_EQUIP_SCH,Equipment,,SmrDsn,1-Jan,31-Dec,Hourly,0.1,0.1,0.1,0.1,0.1,0.1,0.1,0.1,0.15,0.15,0.25,0.25,0.25,0.15,0.15,0.1,0.1,0.1,0.1,0.1,0.1,0.1,0.1,0.1,From DOE Prototype Buildings
SchoolPrimary KITCHEN_ELEC_EQUIP_SCH,Equipment,,Wkdy,1-Sep,31-Dec,Hourly,0.1,0.1,0.1,0.1,0.1,0.1,0.1,0.1,0.15,0.15,0.25,0.25,0.25,0.15,0.15,0.1,0.1,0.1,0.1,0.1,0.1,0.1,0.1,0.1,From DOE Prototype Buildings
SchoolPrimary KITCHEN_ELEC_EQUIP_SCH,Equipment,,Wkdy,1-Jul,1-Sep,Hourly,0.1,0.1,0.1,0.1,0.1,0.1,0.1,0.1,0.15,0.15,0.25,0.25,0.25,0.15,0.15,0.1,0.1,0.1,0.1,0.1,0.1,0.1,0.1,0.1,From DOE Prototype Buildings
SchoolPrimary KITCHEN_ELEC_EQUIP_SCH,Equipment,,Wkdy,1-Jan,30-Jun,Hourly,0.1,0.1,0.1,0.1,0.1,0.1,0.1,0.1,0.15,0.15,0.25,0.25,0.25,0.15,0.15,0.1,0.1,0.1,0.1,0.1,0.1,0.1,0.1,0.1,From DOE Prototype Buildings
SchoolPrimary KITCHEN_ELEC_EQUIP_SCH,Equipment,,Wknd,1-Jul,1-Sep,Constant,0.1,,,,,,,,,,,,,,,,,,,,,,,,From DOE Prototype Buildings
SchoolPrimary KITCHEN_ELEC_EQUIP_SCH,Equipment,,Wknd,1-Jan,30-Jun,Constant,0.1,,,,,,,,,,,,,,,,,,,,,,,,From DOE Prototype Buildings
SchoolPrimary Kitchen_Exhaust_SCH,Equipment,,Default,1-Jan,31-Dec,Constant,0,,,,,,,,,,,,,,,,,,,,,,,,From DOE Prototype Buildings
SchoolPrimary Kitchen_Exhaust_SCH,Equipment,,Wkdy,1-Sep,31-Dec,Hourly,0,0,0,0,0,0,0,0,1,1,1,1,1,1,1,1,1,1,1,1,1,0,0,0,From DOE Prototype Buildings
SchoolPrimary Kitchen_Exhaust_SCH,Equipment,,Wkdy,1-Jul,1-Sep,Hourly,0,0,0,0,0,0,0,0,1,1,1,1,1,1,1,1,1,1,1,1,1,0,0,0,From DOE Prototype Buildings
SchoolPrimary Kitchen_Exhaust_SCH,Equipment,,Wkdy,1-Jan,30-Jun,Hourly,0,0,0,0,0,0,0,0,1,1,1,1,1,1,1,1,1,0,0,0,0,0,0,0,From DOE Prototype Buildings
SchoolPrimary Kitchen_Exhaust_SCH,Equipment,,Wknd,1-Jul,1-Sep,Constant,0,,,,,,,,,,,,,,,,,,,,,,,,From DOE Prototype Buildings
SchoolPrimary Kitchen_Exhaust_SCH,Equipment,,Wknd,1-Jan,30-Jun,Constant,0,,,,,,,,,,,,,,,,,,,,,,,,From DOE Prototype Buildings
SchoolPrimary Kitchen_Exhaust_SCH,Equipment,,WntrDsn|SmrDsn,1-Jan,31-Dec,Hourly,0,0,0,0,0,0,0,0,1,1,1,1,1,1,1,1,1,1,1,1,1,0,0,0,From DOE Prototype Buildings
SchoolPrimary KITCHEN_GAS_EQUIP_SCH,Equipment,,Default|WntrDsn,1-Jan,31-Dec,Constant,0.02,,,,,,,,,,,,,,,,,,,,,,,,From DOE Prototype Buildings
SchoolPrimary KITCHEN_GAS_EQUIP_SCH,Equipment,,SmrDsn,1-Jan,31-Dec,Hourly,0.02,0.02,0.02,0.02,0.02,0.02,0.02,0.02,0.15,0.15,0.2,0.2,0.2,0.1,0.1,0.02,0.02,0.02,0.02,0.02,0.02,0.02,0.02,0.02,From DOE Prototype Buildings
SchoolPrimary KITCHEN_GAS_EQUIP_SCH,Equipment,,Wkdy,1-Sep,31-Dec,Hourly,0.02,0.02,0.02,0.02,0.02,0.02,0.02,0.02,0.15,0.15,0.2,0.2,0.2,0.1,0.1,0.02,0.02,0.02,0.02,0.02,0.02,0.02,0.02,0.02,From DOE Prototype Buildings
SchoolPrimary KITCHEN_GAS_EQUIP_SCH,Equipment,,Wkdy,1-Jul,1-Sep,Hourly,0.02,0.02,0.02,0.02,0.02,0.02,0.02,0.02,0.15,0.15,0.2,0.2,0.2,0.1,0.1,0.02,0.02,0.02,0.02,0.02,0.02,0.02,0.02,0.02,From DOE Prototype Buildings
SchoolPrimary KITCHEN_GAS_EQUIP_SCH,Equipment,,Wkdy,1-Jan,30-Jun,Hourly,0.02,0.02,0.02,0.02,0.02,0.02,0.02,0.02,0.15,0.15,0.2,0.2,0.2,0.1,0.1,0.02,0.02,0.02,0.02,0.02,0.02,0.02,0.02,0.02,From DOE Prototype Buildings
SchoolPrimary KITCHEN_GAS_EQUIP_SCH,Equipment,,Wknd,1-Jul,1-Sep,Constant,0.02,,,,,,,,,,,,,,,,,,,,,,,,From DOE Prototype Buildings
SchoolPrimary KITCHEN_GAS_EQUIP_SCH,Equipment,,Wknd,1-Jan,30-Jun,Constant,0.02,,,,,,,,,,,,,,,,,,,,,,,,From DOE Prototype Buildings
SchoolPrimary Kitchen_ZN_1_FLR_1 SHW_default Hot Supply Temp Sched,Equipment,C,Default|WntrDsn|SmrDsn,1-Jan,31-Dec,Constant,55,,,,,,,,,,,,,,,,,,,,,,,,From DOE Prototype Buildings
SchoolPrimary Kitchen_ZN_1_FLR_1 SHW_default Latent fract sched,Equipment,,Default|WntrDsn|SmrDsn,1-Jan,31-Dec,Constant,0.05,,,,,,,,,,,,,,,,,,,,,,,,From DOE Prototype Buildings
SchoolPrimary Kitchen_ZN_1_FLR_1 SHW_default Sensible fract sched,Equipment,,Default|WntrDsn|SmrDsn,1-Jan,31-Dec,Constant,0.2,,,,,,,,,,,,,,,,,,,,,,,,From DOE Prototype Buildings
SchoolPrimary Kitchen_ZN_1_FLR_1 SHW_default Temp Sched,Equipment,C,Default|WntrDsn|SmrDsn,1-Jan,31-Dec,Constant,60,,,,,,,,,,,,,,,,,,,,,,,,From DOE Prototype Buildings
SchoolPrimary Kitchen_ZN_1_FLR_1_Case:1_WALKINFREEZER_WalkInStockingSched,Equipment,W,Default,1-Jan,31-Dec,Hourly,0,0,0,0,725,417,290,0,0,0,0,0,0,0,0,0,0,0,0,0,0,0,0,0,From DOE Prototype Buildings
SchoolPrimary Kitchen_ZN_1_FLR_1_Case:1_WALKINFREEZER_WalkInStockingSched,Equipment,W,WntrDsn|SmrDsn|Wknd|Mon|Wed|Thu,1-Jan,31-Dec,Hourly,0,0,0,0,125,117,90,0,0,0,0,0,0,0,0,0,0,0,0,125,117,90,0,0,From DOE Prototype Buildings
SchoolPrimary Kitchen_ZN_1_FLR_1_Case:2_SELFCONTAINEDDISPLAYCASE_CaseStockingSched,Equipment,W,Default|WntrDsn|SmrDsn,1-Jan,31-Dec,Constant,0,,,,,,,,,,,,,,,,,,,,,,,,From DOE Prototype Buildings
SchoolPrimary MinOA_Kitchen_Sched,Equipment,,Default,1-Jan,31-Dec,Constant,0,,,,,,,,,,,,,,,,,,,,,,,,From DOE Prototype Buildings
SchoolPrimary MinOA_Kitchen_Sched,Equipment,,WntrDsn|SmrDsn|Wkdy,1-Jan,31-Dec,Hourly,0,0,0,0,0,0,0,1,1,1,1,1,1,1,1,1,1,0,0,0,0,0,0,0,From DOE Prototype Buildings
SchoolPrimary MinOA_MotorizedDamper_Sched,OA Air,,Default,1-Jan,31-Dec,Constant,0,,,,,,,,,,,,,,,,,,,,,,,,From DOE Prototype Buildings
SchoolPrimary MinOA_MotorizedDamper_Sched,OA Air,,WntrDsn|SmrDsn|Wkdy,1-Jan,31-Dec,Hourly,0,0,0,0,0,0,0,0,1,1,1,1,1,1,1,1,1,1,1,1,1,0,0,0,From DOE Prototype Buildings
SchoolPrimary MinOA_Sched,OA Air,,Default|WntrDsn|SmrDsn,1-Jan,31-Dec,Constant,1,,,,,,,,,,,,,,,,,,,,,,,,From DOE Prototype Buildings
SchoolPrimary PlantOnSched,Unknown,W,Default|WntrDsn|SmrDsn,1-Jan,31-Dec,Constant,1,,,,,,,,,,,,,,,,,,,,,,,,From DOE Prototype Buildings
SchoolPrimary ReheatCoilAvailSched,Unknown,W,Default|WntrDsn|SmrDsn,1-Jan,31-Dec,Constant,1,,,,,,,,,,,,,,,,,,,,,,,,From DOE Prototype Buildings
SchoolPrimary Seasonal-Reset-Supply-Air-Temp-Sch,Unknown,C,Default|WntrDsn|SmrDsn,1-Jan,31-Dec,Constant,13,,,,,,,,,,,,,,,,,,,,,,,,From DOE Prototype Buildings
SchoolPrimary Seasonal-Reset-Supply-Air-Temp-Sch,Unknown,C,Wknd|Wkdy,1-Oct,31-Dec,Constant,13,,,,,,,,,,,,,,,,,,,,,,,,From DOE Prototype Buildings
SchoolPrimary Seasonal-Reset-Supply-Air-Temp-Sch,Unknown,C,Wknd|Wkdy,1-Jan,31-Mar,Constant,13,,,,,,,,,,,,,,,,,,,,,,,,From DOE Prototype Buildings
SchoolPrimary SHADING_SCH,Unknown,W,Default|WntrDsn|SmrDsn,1-Jan,31-Dec,Constant,0,,,,,,,,,,,,,,,,,,,,,,,,From DOE Prototype Buildings
SchoolPrimary SHWSys1 Water Heater Ambient Temperature Schedule Name,Service Water Heating,C,Default|WntrDsn|SmrDsn,1-Jan,31-Dec,Constant,22,,,,,,,,,,,,,,,,,,,,,,,,From DOE Prototype Buildings
SchoolPrimary SHWSys1 Water Heater Setpoint Temperature Schedule Name,Service Water Heating,C,Default|WntrDsn|SmrDsn,1-Jan,31-Dec,Constant,60,,,,,,,,,,,,,,,,,,,,,,,,From DOE Prototype Buildings
SchoolPrimary SHWSys1-Loop-Temp-Schedule,Service Water Heating,C,Default|WntrDsn|SmrDsn,1-Jan,31-Dec,Constant,60,,,,,,,,,,,,,,,,,,,,,,,,From DOE Prototype Buildings
SchoolPrimary VAV-Supply-Air-Temp-Sch,Unknown,C,Default|WntrDsn|SmrDsn,1-Jan,31-Dec,Constant,12.8,,,,,,,,,,,,,,,,,,,,,,,,From DOE Prototype Buildings
SchoolPrimary walkin_occ_lght_SCH,Occupancy,,Default,1-Jan,31-Dec,Constant,0.1773,,,,,,,,,,,,,,,,,,,,,,,,From DOE Prototype Buildings
SchoolPrimary walkin_occ_lght_SCH,Occupancy,,SmrDsn,1-Jan,31-Dec,Constant,1,,,,,,,,,,,,,,,,,,,,,,,,From DOE Prototype Buildings
SchoolPrimary walkin_occ_lght_SCH,Occupancy,,Wkdy,1-Sep,31-Dec,Hourly,0.1773,0.1773,0.1773,0.1773,0.1773,0.1773,0.1773,0.468,0.468,0.468,0.468,0.468,0.468,0.468,0.468,0.468,0.468,0.468,0.468,0.468,0.468,0.1773,0.1773,0.1773,From DOE Prototype Buildings
SchoolPrimary walkin_occ_lght_SCH,Occupancy,,Wkdy,1-Jul,1-Sep,Hourly,0.1773,0.1773,0.1773,0.1773,0.1773,0.1773,0.1773,0.1773,0.26,0.26,0.26,0.26,0.26,0.26,0.26,0.26,0.26,0.26,0.26,0.26,0.1773,0.1773,0.1773,0.1773,From DOE Prototype Buildings
SchoolPrimary walkin_occ_lght_SCH,Occupancy,,Wkdy,1-Jan,30-Jun,Hourly,0.1773,0.1773,0.1773,0.1773,0.1773,0.1773,0.1773,0.468,0.468,0.468,0.468,0.468,0.468,0.468,0.468,0.468,0.468,0.468,0.468,0.468,0.468,0.1773,0.1773,0.1773,From DOE Prototype Buildings
SchoolPrimary walkin_occ_lght_SCH,Occupancy,,Wknd,1-Jul,1-Sep,Constant,0.1773,,,,,,,,,,,,,,,,,,,,,,,,From DOE Prototype Buildings
SchoolPrimary walkin_occ_lght_SCH,Occupancy,,Wknd,1-Jan,30-Jun,Constant,0.1773,,,,,,,,,,,,,,,,,,,,,,,,From DOE Prototype Buildings
SchoolPrimary walkin_occ_lght_SCH,Occupancy,,WntrDsn,1-Jan,31-Dec,Constant,0,,,,,,,,,,,,,,,,,,,,,,,,From DOE Prototype Buildings
SchoolPrimary WORK_EFF_SCH,Unknown,,Default|WntrDsn|SmrDsn,1-Jan,31-Dec,Constant,0,,,,,,,,,,,,,,,,,,,,,,,,From DOE Prototype Buildings
SchoolSecondary AIR_VELO_SCH,Unknown,W,Default|WntrDsn|SmrDsn,1-Jan,31-Dec,Constant,0.2,,,,,,,,,,,,,,,,,,,,,,,,From DOE Prototype Buildings
SchoolSecondary ALWAYS_OFF,Unknown,,Default|WntrDsn|SmrDsn,1-Jan,31-Dec,Constant,0,,,,,,,,,,,,,,,,,,,,,,,,From DOE Prototype Buildings
SchoolSecondary ALWAYS_ON,Unknown,,Default|WntrDsn|SmrDsn,1-Jan,31-Dec,Constant,1,,,,,,,,,,,,,,,,,,,,,,,,From DOE Prototype Buildings
SchoolSecondary Bathrooms_ZN_1_FLR_1 SHW_default Hot Supply Temp Sched,Service Water Heating,C,Default|WntrDsn|SmrDsn,1-Jan,31-Dec,Constant,55,,,,,,,,,,,,,,,,,,,,,,,,From DOE Prototype Buildings
SchoolSecondary Bathrooms_ZN_1_FLR_1 SHW_default Latent fract sched,Service Water Heating,,Default|WntrDsn|SmrDsn,1-Jan,31-Dec,Constant,0.05,,,,,,,,,,,,,,,,,,,,,,,,From DOE Prototype Buildings
SchoolSecondary Bathrooms_ZN_1_FLR_1 SHW_default Sensible fract sched,Service Water Heating,,Default|WntrDsn|SmrDsn,1-Jan,31-Dec,Constant,0.2,,,,,,,,,,,,,,,,,,,,,,,,From DOE Prototype Buildings
SchoolSecondary Bathrooms_ZN_1_FLR_1 SHW_default Temp Sched,Service Water Heating,C,Default|WntrDsn|SmrDsn,1-Jan,31-Dec,Constant,60,,,,,,,,,,,,,,,,,,,,,,,,From DOE Prototype Buildings
SchoolSecondary Bathrooms_ZN_1_FLR_2 SHW_default Hot Supply Temp Sched,Service Water Heating,C,Default|WntrDsn|SmrDsn,1-Jan,31-Dec,Constant,55,,,,,,,,,,,,,,,,,,,,,,,,From DOE Prototype Buildings
SchoolSecondary Bathrooms_ZN_1_FLR_2 SHW_default Latent fract sched,Service Water Heating,,Default|WntrDsn|SmrDsn,1-Jan,31-Dec,Constant,0.05,,,,,,,,,,,,,,,,,,,,,,,,From DOE Prototype Buildings
SchoolSecondary Bathrooms_ZN_1_FLR_2 SHW_default Sensible fract sched,Service Water Heating,,Default|WntrDsn|SmrDsn,1-Jan,31-Dec,Constant,0.2,,,,,,,,,,,,,,,,,,,,,,,,From DOE Prototype Buildings
SchoolSecondary Bathrooms_ZN_1_FLR_2 SHW_default Temp Sched,Service Water Heating,C,Default|WntrDsn|SmrDsn,1-Jan,31-Dec,Constant,60,,,,,,,,,,,,,,,,,,,,,,,,From DOE Prototype Buildings
SchoolSecondary BLDG_ELEVATORS,Elevator,,Default|WntrDsn,1-Jan,31-Dec,Constant,0,,,,,,,,,,,,,,,,,,,,,,,,From DOE Prototype Buildings
SchoolSecondary BLDG_ELEVATORS,Elevator,,SmrDsn,1-Jan,31-Dec,Constant,0.3,,,,,,,,,,,,,,,,,,,,,,,,From DOE Prototype Buildings
SchoolSecondary BLDG_ELEVATORS,Elevator,,Wkdy,1-Jan,31-Dec,Hourly,0,0,0,0,0,0,0,0,0.3,0.3,0.3,0.3,0.3,0.3,0.3,0.15,0,0,0,0,0,0,0,0,From DOE Prototype Buildings
SchoolSecondary BLDG_EQUIP_SCH,Equipment,,Default|WntrDsn,1-Jan,31-Dec,Constant,0.35,,,,,,,,,,,,,,,,,,,,,,,,From DOE Prototype Buildings
SchoolSecondary BLDG_EQUIP_SCH,Equipment,,SmrDsn,1-Jan,31-Dec,Hourly,0.25,0.25,0.25,0.25,0.25,0.25,0.25,0.25,0.5,0.5,0.5,0.5,0.5,0.5,0.5,0.5,0.5,0.25,0.25,0.25,0.25,0.25,0.25,0.25,From DOE Prototype Buildings
SchoolSecondary BLDG_EQUIP_SCH,Equipment,,Wkdy,1-Sep,31-Dec,Hourly,0.35,0.35,0.35,0.35,0.35,0.35,0.35,0.35,0.95,0.95,0.95,0.95,0.95,0.95,0.95,0.95,0.95,0.35,0.35,0.35,0.35,0.35,0.35,0.35,From DOE Prototype Buildings
SchoolSecondary BLDG_EQUIP_SCH,Equipment,,Wkdy,1-Jul,1-Sep,Hourly,0.25,0.25,0.25,0.25,0.25,0.25,0.25,0.25,0.5,0.5,0.5,0.5,0.5,0.5,0.5,0.5,0.5,0.25,0.25,0.25,0.25,0.25,0.25,0.25,From DOE Prototype Buildings
SchoolSecondary BLDG_EQUIP_SCH,Equipment,,Wkdy,1-Jan,30-Jun,Hourly,0.35,0.35,0.35,0.35,0.35,0.35,0.35,0.35,0.95,0.95,0.95,0.95,0.95,0.95,0.95,0.95,0.95,0.35,0.35,0.35,0.35,0.35,0.35,0.35,From DOE Prototype Buildings
SchoolSecondary BLDG_EQUIP_SCH,Equipment,,Wknd,1-Jul,1-Sep,Constant,0.25,,,,,,,,,,,,,,,,,,,,,,,,From DOE Prototype Buildings
SchoolSecondary BLDG_EQUIP_SCH,Equipment,,Wknd,1-Jan,30-Jun,Constant,0.35,,,,,,,,,,,,,,,,,,,,,,,,From DOE Prototype Buildings
SchoolSecondary BLDG_LIGHT_BATH_SCH,Lighting,,Default,1-Jan,31-Dec,Constant,0.1773,,,,,,,,,,,,,,,,,,,,,,,,From DOE Prototype Buildings
SchoolSecondary BLDG_LIGHT_BATH_SCH,Lighting,,SmrDsn,1-Jan,31-Dec,Constant,1,,,,,,,,,,,,,,,,,,,,,,,,From DOE Prototype Buildings
SchoolSecondary BLDG_LIGHT_BATH_SCH,Lighting,,Wkdy,1-Sep,31-Dec,Hourly,0.1773,0.1773,0.1773,0.1773,0.1773,0.1773,0.1773,0.9,0.9,0.9,0.9,0.9,0.9,0.9,0.9,0.9,0.9,0.9,0.9,0.9,0.9,0.1773,0.1773,0.1773,From DOE Prototype Buildings
SchoolSecondary BLDG_LIGHT_BATH_SCH,Lighting,,Wkdy,1-Jul,1-Sep,Hourly,0.1773,0.1773,0.1773,0.1773,0.1773,0.1773,0.1773,0.1773,0.5,0.5,0.5,0.5,0.5,0.5,0.5,0.5,0.5,0.5,0.5,0.5,0.1773,0.1773,0.1773,0.1773,From DOE Prototype Buildings
SchoolSecondary BLDG_LIGHT_BATH_SCH,Lighting,,Wkdy,1-Jan,30-Jun,Hourly,0.1773,0.1773,0.1773,0.1773,0.1773,0.1773,0.1773,0.9,0.9,0.9,0.9,0.9,0.9,0.9,0.9,0.9,0.9,0.9,0.9,0.9,0.9,0.1773,0.1773,0.1773,From DOE Prototype Buildings
SchoolSecondary BLDG_LIGHT_BATH_SCH,Lighting,,Wknd,1-Jul,1-Sep,Constant,0.1773,,,,,,,,,,,,,,,,,,,,,,,,From DOE Prototype Buildings
SchoolSecondary BLDG_LIGHT_BATH_SCH,Lighting,,Wknd,1-Jan,30-Jun,Constant,0.1773,,,,,,,,,,,,,,,,,,,,,,,,From DOE Prototype Buildings
SchoolSecondary BLDG_LIGHT_BATH_SCH,Lighting,,WntrDsn,1-Jan,31-Dec,Constant,0,,,,,,,,,,,,,,,,,,,,,,,,From DOE Prototype Buildings
SchoolSecondary BLDG_LIGHT_CLASSROOM_SCH,Lighting,,Default,1-Jan,31-Dec,Constant,0.1773,,,,,,,,,,,,,,,,,,,,,,,,From DOE Prototype Buildings
SchoolSecondary BLDG_LIGHT_CLASSROOM_SCH,Lighting,,SmrDsn,1-Jan,31-Dec,Constant,1,,,,,,,,,,,,,,,,,,,,,,,,From DOE Prototype Buildings
SchoolSecondary BLDG_LIGHT_CLASSROOM_SCH,Lighting,,Wkdy,1-Sep,31-Dec,Hourly,0.1773,0.1773,0.1773,0.1773,0.1773,0.1773,0.1773,0.9,0.9,0.9,0.9,0.9,0.9,0.9,0.9,0.9,0.9,0.9,0.9,0.9,0.9,0.1773,0.1773,0.1773,From DOE Prototype Buildings
SchoolSecondary BLDG_LIGHT_CLASSROOM_SCH,Lighting,,Wkdy,1-Jul,1-Sep,Hourly,0.1773,0.1773,0.1773,0.1773,0.1773,0.1773,0.1773,0.1773,0.5,0.5,0.5,0.5,0.5,0.5,0.5,0.5,0.5,0.5,0.5,0.5,0.1773,0.1773,0.1773,0.1773,From DOE Prototype Buildings
SchoolSecondary BLDG_LIGHT_CLASSROOM_SCH,Lighting,,Wkdy,1-Jan,30-Jun,Hourly,0.1773,0.1773,0.1773,0.1773,0.1773,0.1773,0.1773,0.9,0.9,0.9,0.9,0.9,0.9,0.9,0.9,0.9,0.9,0.9,0.9,0.9,0.9,0.1773,0.1773,0.1773,From DOE Prototype Buildings
SchoolSecondary BLDG_LIGHT_CLASSROOM_SCH,Lighting,,Wknd,1-Jul,1-Sep,Constant,0.1773,,,,,,,,,,,,,,,,,,,,,,,,From DOE Prototype Buildings
SchoolSecondary BLDG_LIGHT_CLASSROOM_SCH,Lighting,,Wknd,1-Jan,30-Jun,Constant,0.1773,,,,,,,,,,,,,,,,,,,,,,,,From DOE Prototype Buildings
SchoolSecondary BLDG_LIGHT_CLASSROOM_SCH,Lighting,,WntrDsn,1-Jan,31-Dec,Constant,0,,,,,,,,,,,,,,,,,,,,,,,,From DOE Prototype Buildings
SchoolSecondary BLDG_LIGHT_CORRIDOR_SCH,Lighting,,Default,1-Jan,31-Dec,Constant,0.1773,,,,,,,,,,,,,,,,,,,,,,,,From DOE Prototype Buildings
SchoolSecondary BLDG_LIGHT_CORRIDOR_SCH,Lighting,,SmrDsn,1-Jan,31-Dec,Constant,1,,,,,,,,,,,,,,,,,,,,,,,,From DOE Prototype Buildings
SchoolSecondary BLDG_LIGHT_CORRIDOR_SCH,Lighting,,Wkdy,1-Sep,31-Dec,Hourly,0.1773,0.1773,0.1773,0.1773,0.1773,0.1773,0.1773,0.9,0.9,0.9,0.9,0.9,0.9,0.9,0.9,0.9,0.9,0.9,0.9,0.9,0.9,0.1773,0.1773,0.1773,From DOE Prototype Buildings
SchoolSecondary BLDG_LIGHT_CORRIDOR_SCH,Lighting,,Wkdy,1-Jul,1-Sep,Hourly,0.1773,0.1773,0.1773,0.1773,0.1773,0.1773,0.1773,0.1773,0.5,0.5,0.5,0.5,0.5,0.5,0.5,0.5,0.5,0.5,0.5,0.5,0.1773,0.1773,0.1773,0.1773,From DOE Prototype Buildings
SchoolSecondary BLDG_LIGHT_CORRIDOR_SCH,Lighting,,Wkdy,1-Jan,30-Jun,Hourly,0.1773,0.1773,0.1773,0.1773,0.1773,0.1773,0.1773,0.9,0.9,0.9,0.9,0.9,0.9,0.9,0.9,0.9,0.9,0.9,0.9,0.9,0.9,0.1773,0.1773,0.1773,From DOE Prototype Buildings
SchoolSecondary BLDG_LIGHT_CORRIDOR_SCH,Lighting,,Wknd,1-Jul,1-Sep,Constant,0.1773,,,,,,,,,,,,,,,,,,,,,,,,From DOE Prototype Buildings
SchoolSecondary BLDG_LIGHT_CORRIDOR_SCH,Lighting,,Wknd,1-Jan,30-Jun,Constant,0.1773,,,,,,,,,,,,,,,,,,,,,,,,From DOE Prototype Buildings
SchoolSecondary BLDG_LIGHT_CORRIDOR_SCH,Lighting,,WntrDsn,1-Jan,31-Dec,Constant,0,,,,,,,,,,,,,,,,,,,,,,,,From DOE Prototype Buildings
SchoolSecondary BLDG_LIGHT_GYM_SCH,Lighting,,Default,1-Jan,31-Dec,Constant,0.1773,,,,,,,,,,,,,,,,,,,,,,,,From DOE Prototype Buildings
SchoolSecondary BLDG_LIGHT_GYM_SCH,Lighting,,SmrDsn,1-Jan,31-Dec,Constant,1,,,,,,,,,,,,,,,,,,,,,,,,From DOE Prototype Buildings
SchoolSecondary BLDG_LIGHT_GYM_SCH,Lighting,,Wkdy,1-Sep,31-Dec,Hourly,0.1773,0.1773,0.1773,0.1773,0.1773,0.1773,0.1773,0.9,0.9,0.9,0.9,0.9,0.9,0.9,0.9,0.9,0.9,0.9,0.9,0.9,0.9,0.1773,0.1773,0.1773,From DOE Prototype Buildings
SchoolSecondary BLDG_LIGHT_GYM_SCH,Lighting,,Wkdy,1-Jul,1-Sep,Hourly,0.1773,0.1773,0.1773,0.1773,0.1773,0.1773,0.1773,0.1773,0.5,0.5,0.5,0.5,0.5,0.5,0.5,0.5,0.5,0.5,0.5,0.5,0.1773,0.1773,0.1773,0.1773,From DOE Prototype Buildings
SchoolSecondary BLDG_LIGHT_GYM_SCH,Lighting,,Wkdy,1-Jan,30-Jun,Hourly,0.1773,0.1773,0.1773,0.1773,0.1773,0.1773,0.1773,0.9,0.9,0.9,0.9,0.9,0.9,0.9,0.9,0.9,0.9,0.9,0.9,0.9,0.9,0.1773,0.1773,0.1773,From DOE Prototype Buildings
SchoolSecondary BLDG_LIGHT_GYM_SCH,Lighting,,Wknd,1-Jul,1-Sep,Constant,0.1773,,,,,,,,,,,,,,,,,,,,,,,,From DOE Prototype Buildings
SchoolSecondary BLDG_LIGHT_GYM_SCH,Lighting,,Wknd,1-Jan,30-Jun,Constant,0.1773,,,,,,,,,,,,,,,,,,,,,,,,From DOE Prototype Buildings
SchoolSecondary BLDG_LIGHT_GYM_SCH,Lighting,,WntrDsn,1-Jan,31-Dec,Constant,0,,,,,,,,,,,,,,,,,,,,,,,,From DOE Prototype Buildings
SchoolSecondary BLDG_LIGHT_LIBRARY_SCH,Lighting,,Default,1-Jan,31-Dec,Constant,0.1773,,,,,,,,,,,,,,,,,,,,,,,,From DOE Prototype Buildings
SchoolSecondary BLDG_LIGHT_LIBRARY_SCH,Lighting,,SmrDsn,1-Jan,31-Dec,Constant,1,,,,,,,,,,,,,,,,,,,,,,,,From DOE Prototype Buildings
SchoolSecondary BLDG_LIGHT_LIBRARY_SCH,Lighting,,Wkdy,1-Sep,31-Dec,Hourly,0.1773,0.1773,0.1773,0.1773,0.1773,0.1773,0.1773,0.9,0.9,0.9,0.9,0.9,0.9,0.9,0.9,0.9,0.9,0.9,0.9,0.9,0.9,0.1773,0.1773,0.1773,From DOE Prototype Buildings
SchoolSecondary BLDG_LIGHT_LIBRARY_SCH,Lighting,,Wkdy,1-Jul,1-Sep,Hourly,0.1773,0.1773,0.1773,0.1773,0.1773,0.1773,0.1773,0.1773,0.5,0.5,0.5,0.5,0.5,0.5,0.5,0.5,0.5,0.5,0.5,0.5,0.1773,0.1773,0.1773,0.1773,From DOE Prototype Buildings
SchoolSecondary BLDG_LIGHT_LIBRARY_SCH,Lighting,,Wkdy,1-Jan,30-Jun,Hourly,0.1773,0.1773,0.1773,0.1773,0.1773,0.1773,0.1773,0.9,0.9,0.9,0.9,0.9,0.9,0.9,0.9,0.9,0.9,0.9,0.9,0.9,0.9,0.1773,0.1773,0.1773,From DOE Prototype Buildings
SchoolSecondary BLDG_LIGHT_LIBRARY_SCH,Lighting,,Wknd,1-Jul,1-Sep,Constant,0.1773,,,,,,,,,,,,,,,,,,,,,,,,From DOE Prototype Buildings
SchoolSecondary BLDG_LIGHT_LIBRARY_SCH,Lighting,,Wknd,1-Jan,30-Jun,Constant,0.1773,,,,,,,,,,,,,,,,,,,,,,,,From DOE Prototype Buildings
SchoolSecondary BLDG_LIGHT_LIBRARY_SCH,Lighting,,WntrDsn,1-Jan,31-Dec,Constant,0,,,,,,,,,,,,,,,,,,,,,,,,From DOE Prototype Buildings
SchoolSecondary BLDG_LIGHT_LOBBYFLR1_SCH,Lighting,,Default,1-Jan,31-Dec,Constant,0.1773,,,,,,,,,,,,,,,,,,,,,,,,From DOE Prototype Buildings
SchoolSecondary BLDG_LIGHT_LOBBYFLR1_SCH,Lighting,,SmrDsn,1-Jan,31-Dec,Constant,1,,,,,,,,,,,,,,,,,,,,,,,,From DOE Prototype Buildings
SchoolSecondary BLDG_LIGHT_LOBBYFLR1_SCH,Lighting,,Wkdy,1-Sep,31-Dec,Hourly,0.1773,0.1773,0.1773,0.1773,0.1773,0.1773,0.1773,0.9,0.9,0.9,0.9,0.9,0.9,0.9,0.9,0.9,0.9,0.9,0.9,0.9,0.9,0.1773,0.1773,0.1773,From DOE Prototype Buildings
SchoolSecondary BLDG_LIGHT_LOBBYFLR1_SCH,Lighting,,Wkdy,1-Jul,1-Sep,Hourly,0.1773,0.1773,0.1773,0.1773,0.1773,0.1773,0.1773,0.1773,0.5,0.5,0.5,0.5,0.5,0.5,0.5,0.5,0.5,0.5,0.5,0.5,0.1773,0.1773,0.1773,0.1773,From DOE Prototype Buildings
SchoolSecondary BLDG_LIGHT_LOBBYFLR1_SCH,Lighting,,Wkdy,1-Jan,30-Jun,Hourly,0.1773,0.1773,0.1773,0.1773,0.1773,0.1773,0.1773,0.9,0.9,0.9,0.9,0.9,0.9,0.9,0.9,0.9,0.9,0.9,0.9,0.9,0.9,0.1773,0.1773,0.1773,From DOE Prototype Buildings
SchoolSecondary BLDG_LIGHT_LOBBYFLR1_SCH,Lighting,,Wknd,1-Jul,1-Sep,Constant,0.1773,,,,,,,,,,,,,,,,,,,,,,,,From DOE Prototype Buildings
SchoolSecondary BLDG_LIGHT_LOBBYFLR1_SCH,Lighting,,Wknd,1-Jan,30-Jun,Constant,0.1773,,,,,,,,,,,,,,,,,,,,,,,,From DOE Prototype Buildings
SchoolSecondary BLDG_LIGHT_LOBBYFLR1_SCH,Lighting,,WntrDsn,1-Jan,31-Dec,Constant,0,,,,,,,,,,,,,,,,,,,,,,,,From DOE Prototype Buildings
SchoolSecondary BLDG_LIGHT_OFFICE_SCH,Lighting,,Default,1-Jan,31-Dec,Constant,0.1773,,,,,,,,,,,,,,,,,,,,,,,,From DOE Prototype Buildings
SchoolSecondary BLDG_LIGHT_OFFICE_SCH,Lighting,,SmrDsn,1-Jan,31-Dec,Constant,1,,,,,,,,,,,,,,,,,,,,,,,,From DOE Prototype Buildings
SchoolSecondary BLDG_LIGHT_OFFICE_SCH,Lighting,,Wkdy,1-Sep,31-Dec,Hourly,0.1773,0.1773,0.1773,0.1773,0.1773,0.1773,0.1773,0.9,0.9,0.9,0.9,0.9,0.9,0.9,0.9,0.9,0.9,0.9,0.9,0.9,0.9,0.1773,0.1773,0.1773,From DOE Prototype Buildings
SchoolSecondary BLDG_LIGHT_OFFICE_SCH,Lighting,,Wkdy,1-Jul,1-Sep,Hourly,0.1773,0.1773,0.1773,0.1773,0.1773,0.1773,0.1773,0.1773,0.5,0.5,0.5,0.5,0.5,0.5,0.5,0.5,0.5,0.5,0.5,0.5,0.1773,0.1773,0.1773,0.1773,From DOE Prototype Buildings
SchoolSecondary BLDG_LIGHT_OFFICE_SCH,Lighting,,Wkdy,1-Jan,30-Jun,Hourly,0.1773,0.1773,0.1773,0.1773,0.1773,0.1773,0.1773,0.9,0.9,0.9,0.9,0.9,0.9,0.9,0.9,0.9,0.9,0.9,0.9,0.9,0.9,0.1773,0.1773,0.1773,From DOE Prototype Buildings
SchoolSecondary BLDG_LIGHT_OFFICE_SCH,Lighting,,Wknd,1-Jul,1-Sep,Constant,0.1773,,,,,,,,,,,,,,,,,,,,,,,,From DOE Prototype Buildings
SchoolSecondary BLDG_LIGHT_OFFICE_SCH,Lighting,,Wknd,1-Jan,30-Jun,Constant,0.1773,,,,,,,,,,,,,,,,,,,,,,,,From DOE Prototype Buildings
SchoolSecondary BLDG_LIGHT_OFFICE_SCH,Lighting,,WntrDsn,1-Jan,31-Dec,Constant,0,,,,,,,,,,,,,,,,,,,,,,,,From DOE Prototype Buildings
SchoolSecondary BLDG_LIGHT_SCH,Lighting,,Default,1-Jan,31-Dec,Constant,0.1773,,,,,,,,,,,,,,,,,,,,,,,,From DOE Prototype Buildings
SchoolSecondary BLDG_LIGHT_SCH,Lighting,,SmrDsn,1-Jan,31-Dec,Constant,1,,,,,,,,,,,,,,,,,,,,,,,,From DOE Prototype Buildings
SchoolSecondary BLDG_LIGHT_SCH,Lighting,,Wkdy,1-Sep,31-Dec,Hourly,0.1773,0.1773,0.1773,0.1773,0.1773,0.1773,0.1773,0.9,0.9,0.9,0.9,0.9,0.9,0.9,0.9,0.9,0.9,0.9,0.9,0.9,0.9,0.1773,0.1773,0.1773,From DOE Prototype Buildings
SchoolSecondary BLDG_LIGHT_SCH,Lighting,,Wkdy,1-Jul,1-Sep,Hourly,0.1773,0.1773,0.1773,0.1773,0.1773,0.1773,0.1773,0.1773,0.5,0.5,0.5,0.5,0.5,0.5,0.5,0.5,0.5,0.5,0.5,0.5,0.1773,0.1773,0.1773,0.1773,From DOE Prototype Buildings
SchoolSecondary BLDG_LIGHT_SCH,Lighting,,Wkdy,1-Jan,30-Jun,Hourly,0.1773,0.1773,0.1773,0.1773,0.1773,0.1773,0.1773,0.9,0.9,0.9,0.9,0.9,0.9,0.9,0.9,0.9,0.9,0.9,0.9,0.9,0.9,0.1773,0.1773,0.1773,From DOE Prototype Buildings
SchoolSecondary BLDG_LIGHT_SCH,Lighting,,Wknd,1-Jul,1-Sep,Constant,0.1773,,,,,,,,,,,,,,,,,,,,,,,,From DOE Prototype Buildings
SchoolSecondary BLDG_LIGHT_SCH,Lighting,,Wknd,1-Jan,30-Jun,Constant,0.1773,,,,,,,,,,,,,,,,,,,,,,,,From DOE Prototype Buildings
SchoolSecondary BLDG_LIGHT_SCH,Lighting,,WntrDsn,1-Jan,31-Dec,Constant,0,,,,,,,,,,,,,,,,,,,,,,,,From DOE Prototype Buildings
SchoolSecondary BLDG_OCC_SCH,Occupancy,,Default|WntrDsn,1-Jan,31-Dec,Constant,0,,,,,,,,,,,,,,,,,,,,,,,,From DOE Prototype Buildings
SchoolSecondary BLDG_OCC_SCH,Occupancy,,SmrDsn,1-Jan,31-Dec,Hourly,0,0,0,0,0,0,0,0,0.15,0.15,0.15,0.15,0.15,0.15,0.15,0.15,0.15,0.15,0.15,0.15,0.15,0,0,0,From DOE Prototype Buildings
SchoolSecondary BLDG_OCC_SCH,Occupancy,,Wkdy,16-Sep,31-Dec,Hourly,0,0,0,0,0,0,0,0,0.95,0.95,0.95,0.95,0.95,0.95,0.95,0.95,0.15,0.15,0.15,0.15,0.15,0,0,0,From DOE Prototype Buildings
SchoolSecondary BLDG_OCC_SCH,Occupancy,,Wkdy,16-Jun,15-Sep,Hourly,0,0,0,0,0,0,0,0,0.15,0.15,0.15,0.15,0.15,0.15,0.15,0.15,0.15,0.15,0.15,0.15,0.15,0,0,0,From DOE Prototype Buildings
SchoolSecondary BLDG_OCC_SCH,Occupancy,,Wkdy,1-Jan,15-Jun,Hourly,0,0,0,0,0,0,0,0,0.95,0.95,0.95,0.95,0.95,0.95,0.95,0.95,0.15,0.15,0.15,0.15,0.15,0,0,0,From DOE Prototype Buildings
SchoolSecondary BLDG_OCC_SCH,Occupancy,,Wknd,16-Jun,15-Sep,Constant,0,,,,,,,,,,,,,,,,,,,,,,,,From DOE Prototype Buildings
SchoolSecondary BLDG_OCC_SCH,Occupancy,,Wknd,1-Jan,15-Jun,Constant,0,,,,,,,,,,,,,,,,,,,,,,,,From DOE Prototype Buildings
SchoolSecondary BLDG_OCC_SCH_Auditorium,Occupancy,,Default|WntrDsn,1-Jan,31-Dec,Constant,0,,,,,,,,,,,,,,,,,,,,,,,,From DOE Prototype Buildings
SchoolSecondary BLDG_OCC_SCH_Auditorium,Occupancy,,SmrDsn,1-Jan,31-Dec,Hourly,0,0,0,0,0,0,0,0,0.15,0.15,0.15,0.15,0.15,0.15,0.15,0.15,0.15,0.35,0.35,0,0,0,0,0,From DOE Prototype Buildings
SchoolSecondary BLDG_OCC_SCH_Auditorium,Occupancy,,Wkdy,1-Sep,31-Dec,Hourly,0,0,0,0,0,0,0,0,0.25,0.25,0.25,0.25,0.25,0.25,0.25,0.95,0.95,0.95,0.95,0.95,0,0,0,0,From DOE Prototype Buildings
SchoolSecondary BLDG_OCC_SCH_Auditorium,Occupancy,,Wkdy,1-Jul,1-Sep,Hourly,0,0,0,0,0,0,0,0,0.15,0.15,0.15,0.15,0.15,0.15,0.15,0.15,0.15,0.35,0.35,0,0,0,0,0,From DOE Prototype Buildings
SchoolSecondary BLDG_OCC_SCH_Auditorium,Occupancy,,Wkdy,1-Jan,30-Jun,Hourly,0,0,0,0,0,0,0,0,0.25,0.25,0.25,0.25,0.25,0.25,0.25,0.95,0.95,0.95,0.95,0.95,0,0,0,0,From DOE Prototype Buildings
SchoolSecondary BLDG_OCC_SCH_Auditorium,Occupancy,,Wknd,1-Jul,1-Sep,Constant,0,,,,,,,,,,,,,,,,,,,,,,,,From DOE Prototype Buildings
SchoolSecondary BLDG_OCC_SCH_Auditorium,Occupancy,,Wknd,1-Jan,30-Jun,Constant,0,,,,,,,,,,,,,,,,,,,,,,,,From DOE Prototype Buildings
SchoolSecondary BLDG_OCC_SCH_Cafeteria,Occupancy,,Default|WntrDsn,1-Jan,31-Dec,Constant,0,,,,,,,,,,,,,,,,,,,,,,,,From DOE Prototype Buildings
SchoolSecondary BLDG_OCC_SCH_Cafeteria,Occupancy,,SmrDsn,1-Jan,31-Dec,Hourly,0,0,0,0,0,0,0,0,0,0.15,0.15,0.15,0.15,0.15,0.15,0.15,0.15,0.35,0.35,0,0,0,0,0,From DOE Prototype Buildings
SchoolSecondary BLDG_OCC_SCH_Cafeteria,Occupancy,,Wkdy,1-Sep,31-Dec,Hourly,0,0,0,0,0,0,0,0,0,0.95,0.95,0.95,0.95,0.95,0.95,0.35,0.35,0.35,0.35,0.35,0,0,0,0,From DOE Prototype Buildings
SchoolSecondary BLDG_OCC_SCH_Cafeteria,Occupancy,,Wkdy,1-Jul,1-Sep,Hourly,0,0,0,0,0,0,0,0,0,0.15,0.15,0.15,0.15,0.15,0.15,0.15,0.15,0.35,0.35,0,0,0,0,0,From DOE Prototype Buildings
SchoolSecondary BLDG_OCC_SCH_Cafeteria,Occupancy,,Wkdy,1-Jan,30-Jun,Hourly,0,0,0,0,0,0,0,0,0,0.95,0.95,0.95,0.95,0.95,0.95,0.35,0.35,0.35,0.35,0.35,0,0,0,0,From DOE Prototype Buildings
SchoolSecondary BLDG_OCC_SCH_Cafeteria,Occupancy,,Wknd,1-Jul,1-Sep,Constant,0,,,,,,,,,,,,,,,,,,,,,,,,From DOE Prototype Buildings
SchoolSecondary BLDG_OCC_SCH_Cafeteria,Occupancy,,Wknd,1-Jan,30-Jun,Constant,0,,,,,,,,,,,,,,,,,,,,,,,,From DOE Prototype Buildings
SchoolSecondary BLDG_OCC_SCH_Extend,Occupancy,,Default|WntrDsn,1-Jan,31-Dec,Constant,0,,,,,,,,,,,,,,,,,,,,,,,,From DOE Prototype Buildings
SchoolSecondary BLDG_OCC_SCH_Extend,Occupancy,,SmrDsn,1-Jan,31-Dec,Hourly,0,0,0,0,0,0,0,0,0.5,0.5,0.5,0.5,0.5,0.5,0.5,0.5,0.5,0.5,0.5,0.5,0.5,0,0,0,From DOE Prototype Buildings
SchoolSecondary BLDG_OCC_SCH_Extend,Occupancy,,Wkdy,1-Sep,31-Dec,Hourly,0,0,0,0,0,0,0,0,0.95,0.95,0.95,0.95,0.95,0.95,0.95,0.95,0.95,0.95,0.95,0.95,0.95,0,0,0,From DOE Prototype Buildings
SchoolSecondary BLDG_OCC_SCH_Extend,Occupancy,,Wkdy,1-Jul,1-Sep,Hourly,0,0,0,0,0,0,0,0,0.5,0.5,0.5,0.5,0.5,0.5,0.5,0.5,0.5,0.5,0.5,0.5,0.5,0,0,0,From DOE Prototype Buildings
SchoolSecondary BLDG_OCC_SCH_Extend,Occupancy,,Wkdy,1-Jan,30-Jun,Hourly,0,0,0,0,0,0,0,0,0.95,0.95,0.95,0.95,0.95,0.95,0.95,0.95,0.95,0.95,0.95,0.95,0.95,0,0,0,From DOE Prototype Buildings
SchoolSecondary BLDG_OCC_SCH_Extend,Occupancy,,Wknd,1-Jul,1-Sep,Constant,0,,,,,,,,,,,,,,,,,,,,,,,,From DOE Prototype Buildings
SchoolSecondary BLDG_OCC_SCH_Extend,Occupancy,,Wknd,1-Jan,30-Jun,Constant,0,,,,,,,,,,,,,,,,,,,,,,,,From DOE Prototype Buildings
SchoolSecondary BLDG_OCC_SCH_Gym,Occupancy,,Default|WntrDsn,1-Jan,31-Dec,Constant,0,,,,,,,,,,,,,,,,,,,,,,,,From DOE Prototype Buildings
SchoolSecondary BLDG_OCC_SCH_Gym,Occupancy,,SmrDsn,1-Jan,31-Dec,Hourly,0,0,0,0,0,0,0,0,0.35,0.35,0.35,0.35,0.35,0.35,0.35,0.35,0.95,0.95,0.95,0.95,0.95,0,0,0,From DOE Prototype Buildings
SchoolSecondary BLDG_OCC_SCH_Gym,Occupancy,,Wkdy,1-Sep,31-Dec,Hourly,0,0,0,0,0,0,0,0,0.35,0.35,0.35,0.35,0.35,0.35,0.35,0.35,0.95,0.95,0.95,0.95,0.95,0,0,0,From DOE Prototype Buildings
SchoolSecondary BLDG_OCC_SCH_Gym,Occupancy,,Wkdy,1-Jul,1-Sep,Hourly,0,0,0,0,0,0,0,0,0.35,0.35,0.35,0.35,0.35,0.35,0.35,0.35,0.35,0.35,0.35,0.35,0.35,0,0,0,From DOE Prototype Buildings
SchoolSecondary BLDG_OCC_SCH_Gym,Occupancy,,Wkdy,1-Jan,30-Jun,Hourly,0,0,0,0,0,0,0,0,0.35,0.35,0.35,0.35,0.35,0.35,0.35,0.35,0.95,0.95,0.95,0.95,0.95,0,0,0,From DOE Prototype Buildings
SchoolSecondary BLDG_OCC_SCH_Gym,Occupancy,,Wknd,1-Jul,1-Sep,Constant,0,,,,,,,,,,,,,,,,,,,,,,,,From DOE Prototype Buildings
SchoolSecondary BLDG_OCC_SCH_Gym,Occupancy,,Wknd,1-Jan,30-Jun,Constant,0,,,,,,,,,,,,,,,,,,,,,,,,From DOE Prototype Buildings
SchoolSecondary BLDG_OCC_SCH_Offices,Occupancy,,Default|WntrDsn,1-Jan,31-Dec,Constant,0,,,,,,,,,,,,,,,,,,,,,,,,From DOE Prototype Buildings
SchoolSecondary BLDG_OCC_SCH_Offices,Occupancy,,SmrDsn,1-Jan,31-Dec,Hourly,0,0,0,0,0,0,0,0,0.5,0.5,0.5,0.5,0.5,0.5,0.5,0.5,0.5,0.15,0.15,0.15,0.15,0,0,0,From DOE Prototype Buildings
SchoolSecondary BLDG_OCC_SCH_Offices,Occupancy,,Wkdy,1-Sep,31-Dec,Hourly,0,0,0,0,0,0,0,0,0.95,0.95,0.95,0.95,0.95,0.95,0.95,0.95,0.95,0.15,0.15,0.15,0.15,0,0,0,From DOE Prototype Buildings
SchoolSecondary BLDG_OCC_SCH_Offices,Occupancy,,Wkdy,1-Jul,1-Sep,Hourly,0,0,0,0,0,0,0,0,0.5,0.5,0.5,0.5,0.5,0.5,0.5,0.5,0.5,0.15,0.15,0.15,0.15,0,0,0,From DOE Prototype Buildings
SchoolSecondary BLDG_OCC_SCH_Offices,Occupancy,,Wkdy,1-Jan,30-Jun,Hourly,0,0,0,0,0,0,0,0,0.95,0.95,0.95,0.95,0.95,0.95,0.95,0.95,0.95,0.15,0.15,0.15,0.15,0,0,0,From DOE Prototype Buildings
SchoolSecondary BLDG_OCC_SCH_Offices,Occupancy,,Wknd,1-Jul,1-Sep,Constant,0,,,,,,,,,,,,,,,,,,,,,,,,From DOE Prototype Buildings
SchoolSecondary BLDG_OCC_SCH_Offices,Occupancy,,Wknd,1-Jan,30-Jun,Constant,0,,,,,,,,,,,,,,,,,,,,,,,,From DOE Prototype Buildings
SchoolSecondary BLDG_SWH_SCH,Service Water Heating,,Default,1-Jan,31-Dec,Constant,0,,,,,,,,,,,,,,,,,,,,,,,,From DOE Prototype Buildings
SchoolSecondary BLDG_SWH_SCH,Service Water Heating,,Sat,16-Sep,31-Dec,Constant,0,,,,,,,,,,,,,,,,,,,,,,,,From DOE Prototype Buildings
SchoolSecondary BLDG_SWH_SCH,Service Water Heating,,SmrDsn,1-Jan,31-Dec,Hourly,0.05,0.05,0.05,0.05,0.05,0.05,0.05,0.1,0.34,0.6,0.63,0.72,0.79,0.83,0.61,0.65,0.1,0.1,0.19,0.25,0.22,0.22,0.12,0.09,From DOE Prototype Buildings
SchoolSecondary BLDG_SWH_SCH,Service Water Heating,,Sun|Sat,16-Jun,15-Sep,Constant,0,,,,,,,,,,,,,,,,,,,,,,,,From DOE Prototype Buildings
SchoolSecondary BLDG_SWH_SCH,Service Water Heating,,Sun|Sat,1-Jan,15-Jun,Constant,0,,,,,,,,,,,,,,,,,,,,,,,,From DOE Prototype Buildings
SchoolSecondary BLDG_SWH_SCH,Service Water Heating,,Wkdy,16-Sep,31-Dec,Hourly,0,0,0,0,0,0,0,0,0.34,0.6,0.63,0.72,0.79,0.83,0.61,0.65,0.1,0.1,0.19,0.25,0,0,0,0,From DOE Prototype Buildings
SchoolSecondary BLDG_SWH_SCH,Service Water Heating,,Wkdy,16-Jun,15-Sep,Hourly,0,0,0,0,0,0,0,0,0.1,0.1,0.1,0.1,0.1,0.1,0.1,0.1,0.1,0.1,0.19,0.25,0,0,0,0,From DOE Prototype Buildings
SchoolSecondary BLDG_SWH_SCH,Service Water Heating,,Wkdy,1-Jan,15-Jun,Hourly,0,0,0,0,0,0,0,0,0.34,0.6,0.63,0.72,0.79,0.83,0.61,0.65,0.1,0.1,0.19,0.25,0,0,0,0,From DOE Prototype Buildings
SchoolSecondary BLDG_SWH_SCH,Service Water Heating,,WntrDsn,1-Jan,31-Dec,Hourly,0.03,0.03,0.03,0.03,0.03,0.03,0.03,0.03,0.03,0.05,0.05,0.05,0.05,0.03,0.03,0.03,0.03,0.03,0.03,0.03,0.03,0.03,0.03,0.03,From DOE Prototype Buildings
SchoolSecondary Booster Water Inlet Temp Schedule,Unknown,W,Default|WntrDsn|SmrDsn,1-Jan,31-Dec,Constant,60,,,,,,,,,,,,,,,,,,,,,,,,From DOE Prototype Buildings
SchoolSecondary Booster Water Setpoint Temp Schedule,Unknown,W,Default|WntrDsn|SmrDsn,1-Jan,31-Dec,Constant,82.22,,,,,,,,,,,,,,,,,,,,,,,,From DOE Prototype Buildings
SchoolSecondary CLGSETP_SCH_NO_OPTIMUM,Thermostat Setpoint,C,Default|WntrDsn,1-Jan,31-Dec,Constant,29.44,,,,,,,,,,,,,,,,,,,,,,,,From DOE Prototype Buildings
SchoolSecondary CLGSETP_SCH_NO_OPTIMUM,Thermostat Setpoint,C,SmrDsn,1-Jan,31-Dec,Constant,24,,,,,,,,,,,,,,,,,,,,,,,,From DOE Prototype Buildings
SchoolSecondary CLGSETP_SCH_NO_OPTIMUM,Thermostat Setpoint,C,Wkdy,1-Jan,31-Dec,Hourly,29.44,29.44,29.44,29.44,29.44,29.44,24,24,24,24,24,24,24,24,24,24,24,24,24,24,24,29.44,29.44,29.44,From DOE Prototype Buildings
SchoolSecondary CLGSETP_SCH_NO_SETBACK,Thermostat Setpoint,C,Default|SmrDsn,1-Jan,31-Dec,Constant,24,,,,,,,,,,,,,,,,,,,,,,,,From DOE Prototype Buildings
SchoolSecondary CLGSETP_SCH_NO_SETBACK,Thermostat Setpoint,C,WntrDsn,1-Jan,31-Dec,Constant,29.44,,,,,,,,,,,,,,,,,,,,,,,,From DOE Prototype Buildings
SchoolSecondary CLGSETP_SCH_PSZ_AC,Thermostat Setpoint,C,Default|WntrDsn,1-Jan,31-Dec,Constant,29.44,,,,,,,,,,,,,,,,,,,,,,,,From DOE Prototype Buildings
SchoolSecondary CLGSETP_SCH_PSZ_AC,Thermostat Setpoint,C,SmrDsn,1-Jan,31-Dec,Constant,24,,,,,,,,,,,,,,,,,,,,,,,,From DOE Prototype Buildings
SchoolSecondary CLGSETP_SCH_PSZ_AC,Thermostat Setpoint,C,Wkdy,1-Jan,31-Dec,Hourly,29.44,29.44,29.44,29.44,29.44,29.44,24,24,24,24,24,24,24,24,24,24,24,24,24,24,24,29.44,29.44,29.44,From DOE Prototype Buildings
SchoolSecondary CLGSETP_SCH_Setback,Thermostat Setpoint,C,Default|WntrDsn|Wkdy,1-Jan,31-Dec,Constant,29.44,,,,,,,,,,,,,,,,,,,,,,,,From DOE Prototype Buildings
SchoolSecondary CLGSETP_SCH_Setback,Thermostat Setpoint,C,SmrDsn,1-Jan,31-Dec,Constant,24,,,,,,,,,,,,,,,,,,,,,,,,From DOE Prototype Buildings
SchoolSecondary CLGSETP_SCH_YES_OPTIMUM,Thermostat Setpoint,C,Default|WntrDsn,1-Jan,31-Dec,Constant,29.44,,,,,,,,,,,,,,,,,,,,,,,,From DOE Prototype Buildings
SchoolSecondary CLGSETP_SCH_YES_OPTIMUM,Thermostat Setpoint,C,SmrDsn,1-Jan,31-Dec,Constant,24,,,,,,,,,,,,,,,,,,,,,,,,From DOE Prototype Buildings
SchoolSecondary CLGSETP_SCH_YES_OPTIMUM,Thermostat Setpoint,C,Wkdy,1-Jan,31-Dec,Hourly,29.44,29.44,29.44,29.44,29.44,29.44,27.8,25.6,24,24,24,24,24,24,24,24,24,24,24,24,24,29.44,29.44,29.44,From DOE Prototype Buildings
SchoolSecondary CLGSETP_SCH_Yes_Optimum_Original,Thermostat Setpoint,C,Default|WntrDsn,1-Jan,31-Dec,Constant,29.44,,,,,,,,,,,,,,,,,,,,,,,,From DOE Prototype Buildings
SchoolSecondary CLGSETP_SCH_Yes_Optimum_Original,Thermostat Setpoint,C,SmrDsn,1-Jan,31-Dec,Constant,24,,,,,,,,,,,,,,,,,,,,,,,,From DOE Prototype Buildings
SchoolSecondary CLGSETP_SCH_Yes_Optimum_Original,Thermostat Setpoint,C,Wkdy,1-Jan,31-Dec,Hourly,29.44,29.44,29.44,29.44,29.44,29.44,27.8,25.6,24,24,24,24,24,24,24,24,24,24,24,24,24,29.44,29.44,29.44,From DOE Prototype Buildings
SchoolSecondary CLOTHING_SCH,Clothing,W,Default|SmrDsn,1-Jan,31-Dec,Constant,0.6,,,,,,,,,,,,,,,,,,,,,,,,From DOE Prototype Buildings
SchoolSecondary CLOTHING_SCH,Clothing,W,Wknd|Wkdy,1-Oct,31-Dec,Constant,1.1,,,,,,,,,,,,,,,,,,,,,,,,From DOE Prototype Buildings
SchoolSecondary CLOTHING_SCH,Clothing,W,Wknd|Wkdy,1-Jan,30-Apr,Constant,1.1,,,,,,,,,,,,,,,,,,,,,,,,From DOE Prototype Buildings
SchoolSecondary CLOTHING_SCH,Clothing,W,WntrDsn,1-Jan,31-Dec,Constant,1.1,,,,,,,,,,,,,,,,,,,,,,,,From DOE Prototype Buildings
SchoolSecondary CoolingCoilAvailSched,Unknown,W,Default|WntrDsn|SmrDsn,1-Jan,31-Dec,Constant,1,,,,,,,,,,,,,,,,,,,,,,,,From DOE Prototype Buildings
SchoolSecondary CW-Loop-Temp-Schedule,Unknown,C,Default|WntrDsn|SmrDsn,1-Jan,31-Dec,Constant,6.7,,,,,,,,,,,,,,,,,,,,,,,,From DOE Prototype Buildings
SchoolSecondary Dual Zone Control Type Sched,Unknown,,Default|WntrDsn|SmrDsn,1-Jan,31-Dec,Constant,4,,,,,,,,,,,,,,,,,,,,,,,,From DOE Prototype Buildings
SchoolSecondary ELEV_LIGHT_FAN_SCH_24_7,Lighting,,Default|WntrDsn|SmrDsn,1-Jan,31-Dec,Constant,1,,,,,,,,,,,,,,,,,,,,,,,,From DOE Prototype Buildings
SchoolSecondary ELEV_LIGHT_FAN_SCH_ADD_DF,Lighting,,Default|WntrDsn,1-Jan,31-Dec,Constant,0,,,,,,,,,,,,,,,,,,,,,,,,From DOE Prototype Buildings
SchoolSecondary ELEV_LIGHT_FAN_SCH_ADD_DF,Lighting,,SmrDsn,1-Jan,31-Dec,Constant,0.3,,,,,,,,,,,,,,,,,,,,,,,,From DOE Prototype Buildings
SchoolSecondary ELEV_LIGHT_FAN_SCH_ADD_DF,Lighting,,Wkdy,1-Jan,31-Dec,Hourly,0,0,0,0,0,0,0,0,0.3,0.3,0.3,0.3,0.3,0.3,0.3,0.15,0,0,0,0,0,0,0,0,From DOE Prototype Buildings
SchoolSecondary Exterior_Lgt_189_1,Unknown,,Default|WntrDsn|SmrDsn,1-Jan,31-Dec,Constant,0.5,,,,,,,,,,,,,,,,,,,,,,,,From DOE Prototype Buildings
SchoolSecondary Exterior_Lgt_ALWAYS_ON,Unknown,,Default|WntrDsn|SmrDsn,1-Jan,31-Dec,Constant,1,,,,,,,,,,,,,,,,,,,,,,,,From DOE Prototype Buildings
SchoolSecondary Exterior_lighting_schedule_a,Lighting,,Default|WntrDsn|SmrDsn,1-Jan,31-Dec,Hourly,0,0,0,0,0,0,1,1,1,1,1,1,1,1,1,1,1,1,1,1,1,1,1,1,From DOE Prototype Buildings
SchoolSecondary Exterior_lighting_schedule_b,Lighting,,Default|WntrDsn|SmrDsn,1-Jan,31-Dec,Hourly,0.7,0.7,0.7,0.7,0.7,0.7,1,1,1,1,1,1,1,1,1,1,1,1,1,1,1,1,1,1,From DOE Prototype Buildings
SchoolSecondary FAN_SCH,Unknown,W,Default|WntrDsn|SmrDsn,1-Jan,31-Dec,Constant,1,,,,,,,,,,,,,,,,,,,,,,,,From DOE Prototype Buildings
SchoolSecondary Heating-Supply-Air-Temp-Sch,Unknown,C,Default|WntrDsn|SmrDsn,1-Jan,31-Dec,Constant,16,,,,,,,,,,,,,,,,,,,,,,,,From DOE Prototype Buildings
SchoolSecondary Hours_of_operation,Operation,,Default,1-Jan,31-Dec,Constant,0,,,,,,,,,,,,,,,,,,,,,,,,From DOE Prototype Buildings
SchoolSecondary Hours_of_operation,Operation,,WntrDsn|SmrDsn|Wkdy,1-Jan,31-Dec,Hourly,0,0,0,0,0,0,0,1,1,1,1,1,1,1,1,1,1,1,1,1,1,0,0,0,From DOE Prototype Buildings
SchoolSecondary HTGSETP_SCH_NO_OPTIMUM,Thermostat Setpoint,C,Default|SmrDsn,1-Jan,31-Dec,Constant,15.6,,,,,,,,,,,,,,,,,,,,,,,,From DOE Prototype Buildings
SchoolSecondary HTGSETP_SCH_NO_OPTIMUM,Thermostat Setpoint,C,Wkdy,1-Jan,31-Dec,Hourly,15.6,15.6,15.6,15.6,15.6,15.6,21,21,21,21,21,21,21,21,21,21,21,21,21,21,21,15.6,15.6,15.6,From DOE Prototype Buildings
SchoolSecondary HTGSETP_SCH_NO_OPTIMUM,Thermostat Setpoint,C,WntrDsn,1-Jan,31-Dec,Constant,21,,,,,,,,,,,,,,,,,,,,,,,,From DOE Prototype Buildings
SchoolSecondary HTGSETP_SCH_PSZ_AC,Thermostat Setpoint,C,Default|SmrDsn,1-Jan,31-Dec,Constant,15.6,,,,,,,,,,,,,,,,,,,,,,,,From DOE Prototype Buildings
SchoolSecondary HTGSETP_SCH_PSZ_AC,Thermostat Setpoint,C,Wkdy,1-Jan,31-Dec,Hourly,15.6,15.6,15.6,15.6,15.6,15.6,21,21,21,21,21,21,21,21,21,21,21,21,21,21,21,15.6,15.6,15.6,From DOE Prototype Buildings
SchoolSecondary HTGSETP_SCH_PSZ_AC,Thermostat Setpoint,C,WntrDsn,1-Jan,31-Dec,Constant,21,,,,,,,,,,,,,,,,,,,,,,,,From DOE Prototype Buildings
SchoolSecondary HTGSETP_SCH_Setback,Thermostat Setpoint,C,Default|SmrDsn|Wkdy,1-Jan,31-Dec,Constant,15.6,,,,,,,,,,,,,,,,,,,,,,,,From DOE Prototype Buildings
SchoolSecondary HTGSETP_SCH_Setback,Thermostat Setpoint,C,WntrDsn,1-Jan,31-Dec,Constant,21,,,,,,,,,,,,,,,,,,,,,,,,From DOE Prototype Buildings
SchoolSecondary HTGSETP_SCH_YES_OPTIMUM,Thermostat Setpoint,C,Default|SmrDsn,1-Jan,31-Dec,Constant,15.6,,,,,,,,,,,,,,,,,,,,,,,,From DOE Prototype Buildings
SchoolSecondary HTGSETP_SCH_YES_OPTIMUM,Thermostat Setpoint,C,Wkdy,1-Jan,31-Dec,Hourly,15.6,15.6,15.6,15.6,15.6,15.6,17.8,20,21,21,21,21,21,21,21,21,21,21,21,21,21,15.6,15.6,15.6,From DOE Prototype Buildings
SchoolSecondary HTGSETP_SCH_YES_OPTIMUM,Thermostat Setpoint,C,WntrDsn,1-Jan,31-Dec,Constant,21,,,,,,,,,,,,,,,,,,,,,,,,From DOE Prototype Buildings
SchoolSecondary HTGSETP_SCH_Yes_Optimum_Original,Thermostat Setpoint,C,Default|SmrDsn,1-Jan,31-Dec,Constant,15.6,,,,,,,,,,,,,,,,,,,,,,,,From DOE Prototype Buildings
SchoolSecondary HTGSETP_SCH_Yes_Optimum_Original,Thermostat Setpoint,C,Wkdy,1-Jan,31-Dec,Hourly,15.6,15.6,15.6,15.6,15.6,15.6,17.8,20,21,21,21,21,21,21,21,21,21,21,21,21,21,15.6,15.6,15.6,From DOE Prototype Buildings
SchoolSecondary HTGSETP_SCH_Yes_Optimum_Original,Thermostat Setpoint,C,WntrDsn,1-Jan,31-Dec,Constant,21,,,,,,,,,,,,,,,,,,,,,,,,From DOE Prototype Buildings
SchoolSecondary Humidity Setpoint Schedule,Unknown,,Default|WntrDsn|SmrDsn,1-Jan,31-Dec,Constant,65,,,,,,,,,,,,,,,,,,,,,,,,From DOE Prototype Buildings
SchoolSecondary HVACOperationSchd,Operation,,Default,1-Jan,31-Dec,Constant,0,,,,,,,,,,,,,,,,,,,,,,,,From DOE Prototype Buildings
SchoolSecondary HVACOperationSchd,Operation,,WntrDsn|SmrDsn|Wkdy,1-Jan,31-Dec,Hourly,0,0,0,0,0,0,0,1,1,1,1,1,1,1,1,1,1,1,1,1,1,0,0,0,From DOE Prototype Buildings
SchoolSecondary HW-Loop-Temp-Schedule,Unknown,C,Default|WntrDsn|SmrDsn,1-Jan,31-Dec,Constant,82,,,,,,,,,,,,,,,,,,,,,,,,From DOE Prototype Buildings
SchoolSecondary INFIL_Door_Opening_SCH,Infiltration,,Default|WntrDsn|SmrDsn,1-Jan,31-Dec,Constant,0,,,,,,,,,,,,,,,,,,,,,,,,From DOE Prototype Buildings
SchoolSecondary INFIL_Door_Opening_SCH,Infiltration,,Wkdy,1-Jan,31-Dec,Hourly,0,0,0,0,0,0,0,1,0.144,0.144,0.144,0.144,0.144,0.144,0.144,1,1,0.144,0.144,0,0,0,0,0,From DOE Prototype Buildings
SchoolSecondary INFIL_SCH,Infiltration,,Default|WntrDsn|SmrDsn,1-Jan,31-Dec,Hourly,1,1,1,1,1,1,1,0.25,0.25,0.25,0.25,0.25,0.25,0.25,0.25,0.25,0.25,0.25,0.25,0.25,0.25,1,1,1,From DOE Prototype Buildings
SchoolSecondary INFIL_SCH_PNNL,Infiltration,,Default|WntrDsn,1-Jan,31-Dec,Constant,1,,,,,,,,,,,,,,,,,,,,,,,,From DOE Prototype Buildings
SchoolSecondary INFIL_SCH_PNNL,Infiltration,,SmrDsn|Wkdy,1-Jan,31-Dec,Hourly,1,1,1,1,1,1,1,0.25,0.25,0.25,0.25,0.25,0.25,0.25,0.25,0.25,0.25,0.25,0.25,0.25,0.25,1,1,1,From DOE Prototype Buildings
SchoolSecondary Kitchen Exhaust Fan Balanced Exhaust Fraction Schedule,Equipment,,Default,1-Jan,31-Dec,Constant,0,,,,,,,,,,,,,,,,,,,,,,,,From DOE Prototype Buildings
SchoolSecondary Kitchen Exhaust Fan Balanced Exhaust Fraction Schedule,Equipment,,Wkdy,1-Sep,31-Dec,Hourly,0,0,0,0,0,0,0,0,0.746296296,0.746296296,0.746296296,0.746296296,0.746296296,0.746296296,0.746296296,0.746296296,0.746296296,0.746296296,0.746296296,0.746296296,0.746296296,0,0,0,From DOE Prototype Buildings
SchoolSecondary Kitchen Exhaust Fan Balanced Exhaust Fraction Schedule,Equipment,,Wkdy,1-Jul,1-Sep,Hourly,0,0,0,0,0,0,0,0,0.746296296,0.746296296,0.746296296,0.746296296,0.746296296,0.746296296,0.746296296,0.746296296,0.746296296,0.746296296,0.746296296,0.746296296,0.746296296,0,0,0,From DOE Prototype Buildings
SchoolSecondary Kitchen Exhaust Fan Balanced Exhaust Fraction Schedule,Equipment,,Wkdy,1-Jan,30-Jun,Hourly,0,0,0,0,0,0,0,0,0.746296296,0.746296296,0.746296296,0.746296296,0.746296296,0.746296296,0.746296296,0.746296296,0.746296296,0,0,0,0,0,0,0,From DOE Prototype Buildings
SchoolSecondary Kitchen Exhaust Fan Balanced Exhaust Fraction Schedule,Equipment,,Wknd,1-Jul,1-Sep,Constant,0,,,,,,,,,,,,,,,,,,,,,,,,From DOE Prototype Buildings
SchoolSecondary Kitchen Exhaust Fan Balanced Exhaust Fraction Schedule,Equipment,,Wknd,1-Jan,30-Jun,Constant,0,,,,,,,,,,,,,,,,,,,,,,,,From DOE Prototype Buildings
SchoolSecondary Kitchen Exhaust Fan Balanced Exhaust Fraction Schedule,Equipment,,WntrDsn|SmrDsn,1-Jan,31-Dec,Hourly,0,0,0,0,0,0,0,0,0.746296296,0.746296296,0.746296296,0.746296296,0.746296296,0.746296296,0.746296296,0.746296296,0.746296296,0.746296296,0.746296296,0.746296296,0.746296296,0,0,0,From DOE Prototype Buildings
SchoolSecondary KITCHEN_ELEC_EQUIP_SCH,Equipment,,Default|WntrDsn,1-Jan,31-Dec,Constant,0.1,,,,,,,,,,,,,,,,,,,,,,,,From DOE Prototype Buildings
SchoolSecondary KITCHEN_ELEC_EQUIP_SCH,Equipment,,SmrDsn,1-Jan,31-Dec,Hourly,0.1,0.1,0.1,0.1,0.1,0.1,0.1,0.1,0.15,0.15,0.25,0.25,0.25,0.15,0.15,0.1,0.1,0.1,0.1,0.1,0.1,0.1,0.1,0.1,From DOE Prototype Buildings
SchoolSecondary KITCHEN_ELEC_EQUIP_SCH,Equipment,,Wkdy,1-Sep,31-Dec,Hourly,0.1,0.1,0.1,0.1,0.1,0.1,0.1,0.1,0.15,0.15,0.25,0.25,0.25,0.15,0.15,0.1,0.1,0.1,0.1,0.1,0.1,0.1,0.1,0.1,From DOE Prototype Buildings
SchoolSecondary KITCHEN_ELEC_EQUIP_SCH,Equipment,,Wkdy,1-Jul,1-Sep,Hourly,0.1,0.1,0.1,0.1,0.1,0.1,0.1,0.1,0.15,0.15,0.25,0.25,0.25,0.15,0.15,0.1,0.1,0.1,0.1,0.1,0.1,0.1,0.1,0.1,From DOE Prototype Buildings
SchoolSecondary KITCHEN_ELEC_EQUIP_SCH,Equipment,,Wkdy,1-Jan,30-Jun,Hourly,0.1,0.1,0.1,0.1,0.1,0.1,0.1,0.1,0.15,0.15,0.25,0.25,0.25,0.15,0.15,0.1,0.1,0.1,0.1,0.1,0.1,0.1,0.1,0.1,From DOE Prototype Buildings
SchoolSecondary KITCHEN_ELEC_EQUIP_SCH,Equipment,,Wknd,1-Jul,1-Sep,Constant,0.1,,,,,,,,,,,,,,,,,,,,,,,,From DOE Prototype Buildings
SchoolSecondary KITCHEN_ELEC_EQUIP_SCH,Equipment,,Wknd,1-Jan,30-Jun,Constant,0.1,,,,,,,,,,,,,,,,,,,,,,,,From DOE Prototype Buildings
SchoolSecondary Kitchen_Exhaust_SCH,Equipment,,Default,1-Jan,31-Dec,Constant,0,,,,,,,,,,,,,,,,,,,,,,,,From DOE Prototype Buildings
SchoolSecondary Kitchen_Exhaust_SCH,Equipment,,Wkdy,1-Sep,31-Dec,Hourly,0,0,0,0,0,0,0,0,1,1,1,1,1,1,1,1,1,1,1,1,1,0,0,0,From DOE Prototype Buildings
SchoolSecondary Kitchen_Exhaust_SCH,Equipment,,Wkdy,1-Jul,1-Sep,Hourly,0,0,0,0,0,0,0,0,1,1,1,1,1,1,1,1,1,1,1,1,1,0,0,0,From DOE Prototype Buildings
SchoolSecondary Kitchen_Exhaust_SCH,Equipment,,Wkdy,1-Jan,30-Jun,Hourly,0,0,0,0,0,0,0,0,1,1,1,1,1,1,1,1,1,0,0,0,0,0,0,0,From DOE Prototype Buildings
SchoolSecondary Kitchen_Exhaust_SCH,Equipment,,Wknd,1-Jul,1-Sep,Constant,0,,,,,,,,,,,,,,,,,,,,,,,,From DOE Prototype Buildings
SchoolSecondary Kitchen_Exhaust_SCH,Equipment,,Wknd,1-Jan,30-Jun,Constant,0,,,,,,,,,,,,,,,,,,,,,,,,From DOE Prototype Buildings
SchoolSecondary Kitchen_Exhaust_SCH,Equipment,,WntrDsn|SmrDsn,1-Jan,31-Dec,Hourly,0,0,0,0,0,0,0,0,1,1,1,1,1,1,1,1,1,1,1,1,1,0,0,0,From DOE Prototype Buildings
SchoolSecondary Kitchen_Exhaust_SCH_DCV,Equipment,,Default|WntrDsn|SmrDsn,1-Jan,31-Dec,Constant,1,,,,,,,,,,,,,,,,,,,,,,,,From DOE Prototype Buildings
SchoolSecondary KITCHEN_GAS_EQUIP_SCH,Equipment,,Default|WntrDsn,1-Jan,31-Dec,Constant,0.02,,,,,,,,,,,,,,,,,,,,,,,,From DOE Prototype Buildings
SchoolSecondary KITCHEN_GAS_EQUIP_SCH,Equipment,,SmrDsn,1-Jan,31-Dec,Hourly,0.02,0.02,0.02,0.02,0.02,0.02,0.02,0.02,0.15,0.15,0.2,0.2,0.2,0.1,0.1,0.02,0.02,0.02,0.02,0.02,0.02,0.02,0.02,0.02,From DOE Prototype Buildings
SchoolSecondary KITCHEN_GAS_EQUIP_SCH,Equipment,,Wkdy,1-Sep,31-Dec,Hourly,0.02,0.02,0.02,0.02,0.02,0.02,0.02,0.02,0.15,0.15,0.2,0.2,0.2,0.1,0.1,0.02,0.02,0.02,0.02,0.02,0.02,0.02,0.02,0.02,From DOE Prototype Buildings
SchoolSecondary KITCHEN_GAS_EQUIP_SCH,Equipment,,Wkdy,1-Jul,1-Sep,Hourly,0.02,0.02,0.02,0.02,0.02,0.02,0.02,0.02,0.15,0.15,0.2,0.2,0.2,0.1,0.1,0.02,0.02,0.02,0.02,0.02,0.02,0.02,0.02,0.02,From DOE Prototype Buildings
SchoolSecondary KITCHEN_GAS_EQUIP_SCH,Equipment,,Wkdy,1-Jan,30-Jun,Hourly,0.02,0.02,0.02,0.02,0.02,0.02,0.02,0.02,0.15,0.15,0.2,0.2,0.2,0.1,0.1,0.02,0.02,0.02,0.02,0.02,0.02,0.02,0.02,0.02,From DOE Prototype Buildings
SchoolSecondary KITCHEN_GAS_EQUIP_SCH,Equipment,,Wknd,1-Jul,1-Sep,Constant,0.02,,,,,,,,,,,,,,,,,,,,,,,,From DOE Prototype Buildings
SchoolSecondary KITCHEN_GAS_EQUIP_SCH,Equipment,,Wknd,1-Jan,30-Jun,Constant,0.02,,,,,,,,,,,,,,,,,,,,,,,,From DOE Prototype Buildings
SchoolSecondary Kitchen_ZN_1_FLR_1 SHW_default Hot Supply Temp Sched,Equipment,C,Default|WntrDsn|SmrDsn,1-Jan,31-Dec,Constant,55,,,,,,,,,,,,,,,,,,,,,,,,From DOE Prototype Buildings
SchoolSecondary Kitchen_ZN_1_FLR_1 SHW_default Latent fract sched,Equipment,,Default|WntrDsn|SmrDsn,1-Jan,31-Dec,Constant,0.05,,,,,,,,,,,,,,,,,,,,,,,,From DOE Prototype Buildings
SchoolSecondary Kitchen_ZN_1_FLR_1 SHW_default Sensible fract sched,Equipment,,Default|WntrDsn|SmrDsn,1-Jan,31-Dec,Constant,0.2,,,,,,,,,,,,,,,,,,,,,,,,From DOE Prototype Buildings
SchoolSecondary Kitchen_ZN_1_FLR_1 SHW_default Temp Sched,Equipment,C,Default|WntrDsn|SmrDsn,1-Jan,31-Dec,Constant,60,,,,,,,,,,,,,,,,,,,,,,,,From DOE Prototype Buildings
SchoolSecondary Kitchen_ZN_1_FLR_1_Case:1_WALKINFREEZER_WalkInStockingSched,Equipment,W,Default,1-Jan,31-Dec,Hourly,0,0,0,0,725,417,290,0,0,0,0,0,0,0,0,0,0,0,0,0,0,0,0,0,From DOE Prototype Buildings
SchoolSecondary Kitchen_ZN_1_FLR_1_Case:1_WALKINFREEZER_WalkInStockingSched,Equipment,W,WntrDsn|SmrDsn|Wknd|Mon|Wed|Thu,1-Jan,31-Dec,Hourly,0,0,0,0,125,117,90,0,0,0,0,0,0,0,0,0,0,0,0,125,117,90,0,0,From DOE Prototype Buildings
SchoolSecondary Kitchen_ZN_1_FLR_1_Case:2_SELFCONTAINEDDISPLAYCASE_CaseStockingSched,Equipment,W,Default|WntrDsn|SmrDsn,1-Jan,31-Dec,Constant,0,,,,,,,,,,,,,,,,,,,,,,,,From DOE Prototype Buildings
SchoolSecondary MinOA_MotorizedDamper_Sched,OA Air,,Default,1-Jan,31-Dec,Constant,0,,,,,,,,,,,,,,,,,,,,,,,,From DOE Prototype Buildings
SchoolSecondary MinOA_MotorizedDamper_Sched,OA Air,,WntrDsn|SmrDsn|Wkdy,1-Jan,31-Dec,Hourly,0,0,0,0,0,0,0,0,1,1,1,1,1,1,1,1,1,1,1,1,1,0,0,0,From DOE Prototype Buildings
SchoolSecondary MinOA_Sched,OA Air,,Default|WntrDsn|SmrDsn|Wkdy,1-Jan,31-Dec,Constant,1,,,,,,,,,,,,,,,,,,,,,,,,From DOE Prototype Buildings
SchoolSecondary PlantOnSched,Unknown,W,Default|WntrDsn|SmrDsn,1-Jan,31-Dec,Constant,1,,,,,,,,,,,,,,,,,,,,,,,,From DOE Prototype Buildings
SchoolSecondary ReheatCoilAvailSched,Unknown,W,Default|WntrDsn|SmrDsn,1-Jan,31-Dec,Constant,1,,,,,,,,,,,,,,,,,,,,,,,,From DOE Prototype Buildings
SchoolSecondary Seasonal-Reset-Supply-Air-Temp-Sch,Unknown,C,Default|WntrDsn|SmrDsn,1-Jan,31-Dec,Constant,13,,,,,,,,,,,,,,,,,,,,,,,,From DOE Prototype Buildings
SchoolSecondary Seasonal-Reset-Supply-Air-Temp-Sch,Unknown,C,Wknd|Wkdy,1-Oct,31-Dec,Constant,13,,,,,,,,,,,,,,,,,,,,,,,,From DOE Prototype Buildings
SchoolSecondary Seasonal-Reset-Supply-Air-Temp-Sch,Unknown,C,Wknd|Wkdy,1-Jan,31-Mar,Constant,13,,,,,,,,,,,,,,,,,,,,,,,,From DOE Prototype Buildings
SchoolSecondary SHADING_SCH,Unknown,W,Default|WntrDsn|SmrDsn,1-Jan,31-Dec,Constant,0,,,,,,,,,,,,,,,,,,,,,,,,From DOE Prototype Buildings
SchoolSecondary SHWSys1 Water Heater Ambient Temperature Schedule Name,Service Water Heating,C,Default|WntrDsn|SmrDsn,1-Jan,31-Dec,Constant,22,,,,,,,,,,,,,,,,,,,,,,,,From DOE Prototype Buildings
SchoolSecondary SHWSys1 Water Heater Setpoint Temperature Schedule Name,Service Water Heating,C,Default|WntrDsn|SmrDsn,1-Jan,31-Dec,Constant,60,,,,,,,,,,,,,,,,,,,,,,,,From DOE Prototype Buildings
SchoolSecondary SHWSys1-Loop-Temp-Schedule,Service Water Heating,C,Default|WntrDsn|SmrDsn,1-Jan,31-Dec,Constant,60,,,,,,,,,,,,,,,,,,,,,,,,From DOE Prototype Buildings
SchoolSecondary VAV-Supply-Air-Temp-Sch,Unknown,C,Default|WntrDsn|SmrDsn,1-Jan,31-Dec,Constant,12.8,,,,,,,,,,,,,,,,,,,,,,,,From DOE Prototype Buildings
SchoolSecondary walkin_occ_lght_SCH,Occupancy,,Default,1-Jan,31-Dec,Constant,0.1773,,,,,,,,,,,,,,,,,,,,,,,,From DOE Prototype Buildings
SchoolSecondary walkin_occ_lght_SCH,Occupancy,,SmrDsn,1-Jan,31-Dec,Constant,1,,,,,,,,,,,,,,,,,,,,,,,,From DOE Prototype Buildings
SchoolSecondary walkin_occ_lght_SCH,Occupancy,,Wkdy,1-Sep,31-Dec,Hourly,0.1773,0.1773,0.1773,0.1773,0.1773,0.1773,0.1773,0.468,0.468,0.468,0.468,0.468,0.468,0.468,0.468,0.468,0.468,0.468,0.468,0.468,0.468,0.1773,0.1773,0.1773,From DOE Prototype Buildings
SchoolSecondary walkin_occ_lght_SCH,Occupancy,,Wkdy,1-Jul,1-Sep,Hourly,0.1773,0.1773,0.1773,0.1773,0.1773,0.1773,0.1773,0.1773,0.26,0.26,0.26,0.26,0.26,0.26,0.26,0.26,0.26,0.26,0.26,0.26,0.1773,0.1773,0.1773,0.1773,From DOE Prototype Buildings
SchoolSecondary walkin_occ_lght_SCH,Occupancy,,Wkdy,1-Jan,30-Jun,Hourly,0.1773,0.1773,0.1773,0.1773,0.1773,0.1773,0.1773,0.468,0.468,0.468,0.468,0.468,0.468,0.468,0.468,0.468,0.468,0.468,0.468,0.468,0.468,0.1773,0.1773,0.1773,From DOE Prototype Buildings
SchoolSecondary walkin_occ_lght_SCH,Occupancy,,Wknd,1-Jul,1-Sep,Constant,0.1773,,,,,,,,,,,,,,,,,,,,,,,,From DOE Prototype Buildings
SchoolSecondary walkin_occ_lght_SCH,Occupancy,,Wknd,1-Jan,30-Jun,Constant,0.1773,,,,,,,,,,,,,,,,,,,,,,,,From DOE Prototype Buildings
SchoolSecondary walkin_occ_lght_SCH,Occupancy,,WntrDsn,1-Jan,31-Dec,Constant,0,,,,,,,,,,,,,,,,,,,,,,,,From DOE Prototype Buildings
SchoolSecondary WORK_EFF_SCH,Unknown,,Default|WntrDsn|SmrDsn,1-Jan,31-Dec,Constant,0,,,,,,,,,,,,,,,,,,,,,,,,From DOE Prototype Buildings
SecondarySchool Auditorium Occ,Occupancy,,Default|SmrDsn,1-Jan,31-Dec,Hourly,0,0,0,0,0,0,0,0,0.25,0.25,0.25,0.25,0.25,0.25,0.25,0.95,0.95,0.1,0.1,0.1,0,0,0,0,From DOE Reference Buildings 
SecondarySchool Auditorium Occ,Occupancy,,Wkdy,1-Sep,31-Dec,Hourly,0,0,0,0,0,0,0,0,0.25,0.25,0.25,0.25,0.25,0.25,0.25,0.95,0.95,0.1,0.1,0.1,0,0,0,0,From DOE Reference Buildings 
SecondarySchool Auditorium Occ,Occupancy,,Wkdy,1-Jul,1-Sep,Hourly,0,0,0,0,0,0,0,0,0.15,0.15,0.15,0.15,0.15,0.15,0.15,0.15,0.15,0.35,0.35,0,0,0,0,0,From DOE Reference Buildings 
SecondarySchool Auditorium Occ,Occupancy,,Wknd,1-Sep,31-Dec,Constant,0,,,,,,,,,,,,,,,,,,,,,,,,From DOE Reference Buildings 
SecondarySchool Auditorium Occ,Occupancy,,Wknd,1-Jul,1-Sep,Constant,0,,,,,,,,,,,,,,,,,,,,,,,,From DOE Reference Buildings 
SecondarySchool Auditorium Occ,Occupancy,,Wknd,1-Jan,30-Jun,Constant,0,,,,,,,,,,,,,,,,,,,,,,,,From DOE Reference Buildings 
SecondarySchool Auditorium Occ,Occupancy,,WntrDsn,1-Jan,31-Dec,Constant,0,,,,,,,,,,,,,,,,,,,,,,,,From DOE Reference Buildings 
SecondarySchool BLDG ELEVATORS,Elevator,,Default|SmrDsn,1-Jan,31-Dec,Hourly,0,0,0,0,0,0,0,0,0.3,0.3,0.3,0.3,0.3,0.3,0.3,0.15,0,0,0,0,0,0,0,0,From DOE Reference Buildings 
SecondarySchool BLDG ELEVATORS,Elevator,,WntrDsn|Wknd,1-Jan,31-Dec,Constant,0,,,,,,,,,,,,,,,,,,,,,,,,From DOE Reference Buildings 
SecondarySchool Bldg Equip,Equipment,,Default|SmrDsn,1-Jan,31-Dec,Hourly,0.35,0.35,0.35,0.35,0.35,0.35,0.35,0.35,0.95,0.95,0.95,0.95,0.95,0.95,0.95,0.95,0.95,0.35,0.35,0.35,0.35,0.35,0.35,0.35,From DOE Reference Buildings 
SecondarySchool Bldg Equip,Equipment,,Wkdy,1-Sep,31-Dec,Hourly,0.35,0.35,0.35,0.35,0.35,0.35,0.35,0.35,0.95,0.95,0.95,0.95,0.95,0.95,0.95,0.95,0.95,0.35,0.35,0.35,0.35,0.35,0.35,0.35,From DOE Reference Buildings 
SecondarySchool Bldg Equip,Equipment,,Wkdy,1-Jul,1-Sep,Hourly,0.25,0.25,0.25,0.25,0.25,0.25,0.25,0.25,0.5,0.5,0.5,0.5,0.5,0.5,0.5,0.5,0.5,0.25,0.25,0.25,0.25,0.25,0.25,0.25,From DOE Reference Buildings 
SecondarySchool Bldg Equip,Equipment,,Wknd,1-Sep,31-Dec,Constant,0.35,,,,,,,,,,,,,,,,,,,,,,,,From DOE Reference Buildings 
SecondarySchool Bldg Equip,Equipment,,Wknd,1-Jul,1-Sep,Constant,0.25,,,,,,,,,,,,,,,,,,,,,,,,From DOE Reference Buildings 
SecondarySchool Bldg Equip,Equipment,,Wknd,1-Jan,30-Jun,Constant,0.35,,,,,,,,,,,,,,,,,,,,,,,,From DOE Reference Buildings 
SecondarySchool Bldg Equip,Equipment,,WntrDsn,1-Jan,31-Dec,Constant,0.35,,,,,,,,,,,,,,,,,,,,,,,,From DOE Reference Buildings 
SecondarySchool Bldg Light,Lighting,,Default|SmrDsn,1-Jan,31-Dec,Hourly,0.1773,0.1773,0.1773,0.1773,0.1773,0.1773,0.1773,0.9,0.9,0.9,0.9,0.9,0.9,0.9,0.9,0.9,0.9,0.9,0.9,0.9,0.9,0.1773,0.1773,0.1773,From DOE Reference Buildings 
SecondarySchool Bldg Light,Lighting,,Wkdy,1-Sep,31-Dec,Hourly,0.1773,0.1773,0.1773,0.1773,0.1773,0.1773,0.1773,0.9,0.9,0.9,0.9,0.9,0.9,0.9,0.9,0.9,0.9,0.9,0.9,0.9,0.9,0.1773,0.1773,0.1773,From DOE Reference Buildings 
SecondarySchool Bldg Light,Lighting,,Wkdy,1-Jul,1-Sep,Hourly,0.1773,0.1773,0.1773,0.1773,0.1773,0.1773,0.1773,0.1773,0.5,0.5,0.5,0.5,0.5,0.5,0.5,0.5,0.5,0.5,0.5,0.5,0.1773,0.1773,0.1773,0.1773,From DOE Reference Buildings 
SecondarySchool Bldg Light,Lighting,,Wknd,1-Sep,31-Dec,Constant,0.1773,,,,,,,,,,,,,,,,,,,,,,,,From DOE Reference Buildings 
SecondarySchool Bldg Light,Lighting,,Wknd,1-Jul,1-Sep,Constant,0.1773,,,,,,,,,,,,,,,,,,,,,,,,From DOE Reference Buildings 
SecondarySchool Bldg Light,Lighting,,Wknd,1-Jan,30-Jun,Constant,0.1773,,,,,,,,,,,,,,,,,,,,,,,,From DOE Reference Buildings 
SecondarySchool Bldg Light,Lighting,,WntrDsn,1-Jan,31-Dec,Constant,0.1773,,,,,,,,,,,,,,,,,,,,,,,,From DOE Reference Buildings 
SecondarySchool Bldg Occ,Occupancy,,Default|SmrDsn,1-Jan,31-Dec,Hourly,0,0,0,0,0,0,0,0,0.7,0.7,0.7,0.7,0.7,0.7,0.7,0.7,0.15,0.15,0.15,0.15,0.15,0,0,0,From DOE Reference Buildings 
SecondarySchool Bldg Occ,Occupancy,,Wkdy,1-Sep,31-Dec,Hourly,0,0,0,0,0,0,0,0,0.7,0.7,0.7,0.7,0.7,0.7,0.7,0.7,0.15,0.15,0.15,0.15,0.15,0,0,0,From DOE Reference Buildings 
SecondarySchool Bldg Occ,Occupancy,,Wkdy,1-Jul,1-Sep,Hourly,0,0,0,0,0,0,0,0,0.15,0.15,0.15,0.15,0.15,0.15,0.15,0.15,0.15,0.15,0.15,0.15,0.15,0,0,0,From DOE Reference Buildings 
SecondarySchool Bldg Occ,Occupancy,,Wknd,1-Sep,31-Dec,Constant,0,,,,,,,,,,,,,,,,,,,,,,,,From DOE Reference Buildings 
SecondarySchool Bldg Occ,Occupancy,,Wknd,1-Jul,1-Sep,Constant,0,,,,,,,,,,,,,,,,,,,,,,,,From DOE Reference Buildings 
SecondarySchool Bldg Occ,Occupancy,,Wknd,1-Jan,30-Jun,Constant,0,,,,,,,,,,,,,,,,,,,,,,,,From DOE Reference Buildings 
SecondarySchool Bldg Occ,Occupancy,,WntrDsn,1-Jan,31-Dec,Constant,0,,,,,,,,,,,,,,,,,,,,,,,,From DOE Reference Buildings 
SecondarySchool Cafeteria Bldg Occ,Occupancy,,Default|SmrDsn,1-Jan,31-Dec,Hourly,0,0,0,0,0,0,0,0.15,0.15,0.05,0.05,0.95,0.95,0.15,0.15,0,0,0,0,0,0,0,0,0,From DOE Reference Buildings 
SecondarySchool Cafeteria Bldg Occ,Occupancy,,Wkdy,1-Sep,31-Dec,Hourly,0,0,0,0,0,0,0,0.15,0.15,0.05,0.05,0.95,0.95,0.15,0.15,0,0,0,0,0,0,0,0,0,From DOE Reference Buildings 
SecondarySchool Cafeteria Bldg Occ,Occupancy,,Wkdy,1-Jul,1-Sep,Hourly,0,0,0,0,0,0,0,0,0,0.25,0.25,0.25,0.25,0.25,0.25,0,0,0,0,0,0,0,0,0,From DOE Reference Buildings 
SecondarySchool Cafeteria Bldg Occ,Occupancy,,Wknd,1-Sep,31-Dec,Constant,0,,,,,,,,,,,,,,,,,,,,,,,,From DOE Reference Buildings 
SecondarySchool Cafeteria Bldg Occ,Occupancy,,Wknd,1-Jul,1-Sep,Constant,0,,,,,,,,,,,,,,,,,,,,,,,,From DOE Reference Buildings 
SecondarySchool Cafeteria Bldg Occ,Occupancy,,Wknd,1-Jan,30-Jun,Constant,0,,,,,,,,,,,,,,,,,,,,,,,,From DOE Reference Buildings 
SecondarySchool Cafeteria Bldg Occ,Occupancy,,WntrDsn,1-Jan,31-Dec,Constant,0,,,,,,,,,,,,,,,,,,,,,,,,From DOE Reference Buildings 
SecondarySchool ClgSetp,Thermostat Setpoint,C,Default,1-Jan,31-Dec,Hourly,27,27,27,27,27,27,24,24,24,24,24,24,24,24,24,24,24,24,24,24,24,27,27,27,From DOE Reference Buildings 
SecondarySchool ClgSetp,Thermostat Setpoint,C,SmrDsn,1-Jan,31-Dec,Constant,24,,,,,,,,,,,,,,,,,,,,,,,,From DOE Reference Buildings 
SecondarySchool ClgSetp,Thermostat Setpoint,C,Wknd|Wkdy,1-Sep,31-Dec,Hourly,27,27,27,27,27,27,24,24,24,24,24,24,24,24,24,24,24,24,24,24,24,27,27,27,From DOE Reference Buildings 
SecondarySchool ClgSetp,Thermostat Setpoint,C,Wknd|Wkdy,1-Jul,1-Sep,Hourly,27,27,27,27,27,27,27,24,24,24,24,24,24,24,24,24,24,24,27,27,27,27,27,27,From DOE Reference Buildings 
SecondarySchool ClgSetp,Thermostat Setpoint,C,WntrDsn,1-Jan,31-Dec,Constant,27,,,,,,,,,,,,,,,,,,,,,,,,From DOE Reference Buildings 
SecondarySchool ClgSetp BathCorrMechKitchen,Thermostat Setpoint,C,Default|WntrDsn,1-Jan,31-Dec,Constant,27,,,,,,,,,,,,,,,,,,,,,,,,From DOE Reference Buildings 
SecondarySchool ClgSetp BathCorrMechKitchen,Thermostat Setpoint,C,SmrDsn,1-Jan,31-Dec,Hourly,27,27,27,27,27,27,24,24,24,24,24,24,24,24,24,24,24,24,24,24,24,27,27,27,From DOE Reference Buildings 
SecondarySchool Clothing,Clothing,,Default|WntrDsn,1-Jan,31-Dec,Constant,1.1,,,,,,,,,,,,,,,,,,,,,,,,From DOE Reference Buildings 
SecondarySchool Clothing,Clothing,,SmrDsn,1-Jan,31-Dec,Constant,0.6,,,,,,,,,,,,,,,,,,,,,,,,From DOE Reference Buildings 
SecondarySchool Clothing,Clothing,,Wknd|Wkdy,1-Oct,31-Dec,Constant,1.1,,,,,,,,,,,,,,,,,,,,,,,,From DOE Reference Buildings 
SecondarySchool Clothing,Clothing,,Wknd|Wkdy,1-May,30-Sep,Constant,0.6,,,,,,,,,,,,,,,,,,,,,,,,From DOE Reference Buildings 
SecondarySchool Extend Bldg Occ,Occupancy,,Default|SmrDsn,1-Jan,31-Dec,Hourly,0,0,0,0,0,0,0,0,0.7,0.7,0.7,0.7,0.7,0.7,0.7,0.7,0.7,0.7,0.7,0.7,0.7,0,0,0,From DOE Reference Buildings 
SecondarySchool Extend Bldg Occ,Occupancy,,Wkdy,1-Sep,31-Dec,Hourly,0,0,0,0,0,0,0,0,0.7,0.7,0.7,0.7,0.7,0.7,0.7,0.7,0.7,0.7,0.7,0.7,0.7,0,0,0,From DOE Reference Buildings 
SecondarySchool Extend Bldg Occ,Occupancy,,Wkdy,1-Jul,1-Sep,Hourly,0,0,0,0,0,0,0,0,0.5,0.5,0.5,0.5,0.5,0.5,0.5,0.5,0.5,0.5,0.5,0.5,0.5,0,0,0,From DOE Reference Buildings 
SecondarySchool Extend Bldg Occ,Occupancy,,Wknd,1-Sep,31-Dec,Constant,0,,,,,,,,,,,,,,,,,,,,,,,,From DOE Reference Buildings 
SecondarySchool Extend Bldg Occ,Occupancy,,Wknd,1-Jul,1-Sep,Constant,0,,,,,,,,,,,,,,,,,,,,,,,,From DOE Reference Buildings 
SecondarySchool Extend Bldg Occ,Occupancy,,Wknd,1-Jan,30-Jun,Constant,0,,,,,,,,,,,,,,,,,,,,,,,,From DOE Reference Buildings 
SecondarySchool Extend Bldg Occ,Occupancy,,WntrDsn,1-Jan,31-Dec,Constant,0,,,,,,,,,,,,,,,,,,,,,,,,From DOE Reference Buildings 
SecondarySchool Exterior Lights,Lighting,Dimensionless,Default|WntrDsn|SmrDsn,1-Jan,31-Dec,Hourly,0,0,0,0,0,0,0,1,1,1,1,1,1,1,1,1,1,1,1,1,1,1,1,1,
SecondarySchool Exterior Lights Always On,Lighting,Dimensionless,Default|WntrDsn|SmrDsn,1-Jan,31-Dec,Constant,1,,,,,,,,,,,,,,,,,,,,,,,,
SecondarySchool Gym Occ,Occupancy,,Default|SmrDsn,1-Jan,31-Dec,Hourly,0,0,0,0,0,0,0,0,0.35,0.35,0.35,0.35,0.35,0.35,0.35,0.35,0.95,0.95,0.95,0.95,0.95,0,0,0,From DOE Reference Buildings 
SecondarySchool Gym Occ,Occupancy,,Wkdy,1-Sep,31-Dec,Hourly,0,0,0,0,0,0,0,0,0.35,0.35,0.35,0.35,0.35,0.35,0.35,0.35,0.95,0.95,0.95,0.95,0.95,0,0,0,From DOE Reference Buildings 
SecondarySchool Gym Occ,Occupancy,,Wkdy,1-Jul,1-Sep,Hourly,0,0,0,0,0,0,0,0,0.35,0.35,0.35,0.35,0.35,0.35,0.35,0.35,0.35,0.35,0.35,0.35,0.35,0,0,0,From DOE Reference Buildings 
SecondarySchool Gym Occ,Occupancy,,Wknd,1-Sep,31-Dec,Constant,0,,,,,,,,,,,,,,,,,,,,,,,,From DOE Reference Buildings 
SecondarySchool Gym Occ,Occupancy,,Wknd,1-Jul,1-Sep,Constant,0,,,,,,,,,,,,,,,,,,,,,,,,From DOE Reference Buildings 
SecondarySchool Gym Occ,Occupancy,,Wknd,1-Jan,30-Jun,Constant,0,,,,,,,,,,,,,,,,,,,,,,,,From DOE Reference Buildings 
SecondarySchool Gym Occ,Occupancy,,WntrDsn,1-Jan,31-Dec,Constant,0,,,,,,,,,,,,,,,,,,,,,,,,From DOE Reference Buildings 
SecondarySchool HtgSetp,Thermostat Setpoint,C,Default,1-Jan,31-Dec,Hourly,16,16,16,16,16,16,21,21,21,21,21,21,21,21,21,21,21,21,21,21,21,16,16,16,From DOE Reference Buildings 
SecondarySchool HtgSetp,Thermostat Setpoint,C,SmrDsn,1-Jan,31-Dec,Constant,16,,,,,,,,,,,,,,,,,,,,,,,,From DOE Reference Buildings 
SecondarySchool HtgSetp,Thermostat Setpoint,C,Wknd|Wkdy,1-Sep,31-Dec,Hourly,16,16,16,16,16,16,21,21,21,21,21,21,21,21,21,21,21,21,21,21,21,16,16,16,From DOE Reference Buildings 
SecondarySchool HtgSetp,Thermostat Setpoint,C,Wknd|Wkdy,1-Jul,1-Sep,Hourly,16,16,16,16,16,16,16,21,21,21,21,21,21,21,21,21,21,21,16,16,16,16,16,16,From DOE Reference Buildings 
SecondarySchool HtgSetp,Thermostat Setpoint,C,WntrDsn,1-Jan,31-Dec,Constant,21,,,,,,,,,,,,,,,,,,,,,,,,From DOE Reference Buildings 
SecondarySchool HtgSetp BathCorrMechKitchen,Thermostat Setpoint,C,Default|SmrDsn,1-Jan,31-Dec,Constant,16,,,,,,,,,,,,,,,,,,,,,,,,From DOE Reference Buildings 
SecondarySchool HtgSetp BathCorrMechKitchen,Thermostat Setpoint,C,WntrDsn,1-Jan,31-Dec,Hourly,16,16,16,16,16,16,21,21,21,21,21,21,21,21,21,21,21,21,21,21,21,16,16,16,From DOE Reference Buildings 
SecondarySchool Infil,Infiltration,,Default|WntrDsn|SmrDsn,1-Jan,31-Dec,Hourly,1,1,1,1,1,1,1,0.5,0.5,0.5,0.5,0.5,0.5,0.5,0.5,0.5,0.5,0.5,0.5,0.5,0.5,1,1,1,From DOE Reference Buildings 
SecondarySchool Kitchen Equip,Equipment,,Default|SmrDsn,1-Jan,31-Dec,Hourly,0.1,0.1,0.1,0.1,0.1,0.1,0.1,0.1,0.15,0.15,0.25,0.25,0.25,0.15,0.15,0.1,0.1,0.1,0.1,0.1,0.1,0.1,0.1,0.1,From DOE Reference Buildings 
SecondarySchool Kitchen Equip,Equipment,,Wkdy,1-Sep,31-Dec,Hourly,0.1,0.1,0.1,0.1,0.1,0.1,0.1,0.1,0.15,0.15,0.25,0.25,0.25,0.15,0.15,0.1,0.1,0.1,0.1,0.1,0.1,0.1,0.1,0.1,From DOE Reference Buildings 
SecondarySchool Kitchen Equip,Equipment,,Wkdy,1-Jul,1-Sep,Hourly,0.1,0.1,0.1,0.1,0.1,0.1,0.1,0.1,0.13,0.13,0.2,0.2,0.2,0.13,0.13,0.1,0.1,0.1,0.1,0.1,0.1,0.1,0.1,0.1,From DOE Reference Buildings 
SecondarySchool Kitchen Equip,Equipment,,Wknd,1-Sep,31-Dec,Constant,0.1,,,,,,,,,,,,,,,,,,,,,,,,From DOE Reference Buildings 
SecondarySchool Kitchen Equip,Equipment,,Wknd,1-Jul,1-Sep,Constant,0.1,,,,,,,,,,,,,,,,,,,,,,,,From DOE Reference Buildings 
SecondarySchool Kitchen Equip,Equipment,,Wknd,1-Jan,30-Jun,Constant,0.1,,,,,,,,,,,,,,,,,,,,,,,,From DOE Reference Buildings 
SecondarySchool Kitchen Equip,Equipment,,WntrDsn,1-Jan,31-Dec,Constant,0.1,,,,,,,,,,,,,,,,,,,,,,,,From DOE Reference Buildings 
SecondarySchool Kitchen Exhaust,Equipment,,Default|SmrDsn,1-Jan,31-Dec,Hourly,0,0,0,0,0,0,1,1,1,1,1,1,1,1,1,1,1,1,1,1,1,0,0,0,From DOE Reference Buildings 
SecondarySchool Kitchen Exhaust,Equipment,,WntrDsn|Wknd,1-Jan,31-Dec,Constant,0,,,,,,,,,,,,,,,,,,,,,,,,From DOE Reference Buildings 
SecondarySchool Kitchen Gas,Equipment,,Default|SmrDsn,1-Jan,31-Dec,Hourly,0.02,0.02,0.02,0.02,0.02,0.02,0.02,0.02,0.15,0.15,0.2,0.2,0.2,0.1,0.1,0.02,0.02,0.02,0.02,0.02,0.02,0.02,0.02,0.02,From DOE Reference Buildings 
SecondarySchool Kitchen Gas,Equipment,,Wkdy,1-Sep,31-Dec,Hourly,0.02,0.02,0.02,0.02,0.02,0.02,0.02,0.02,0.15,0.15,0.2,0.2,0.2,0.1,0.1,0.02,0.02,0.02,0.02,0.02,0.02,0.02,0.02,0.02,From DOE Reference Buildings 
SecondarySchool Kitchen Gas,Equipment,,Wkdy,1-Jul,1-Sep,Hourly,0.02,0.02,0.02,0.02,0.02,0.02,0.02,0.02,0.1,0.1,0.15,0.15,0.15,0.1,0.1,0.02,0.02,0.02,0.02,0.02,0.02,0.02,0.02,0.02,From DOE Reference Buildings 
SecondarySchool Kitchen Gas,Equipment,,Wknd,1-Sep,31-Dec,Constant,0.02,,,,,,,,,,,,,,,,,,,,,,,,From DOE Reference Buildings 
SecondarySchool Kitchen Gas,Equipment,,Wknd,1-Jul,1-Sep,Constant,0.02,,,,,,,,,,,,,,,,,,,,,,,,From DOE Reference Buildings 
SecondarySchool Kitchen Gas,Equipment,,Wknd,1-Jan,30-Jun,Constant,0.02,,,,,,,,,,,,,,,,,,,,,,,,From DOE Reference Buildings 
SecondarySchool Kitchen Gas,Equipment,,WntrDsn,1-Jan,31-Dec,Constant,0.02,,,,,,,,,,,,,,,,,,,,,,,,From DOE Reference Buildings 
SecondarySchool Office Occ,Occupancy,,Default|SmrDsn,1-Jan,31-Dec,Hourly,0,0,0,0,0,0,0,0,0.95,0.95,0.95,0.95,0.95,0.95,0.95,0.95,0.95,0.15,0.15,0.15,0.15,0,0,0,From DOE Reference Buildings 
SecondarySchool Office Occ,Occupancy,,Wkdy,1-Sep,31-Dec,Hourly,0,0,0,0,0,0,0,0,0.95,0.95,0.95,0.95,0.95,0.95,0.95,0.95,0.95,0.15,0.15,0.15,0.15,0,0,0,From DOE Reference Buildings 
SecondarySchool Office Occ,Occupancy,,Wkdy,1-Jul,1-Sep,Hourly,0,0,0,0,0,0,0,0,0.5,0.5,0.5,0.5,0.5,0.5,0.5,0.5,0.5,0,0,0,0,0,0,0,From DOE Reference Buildings 
SecondarySchool Office Occ,Occupancy,,Wknd,1-Sep,31-Dec,Constant,0,,,,,,,,,,,,,,,,,,,,,,,,From DOE Reference Buildings 
SecondarySchool Office Occ,Occupancy,,Wknd,1-Jul,1-Sep,Constant,0,,,,,,,,,,,,,,,,,,,,,,,,From DOE Reference Buildings 
SecondarySchool Office Occ,Occupancy,,Wknd,1-Jan,30-Jun,Constant,0,,,,,,,,,,,,,,,,,,,,,,,,From DOE Reference Buildings 
SecondarySchool Office Occ,Occupancy,,WntrDsn,1-Jan,31-Dec,Constant,0,,,,,,,,,,,,,,,,,,,,,,,,From DOE Reference Buildings 
SecondarySchool PSZ-AC OA Damper,Operation,Dimensionless,Default|SmrDsn,1-Jan,31-Dec,Hourly,0,0,0,0,0,0,1,1,1,1,1,1,1,1,1,1,1,1,1,0,0,0,0,0,
SecondarySchool PSZ-AC OA Damper,Operation,Dimensionless,Sat|WntrDsn,1-Jan,31-Dec,Hourly,0,0,0,0,0,0,1,1,1,1,1,1,1,1,1,1,1,1,1,0,0,0,0,0,
SecondarySchool PSZ-AC OA Damper,Operation,Dimensionless,Sun,1-Jan,31-Dec,Constant,0,,,,,,,,,,,,,,,,,,,,,,,,
SecondarySchool PSZ-AC Operation,Operation,Dimensionless,Default|SmrDsn,1-Jan,31-Dec,Hourly,0,0,0,0,0,0,1,1,1,1,1,1,1,1,1,1,1,1,1,0,0,0,0,0,
SecondarySchool PSZ-AC Operation,Operation,Dimensionless,Sat|WntrDsn,1-Jan,31-Dec,Hourly,0,0,0,0,0,0,1,1,1,1,1,1,1,1,1,1,1,1,1,0,0,0,0,0,
SecondarySchool PSZ-AC Operation,Operation,Dimensionless,Sun,1-Jan,31-Dec,Constant,0,,,,,,,,,,,,,,,,,,,,,,,,
SecondarySchool VAV OA Damper,Operation,Dimensionless,Default|SmrDsn,1-Jan,31-Dec,Hourly,0,0,0,0,0,0,1,1,1,1,1,1,1,1,1,1,1,1,1,1,1,1,0,0,
SecondarySchool VAV OA Damper,Operation,Dimensionless,Sat|Sun|WntrDsn,1-Jan,31-Dec,Constant,0,,,,,,,,,,,,,,,,,,,,,,,,
SecondarySchool VAV Operation,Operation,Dimensionless,Default|SmrDsn,1-Jan,31-Dec,Hourly,0,0,0,0,0,0,1,1,1,1,1,1,1,1,1,1,1,1,1,1,1,1,0,0,
SecondarySchool VAV Operation,Operation,Dimensionless,Sat|WntrDsn,1-Jan,31-Dec,Hourly,0,0,0,0,0,0,1,1,1,1,1,1,1,1,1,1,1,1,0,0,0,0,0,0,
SecondarySchool VAV Operation,Operation,Dimensionless,Sun,1-Jan,31-Dec,Constant,0,,,,,,,,,,,,,,,,,,,,,,,,
SecondarySchool Work Eff,Unknown,,Default|WntrDsn|SmrDsn,1-Jan,31-Dec,Constant,0,,,,,,,,,,,,,,,,,,,,,,,,From DOE Reference Buildings 
Small Office Bldg Equip,Equipment,,Default,1-Jan,31-Dec,Hourly,0.4,0.4,0.4,0.4,0.4,0.4,0.4,0.4,0.9,0.9,0.9,0.9,0.8,0.9,0.9,0.9,0.9,0.5,0.4,0.4,0.4,0.4,0.4,0.4,From DOE Reference Buildings 
Small Office Bldg Equip,Equipment,,Sat,1-Jan,31-Dec,Hourly,0.3,0.3,0.3,0.3,0.3,0.3,0.4,0.4,0.5,0.5,0.5,0.5,0.35,0.35,0.35,0.35,0.35,0.3,0.3,0.3,0.3,0.3,0.3,0.3,From DOE Reference Buildings 
Small Office Bldg Equip,Equipment,,SmrDsn,1-Jan,31-Dec,Constant,1,,,,,,,,,,,,,,,,,,,,,,,,From DOE Reference Buildings 
Small Office Bldg Equip,Equipment,,Sun,1-Jan,31-Dec,Constant,0.3,,,,,,,,,,,,,,,,,,,,,,,,From DOE Reference Buildings 
Small Office Bldg Equip,Equipment,,WntrDsn,1-Jan,31-Dec,Constant,0,,,,,,,,,,,,,,,,,,,,,,,,From DOE Reference Buildings 
Small Office Bldg Light,Lighting,,Default,1-Jan,31-Dec,Hourly,0.05,0.05,0.05,0.05,0.05,0.1,0.1,0.3,0.9,0.9,0.9,0.9,0.9,0.9,0.9,0.9,0.9,0.5,0.3,0.3,0.2,0.2,0.1,0.05,From DOE Reference Buildings 
Small Office Bldg Light,Lighting,,Sat,1-Jan,31-Dec,Hourly,0.05,0.05,0.05,0.05,0.05,0.05,0.1,0.1,0.3,0.3,0.3,0.3,0.15,0.15,0.15,0.15,0.15,0.05,0.05,0.05,0.05,0.05,0.05,0.05,From DOE Reference Buildings 
Small Office Bldg Light,Lighting,,SmrDsn,1-Jan,31-Dec,Constant,1,,,,,,,,,,,,,,,,,,,,,,,,From DOE Reference Buildings 
Small Office Bldg Light,Lighting,,Sun,1-Jan,31-Dec,Constant,0.05,,,,,,,,,,,,,,,,,,,,,,,,From DOE Reference Buildings 
Small Office Bldg Light,Lighting,,WntrDsn,1-Jan,31-Dec,Constant,0,,,,,,,,,,,,,,,,,,,,,,,,From DOE Reference Buildings 
Small Office Bldg Occ,Occupancy,,Default,1-Jan,31-Dec,Hourly,0,0,0,0,0,0,0.1,0.2,0.95,0.95,0.95,0.95,0.5,0.95,0.95,0.95,0.95,0.3,0.1,0.1,0.05,0.05,0.05,0.05,From DOE Reference Buildings 
Small Office Bldg Occ,Occupancy,,Sat,1-Jan,31-Dec,Hourly,0,0,0,0,0,0,0.1,0.1,0.3,0.3,0.3,0.3,0.1,0.1,0.1,0.1,0.1,0,0,0,0,0,0,0,From DOE Reference Buildings 
Small Office Bldg Occ,Occupancy,,SmrDsn,1-Jan,31-Dec,Hourly,0,0,0,0,0,0,1,1,1,1,1,1,1,1,1,1,1,1,1,1,1,1,0.05,0.05,From DOE Reference Buildings 
Small Office Bldg Occ,Occupancy,,WntrDsn|Sun,1-Jan,31-Dec,Constant,0,,,,,,,,,,,,,,,,,,,,,,,,From DOE Reference Buildings 
Small Office ClgSetp,Thermostat Setpoint,C,Default|SmrDsn,1-Jan,31-Dec,Hourly,26.7,26.7,26.7,26.7,26.7,26.7,24,24,24,24,24,24,24,24,24,24,24,24,24,24,24,24,26.7,26.7,From DOE Reference Buildings 
Small Office ClgSetp,Thermostat Setpoint,C,Sat,1-Jan,31-Dec,Hourly,26.7,26.7,26.7,26.7,26.7,26.7,24,24,24,24,24,24,24,24,24,24,24,24,26.7,26.7,26.7,26.7,26.7,26.7,From DOE Reference Buildings 
Small Office ClgSetp,Thermostat Setpoint,C,WntrDsn|Sun,1-Jan,31-Dec,Constant,26.7,,,,,,,,,,,,,,,,,,,,,,,,From DOE Reference Buildings 
Small Office Clothing,Clothing,,Default|WntrDsn,1-Jan,31-Dec,Constant,1,,,,,,,,,,,,,,,,,,,,,,,,From DOE Reference Buildings 
Small Office Clothing,Clothing,,SmrDsn,1-Jan,31-Dec,Constant,0.5,,,,,,,,,,,,,,,,,,,,,,,,From DOE Reference Buildings 
Small Office Clothing,Clothing,,Wknd|Wkdy,1-Oct,31-Dec,Constant,1,,,,,,,,,,,,,,,,,,,,,,,,From DOE Reference Buildings 
Small Office Clothing,Clothing,,Wknd|Wkdy,1-May,30-Sep,Constant,0.5,,,,,,,,,,,,,,,,,,,,,,,,From DOE Reference Buildings 
Small Office HtgSetp,Thermostat Setpoint,C,Default,1-Jan,31-Dec,Hourly,15.6,15.6,15.6,15.6,15.6,15.6,21,21,21,21,21,21,21,21,21,21,21,21,21,21,21,21,15.6,15.6,From DOE Reference Buildings 
Small Office HtgSetp,Thermostat Setpoint,C,Sat,1-Jan,31-Dec,Hourly,15.6,15.6,15.6,15.6,15.6,15.6,21,21,21,21,21,21,21,21,21,21,21,21,15.6,15.6,15.6,15.6,15.6,15.6,From DOE Reference Buildings 
Small Office HtgSetp,Thermostat Setpoint,C,SmrDsn|Sun,1-Jan,31-Dec,Constant,15.6,,,,,,,,,,,,,,,,,,,,,,,,From DOE Reference Buildings 
Small Office HtgSetp,Thermostat Setpoint,C,WntrDsn,1-Jan,31-Dec,Constant,21,,,,,,,,,,,,,,,,,,,,,,,,From DOE Reference Buildings 
Small Office Infil Quarter On,Infiltration,,Default|SmrDsn,1-Jan,31-Dec,Hourly,1,1,1,1,1,1,0.25,0.25,0.25,0.25,0.25,0.25,0.25,0.25,0.25,0.25,0.25,0.25,0.25,0.25,0.25,0.25,1,1,From DOE Reference Buildings 
Small Office Infil Quarter On,Infiltration,,Sun,1-Jan,31-Dec,Constant,1,,,,,,,,,,,,,,,,,,,,,,,,From DOE Reference Buildings 
Small Office Infil Quarter On,Infiltration,,WntrDsn|Sat,1-Jan,31-Dec,Hourly,1,1,1,1,1,1,0.25,0.25,0.25,0.25,0.25,0.25,0.25,0.25,0.25,0.25,0.25,0.25,1,1,1,1,1,1,From DOE Reference Buildings 
Small Office Work Eff,Unknown,,Default|WntrDsn|SmrDsn,1-Jan,31-Dec,Constant,0,,,,,,,,,,,,,,,,,,,,,,,,From DOE Reference Buildings 
SmallHotel BLDG ELEVATORS,Elevator,,Default|WntrDsn|SmrDsn,1-Jan,31-Dec,Hourly,0.05,0.05,0.05,0.05,0.1,0.2,0.4,0.5,0.5,0.35,0.15,0.15,0.15,0.15,0.15,0.15,0.35,0.5,0.5,0.4,0.4,0.3,0.2,0.1,From DOE Reference Buildings 
SmallHotel Bldg Equip,Equipment,,Default,1-Jan,31-Dec,Hourly,0.3,0.25,0.2,0.2,0.2,0.3,0.5,0.6,0.5,0.5,0.35,0.35,0.35,0.35,0.35,0.35,0.35,0.35,0.7,0.9,0.95,0.9,0.7,0.4,From DOE Reference Buildings 
SmallHotel Bldg Equip,Equipment,,Sat,1-Jan,31-Dec,Hourly,0.3,0.3,0.2,0.2,0.2,0.2,0.4,0.4,0.5,0.5,0.4,0.35,0.35,0.35,0.35,0.35,0.35,0.35,0.7,0.8,0.8,0.8,0.7,0.4,From DOE Reference Buildings 
SmallHotel Bldg Equip,Equipment,,SmrDsn,1-Jan,31-Dec,Constant,1,,,,,,,,,,,,,,,,,,,,,,,,From DOE Reference Buildings 
SmallHotel Bldg Equip,Equipment,,Sun,1-Jan,31-Dec,Hourly,0.4,0.4,0.3,0.3,0.3,0.3,0.4,0.5,0.5,0.4,0.4,0.4,0.4,0.3,0.3,0.3,0.3,0.3,0.6,0.8,0.9,0.7,0.6,0.4,From DOE Reference Buildings 
SmallHotel Bldg Equip,Equipment,,WntrDsn,1-Jan,31-Dec,Constant,0,,,,,,,,,,,,,,,,,,,,,,,,From DOE Reference Buildings 
SmallHotel Bldg Light,Lighting,,Default,1-Jan,31-Dec,Hourly,0.2,0.15,0.1,0.1,0.1,0.2,0.4,0.5,0.4,0.4,0.25,0.25,0.25,0.25,0.25,0.25,0.25,0.25,0.6,0.8,0.9,0.8,0.6,0.3,From DOE Reference Buildings 
SmallHotel Bldg Light,Lighting,,Sat,1-Jan,31-Dec,Hourly,0.2,0.2,0.1,0.1,0.1,0.1,0.3,0.3,0.4,0.4,0.3,0.25,0.25,0.25,0.25,0.25,0.25,0.25,0.6,0.7,0.7,0.7,0.6,0.3,From DOE Reference Buildings 
SmallHotel Bldg Light,Lighting,,SmrDsn,1-Jan,31-Dec,Constant,1,,,,,,,,,,,,,,,,,,,,,,,,From DOE Reference Buildings 
SmallHotel Bldg Light,Lighting,,Sun,1-Jan,31-Dec,Hourly,0.3,0.3,0.2,0.2,0.2,0.2,0.3,0.4,0.4,0.3,0.3,0.3,0.3,0.2,0.2,0.2,0.2,0.2,0.5,0.7,0.8,0.6,0.5,0.3,From DOE Reference Buildings 
SmallHotel Bldg Light,Lighting,,WntrDsn,1-Jan,31-Dec,Constant,0,,,,,,,,,,,,,,,,,,,,,,,,From DOE Reference Buildings 
SmallHotel Bldg Occ,Occupancy,,Default,1-Jan,31-Dec,Hourly,0.9,0.9,0.9,0.9,0.9,0.9,0.7,0.4,0.4,0.2,0.2,0.2,0.2,0.2,0.2,0.3,0.5,0.5,0.5,0.7,0.7,0.8,0.9,0.9,From DOE Reference Buildings 
SmallHotel Bldg Occ,Occupancy,,Sat,1-Jan,31-Dec,Hourly,0.9,0.9,0.9,0.9,0.9,0.9,0.7,0.5,0.5,0.3,0.3,0.3,0.3,0.3,0.3,0.3,0.3,0.5,0.6,0.6,0.6,0.7,0.7,0.7,From DOE Reference Buildings 
SmallHotel Bldg Occ,Occupancy,,SmrDsn,1-Jan,31-Dec,Constant,1,,,,,,,,,,,,,,,,,,,,,,,,From DOE Reference Buildings 
SmallHotel Bldg Occ,Occupancy,,Sun,1-Jan,31-Dec,Hourly,0.7,0.7,0.7,0.7,0.7,0.7,0.7,0.7,0.5,0.5,0.5,0.3,0.3,0.2,0.2,0.2,0.3,0.4,0.4,0.6,0.6,0.8,0.8,0.8,From DOE Reference Buildings 
SmallHotel Bldg Occ,Occupancy,,WntrDsn,1-Jan,31-Dec,Constant,0,,,,,,,,,,,,,,,,,,,,,,,,From DOE Reference Buildings 
SmallHotel ClgSetp,Thermostat Setpoint,C,Default|WntrDsn|SmrDsn,1-Jan,31-Dec,Constant,24,,,,,,,,,,,,,,,,,,,,,,,,From DOE Reference Buildings 
SmallHotel Clothing,Clothing,,Default|WntrDsn,1-Jan,31-Dec,Constant,1,,,,,,,,,,,,,,,,,,,,,,,,From DOE Reference Buildings 
SmallHotel Clothing,Clothing,,SmrDsn,1-Jan,31-Dec,Constant,0.5,,,,,,,,,,,,,,,,,,,,,,,,From DOE Reference Buildings 
SmallHotel Clothing,Clothing,,Wknd|Wkdy,1-Oct,31-Dec,Constant,1,,,,,,,,,,,,,,,,,,,,,,,,From DOE Reference Buildings 
SmallHotel Clothing,Clothing,,Wknd|Wkdy,1-May,30-Sep,Constant,0.5,,,,,,,,,,,,,,,,,,,,,,,,From DOE Reference Buildings 
SmallHotel Corridor Light,Lighting,,Default|WntrDsn|SmrDsn,1-Jan,31-Dec,Constant,1,,,,,,,,,,,,,,,,,,,,,,,,From DOE Reference Buildings 
SmallHotel Exercise Equip,Equipment,,Default|WntrDsn|SmrDsn,1-Jan,31-Dec,Hourly,0,0,0,0,0,0,0.5,1,1,0.5,0.5,0.5,0,0.5,0.5,0.5,1,0.5,0.5,1,1,0.5,0.5,0,From DOE Reference Buildings 
SmallHotel Exercise Light,Lighting,,Default|WntrDsn|SmrDsn,1-Jan,31-Dec,Hourly,0,0,0,0,0,0,0.5,1,1,1,1,1,1,1,1,1,1,1,1,1,1,1,0.5,0,From DOE Reference Buildings 
SmallHotel Exercise Occ,Occupancy,,Default|WntrDsn|SmrDsn,1-Jan,31-Dec,Hourly,0,0,0,0,0,0,0.5,1,1,1,1,0.5,0,1,1,1,1,1,1,1,1,1,0.5,0,From DOE Reference Buildings 
SmallHotel Exterior Lights,Lighting,Dimensionless,Default|WntrDsn|SmrDsn,1-Jan,31-Dec,Constant,1,,,,,,,,,,,,,,,,,,,,,,,,
SmallHotel GuestRoom Equip,Equipment,,Default,1-Jan,31-Dec,Hourly,0.2,0.2,0.2,0.2,0.2,0.2,0.62,0.9,0.43,0.43,0.26,0.26,0.26,0.26,0.26,0.26,0.26,0.51,0.51,0.49,0.66,0.7,0.35,0.2,From DOE Reference Buildings 
SmallHotel GuestRoom Equip,Equipment,,SmrDsn,1-Jan,31-Dec,Constant,1,,,,,,,,,,,,,,,,,,,,,,,,From DOE Reference Buildings 
SmallHotel GuestRoom Equip,Equipment,,Wknd,1-Jan,31-Dec,Hourly,0.2,0.2,0.2,0.2,0.2,0.2,0.3,0.62,0.9,0.62,0.29,0.29,0.29,0.29,0.29,0.29,0.29,0.43,0.51,0.49,0.66,0.7,0.35,0.2,From DOE Reference Buildings 
SmallHotel GuestRoom Equip,Equipment,,WntrDsn,1-Jan,31-Dec,Constant,0,,,,,,,,,,,,,,,,,,,,,,,,From DOE Reference Buildings 
SmallHotel GuestRoom Light,Lighting,,Default,1-Jan,31-Dec,Hourly,0.22,0.17,0.11,0.11,0.11,0.22,0.44,0.56,0.44,0.44,0.28,0.28,0.28,0.28,0.28,0.28,0.28,0.28,0.67,0.89,1,0.89,0.67,0.33,From DOE Reference Buildings 
SmallHotel GuestRoom Light,Lighting,,SmrDsn,1-Jan,31-Dec,Constant,1,,,,,,,,,,,,,,,,,,,,,,,,From DOE Reference Buildings 
SmallHotel GuestRoom Light,Lighting,,Wknd,1-Jan,31-Dec,Hourly,0.26,0.26,0.11,0.11,0.11,0.11,0.41,0.41,0.56,0.56,0.41,0.33,0.33,0.33,0.33,0.33,0.33,0.33,0.85,1,1,1,0.85,0.41,From DOE Reference Buildings 
SmallHotel GuestRoom Light,Lighting,,WntrDsn,1-Jan,31-Dec,Constant,0,,,,,,,,,,,,,,,,,,,,,,,,From DOE Reference Buildings 
SmallHotel GuestRoom Occ,Occupancy,,Default,1-Jan,31-Dec,Hourly,0.65,0.65,0.65,0.65,0.65,0.65,0.5,0.28,0.28,0.13,0.13,0.13,0.13,0.13,0.13,0.2,0.35,0.35,0.35,0.5,0.5,0.58,0.65,0.65,From DOE Reference Buildings 
SmallHotel GuestRoom Occ,Occupancy,,SmrDsn,1-Jan,31-Dec,Constant,1,,,,,,,,,,,,,,,,,,,,,,,,From DOE Reference Buildings 
SmallHotel GuestRoom Occ,Occupancy,,Wknd,1-Jan,31-Dec,Hourly,0.65,0.65,0.65,0.65,0.65,0.65,0.5,0.34,0.34,0.2,0.2,0.2,0.2,0.2,0.2,0.2,0.2,0.34,0.35,0.65,0.65,0.5,0.5,0.5,From DOE Reference Buildings 
SmallHotel GuestRoom Occ,Occupancy,,WntrDsn,1-Jan,31-Dec,Constant,0,,,,,,,,,,,,,,,,,,,,,,,,From DOE Reference Buildings 
SmallHotel HtgSetp,Thermostat Setpoint,C,Default|WntrDsn|SmrDsn,1-Jan,31-Dec,Constant,21,,,,,,,,,,,,,,,,,,,,,,,,From DOE Reference Buildings 
SmallHotel Infil,Infiltration,,Default|WntrDsn|SmrDsn,1-Jan,31-Dec,Constant,1,,,,,,,,,,,,,,,,,,,,,,,,From DOE Reference Buildings 
SmallHotel Infil Half On,Infiltration,,Default|WntrDsn|SmrDsn,1-Jan,31-Dec,Constant,0.5,,,,,,,,,,,,,,,,,,,,,,,,From DOE Reference Buildings 
SmallHotel Laundry Equip,Equipment,,Default,1-Jan,31-Dec,Hourly,0,0,0,0,0,0,0,0,1,1,1,1,1,1,1,1,0,0,0,0,0,0,0,0,From DOE Reference Buildings 
SmallHotel Laundry Equip,Equipment,,SmrDsn,1-Jan,31-Dec,Constant,1,,,,,,,,,,,,,,,,,,,,,,,,From DOE Reference Buildings 
SmallHotel Laundry Equip,Equipment,,WntrDsn,1-Jan,31-Dec,Constant,0,,,,,,,,,,,,,,,,,,,,,,,,From DOE Reference Buildings 
SmallHotel Laundry Gas,Equipment,,Default,1-Jan,31-Dec,Hourly,0,0,0,0,0,0,0,0,0,1,1,1,1,1,1,1,1,0,0,0,0,0,0,0,From DOE Reference Buildings 
SmallHotel Laundry Gas,Equipment,,SmrDsn,1-Jan,31-Dec,Constant,1,,,,,,,,,,,,,,,,,,,,,,,,From DOE Reference Buildings 
SmallHotel Laundry Gas,Equipment,,WntrDsn,1-Jan,31-Dec,Constant,0,,,,,,,,,,,,,,,,,,,,,,,,From DOE Reference Buildings 
SmallHotel Laundry Light,Lighting,,Default|WntrDsn|SmrDsn,1-Jan,31-Dec,Hourly,0,0,0,0,0,0,0,0,1,1,1,1,1,1,1,1,1,0,0,0,0,0,0,0,From DOE Reference Buildings 
SmallHotel Laundry Occ,Occupancy,,Default|Wknd,1-Jan,31-Dec,Hourly,0,0,0,0,0,0,0,0,0.09,0.09,0.18,0.18,0,0.18,0.18,0.18,0.09,0,0,0,0,0,0,0,From DOE Reference Buildings 
SmallHotel Laundry Occ,Occupancy,,SmrDsn,1-Jan,31-Dec,Constant,1,,,,,,,,,,,,,,,,,,,,,,,,From DOE Reference Buildings 
SmallHotel Laundry Occ,Occupancy,,WntrDsn,1-Jan,31-Dec,Constant,0,,,,,,,,,,,,,,,,,,,,,,,,From DOE Reference Buildings 
SmallHotel Meeting Equip,Equipment,,Default|WntrDsn|SmrDsn,1-Jan,31-Dec,Hourly,0,0,0,0,0,0,0,0.05,0.54,0.54,0.26,0.26,0.05,0.54,0.54,0.26,0.26,0.26,0.05,0.05,0,0,0,0,From DOE Reference Buildings 
SmallHotel Meeting Light,Lighting,,Default,1-Jan,31-Dec,Hourly,0,0,0,0,0,0.2,0.3,0.5,1,1,1,1,1,1,1,1,1,1,0.5,0.3,0.2,0.05,0,0,From DOE Reference Buildings 
SmallHotel Meeting Light,Lighting,,SmrDsn,1-Jan,31-Dec,Constant,1,,,,,,,,,,,,,,,,,,,,,,,,From DOE Reference Buildings 
SmallHotel Meeting Light,Lighting,,WntrDsn,1-Jan,31-Dec,Constant,0,,,,,,,,,,,,,,,,,,,,,,,,From DOE Reference Buildings 
SmallHotel Meeting Occ,Occupancy,,Default|Wknd,1-Jan,31-Dec,Hourly,0,0,0,0,0,0,0,0.05,0.5,0.5,0.2,0.2,0.05,0.5,0.5,0.2,0.2,0.2,0.05,0.05,0,0,0,0,From DOE Reference Buildings 
SmallHotel Meeting Occ,Occupancy,,SmrDsn,1-Jan,31-Dec,Constant,1,,,,,,,,,,,,,,,,,,,,,,,,From DOE Reference Buildings 
SmallHotel Meeting Occ,Occupancy,,WntrDsn,1-Jan,31-Dec,Constant,0,,,,,,,,,,,,,,,,,,,,,,,,From DOE Reference Buildings 
SmallHotel Office Equip,Equipment,,Default,1-Jan,31-Dec,Hourly,0.33,0.33,0.33,0.33,0.33,0.38,0.38,0.43,0.43,0.43,1,1,0.94,1,1,1,1,0.75,0.63,0.63,0.48,0.48,0.33,0.33,From DOE Reference Buildings 
SmallHotel Office Equip,Equipment,,SmrDsn,1-Jan,31-Dec,Constant,1,,,,,,,,,,,,,,,,,,,,,,,,From DOE Reference Buildings 
SmallHotel Office Equip,Equipment,,Wknd,1-Jan,31-Dec,Hourly,0.33,0.33,0.33,0.33,0.33,0.38,0.38,0.43,0.63,0.63,0.63,0.63,0.63,0.63,0.63,0.63,0.63,0.63,0.48,0.48,0.48,0.48,0.33,0.33,From DOE Reference Buildings 
SmallHotel Office Equip,Equipment,,WntrDsn,1-Jan,31-Dec,Constant,0,,,,,,,,,,,,,,,,,,,,,,,,From DOE Reference Buildings 
SmallHotel Office Light,Lighting,,Default,1-Jan,31-Dec,Hourly,0.5,0.5,0.5,0.5,0.5,0.5,0.5,0.61,0.9,0.9,0.9,0.9,0.8,0.9,0.9,0.9,0.9,0.61,0.5,0.5,0.5,0.5,0.5,0.5,From DOE Reference Buildings 
SmallHotel Office Light,Lighting,,SmrDsn,1-Jan,31-Dec,Constant,1,,,,,,,,,,,,,,,,,,,,,,,,From DOE Reference Buildings 
SmallHotel Office Light,Lighting,,WntrDsn,1-Jan,31-Dec,Constant,0,,,,,,,,,,,,,,,,,,,,,,,,From DOE Reference Buildings 
SmallHotel Office Occ,Occupancy,,Default,1-Jan,31-Dec,Hourly,0.2,0.2,0.2,0.2,0.2,0.2,0.3,0.4,1,1,1,1,0.5,1,1,1,1,0.4,0.3,0.2,0.2,0.2,0.2,0.2,From DOE Reference Buildings 
SmallHotel Office Occ,Occupancy,,SmrDsn,1-Jan,31-Dec,Constant,1,,,,,,,,,,,,,,,,,,,,,,,,From DOE Reference Buildings 
SmallHotel Office Occ,Occupancy,,Wknd,1-Jan,31-Dec,Hourly,0.2,0.2,0.2,0.2,0.2,0.2,0.2,0.3,0.5,0.5,0.5,0.5,0.5,0.5,0.5,0.5,0.5,0.3,0.2,0.2,0.2,0.2,0.2,0.2,From DOE Reference Buildings 
SmallHotel Office Occ,Occupancy,,WntrDsn,1-Jan,31-Dec,Constant,0,,,,,,,,,,,,,,,,,,,,,,,,From DOE Reference Buildings 
SmallHotel PSZ-AC OA Damper,Operation,Dimensionless,Default,1-Jan,31-Dec,Constant,1,,,,,,,,,,,,,,,,,,,,,,,,
SmallHotel PSZ-AC Operation,Operation,Dimensionless,Default,1-Jan,31-Dec,Constant,1,,,,,,,,,,,,,,,,,,,,,,,,
SmallHotel PTAC OA Damper,Operation,Dimensionless,Default,1-Jan,31-Dec,Constant,0,,,,,,,,,,,,,,,,,,,,,,,,
SmallHotel PTAC Operation,Operation,Dimensionless,Default,1-Jan,31-Dec,Constant,1,,,,,,,,,,,,,,,,,,,,,,,,
SmallHotel Split-AC OA Damper,Operation,Dimensionless,Default,1-Jan,31-Dec,Constant,1,,,,,,,,,,,,,,,,,,,,,,,,
SmallHotel Split-AC Operation,Operation,Dimensionless,Default,1-Jan,31-Dec,Constant,1,,,,,,,,,,,,,,,,,,,,,,,,
SmallHotel StaffLounge Equip,Equipment,,Default|Wknd,1-Jan,31-Dec,Hourly,0.11,0.11,0.11,0.11,0.11,0.19,0.19,0.25,1,1,0.86,0.86,1,0.86,0.86,0.86,0.86,0.86,0.25,0.19,0.11,0.11,0.11,0.11,From DOE Reference Buildings 
SmallHotel StaffLounge Equip,Equipment,,SmrDsn,1-Jan,31-Dec,Constant,1,,,,,,,,,,,,,,,,,,,,,,,,From DOE Reference Buildings 
SmallHotel StaffLounge Equip,Equipment,,WntrDsn,1-Jan,31-Dec,Constant,0,,,,,,,,,,,,,,,,,,,,,,,,From DOE Reference Buildings 
SmallHotel StaffLounge Light,Lighting,,Default,1-Jan,31-Dec,Hourly,0.05,0.05,0.05,0.05,0.05,0.15,0.4,0.5,1,1,1,1,1,1,1,1,1,1,0.5,0.4,0.15,0.15,0.05,0.05,From DOE Reference Buildings 
SmallHotel StaffLounge Light,Lighting,,SmrDsn,1-Jan,31-Dec,Constant,1,,,,,,,,,,,,,,,,,,,,,,,,From DOE Reference Buildings 
SmallHotel StaffLounge Light,Lighting,,Wknd,1-Jan,31-Dec,Hourly,0.05,0.05,0.05,0.05,0.05,0.15,0.3,0.4,0.6,0.6,0.6,0.6,0.6,0.6,0.6,0.6,0.6,0.6,0.4,0.3,0.15,0.15,0.05,0.05,From DOE Reference Buildings 
SmallHotel StaffLounge Light,Lighting,,WntrDsn,1-Jan,31-Dec,Constant,0,,,,,,,,,,,,,,,,,,,,,,,,From DOE Reference Buildings 
SmallHotel StaffLounge Occ,Occupancy,,Default,1-Jan,31-Dec,Hourly,0,0,0,0,0,0.1,0.1,0.2,0.2,0.2,0.2,0.2,0.7,0.2,0.2,0.2,0.2,0.2,0.1,0.1,0,0,0,0,From DOE Reference Buildings 
SmallHotel StaffLounge Occ,Occupancy,,SmrDsn,1-Jan,31-Dec,Constant,1,,,,,,,,,,,,,,,,,,,,,,,,From DOE Reference Buildings 
SmallHotel StaffLounge Occ,Occupancy,,Wknd,1-Jan,31-Dec,Hourly,0,0,0,0,0,0.05,0.05,0.05,0.1,0.1,0.1,0.1,0.2,0.1,0.1,0.1,0.1,0.1,0.05,0.05,0,0,0,0,From DOE Reference Buildings 
SmallHotel StaffLounge Occ,Occupancy,,WntrDsn,1-Jan,31-Dec,Constant,0,,,,,,,,,,,,,,,,,,,,,,,,From DOE Reference Buildings 
SmallHotel Storage Light,Lighting,,Default|Wknd,1-Jan,31-Dec,Hourly,0.1,0.1,0.1,0.1,0.1,0.1,0.1,0.2,0.4,0.4,0.4,0.4,0.4,0.4,0.4,0.4,0.4,0.4,0.2,0.2,0.2,0.2,0.1,0.1,From DOE Reference Buildings 
SmallHotel Storage Light,Lighting,,SmrDsn,1-Jan,31-Dec,Constant,1,,,,,,,,,,,,,,,,,,,,,,,,From DOE Reference Buildings 
SmallHotel Storage Light,Lighting,,WntrDsn,1-Jan,31-Dec,Constant,0,,,,,,,,,,,,,,,,,,,,,,,,From DOE Reference Buildings 
SmallHotel UnitHeater ClgSP Sch,Thermostat Setpoint,,Default|WntrDsn|SmrDsn,1-Jan,31-Dec,Constant,40,,,,,,,,,,,,,,,,,,,,,,,,From DOE Reference Buildings 
SmallHotel UnitHeater HtgSP Sch,Thermostat Setpoint,,Default|WntrDsn|SmrDsn,1-Jan,31-Dec,Constant,15.6,,,,,,,,,,,,,,,,,,,,,,,,From DOE Reference Buildings 
SmallHotel Work Eff,Unknown,,Default|WntrDsn|SmrDsn,1-Jan,31-Dec,Constant,0,,,,,,,,,,,,,,,,,,,,,,,,From DOE Reference Buildings 
SmallOffice Exterior Lights,Lighting,Dimensionless,Default|WntrDsn|SmrDsn,1-Jan,31-Dec,Hourly,0,0,0,0,0,0,0,1,1,1,1,1,1,1,1,1,1,1,1,1,1,1,1,1,
SmallOffice Exterior Lights Always On,Lighting,Dimensionless,Default|WntrDsn|SmrDsn,1-Jan,31-Dec,Constant,1,,,,,,,,,,,,,,,,,,,,,,,,
SmallOffice PSZ-AC OA Damper,Operation,Dimensionless,Sat|WntrDsn,1-Jan,31-Dec,Hourly,0,0,0,0,0,0,0,1,1,1,1,1,1,1,1,1,1,1,0,0,0,0,0,0,
SmallOffice PSZ-AC OA Damper,Operation,Dimensionless,Sun,1-Jan,31-Dec,Constant,0,,,,,,,,,,,,,,,,,,,,,,,,
SmallOffice PSZ-AC Operation,Operation,Dimensionless,Default|SmrDsn,1-Jan,31-Dec,Hourly,0,0,0,0,0,0,1,1,1,1,1,1,1,1,1,1,1,1,1,0,0,0,0,0,
SmallOffice PSZ-AC Operation,Operation,Dimensionless,Default|SmrDsn,1-Jan,31-Dec,Hourly,0,0,0,0,0,0,0,1,1,1,1,1,1,1,1,1,1,1,1,1,1,1,0,0,
SmallOffice PSZ-AC Operation,Operation,Dimensionless,Sat|WntrDsn,1-Jan,31-Dec,Constant,0,,,,,,,,,,,,,,,,,,,,,,,,
StripMall Bldg Equip,Equipment,,Default,1-Jan,31-Dec,Hourly,0.2,0.2,0.2,0.2,0.2,0.2,0.2,0.4,0.7,0.9,0.9,0.9,0.9,0.9,0.9,0.9,0.9,0.9,0.8,0.8,0.7,0.4,0.2,0.2,From DOE Reference Buildings 
StripMall Bldg Equip,Equipment,,Sat,1-Jan,31-Dec,Hourly,0.15,0.15,0.15,0.15,0.15,0.15,0.15,0.3,0.5,0.8,0.9,0.9,0.9,0.9,0.9,0.9,0.9,0.9,0.7,0.5,0.5,0.3,0.15,0.15,From DOE Reference Buildings 
StripMall Bldg Equip,Equipment,,SmrDsn,1-Jan,31-Dec,Constant,1,,,,,,,,,,,,,,,,,,,,,,,,From DOE Reference Buildings 
StripMall Bldg Equip,Equipment,,Sun,1-Jan,31-Dec,Hourly,0.15,0.15,0.15,0.15,0.15,0.15,0.15,0.15,0.3,0.3,0.6,0.6,0.8,0.8,0.8,0.8,0.8,0.6,0.4,0.15,0.15,0.15,0.15,0.15,From DOE Reference Buildings 
StripMall Bldg Equip,Equipment,,WntrDsn,1-Jan,31-Dec,Constant,0,,,,,,,,,,,,,,,,,,,,,,,,From DOE Reference Buildings 
StripMall Bldg Light,Lighting,,Default,1-Jan,31-Dec,Hourly,0.05,0.05,0.05,0.05,0.05,0.05,0.05,0.2,0.5,0.9,0.9,0.9,0.9,0.9,0.9,0.9,0.9,0.9,0.6,0.6,0.5,0.2,0.05,0.05,From DOE Reference Buildings 
StripMall Bldg Light,Lighting,,Sat,1-Jan,31-Dec,Hourly,0.05,0.05,0.05,0.05,0.05,0.05,0.05,0.1,0.3,0.6,0.9,0.9,0.9,0.9,0.9,0.9,0.9,0.9,0.5,0.3,0.3,0.1,0.05,0.05,From DOE Reference Buildings 
StripMall Bldg Light,Lighting,,SmrDsn,1-Jan,31-Dec,Constant,1,,,,,,,,,,,,,,,,,,,,,,,,From DOE Reference Buildings 
StripMall Bldg Light,Lighting,,Sun,1-Jan,31-Dec,Hourly,0.05,0.05,0.05,0.05,0.05,0.05,0.05,0.05,0.1,0.1,0.4,0.4,0.6,0.6,0.6,0.6,0.6,0.4,0.2,0.05,0.05,0.05,0.05,0.05,From DOE Reference Buildings 
StripMall Bldg Light,Lighting,,WntrDsn,1-Jan,31-Dec,Constant,0,,,,,,,,,,,,,,,,,,,,,,,,From DOE Reference Buildings 
StripMall Bldg Occ,Occupancy,,Default,1-Jan,31-Dec,Hourly,0,0,0,0,0,0,0,0.1,0.2,0.5,0.5,0.7,0.7,0.7,0.7,0.8,0.7,0.5,0.5,0.3,0.3,0,0,0,From DOE Reference Buildings 
StripMall Bldg Occ,Occupancy,,Sat,1-Jan,31-Dec,Hourly,0,0,0,0,0,0,0,0.1,0.2,0.5,0.6,0.8,0.8,0.8,0.8,0.8,0.8,0.6,0.2,0.2,0.2,0.1,0,0,From DOE Reference Buildings 
StripMall Bldg Occ,Occupancy,,Sun,1-Jan,31-Dec,Hourly,0,0,0,0,0,0,0,0,0,0.1,0.2,0.2,0.4,0.4,0.4,0.4,0.4,0.2,0.1,0,0,0,0,0,From DOE Reference Buildings 
StripMall Bldg Occ,Occupancy,,WntrDsn|SmrDsn,1-Jan,31-Dec,Constant,1,,,,,,,,,,,,,,,,,,,,,,,,From DOE Reference Buildings 
StripMall ClgSetp,Thermostat Setpoint,C,Default|SmrDsn,1-Jan,31-Dec,Hourly,30,30,30,30,30,30,24,24,24,24,24,24,24,24,24,24,24,24,24,24,24,30,30,30,From DOE Reference Buildings 
StripMall ClgSetp,Thermostat Setpoint,C,Sat,1-Jan,31-Dec,Hourly,30,30,30,30,30,30,24,24,24,24,24,24,24,24,24,24,24,24,24,24,24,24,30,30,From DOE Reference Buildings 
StripMall ClgSetp,Thermostat Setpoint,C,Sun,1-Jan,31-Dec,Hourly,30,30,30,30,30,30,30,30,24,24,24,24,24,24,24,24,24,24,24,30,30,30,30,30,From DOE Reference Buildings 
StripMall ClgSetp,Thermostat Setpoint,C,WntrDsn,1-Jan,31-Dec,Constant,30,,,,,,,,,,,,,,,,,,,,,,,,From DOE Reference Buildings 
StripMall Clothing,Clothing,,Default|WntrDsn,1-Jan,31-Dec,Constant,1,,,,,,,,,,,,,,,,,,,,,,,,From DOE Reference Buildings 
StripMall Clothing,Clothing,,SmrDsn,1-Jan,31-Dec,Constant,0.5,,,,,,,,,,,,,,,,,,,,,,,,From DOE Reference Buildings 
StripMall Clothing,Clothing,,Wknd|Wkdy,1-Oct,31-Dec,Constant,1,,,,,,,,,,,,,,,,,,,,,,,,From DOE Reference Buildings 
StripMall Clothing,Clothing,,Wknd|Wkdy,1-May,30-Sep,Constant,0.5,,,,,,,,,,,,,,,,,,,,,,,,From DOE Reference Buildings 
StripMall HtgSetp,Thermostat Setpoint,C,Default,1-Jan,31-Dec,Hourly,15.6,15.6,15.6,15.6,15.6,15.6,21,21,21,21,21,21,21,21,21,21,21,21,21,21,21,15.6,15.6,15.6,From DOE Reference Buildings 
StripMall HtgSetp,Thermostat Setpoint,C,Sat,1-Jan,31-Dec,Hourly,15.6,15.6,15.6,15.6,15.6,15.6,21,21,21,21,21,21,21,21,21,21,21,21,21,21,21,21,15.6,15.6,From DOE Reference Buildings 
StripMall HtgSetp,Thermostat Setpoint,C,SmrDsn,1-Jan,31-Dec,Constant,15.6,,,,,,,,,,,,,,,,,,,,,,,,From DOE Reference Buildings 
StripMall HtgSetp,Thermostat Setpoint,C,Sun,1-Jan,31-Dec,Hourly,15.6,15.6,15.6,15.6,15.6,15.6,15.6,15.6,21,21,21,21,21,21,21,21,21,21,21,15.6,15.6,15.6,15.6,15.6,From DOE Reference Buildings 
StripMall HtgSetp,Thermostat Setpoint,C,WntrDsn,1-Jan,31-Dec,Constant,21,,,,,,,,,,,,,,,,,,,,,,,,From DOE Reference Buildings 
Stripmall HVACOperationSchd,Equipment,,Default,1-Jan,31-Dec,Hourly,0.00,0.00,0.00,0.00,0.00,0.00,0.00,0.00,1.00,1.00,1.00,1.00,1.00,1.00,1.00,1.00,1.00,1.00,1.00,0.00,0.00,0.00,0.00,0.00,From DOE Prototype Buildings
Stripmall HVACOperationSchd,Equipment,,Sat|WntrDsn,1-Jan,31-Dec,Hourly,0.00,0.00,0.00,0.00,0.00,0.00,1.00,1.00,1.00,1.00,1.00,1.00,1.00,1.00,1.00,1.00,1.00,1.00,1.00,1.00,1.00,1.00,0.00,0.00,From DOE Prototype Buildings
Stripmall HVACOperationSchd,Equipment,,SmrDsn|Wkdy,1-Jan,31-Dec,Hourly,0.00,0.00,0.00,0.00,0.00,0.00,1.00,1.00,1.00,1.00,1.00,1.00,1.00,1.00,1.00,1.00,1.00,1.00,1.00,1.00,1.00,0.00,0.00,0.00,From DOE Prototype Buildings
StripMall Infil Half On,Infiltration,,Default|SmrDsn,1-Jan,31-Dec,Hourly,1,1,1,1,1,1,0.5,0.5,0.5,0.5,0.5,0.5,0.5,0.5,0.5,0.5,0.5,0.5,0.5,0.5,0.5,1,1,1,From DOE Reference Buildings 
StripMall Infil Half On,Infiltration,,Sat,1-Jan,31-Dec,Hourly,1,1,1,1,1,1,0.5,0.5,0.5,0.5,0.5,0.5,0.5,0.5,0.5,0.5,0.5,0.5,0.5,0.5,0.5,0.5,1,1,From DOE Reference Buildings 
StripMall Infil Half On,Infiltration,,Sun,1-Jan,31-Dec,Hourly,1,1,1,1,1,1,1,1,0.5,0.5,0.5,0.5,0.5,0.5,0.5,0.5,0.5,1,1,1,1,1,1,1,From DOE Reference Buildings 
StripMall Infil Half On,Infiltration,,WntrDsn,1-Jan,31-Dec,Constant,1,,,,,,,,,,,,,,,,,,,,,,,,From DOE Reference Buildings 
Stripmall MinOA_Sched,Equipment,,Default,1-Jan,31-Dec,Hourly,0.00,0.00,0.00,0.00,0.00,0.00,0.00,0.00,1.00,1.00,1.00,1.00,1.00,1.00,1.00,1.00,1.00,1.00,1.00,0.00,0.00,0.00,0.00,0.00,From DOE Prototype Buildings
Stripmall MinOA_Sched,Equipment,,Sat|WntrDsn,1-Jan,31-Dec,Hourly,0.00,0.00,0.00,0.00,0.00,0.00,1.00,1.00,1.00,1.00,1.00,1.00,1.00,1.00,1.00,1.00,1.00,1.00,1.00,1.00,1.00,1.00,0.00,0.00,From DOE Prototype Buildings
Stripmall MinOA_Sched,Equipment,,SmrDsn|Wkdy,1-Jan,31-Dec,Hourly,0.00,0.00,0.00,0.00,0.00,0.00,1.00,1.00,1.00,1.00,1.00,1.00,1.00,1.00,1.00,1.00,1.00,1.00,1.00,1.00,1.00,0.00,0.00,0.00,From DOE Prototype Buildings
StripMall Work Eff,Unknown,,Default|WntrDsn|SmrDsn,1-Jan,31-Dec,Constant,0,,,,,,,,,,,,,,,,,,,,,,,,From DOE Reference Buildings 
SuperMarket Bldg Equip,Equipment,,Default,1-Jan,31-Dec,Hourly,0.2,0.2,0.2,0.2,0.2,0.2,0.4,0.4,0.7,0.9,0.9,0.9,0.9,0.9,0.9,0.9,0.9,0.9,0.8,0.8,0.7,0.4,0.2,0.2,From DOE Reference Buildings 
SuperMarket Bldg Equip,Equipment,,Sat,1-Jan,31-Dec,Hourly,0.15,0.15,0.15,0.15,0.15,0.15,0.3,0.3,0.5,0.8,0.9,0.9,0.9,0.9,0.9,0.9,0.9,0.9,0.7,0.5,0.5,0.3,0.15,0.15,From DOE Reference Buildings 
SuperMarket Bldg Equip,Equipment,,SmrDsn,1-Jan,31-Dec,Constant,1,,,,,,,,,,,,,,,,,,,,,,,,From DOE Reference Buildings 
SuperMarket Bldg Equip,Equipment,,Sun,1-Jan,31-Dec,Hourly,0.15,0.15,0.15,0.15,0.15,0.15,0.3,0.3,0.3,0.3,0.6,0.6,0.8,0.8,0.8,0.8,0.8,0.6,0.4,0.4,0.4,0.4,0.15,0.15,From DOE Reference Buildings 
SuperMarket Bldg Equip,Equipment,,WntrDsn,1-Jan,31-Dec,Constant,0,,,,,,,,,,,,,,,,,,,,,,,,From DOE Reference Buildings 
SuperMarket Bldg Light,Lighting,,Default,1-Jan,31-Dec,Hourly,0.05,0.05,0.05,0.05,0.05,0.05,0.2,0.2,0.5,0.9,0.9,0.9,0.9,0.9,0.9,0.9,0.9,0.9,0.6,0.6,0.5,0.2,0.05,0.05,From DOE Reference Buildings 
SuperMarket Bldg Light,Lighting,,Sat,1-Jan,31-Dec,Hourly,0.05,0.05,0.05,0.05,0.05,0.05,0.1,0.1,0.3,0.6,0.9,0.9,0.9,0.9,0.9,0.9,0.9,0.9,0.5,0.3,0.3,0.1,0.05,0.05,From DOE Reference Buildings 
SuperMarket Bldg Light,Lighting,,SmrDsn,1-Jan,31-Dec,Constant,1,,,,,,,,,,,,,,,,,,,,,,,,From DOE Reference Buildings 
SuperMarket Bldg Light,Lighting,,Sun,1-Jan,31-Dec,Hourly,0.05,0.05,0.05,0.05,0.05,0.05,0.1,0.1,0.1,0.1,0.4,0.4,0.6,0.6,0.6,0.6,0.6,0.4,0.2,0.2,0.2,0.2,0.05,0.05,From DOE Reference Buildings 
SuperMarket Bldg Light,Lighting,,WntrDsn,1-Jan,31-Dec,Constant,0,,,,,,,,,,,,,,,,,,,,,,,,From DOE Reference Buildings 
SuperMarket Bldg Occ,Occupancy,,Default,1-Jan,31-Dec,Hourly,0,0,0,0,0,0,0.1,0.1,0.2,0.5,0.5,0.7,0.7,0.7,0.7,0.8,0.7,0.5,0.5,0.3,0.3,0.3,0,0,From DOE Reference Buildings 
SuperMarket Bldg Occ,Occupancy,,Sat,1-Jan,31-Dec,Hourly,0,0,0,0,0,0,0.1,0.1,0.2,0.5,0.6,0.8,0.8,0.8,0.8,0.8,0.8,0.6,0.2,0.2,0.2,0.1,0,0,From DOE Reference Buildings 
SuperMarket Bldg Occ,Occupancy,,SmrDsn,1-Jan,31-Dec,Constant,1,,,,,,,,,,,,,,,,,,,,,,,,From DOE Reference Buildings 
SuperMarket Bldg Occ,Occupancy,,Sun,1-Jan,31-Dec,Hourly,0,0,0,0,0,0,0.1,0.1,0.1,0.1,0.2,0.2,0.4,0.4,0.4,0.4,0.4,0.2,0.1,0.1,0.1,0.1,0,0,From DOE Reference Buildings 
SuperMarket Bldg Occ,Occupancy,,WntrDsn,1-Jan,31-Dec,Constant,0,,,,,,,,,,,,,,,,,,,,,,,,From DOE Reference Buildings 
SuperMarket Bldg Swh,Service Water Heating,,Default|SmrDsn,1-Jan,31-Dec,Hourly,0.04,0.05,0.05,0.04,0.04,0.04,0.04,0.15,0.23,0.32,0.41,0.57,0.62,0.61,0.5,0.45,0.46,0.47,0.42,0.34,0.33,0.23,0.13,0.08,From DOE Reference Buildings 
SuperMarket Bldg Swh,Service Water Heating,,Sun,1-Jan,31-Dec,Hourly,0.07,0.07,0.07,0.06,0.06,0.06,0.07,0.1,0.12,0.14,0.29,0.31,0.36,0.36,0.34,0.35,0.37,0.34,0.25,0.27,0.21,0.16,0.1,0.06,From DOE Reference Buildings 
SuperMarket Bldg Swh,Service Water Heating,,WntrDsn|Sat,1-Jan,31-Dec,Hourly,0.11,0.1,0.08,0.06,0.06,0.06,0.07,0.2,0.24,0.27,0.42,0.54,0.59,0.6,0.49,0.48,0.47,0.46,0.44,0.36,0.29,0.22,0.16,0.13,From DOE Reference Buildings 
SuperMarket ClgSetp,Thermostat Setpoint,C,Default|SmrDsn,1-Jan,31-Dec,Hourly,30,30,30,30,30,30,24,24,24,24,24,24,24,24,24,24,24,24,24,24,24,24,30,30,From DOE Reference Buildings 
SuperMarket ClgSetp,Thermostat Setpoint,C,WntrDsn,1-Jan,31-Dec,Constant,30,,,,,,,,,,,,,,,,,,,,,,,,From DOE Reference Buildings 
SuperMarket Clothing,Clothing,,Default|WntrDsn,1-Jan,31-Dec,Constant,1,,,,,,,,,,,,,,,,,,,,,,,,From DOE Reference Buildings 
SuperMarket Clothing,Clothing,,SmrDsn,1-Jan,31-Dec,Constant,0.5,,,,,,,,,,,,,,,,,,,,,,,,From DOE Reference Buildings 
SuperMarket Clothing,Clothing,,Wknd|Wkdy,1-Oct,31-Dec,Constant,1,,,,,,,,,,,,,,,,,,,,,,,,From DOE Reference Buildings 
SuperMarket Clothing,Clothing,,Wknd|Wkdy,1-May,30-Sep,Constant,0.5,,,,,,,,,,,,,,,,,,,,,,,,From DOE Reference Buildings 
SuperMarket HtgSetp,Thermostat Setpoint,C,Default|WntrDsn,1-Jan,31-Dec,Hourly,15.6,15.6,15.6,15.6,15.6,15.6,21,21,21,21,21,21,21,21,21,21,21,21,21,21,21,21,15.6,15.6,From DOE Reference Buildings 
SuperMarket HtgSetp,Thermostat Setpoint,C,SmrDsn,1-Jan,31-Dec,Constant,15.6,,,,,,,,,,,,,,,,,,,,,,,,From DOE Reference Buildings 
SuperMarket Infil Half On,Infiltration,,Default|SmrDsn|Sat,1-Jan,31-Dec,Hourly,1,1,1,1,1,1,0.5,0.5,0.5,0.5,0.5,0.5,0.5,0.5,0.5,0.5,0.5,0.5,0.5,0.5,0.5,0.5,1,1,From DOE Reference Buildings 
SuperMarket Infil Half On,Infiltration,,Sun,1-Jan,31-Dec,Hourly,1,1,1,1,1,1,1,1,0.5,0.5,0.5,0.5,0.5,0.5,0.5,0.5,0.5,1,1,1,1,1,1,1,From DOE Reference Buildings 
SuperMarket Infil Half On,Infiltration,,WntrDsn,1-Jan,31-Dec,Constant,1,,,,,,,,,,,,,,,,,,,,,,,,From DOE Reference Buildings 
SuperMarket Work Eff,Unknown,,Default|WntrDsn|SmrDsn,1-Jan,31-Dec,Constant,0,,,,,,,,,,,,,,,,,,,,,,,,From DOE Reference Buildings 
Warehouse Always Off Schedule,Unknown,,Default|WntrDsn|SmrDsn,1-Jan,31-Dec,Constant,0,,,,,,,,,,,,,,,,,,,,,,,,From DOE Prototype Buildings
Warehouse Always On Schedule,Unknown,,Default|WntrDsn|SmrDsn,1-Jan,31-Dec,Constant,1,,,,,,,,,,,,,,,,,,,,,,,,From DOE Prototype Buildings
Warehouse ALWAYS_OFF,Unknown,,Default|WntrDsn|SmrDsn,1-Jan,31-Dec,Constant,0,,,,,,,,,,,,,,,,,,,,,,,,From DOE Prototype Buildings
Warehouse ALWAYS_ON,Unknown,,Default|WntrDsn|SmrDsn,1-Jan,31-Dec,Constant,1,,,,,,,,,,,,,,,,,,,,,,,,From DOE Prototype Buildings
Warehouse Bldg Equip,Equipment,,Default,1-Jan,31-Dec,Hourly,0.1,0.1,0.1,0.1,0.1,0.1,0.1,0.5,0.8,0.9,0.9,0.9,0.8,0.9,0.9,0.9,0.9,0.4,0.1,0.1,0.1,0.1,0.1,0.1,From DOE Reference Buildings 
Warehouse Bldg Equip,Equipment,,Sat,1-Jan,31-Dec,Hourly,0.1,0.1,0.1,0.1,0.1,0.1,0.1,0.1,0.2,0.4,0.4,0.4,0.1,0.1,0.1,0.1,0.1,0.1,0.1,0.1,0.1,0.1,0.1,0.1,From DOE Reference Buildings 
Warehouse Bldg Equip,Equipment,,SmrDsn,1-Jan,31-Dec,Constant,1,,,,,,,,,,,,,,,,,,,,,,,,From DOE Reference Buildings 
Warehouse Bldg Equip,Equipment,,Sun,1-Jan,31-Dec,Constant,0.1,,,,,,,,,,,,,,,,,,,,,,,,From DOE Reference Buildings 
Warehouse Bldg Equip,Equipment,,WntrDsn,1-Jan,31-Dec,Constant,0,,,,,,,,,,,,,,,,,,,,,,,,From DOE Reference Buildings 
Warehouse Bldg Light,Lighting,,Default,1-Jan,31-Dec,Hourly,0.1,0.1,0.1,0.1,0.1,0.1,0.1,0.4,0.7,0.9,0.9,0.9,0.8,0.9,0.9,0.9,0.9,0.3,0.1,0.1,0.1,0.1,0.1,0.1,From DOE Reference Buildings 
Warehouse Bldg Light,Lighting,,Sat,1-Jan,31-Dec,Hourly,0.1,0.1,0.1,0.1,0.1,0.1,0.1,0.1,0.1,0.24,0.24,0.24,0.1,0.1,0.1,0.1,0.1,0.1,0.1,0.1,0.1,0.1,0.1,0.1,From DOE Reference Buildings 
Warehouse Bldg Light,Lighting,,SmrDsn,1-Jan,31-Dec,Constant,1,,,,,,,,,,,,,,,,,,,,,,,,From DOE Reference Buildings 
Warehouse Bldg Light,Lighting,,Sun,1-Jan,31-Dec,Constant,0.1,,,,,,,,,,,,,,,,,,,,,,,,From DOE Reference Buildings 
Warehouse Bldg Light,Lighting,,WntrDsn,1-Jan,31-Dec,Constant,0,,,,,,,,,,,,,,,,,,,,,,,,From DOE Reference Buildings 
Warehouse Bldg Occ,Occupancy,,Default,1-Jan,31-Dec,Hourly,0,0,0,0,0,0,0,0.15,0.7,0.9,0.9,0.9,0.5,0.85,0.85,0.85,0.2,0,0,0,0,0,0,0,From DOE Reference Buildings 
Warehouse Bldg Occ,Occupancy,,Sat,1-Jan,31-Dec,Hourly,0,0,0,0,0,0,0,0,0.2,0.2,0.2,0.2,0.1,0.1,0.1,0.1,0,0,0,0,0,0,0,0,From DOE Reference Buildings 
Warehouse Bldg Occ,Occupancy,,SmrDsn,1-Jan,31-Dec,Constant,1,,,,,,,,,,,,,,,,,,,,,,,,From DOE Reference Buildings 
Warehouse Bldg Occ,Occupancy,,WntrDsn|Sun,1-Jan,31-Dec,Constant,0,,,,,,,,,,,,,,,,,,,,,,,,From DOE Reference Buildings 
Warehouse BLDG_LIGHT_OFFICE_SCH,Lighting,,Default,1-Jan,31-Dec,Constant,0.18,,,,,,,,,,,,,,,,,,,,,,,,From DOE Prototype Buildings
Warehouse BLDG_LIGHT_OFFICE_SCH,Lighting,,Sat|Wkdy,1-Jan,31-Dec,Hourly,0.18,0.18,0.18,0.18,0.18,0.18,0.23,0.42,0.77,0.77,0.77,0.77,0.68,0.77,0.77,0.77,0.77,0.61,0.18,0.18,0.18,0.18,0.18,0.18,From DOE Prototype Buildings
Warehouse BLDG_LIGHT_OFFICE_SCH,Lighting,,SmrDsn,1-Jan,31-Dec,Constant,1,,,,,,,,,,,,,,,,,,,,,,,,From DOE Prototype Buildings
Warehouse BLDG_LIGHT_OFFICE_SCH,Lighting,,WntrDsn,1-Jan,31-Dec,Constant,0,,,,,,,,,,,,,,,,,,,,,,,,From DOE Prototype Buildings
Warehouse BLDG_LIGHT_STORAGE_SCH,Lighting,,Default,1-Jan,31-Dec,Constant,0.1,,,,,,,,,,,,,,,,,,,,,,,,From DOE Prototype Buildings
Warehouse BLDG_LIGHT_STORAGE_SCH,Lighting,,Sat|Wkdy,1-Jan,31-Dec,Hourly,0.1,0.1,0.1,0.1,0.1,0.1,0.1,0.6,0.75,0.85,0.85,0.85,0.85,0.85,0.85,0.85,0.75,0.6,0.1,0.1,0.1,0.1,0.1,0.1,From DOE Prototype Buildings
Warehouse BLDG_LIGHT_STORAGE_SCH,Lighting,,SmrDsn,1-Jan,31-Dec,Constant,1,,,,,,,,,,,,,,,,,,,,,,,,From DOE Prototype Buildings
Warehouse BLDG_LIGHT_STORAGE_SCH,Lighting,,WntrDsn,1-Jan,31-Dec,Constant,0,,,,,,,,,,,,,,,,,,,,,,,,From DOE Prototype Buildings
Warehouse BLDG_OCC_SCH,Occupancy,,Default,1-Jan,31-Dec,Constant,0,,,,,,,,,,,,,,,,,,,,,,,,From DOE Prototype Buildings
Warehouse BLDG_OCC_SCH,Occupancy,,WntrDsn|SmrDsn|Sat|Wkdy,1-Jan,31-Dec,Hourly,0,0,0,0,0,0,0.11,0.21,1,1,1,1,0.53,1,1,1,1,0.32,0,0,0,0,0,0,From DOE Prototype Buildings
Warehouse Bulk Storage Heating Setpoint Schedule,Unknown,C,Default|WntrDsn|SmrDsn,1-Jan,31-Dec,Constant,10,,,,,,,,,,,,,,,,,,,,,,,,From DOE Prototype Buildings
Warehouse ClgSetp,Thermostat Setpoint,C,Default|SmrDsn,1-Jan,31-Dec,Hourly,30,30,30,30,30,30,30,24,24,24,24,24,24,24,24,24,24,30,30,30,30,30,30,30,From DOE Reference Buildings 
Warehouse ClgSetp,Thermostat Setpoint,C,Sat,1-Jan,31-Dec,Hourly,30,30,30,30,30,30,30,30,24,24,24,24,24,24,24,24,30,30,30,30,30,30,30,30,From DOE Reference Buildings 
Warehouse ClgSetp,Thermostat Setpoint,C,WntrDsn|Sun,1-Jan,31-Dec,Constant,30,,,,,,,,,,,,,,,,,,,,,,,,From DOE Reference Buildings 
Warehouse ClgSetp FineStorage,Thermostat Setpoint,C,Default|WntrDsn|SmrDsn,1-Jan,31-Dec,Constant,26.7,,,,,,,,,,,,,,,,,,,,,,,,From DOE Reference Buildings 
Warehouse Clothing,Clothing,,Default|WntrDsn,1-Jan,31-Dec,Constant,1,,,,,,,,,,,,,,,,,,,,,,,,From DOE Reference Buildings 
Warehouse Clothing,Clothing,,SmrDsn,1-Jan,31-Dec,Constant,0.5,,,,,,,,,,,,,,,,,,,,,,,,From DOE Reference Buildings 
Warehouse Clothing,Clothing,,Wknd|Wkdy,1-Oct,31-Dec,Constant,1,,,,,,,,,,,,,,,,,,,,,,,,From DOE Reference Buildings 
Warehouse Clothing,Clothing,,Wknd|Wkdy,1-May,30-Sep,Constant,0.5,,,,,,,,,,,,,,,,,,,,,,,,From DOE Reference Buildings 
Warehouse COMPACT HVAC-ALWAYS 1,Unknown,,Default|WntrDsn|SmrDsn,1-Jan,31-Dec,Constant,1,,,,,,,,,,,,,,,,,,,,,,,,From DOE Prototype Buildings
Warehouse COMPACT HVAC-ALWAYS 4,Unknown,,Default|WntrDsn|SmrDsn,1-Jan,31-Dec,Constant,4,,,,,,,,,,,,,,,,,,,,,,,,From DOE Prototype Buildings
Warehouse Exterior_Lgt_189_1,Unknown,,Default|WntrDsn|SmrDsn,1-Jan,31-Dec,Constant,0.5,,,,,,,,,,,,,,,,,,,,,,,,From DOE Prototype Buildings
Warehouse Exterior_Lgt_ALWAYS_ON,Unknown,,Default|WntrDsn|SmrDsn,1-Jan,31-Dec,Constant,1,,,,,,,,,,,,,,,,,,,,,,,,From DOE Prototype Buildings
Warehouse Exterior_lighting_schedule_a,Lighting,,Default|WntrDsn|SmrDsn,1-Jan,31-Dec,Hourly,0,0,0,0,0,0,1,1,1,1,1,1,1,1,1,1,1,1,1,1,1,1,1,1,From DOE Prototype Buildings
Warehouse Exterior_lighting_schedule_b,Lighting,,Default|WntrDsn|SmrDsn,1-Jan,31-Dec,Hourly,0.7,0.7,0.7,0.7,0.7,0.7,1,1,1,1,1,1,1,1,1,1,1,1,1,1,1,1,1,1,From DOE Prototype Buildings
Warehouse Exterior_Ltg_Sch,Unknown,,Default|WntrDsn|SmrDsn,1-Jan,31-Dec,Hourly,1,1,1,1,0,1,1,0,0,0,0,0,0,0,0,0,0,0,0,1,1,1,1,1,From DOE Prototype Buildings
Warehouse FanSched,Unknown,,Default,1-Jan,31-Dec,Constant,0,,,,,,,,,,,,,,,,,,,,,,,,From DOE Prototype Buildings
Warehouse FanSched,Unknown,,Sat|Wkdy,1-Jan,31-Dec,Hourly,0,0,0,0,0,0,0,1,1,1,1,1,1,1,1,1,1,1,0,0,0,0,0,0,From DOE Prototype Buildings
Warehouse FanSched,Unknown,,WntrDsn|SmrDsn,1-Jan,31-Dec,Constant,1,,,,,,,,,,,,,,,,,,,,,,,,From DOE Prototype Buildings
Warehouse Fine Storage Cooling Setpoint Schedule,Unknown,C,Default|WntrDsn|SmrDsn,1-Jan,31-Dec,Constant,26.7,,,,,,,,,,,,,,,,,,,,,,,,From DOE Prototype Buildings
Warehouse Fine Storage Heating Setpoint Schedule,Unknown,C,Default|WntrDsn|SmrDsn,1-Jan,31-Dec,Constant,15.56,,,,,,,,,,,,,,,,,,,,,,,,From DOE Prototype Buildings
Warehouse Hot Water Setpoint Temp Schedule,Unknown,W,Default|WntrDsn|SmrDsn,1-Jan,31-Dec,Constant,60,,,,,,,,,,,,,,,,,,,,,,,,From DOE Prototype Buildings
Warehouse HtgSetp,Thermostat Setpoint,C,Default,1-Jan,31-Dec,Hourly,15.5,15.5,15.5,15.5,15.5,15.5,21,21,21,21,21,21,21,21,21,21,21,15.5,15.5,15.5,15.5,15.5,15.5,15.5,From DOE Reference Buildings 
Warehouse HtgSetp,Thermostat Setpoint,C,Sat,1-Jan,31-Dec,Hourly,15.5,15.5,15.5,15.5,15.5,15.5,15.5,21,21,21,21,21,21,21,21,21,15.5,15.5,15.5,15.5,15.5,15.5,15.5,15.5,From DOE Reference Buildings 
Warehouse HtgSetp,Thermostat Setpoint,C,SmrDsn|Sun,1-Jan,31-Dec,Constant,15.5,,,,,,,,,,,,,,,,,,,,,,,,From DOE Reference Buildings 
Warehouse HtgSetp,Thermostat Setpoint,C,WntrDsn,1-Jan,31-Dec,Constant,21,,,,,,,,,,,,,,,,,,,,,,,,From DOE Reference Buildings 
Warehouse HtgSetp BulkStorage,Thermostat Setpoint,C,Default|WntrDsn|SmrDsn,1-Jan,31-Dec,Constant,7.2,,,,,,,,,,,,,,,,,,,,,,,,From DOE Reference Buildings 
Warehouse HtgSetp FineStorage,Thermostat Setpoint,C,Default|WntrDsn|SmrDsn,1-Jan,31-Dec,Constant,15.6,,,,,,,,,,,,,,,,,,,,,,,,From DOE Reference Buildings 
Warehouse INFIL_Door_Opening_SCH,Infiltration,,Default|WntrDsn|SmrDsn,1-Jan,31-Dec,Constant,0,,,,,,,,,,,,,,,,,,,,,,,,From DOE Prototype Buildings
Warehouse INFIL_Door_Opening_SCH,Infiltration,,Wkdy,1-Jan,31-Dec,Hourly,0,0,0,0,0,0,0.144,1,0.144,0.144,0.144,0.144,1,0.144,0.144,0.144,0.144,1,0.144,0,0,0,0,0,From DOE Prototype Buildings
Warehouse MinOA_MotorizedDamper_Sched,OA Air,,Default,1-Jan,31-Dec,Constant,0,,,,,,,,,,,,,,,,,,,,,,,,From DOE Prototype Buildings
Warehouse MinOA_MotorizedDamper_Sched,OA Air,,Sat|Wkdy,1-Jan,31-Dec,Hourly,0,0,0,0,0,0,0,0,1,1,1,1,1,1,1,1,1,1,0,0,0,0,0,0,From DOE Prototype Buildings
Warehouse MinOA_MotorizedDamper_Sched,OA Air,,WntrDsn|SmrDsn,1-Jan,31-Dec,Constant,1,,,,,,,,,,,,,,,,,,,,,,,,From DOE Prototype Buildings
Warehouse MinOA_Sched,OA Air,,Default|WntrDsn|SmrDsn,1-Jan,31-Dec,Constant,1,,,,,,,,,,,,,,,,,,,,,,,,From DOE Prototype Buildings
Warehouse OA Damper Always ON Schedule,OA Air,,Default|WntrDsn|SmrDsn,1-Jan,31-Dec,Constant,1,,,,,,,,,,,,,,,,,,,,,,,,From DOE Prototype Buildings
Warehouse OA Damper Off during off hrs Schedule,OA Air,,Default|Sun,1-Jan,31-Dec,Constant,0,,,,,,,,,,,,,,,,,,,,,,,,From DOE Prototype Buildings
Warehouse OA Damper Off during off hrs Schedule,OA Air,,Sat,1-Jan,31-Dec,Hourly,0,0,0,0,0,0,0,0,1,1,1,1,1,1,1,1,1,0,0,0,0,0,0,0,From DOE Prototype Buildings
Warehouse OA Damper Off during off hrs Schedule,OA Air,,WntrDsn|SmrDsn,1-Jan,31-Dec,Constant,1,,,,,,,,,,,,,,,,,,,,,,,,From DOE Prototype Buildings
Warehouse Office_Plug_SCH,Unknown,,Default,1-Jan,31-Dec,Constant,0.3,,,,,,,,,,,,,,,,,,,,,,,,From DOE Prototype Buildings
Warehouse Office_Plug_SCH,Unknown,,Sat|Wkdy,1-Jan,31-Dec,Hourly,0.3,0.3,0.3,0.3,0.3,0.3,0.3,0.5,1,1,1,1,0.94,1,1,1,1,0.5,0.3,0.3,0.3,0.3,0.3,0.3,From DOE Prototype Buildings
Warehouse Office_Plug_SCH,Unknown,,SmrDsn,1-Jan,31-Dec,Constant,1,,,,,,,,,,,,,,,,,,,,,,,,From DOE Prototype Buildings
Warehouse Office_Plug_SCH,Unknown,,WntrDsn,1-Jan,31-Dec,Constant,0,,,,,,,,,,,,,,,,,,,,,,,,From DOE Prototype Buildings
Warehouse Work Eff,Unknown,,Default|WntrDsn|SmrDsn,1-Jan,31-Dec,Constant,0,,,,,,,,,,,,,,,,,,,,,,,,From DOE Reference Buildings 
Warehouse ZoneControlSchedule,Unknown,,Default|WntrDsn|SmrDsn,1-Jan,31-Dec,Constant,1,,,,,,,,,,,,,,,,,,,,,,,,From DOE Prototype Buildings
Warehouse FanSched,Unknown,,Sat|Wkdy,1-Jan,31-Dec,Hourly,0,0,0,0,0,0,0,1,1,1,1,1,1,1,1,1,1,1,0,0,0,0,0,0,From DOE Prototype Buildings
Warehouse Fine Storage Cooling Setpoint Schedule,Unknown,C,Default|WntrDsn|SmrDsn,1-Jan,31-Dec,Constant,26.7,,,,,,,,,,,,,,,,,,,,,,,,From DOE Prototype Buildings
Warehouse Fine Storage Heating Setpoint Schedule,Unknown,C,Default|WntrDsn|SmrDsn,1-Jan,31-Dec,Constant,15.56,,,,,,,,,,,,,,,,,,,,,,,,From DOE Prototype Buildings
Warehouse Hot Water Setpoint Temp Schedule,Unknown,W,Default|WntrDsn|SmrDsn,1-Jan,31-Dec,Constant,60,,,,,,,,,,,,,,,,,,,,,,,,From DOE Prototype Buildings
Warehouse HtgSetp,Thermostat Setpoint,C,Default,1-Jan,31-Dec,Hourly,15.5,15.5,15.5,15.5,15.5,15.5,21,21,21,21,21,21,21,21,21,21,21,15.5,15.5,15.5,15.5,15.5,15.5,15.5,From DOE Reference Buildings 
Warehouse HtgSetp,Thermostat Setpoint,C,WntrDsn,1-Jan,31-Dec,Constant,21,,,,,,,,,,,,,,,,,,,,,,,,From DOE Reference Buildings 
Warehouse HtgSetp,Thermostat Setpoint,C,SmrDsn|Sun,1-Jan,31-Dec,Constant,15.5,,,,,,,,,,,,,,,,,,,,,,,,From DOE Reference Buildings 
Warehouse HtgSetp,Thermostat Setpoint,C,Sat,1-Jan,31-Dec,Hourly,15.5,15.5,15.5,15.5,15.5,15.5,15.5,21,21,21,21,21,21,21,21,21,15.5,15.5,15.5,15.5,15.5,15.5,15.5,15.5,From DOE Reference Buildings 
Warehouse HtgSetp BulkStorage,Thermostat Setpoint,C,Default|WntrDsn|SmrDsn,1-Jan,31-Dec,Constant,7.2,,,,,,,,,,,,,,,,,,,,,,,,From DOE Reference Buildings 
Warehouse HtgSetp FineStorage,Thermostat Setpoint,C,Default|WntrDsn|SmrDsn,1-Jan,31-Dec,Constant,15.6,,,,,,,,,,,,,,,,,,,,,,,,From DOE Reference Buildings 
Warehouse INFIL_Door_Opening_SCH,Infiltration,,Default|WntrDsn|SmrDsn,1-Jan,31-Dec,Constant,0,,,,,,,,,,,,,,,,,,,,,,,,From DOE Prototype Buildings
Warehouse INFIL_Door_Opening_SCH,Infiltration,,Wkdy,1-Jan,31-Dec,Hourly,0,0,0,0,0,0,0.144,1,0.144,0.144,0.144,0.144,1,0.144,0.144,0.144,0.144,1,0.144,0,0,0,0,0,From DOE Prototype Buildings
Warehouse MinOA_MotorizedDamper_Sched,OA Air,,Default,1-Jan,31-Dec,Constant,0,,,,,,,,,,,,,,,,,,,,,,,,From DOE Prototype Buildings
Warehouse MinOA_MotorizedDamper_Sched,OA Air,,WntrDsn|SmrDsn,1-Jan,31-Dec,Constant,1,,,,,,,,,,,,,,,,,,,,,,,,From DOE Prototype Buildings
Warehouse MinOA_MotorizedDamper_Sched,OA Air,,Sat|Wkdy,1-Jan,31-Dec,Hourly,0,0,0,0,0,0,0,0,1,1,1,1,1,1,1,1,1,1,0,0,0,0,0,0,From DOE Prototype Buildings
Warehouse MinOA_Sched,OA Air,,Default|WntrDsn|SmrDsn,1-Jan,31-Dec,Constant,1,,,,,,,,,,,,,,,,,,,,,,,,From DOE Prototype Buildings
Warehouse OA Damper Always ON Schedule,OA Air,,Default|WntrDsn|SmrDsn,1-Jan,31-Dec,Constant,1,,,,,,,,,,,,,,,,,,,,,,,,From DOE Prototype Buildings
Warehouse OA Damper Off during off hrs Schedule,OA Air,,Default|Sun,1-Jan,31-Dec,Constant,0,,,,,,,,,,,,,,,,,,,,,,,,From DOE Prototype Buildings
Warehouse OA Damper Off during off hrs Schedule,OA Air,,WntrDsn|SmrDsn,1-Jan,31-Dec,Constant,1,,,,,,,,,,,,,,,,,,,,,,,,From DOE Prototype Buildings
Warehouse OA Damper Off during off hrs Schedule,OA Air,,Sat,1-Jan,31-Dec,Hourly,0,0,0,0,0,0,0,0,1,1,1,1,1,1,1,1,1,0,0,0,0,0,0,0,From DOE Prototype Buildings
Warehouse Office Activity Schedule,Activity,W,Default|WntrDsn|SmrDsn,1-Jan,31-Dec,Constant,131.85,,,,,,,,,,,,,,,,,,,,,,,,From DOE Prototype Buildings
Warehouse Office_Plug_SCH,Unknown,,Default,1-Jan,31-Dec,Constant,0.3,,,,,,,,,,,,,,,,,,,,,,,,From DOE Prototype Buildings
Warehouse Office_Plug_SCH,Unknown,,WntrDsn,1-Jan,31-Dec,Constant,0,,,,,,,,,,,,,,,,,,,,,,,,From DOE Prototype Buildings
Warehouse Office_Plug_SCH,Unknown,,SmrDsn,1-Jan,31-Dec,Constant,1,,,,,,,,,,,,,,,,,,,,,,,,From DOE Prototype Buildings
Warehouse Office_Plug_SCH,Unknown,,Sat|Wkdy,1-Jan,31-Dec,Hourly,0.3,0.3,0.3,0.3,0.3,0.3,0.3,0.5,1,1,1,1,0.94,1,1,1,1,0.5,0.3,0.3,0.3,0.3,0.3,0.3,From DOE Prototype Buildings
Warehouse Work Eff,Unknown,,Default|WntrDsn|SmrDsn,1-Jan,31-Dec,Constant,0,,,,,,,,,,,,,,,,,,,,,,,,From DOE Reference Buildings 
Warehouse ZoneControlSchedule,Unknown,,Default|WntrDsn|SmrDsn,1-Jan,31-Dec,Constant,1,,,,,,,,,,,,,,,,,,,,,,,,From DOE Prototype Buildings
Stripmall HVACOperationSchd,Equipment,,Default,1-Jan,31-Dec,Hourly,0,0,0,0,0,0,0,0,1,1,1,1,1,1,1,1,1,1,1,0,0,0,0,0,From DOE Prototype Buildings
Stripmall HVACOperationSchd,Equipment,,SmrDsn|Wkdy,1-Jan,31-Dec,Hourly,0,0,0,0,0,0,1,1,1,1,1,1,1,1,1,1,1,1,1,1,1,0,0,0,From DOE Prototype Buildings
Stripmall HVACOperationSchd,Equipment,,Sat|WntrDsn,1-Jan,31-Dec,Hourly,0,0,0,0,0,0,1,1,1,1,1,1,1,1,1,1,1,1,1,1,1,1,0,0,From DOE Prototype Buildings
Stripmall MinOA_Sched,Equipment,,Default,1-Jan,31-Dec,Hourly,0,0,0,0,0,0,0,0,1,1,1,1,1,1,1,1,1,1,1,0,0,0,0,0,From DOE Prototype Buildings
Stripmall MinOA_Sched,Equipment,,SmrDsn|Wkdy,1-Jan,31-Dec,Hourly,0,0,0,0,0,0,1,1,1,1,1,1,1,1,1,1,1,1,1,1,1,0,0,0,From DOE Prototype Buildings
Stripmall MinOA_Sched,Equipment,,Sat|WntrDsn,1-Jan,31-Dec,Hourly,0,0,0,0,0,0,1,1,1,1,1,1,1,1,1,1,1,1,1,1,1,1,0,0,From DOE Prototype Buildings
